$ Created by Gmsh
GRID    1       0       1.0000001.67E-170.00E+00
GRID    6       0       0.972888-0.002100.00E+00
GRID    11      0       0.925686-0.005650.00E+00
GRID    16      0       0.867834-0.009850.00E+00
GRID    21      0       0.803226-0.014380.00E+00
GRID    26      0       0.734375-0.019050.00E+00
GRID    31      0       0.663151-0.023730.00E+00
GRID    36      0       0.591051-0.028230.00E+00
GRID    41      0       0.519334-0.032370.00E+00
GRID    46      0       0.449089-0.035930.00E+00
GRID    51      0       0.381282-0.038690.00E+00
GRID    56      0       0.316783-0.040800.00E+00
GRID    61      0       0.256387-0.042130.00E+00
GRID    66      0       0.200829-0.042380.00E+00
GRID    71      0       0.150790-0.041290.00E+00
GRID    76      0       0.106911-0.038690.00E+00
GRID    81      0       0.069796-0.034440.00E+00
GRID    86      0       0.040015-0.028480.00E+00
GRID    91      0       0.018113-0.020760.00E+00
GRID    96      0       0.004609-0.011280.00E+00
GRID    101     0       0.00E+000.00E+000.00E+00
GRID    106     0       0.0046090.0121990.00E+00
GRID    111     0       0.0181130.0243070.00E+00
GRID    116     0       0.0400150.0360840.00E+00
GRID    121     0       0.0697960.0471860.00E+00
GRID    126     0       0.1069110.0572160.00E+00
GRID    131     0       0.1507900.0657680.00E+00
GRID    136     0       0.2008290.0724620.00E+00
GRID    141     0       0.2563870.0769790.00E+00
GRID    146     0       0.3167830.0790760.00E+00
GRID    151     0       0.3812820.0786020.00E+00
GRID    156     0       0.4490890.0756690.00E+00
GRID    161     0       0.5193340.0707970.00E+00
GRID    166     0       0.5910510.0641810.00E+00
GRID    171     0       0.6631510.0560370.00E+00
GRID    176     0       0.7343750.0466350.00E+00
GRID    181     0       0.8032260.0363160.00E+00
GRID    186     0       0.8678340.0255340.00E+00
GRID    191     0       0.9256860.0149530.00E+00
GRID    196     0       0.9728880.0056390.00E+00
GRID    202     0       -0.026170.0147150.00E+00
GRID    207     0       -0.030680.0117050.00E+00
GRID    212     0       -0.038500.0064220.00E+00
GRID    217     0       -0.04803-1.4E-040.00E+00
GRID    222     0       -0.05859-0.007590.00E+00
GRID    227     0       -0.06973-0.015680.00E+00
GRID    232     0       -0.08114-0.024230.00E+00
GRID    237     0       -0.09258-0.033030.00E+00
GRID    242     0       -0.10386-0.041920.00E+00
GRID    247     0       -0.11487-0.050700.00E+00
GRID    252     0       -0.12547-0.059190.00E+00
GRID    257     0       -0.13542-0.067480.00E+00
GRID    262     0       -0.14460-0.075430.00E+00
GRID    267     0       -0.15302-0.082780.00E+00
GRID    272     0       -0.16067-0.089300.00E+00
GRID    277     0       -0.16756-0.094760.00E+00
GRID    282     0       -0.17368-0.098960.00E+00
GRID    287     0       -0.17901-0.101730.00E+00
GRID    292     0       -0.18353-0.102910.00E+00
GRID    297     0       -0.18721-0.102370.00E+00
GRID    302     0       -0.19000-0.100000.00E+00
GRID    307     0       -0.19170-0.095960.00E+00
GRID    312     0       -0.19215-0.090600.00E+00
GRID    317     0       -0.19136-0.084100.00E+00
GRID    322     0       -0.18929-0.076670.00E+00
GRID    327     0       -0.18590-0.068570.00E+00
GRID    332     0       -0.18114-0.060060.00E+00
GRID    337     0       -0.17497-0.051420.00E+00
GRID    342     0       -0.16737-0.042910.00E+00
GRID    347     0       -0.15834-0.034750.00E+00
GRID    352     0       -0.14790-0.027170.00E+00
GRID    357     0       -0.13621-0.020220.00E+00
GRID    362     0       -0.12359-0.013750.00E+00
GRID    367     0       -0.11024-0.007800.00E+00
GRID    372     0       -0.09639-0.002450.00E+00
GRID    377     0       -0.082290.0022490.00E+00
GRID    382     0       -0.068280.0062510.00E+00
GRID    387     0       -0.054800.0095230.00E+00
GRID    392     0       -0.042440.0120500.00E+00
GRID    397     0       -0.032160.0138200.00E+00
GRID    403     0       1.266577-0.125650.00E+00
GRID    408     0       1.260296-0.123080.00E+00
GRID    413     0       1.249360-0.118610.00E+00
GRID    418     0       1.235951-0.113140.00E+00
GRID    423     0       1.220962-0.107070.00E+00
GRID    428     0       1.204968-0.100640.00E+00
GRID    433     0       1.188400-0.094040.00E+00
GRID    438     0       1.171614-0.087390.00E+00
GRID    443     0       1.154915-0.080770.00E+00
GRID    448     0       1.138581-0.074250.00E+00
GRID    453     0       1.122861-0.067850.00E+00
GRID    458     0       1.107903-0.061770.00E+00
GRID    463     0       1.093907-0.056060.00E+00
GRID    468     0       1.081098-0.050660.00E+00
GRID    473     0       1.069682-0.045540.00E+00
GRID    478     0       1.059848-0.040680.00E+00
GRID    483     0       1.051770-0.036040.00E+00
GRID    488     0       1.045606-0.031640.00E+00
GRID    493     0       1.041502-0.027490.00E+00
GRID    498     0       1.039590-0.023600.00E+00
GRID    503     0       1.040000-0.020000.00E+00
GRID    508     0       1.042692-0.016950.00E+00
GRID    513     0       1.047454-0.014720.00E+00
GRID    518     0       1.054133-0.013360.00E+00
GRID    523     0       1.062551-0.012920.00E+00
GRID    528     0       1.072514-0.013510.00E+00
GRID    533     0       1.083821-0.015220.00E+00
GRID    538     0       1.096265-0.018140.00E+00
GRID    543     0       1.109638-0.022320.00E+00
GRID    548     0       1.123735-0.027820.00E+00
GRID    553     0       1.138352-0.034630.00E+00
GRID    558     0       1.153321-0.042640.00E+00
GRID    563     0       1.168541-0.051550.00E+00
GRID    568     0       1.183819-0.061210.00E+00
GRID    573     0       1.198935-0.071440.00E+00
GRID    578     0       1.213644-0.082030.00E+00
GRID    583     0       1.227658-0.092710.00E+00
GRID    588     0       1.240625-0.103120.00E+00
GRID    593     0       1.252082-0.112770.00E+00
GRID    598     0       1.261319-0.120890.00E+00
GRID    604     0       -100.000-100.0000.00E+00
GRID    605     0       100.0000-100.0000.00E+00
GRID    606     0       100.0000100.00000.00E+00
GRID    607     0       -100.000100.00000.00E+00
GRID    608     0       -60.0000-100.0000.00E+00
GRID    609     0       -20.0000-100.0000.00E+00
GRID    610     0       20.00000-100.0000.00E+00
GRID    611     0       60.00000-100.0000.00E+00
GRID    612     0       100.0000-60.00000.00E+00
GRID    613     0       100.0000-20.00000.00E+00
GRID    614     0       100.000020.000000.00E+00
GRID    615     0       100.000060.000000.00E+00
GRID    616     0       60.00000100.00000.00E+00
GRID    617     0       20.00000100.00000.00E+00
GRID    618     0       -20.0000100.00000.00E+00
GRID    619     0       -60.0000100.00000.00E+00
GRID    620     0       -100.00060.000000.00E+00
GRID    621     0       -100.00020.000000.00E+00
GRID    622     0       -100.000-20.00000.00E+00
GRID    623     0       -100.000-60.00000.00E+00
GRID    624     0       -2.186888.2847180.00E+00
GRID    625     0       -0.196910.6169640.00E+00
GRID    626     0       -23.1635-2.956040.00E+00
GRID    627     0       -0.067170.2489920.00E+00
GRID    628     0       -6.57698-52.23400.00E+00
GRID    629     0       9.4109847.2580010.00E+00
GRID    630     0       0.8239061.3770700.00E+00
GRID    631     0       1.0601940.1287280.00E+00
GRID    632     0       0.975499-0.100230.00E+00
GRID    633     0       0.441944-6.464590.00E+00
GRID    634     0       0.621271-3.019380.00E+00
GRID    635     0       1.069924-0.597630.00E+00
GRID    636     0       -8.05849-3.140020.00E+00
GRID    637     0       0.061994-1.189270.00E+00
GRID    638     0       1.091003-0.349620.00E+00
GRID    639     0       11.54754-4.686210.00E+00
GRID    640     0       2.3117110.8664720.00E+00
GRID    641     0       3.757133-1.440310.00E+00
GRID    642     0       0.8260390.5028950.00E+00
GRID    643     0       -0.67472-0.613540.00E+00
GRID    644     0       -0.03780-0.102550.00E+00
GRID    645     0       -0.10171-0.382740.00E+00
GRID    646     0       -0.10449-0.193110.00E+00
GRID    647     0       0.461269-0.680980.00E+00
GRID    648     0       1.068894-0.192790.00E+00
GRID    649     0       -0.37043-0.342750.00E+00
GRID    650     0       -0.726030.1525960.00E+00
GRID    651     0       0.2982120.5335660.00E+00
GRID    652     0       -0.317840.1408750.00E+00
GRID    653     0       1.2401160.1390390.00E+00
GRID    654     0       0.113598-0.237560.00E+00
GRID    655     0       1.194794-0.247050.00E+00
GRID    656     0       2.440365-0.825120.00E+00
GRID    657     0       0.786668-0.279760.00E+00
GRID    658     0       -0.20955-0.193010.00E+00
GRID    659     0       -0.45181-0.075460.00E+00
GRID    660     0       1.4422690.0284490.00E+00
GRID    661     0       -0.28875-0.139230.00E+00
GRID    662     0       0.997809-0.044920.00E+00
GRID    663     0       1.037913-0.099290.00E+00
GRID    664     0       2.6367496.4203690.00E+00
GRID    665     0       -0.08978-0.127490.00E+00
GRID    666     0       -0.02836-0.041340.00E+00
GRID    667     0       0.498822-0.322680.00E+00
GRID    668     0       -0.14278-0.142170.00E+00
GRID    669     0       -0.174600.1337600.00E+00
GRID    670     0       0.1477530.2861600.00E+00
GRID    671     0       -3.043303.6043440.00E+00
GRID    672     0       1.089664-0.120210.00E+00
GRID    673     0       1.154469-0.159740.00E+00
GRID    674     0       1.216973-0.181630.00E+00
GRID    675     0       1.379832-0.281890.00E+00
GRID    676     0       -34.430349.370680.00E+00
GRID    677     0       2.45666943.187510.00E+00
GRID    678     0       -4.931900.1386720.00E+00
GRID    679     0       1.0311750.0161890.00E+00
GRID    680     0       1.1484690.0695360.00E+00
GRID    681     0       1.029640-0.061230.00E+00
GRID    682     0       1.0716640.0312760.00E+00
GRID    683     0       -0.17338-0.132460.00E+00
GRID    684     0       -0.20923-0.123970.00E+00
GRID    685     0       -0.034310.1350250.00E+00
GRID    686     0       -0.311870.0023020.00E+00
GRID    687     0       -12.7616-26.51690.00E+00
GRID    688     0       9.494623-27.24560.00E+00
GRID    689     0       -0.02129-0.010700.00E+00
GRID    690     0       55.5428812.287070.00E+00
GRID    691     0       -0.009760.0414190.00E+00
GRID    692     0       -0.076900.0760120.00E+00
GRID    693     0       -0.121910.0579990.00E+00
GRID    694     0       -0.203960.0193520.00E+00
GRID    695     0       0.9137610.1555290.00E+00
GRID    696     0       1.1079920.3795710.00E+00
GRID    697     0       -0.06494-0.057870.00E+00
GRID    698     0       1.2127620.0297720.00E+00
GRID    699     0       1.4922460.4082290.00E+00
GRID    700     0       0.290356-0.212960.00E+00
GRID    701     0       -14.34189.1108270.00E+00
GRID    702     0       1.266615-0.020220.00E+00
GRID    703     0       1.301268-0.075470.00E+00
GRID    704     0       0.045312-0.109080.00E+00
GRID    705     0       0.3486280.2814110.00E+00
GRID    706     0       0.5735150.2882940.00E+00
GRID    707     0       0.903582-1.262320.00E+00
GRID    708     0       2.97617816.534340.00E+00
GRID    709     0       29.3889026.402180.00E+00
GRID    710     0       42.53128-18.93470.00E+00
GRID    711     0       -0.032780.0386900.00E+00
GRID    712     0       1.023033-0.034850.00E+00
GRID    713     0       1.024303-0.020930.00E+00
GRID    714     0       1.249448-0.158580.00E+00
GRID    715     0       0.929935-0.236560.00E+00
GRID    716     0       0.0561660.1378030.00E+00
GRID    717     0       0.864019-0.131830.00E+00
GRID    718     0       -59.5697-29.53130.00E+00
GRID    719     0       0.154137-0.536450.00E+00
GRID    720     0       0.117612-0.121040.00E+00
GRID    721     0       -44.130415.079090.00E+00
GRID    722     0       2.245567-2.710080.00E+00
GRID    723     0       5.333682-5.995080.00E+00
GRID    724     0       1.270464-0.240470.00E+00
GRID    725     0       1.075972-0.086480.00E+00
GRID    726     0       -0.13668-0.108580.00E+00
GRID    727     0       -0.10848-0.083730.00E+00
GRID    728     0       -3.49719-4.194380.00E+00
GRID    729     0       -8.25074-14.81470.00E+00
GRID    730     0       1.240335-0.410090.00E+00
GRID    731     0       -0.15858-0.114380.00E+00
GRID    732     0       0.637591-0.193870.00E+00
GRID    733     0       -0.866842.8098100.00E+00
GRID    734     0       1.030903-0.011260.00E+00
GRID    735     0       1.321442-0.181590.00E+00
GRID    736     0       -0.17416-0.859100.00E+00
GRID    737     0       1.055203-0.066170.00E+00
GRID    738     0       0.925323-0.458440.00E+00
GRID    739     0       0.1624570.1710070.00E+00
GRID    740     0       -0.00261-0.213960.00E+00
GRID    741     0       -0.53153-2.292750.00E+00
GRID    742     0       0.1951111.2317130.00E+00
GRID    743     0       1.032695-0.039560.00E+00
GRID    744     0       26.836597.2152900.00E+00
GRID    745     0       1.008353-0.157450.00E+00
GRID    746     0       -14.599730.339670.00E+00
GRID    747     0       1.199707-0.138070.00E+00
GRID    748     0       0.9936730.0486160.00E+00
GRID    749     0       7.4198542.9067980.00E+00
GRID    750     0       0.420575-0.170040.00E+00
GRID    751     0       0.0190010.1018930.00E+00
GRID    752     0       2.016521-0.153520.00E+00
GRID    753     0       1.540182-0.139600.00E+00
GRID    754     0       0.639011-0.518850.00E+00
GRID    755     0       0.011937-0.068900.00E+00
GRID    756     0       1.127425-0.111590.00E+00
GRID    757     0       -9.1670217.760640.00E+00
GRID    758     0       0.7937340.1861770.00E+00
GRID    759     0       28.51385-60.95220.00E+00
GRID    760     0       1.167264-0.122870.00E+00
GRID    761     0       -0.09138-0.066480.00E+00
GRID    762     0       1.282600-0.100800.00E+00
GRID    763     0       1.260138-0.065540.00E+00
GRID    764     0       -6.0E-04-0.040380.00E+00
GRID    765     0       -0.085370.0366460.00E+00
GRID    766     0       -0.04588-0.170540.00E+00
GRID    767     0       0.943798-0.063480.00E+00
GRID    768     0       -0.021910.0012690.00E+00
GRID    769     0       -0.011030.0139090.00E+00
GRID    770     0       5.124939-16.74150.00E+00
GRID    771     0       -1.433581.5517440.00E+00
GRID    772     0       16.755694.0807370.00E+00
GRID    773     0       -0.05069-0.028940.00E+00
GRID    774     0       2.0311893.9033100.00E+00
GRID    775     0       1.1533580.0085090.00E+00
GRID    776     0       1.1138830.0200260.00E+00
GRID    777     0       1.0466170.0047890.00E+00
GRID    778     0       0.022006-0.359870.00E+00
GRID    779     0       -0.110020.0206240.00E+00
GRID    780     0       1.212008-0.024520.00E+00
GRID    781     0       -0.144810.0038100.00E+00
GRID    782     0       1.031265-0.029340.00E+00
GRID    783     0       1.518218-1.163130.00E+00
GRID    784     0       -0.06855-0.097020.00E+00
GRID    785     0       28.96730-11.12030.00E+00
GRID    786     0       1.182111-0.012370.00E+00
GRID    787     0       -0.053210.0313720.00E+00
GRID    788     0       0.308682-0.417260.00E+00
GRID    789     0       0.226468-0.144120.00E+00
GRID    790     0       61.9505352.394250.00E+00
GRID    791     0       1.234064-0.139040.00E+00
GRID    792     0       0.931363-0.152730.00E+00
GRID    793     0       -53.0920-5.409440.00E+00
GRID    794     0       -39.1929-23.35010.00E+00
GRID    795     0       0.5661800.6523730.00E+00
GRID    796     0       0.719709-0.138740.00E+00
GRID    797     0       -0.007150.4981920.00E+00
GRID    798     0       -3.25696-1.799720.00E+00
GRID    799     0       -10.10944.4437750.00E+00
GRID    800     0       -2.45896-0.224600.00E+00
GRID    801     0       1.103623-0.093310.00E+00
GRID    802     0       0.015369-0.148800.00E+00
GRID    803     0       3.4708150.0780950.00E+00
GRID    804     0       1.751688-0.660750.00E+00
GRID    805     0       3.9255802.2441030.00E+00
GRID    806     0       0.0785480.7213650.00E+00
GRID    807     0       -15.6265-8.581110.00E+00
GRID    808     0       0.0231680.0599610.00E+00
GRID    809     0       0.998383-0.078650.00E+00
GRID    810     0       -40.6429-69.72350.00E+00
GRID    811     0       -0.17385-0.113070.00E+00
GRID    812     0       -0.028950.0780790.00E+00
GRID    813     0       -0.020260.0294790.00E+00
GRID    814     0       1.129788-0.228980.00E+00
GRID    815     0       0.798574-0.887640.00E+00
GRID    816     0       -0.03650-0.016030.00E+00
GRID    817     0       1.044865-0.055110.00E+00
GRID    818     0       -0.49301-1.411200.00E+00
GRID    819     0       1.2481701.0175100.00E+00
GRID    820     0       1.7349291.8518010.00E+00
GRID    821     0       0.2969330.1893850.00E+00
GRID    822     0       0.995481-0.018830.00E+00
GRID    823     0       1.041091-0.008410.00E+00
GRID    824     0       -0.03188-0.070450.00E+00
GRID    825     0       -0.12749-0.086590.00E+00
GRID    826     0       32.6777059.943810.00E+00
GRID    827     0       1.863692-4.668310.00E+00
GRID    828     0       -0.15792-0.303110.00E+00
GRID    829     0       1.1341310.1668120.00E+00
GRID    830     0       -1.22923-4.504570.00E+00
GRID    831     0       -3.41029-8.056680.00E+00
GRID    832     0       0.4832420.2028430.00E+00
GRID    833     0       0.413201-2.019760.00E+00
GRID    834     0       0.089340-0.080180.00E+00
GRID    835     0       0.559153-0.154500.00E+00
GRID    836     0       -0.29742-0.567740.00E+00
GRID    837     0       1.006798-0.114330.00E+00
GRID    838     0       0.645011-0.325690.00E+00
GRID    839     0       1.032429-0.020840.00E+00
GRID    840     0       -74.109446.014040.00E+00
GRID    841     0       1.236461-1.940700.00E+00
GRID    842     0       0.6407020.1805220.00E+00
GRID    843     0       -0.06254-0.272040.00E+00
GRID    844     0       0.971989-0.036290.00E+00
GRID    845     0       1.002886-0.231130.00E+00
GRID    846     0       1.7001820.2524510.00E+00
GRID    847     0       15.96450-15.24290.00E+00
GRID    848     0       -27.6506-43.98950.00E+00
GRID    849     0       17.3409119.555410.00E+00
GRID    850     0       -0.07206-0.618490.00E+00
GRID    851     0       -0.07638-0.042210.00E+00
GRID    852     0       0.3464942.4279780.00E+00
GRID    853     0       1.043055-0.041390.00E+00
GRID    854     0       1.267784-0.102470.00E+00
GRID    855     0       0.926470-0.093850.00E+00
GRID    856     0       -0.14596-0.098300.00E+00
GRID    857     0       1.0813050.0083720.00E+00
GRID    858     0       0.190029-0.873900.00E+00
GRID    859     0       74.93021-40.77370.00E+00
GRID    860     0       0.1187440.1210840.00E+00
GRID    861     0       -15.13540.0530360.00E+00
GRID    862     0       0.186107-0.390880.00E+00
GRID    863     0       0.359799-0.109700.00E+00
GRID    864     0       1.248170-0.136300.00E+00
GRID    865     0       -30.518913.310910.00E+00
GRID    866     0       1.0142700.1950810.00E+00
GRID    867     0       -0.21286-0.067300.00E+00
GRID    868     0       -0.376520.3763790.00E+00
GRID    869     0       -0.028210.0256480.00E+00
GRID    870     0       -0.03023-0.004530.00E+00
GRID    871     0       1.068649-0.059560.00E+00
GRID    872     0       0.0455870.0653680.00E+00
GRID    873     0       27.70636-30.98350.00E+00
GRID    874     0       12.89429-47.70250.00E+00
GRID    875     0       -0.11017-0.067430.00E+00
GRID    876     0       0.071522-0.147910.00E+00
GRID    877     0       0.7214940.3000520.00E+00
GRID    878     0       0.174669-0.094400.00E+00
GRID    879     0       -0.57603-12.88620.00E+00
GRID    880     0       0.045360-0.059940.00E+00
GRID    881     0       1.054781-0.140160.00E+00
GRID    882     0       -0.138205.8310290.00E+00
GRID    883     0       8.901644-11.16510.00E+00
GRID    884     0       0.0019170.0263070.00E+00
GRID    885     0       -66.119517.019650.00E+00
GRID    886     0       -0.22526-0.398710.00E+00
GRID    887     0       0.9139110.0972480.00E+00
GRID    888     0       1.121757-0.143240.00E+00
GRID    889     0       3.749697-3.605260.00E+00
GRID    890     0       7.871633-2.536930.00E+00
GRID    891     0       0.494633-0.954470.00E+00
GRID    892     0       0.8548780.0942870.00E+00
GRID    893     0       -0.00879-0.021520.00E+00
GRID    894     0       0.38184927.567530.00E+00
GRID    895     0       0.0115760.2052830.00E+00
GRID    896     0       1.057588-0.002790.00E+00
GRID    897     0       1.094206-0.075320.00E+00
GRID    898     0       1.188993-0.116640.00E+00
GRID    899     0       0.8762700.2893940.00E+00
GRID    900     0       1.154573-0.104800.00E+00
GRID    901     0       -8.2068477.278240.00E+00
GRID    902     0       0.020081-0.040700.00E+00
GRID    903     0       -0.15742-0.099770.00E+00
GRID    904     0       0.0756750.0913430.00E+00
GRID    905     0       0.632104-0.106050.00E+00
GRID    906     0       0.2263790.1404700.00E+00
GRID    907     0       1.223836-0.054760.00E+00
GRID    908     0       -0.010920.0031170.00E+00
GRID    909     0       -0.01509-0.055630.00E+00
GRID    910     0       -0.019000.0103440.00E+00
GRID    911     0       0.976656-0.065000.00E+00
GRID    912     0       -20.276718.709550.00E+00
GRID    913     0       0.378523-0.275110.00E+00
GRID    914     0       -6.053926.2891750.00E+00
GRID    915     0       -0.451151.6253000.00E+00
GRID    916     0       62.16769-14.56000.00E+00
GRID    917     0       0.894453-0.062410.00E+00
GRID    918     0       -8.96961-8.442640.00E+00
GRID    919     0       -0.16642-0.103740.00E+00
GRID    920     0       -0.16443-0.173170.00E+00
GRID    921     0       0.79489111.196740.00E+00
GRID    922     0       1.284420-0.161470.00E+00
GRID    923     0       1.296937-0.127940.00E+00
GRID    924     0       1.377708-0.115060.00E+00
GRID    925     0       1.175230-0.198470.00E+00
GRID    926     0       1.4083720.2070250.00E+00
GRID    927     0       1.058735-0.052300.00E+00
GRID    928     0       0.126684-0.076520.00E+00
GRID    929     0       1.123954-0.087670.00E+00
GRID    930     0       1.272805-0.114830.00E+00
GRID    931     0       5.782700-75.22820.00E+00
GRID    932     0       -0.04517-0.050140.00E+00
GRID    933     0       0.8407270.8755460.00E+00
GRID    934     0       0.3488710.1378140.00E+00
GRID    935     0       1.038551-0.032900.00E+00
GRID    936     0       0.289683-0.112680.00E+00
GRID    937     0       1.0360810.0549170.00E+00
GRID    938     0       1.049490-0.006730.00E+00
GRID    939     0       0.9517930.0540900.00E+00
GRID    940     0       0.9845490.1149300.00E+00
GRID    941     0       1.124559-0.004880.00E+00
GRID    942     0       -0.11261-0.155540.00E+00
GRID    943     0       1.2535990.2856650.00E+00
GRID    944     0       6.3553420.0317930.00E+00
GRID    945     0       -0.06611-0.029060.00E+00
GRID    946     0       0.990338-0.328800.00E+00
GRID    947     0       -0.09244-0.050220.00E+00
GRID    948     0       0.975857-0.133990.00E+00
GRID    949     0       1.156629-0.018460.00E+00
GRID    950     0       0.7089570.1285640.00E+00
GRID    951     0       -1.52056-1.415460.00E+00
GRID    952     0       0.834841-0.074630.00E+00
GRID    953     0       0.5613120.1500140.00E+00
GRID    954     0       0.1698520.1136470.00E+00
GRID    955     0       0.838991-0.643250.00E+00
GRID    956     0       -0.025540.0083870.00E+00
GRID    957     0       -0.031110.0036430.00E+00
GRID    958     0       1.221923-0.127890.00E+00
GRID    959     0       -0.14217-0.086700.00E+00
GRID    960     0       -0.12064-0.123210.00E+00
GRID    961     0       0.418149-0.095660.00E+00
GRID    962     0       -0.05815-0.130980.00E+00
GRID    963     0       -1.21549-22.60290.00E+00
GRID    964     0       -0.12278-0.072530.00E+00
GRID    965     0       -6.133612.7203220.00E+00
GRID    966     0       -0.020650.0195740.00E+00
GRID    967     0       -0.720110.7153550.00E+00
GRID    968     0       1.016796-0.004550.00E+00
GRID    969     0       1.081627-0.068450.00E+00
GRID    970     0       1.188450-0.036980.00E+00
GRID    971     0       0.190653-0.219730.00E+00
GRID    972     0       4.78E-04-0.109460.00E+00
GRID    973     0       0.0308410.3204430.00E+00
GRID    974     0       0.646496-0.737040.00E+00
GRID    975     0       -0.10235-0.055090.00E+00
GRID    976     0       1.357068-0.707860.00E+00
GRID    977     0       1.101922-0.902830.00E+00
GRID    978     0       -0.038390.0228400.00E+00
GRID    979     0       -55.841764.102150.00E+00
GRID    980     0       -4.9655611.801750.00E+00
GRID    981     0       -0.064520.0199860.00E+00
GRID    982     0       -0.095200.0148410.00E+00
GRID    983     0       1.037198-0.016370.00E+00
GRID    984     0       1.140780-0.091700.00E+00
GRID    985     0       -0.32405-37.41240.00E+00
GRID    986     0       -0.00844-0.008010.00E+00
GRID    987     0       -0.02538-0.025040.00E+00
GRID    988     0       1.254870-0.098960.00E+00
GRID    989     0       1.246937-0.086580.00E+00
GRID    990     0       1.092838-0.003380.00E+00
GRID    991     0       0.456977-0.490520.00E+00
GRID    992     0       0.4195010.1379600.00E+00
GRID    993     0       1.207621-0.117150.00E+00
GRID    994     0       -3.232131.3719150.00E+00
GRID    995     0       1.3176080.0613500.00E+00
GRID    996     0       -17.8175-68.23500.00E+00
GRID    997     0       1.232190-0.075830.00E+00
GRID    998     0       1.069072-0.002910.00E+00
GRID    999     0       1.079934-0.005300.00E+00
GRID    1000    0       -69.6602-63.09150.00E+00
GRID    1001    0       1.033516-0.444730.00E+00
GRID    1002    0       1.024135-0.048380.00E+00
GRID    1003    0       -1.88990-2.913940.00E+00
GRID    1004    0       -15.683849.981130.00E+00
GRID    1005    0       0.4501100.4156510.00E+00
GRID    1006    0       12.9519031.980880.00E+00
GRID    1007    0       -0.078580.0162950.00E+00
GRID    1008    0       0.703817-0.073400.00E+00
GRID    1009    0       -0.12119-0.102110.00E+00
GRID    1010    0       -0.24512-0.279280.00E+00
GRID    1011    0       0.487350-0.111400.00E+00
GRID    1012    0       1.161033-0.303360.00E+00
GRID    1013    0       1.438589-0.485810.00E+00
GRID    1014    0       1.021242-0.080390.00E+00
GRID    1015    0       -17.3401-17.70980.00E+00
GRID    1016    0       -26.0358-13.14890.00E+00
GRID    1017    0       1.0386640.6515780.00E+00
GRID    1018    0       1.073895-0.270060.00E+00
GRID    1019    0       1.107865-0.004120.00E+00
GRID    1020    0       1.139327-0.015450.00E+00
GRID    1021    0       0.952342-0.088820.00E+00
GRID    1022    0       -0.091180.1136330.00E+00
GRID    1023    0       -0.05495-0.077530.00E+00
GRID    1024    0       0.859591-0.215520.00E+00
GRID    1025    0       0.766217-0.081390.00E+00
GRID    1026    0       -29.989830.708040.00E+00
GRID    1027    0       1.056586-0.106960.00E+00
GRID    1028    0       3.145427-9.316830.00E+00
GRID    1029    0       -0.15513-0.233620.00E+00
GRID    1030    0       1.011585-0.060080.00E+00
GRID    1031    0       1.169811-0.032400.00E+00
GRID    1032    0       1.051865-0.045070.00E+00
GRID    1033    0       0.769154-0.411690.00E+00
GRID    1034    0       1.174070-0.105700.00E+00
GRID    1035    0       0.876448-0.319450.00E+00
GRID    1036    0       1.201107-0.051960.00E+00
GRID    1037    0       -76.5615-8.849280.00E+00
GRID    1038    0       42.11253-2.082140.00E+00
GRID    1039    0       0.246018-0.304660.00E+00
GRID    1040    0       1.338362-0.020160.00E+00
GRID    1041    0       0.169614-0.151690.00E+00
GRID    1042    0       -0.08826-0.087020.00E+00
GRID    1043    0       -0.05866-0.018830.00E+00
GRID    1044    0       9.31103964.811250.00E+00
GRID    1045    0       -0.192400.2444770.00E+00
GRID    1046    0       0.559279-0.241090.00E+00
GRID    1047    0       -8.94164-0.177440.00E+00
GRID    1048    0       -34.9178-1.153700.00E+00
GRID    1049    0       0.229607-0.087140.00E+00
GRID    1050    0       0.006573-0.026730.00E+00
GRID    1051    0       0.0914940.2097080.00E+00
GRID    1052    0       -0.01227-0.079890.00E+00
GRID    1053    0       -0.01317-0.481420.00E+00
GRID    1054    0       74.7498329.508600.00E+00
GRID    1055    0       1.3120310.5961730.00E+00
GRID    1056    0       1.036578-0.026010.00E+00
GRID    1057    0       -0.17484-0.104470.00E+00
GRID    1058    0       0.3358910.8381740.00E+00
GRID    1059    0       45.6596434.370690.00E+00
GRID    1060    0       0.7777440.1011490.00E+00
GRID    1061    0       0.557798-0.086510.00E+00
GRID    1062    0       1.258253-0.193380.00E+00
GRID    1063    0       0.1329230.4527540.00E+00
GRID    1064    0       -8.927559.8812350.00E+00
GRID    1065    0       1.110364-0.077160.00E+00
GRID    1066    0       11.699410.4735210.00E+00
GRID    1067    0       0.421992-1.472070.00E+00
GRID    1068    0       1.057039-0.086330.00E+00
GRID    1069    0       0.718062-0.221240.00E+00
GRID    1070    0       -0.07646-0.076290.00E+00
GRID    1071    0       -0.04865-0.011990.00E+00
GRID    1072    0       -0.06063-0.042100.00E+00
GRID    1073    0       16.0182810.569790.00E+00
GRID    1074    0       1.036920-0.021380.00E+00
GRID    1075    0       -5.89601-5.995800.00E+00
GRID    1076    0       1.270575-0.146830.00E+00
GRID    1077    0       -0.05388-0.212410.00E+00
GRID    1078    0       -1.35433-0.332000.00E+00
GRID    1079    0       -1.654190.5391680.00E+00
GRID    1080    0       2.239549-1.615870.00E+00
GRID    1081    0       1.243086-0.308200.00E+00
GRID    1082    0       -0.123500.0012960.00E+00
GRID    1083    0       1.040675-0.074060.00E+00
GRID    1084    0       0.048127-0.273540.00E+00
GRID    1085    0       -0.02382-0.127940.00E+00
GRID    1086    0       -0.134880.3842410.00E+00
GRID    1087    0       0.276933-0.618830.00E+00
GRID    1088    0       -0.004020.0092990.00E+00
GRID    1089    0       0.2551060.3604360.00E+00
GRID    1090    0       1.188640-0.166520.00E+00
GRID    1091    0       0.2890710.1247450.00E+00
GRID    1092    0       -0.227991.0151980.00E+00
GRID    1093    0       9.89781914.626610.00E+00
GRID    1094    0       48.18748-39.55130.00E+00
GRID    1095    0       1.240313-0.126960.00E+00
GRID    1096    0       -0.02547-1.677010.00E+00
GRID    1097    0       1.0626950.0107200.00E+00
GRID    1098    0       -0.109620.0062430.00E+00
GRID    1099    0       0.4578180.2956760.00E+00
GRID    1100    0       -0.08206-0.151580.00E+00
GRID    1101    0       0.0176150.1413370.00E+00
GRID    1102    0       -0.14192-0.489820.00E+00
GRID    1103    0       60.25328-71.92540.00E+00
GRID    1104    0       1.7315140.8344840.00E+00
GRID    1105    0       -0.010340.0243570.00E+00
GRID    1106    0       1.0889260.0838200.00E+00
GRID    1107    0       0.966531-0.195260.00E+00
GRID    1108    0       -0.003710.0171350.00E+00
GRID    1109    0       1.031426-0.120630.00E+00
GRID    1110    0       -0.03749-0.032000.00E+00
GRID    1111    0       19.11419-3.754220.00E+00
GRID    1112    0       -0.08072-0.058960.00E+00
GRID    1113    0       50.3136576.986070.00E+00
GRID    1114    0       1.0079840.0216360.00E+00
GRID    1115    0       1.217966-0.152690.00E+00
GRID    1116    0       -81.1583-36.29440.00E+00
GRID    1117    0       -0.01581-0.034580.00E+00
GRID    1118    0       8.68230123.145570.00E+00
GRID    1119    0       1.125474-0.180950.00E+00
GRID    1120    0       -0.029370.0194150.00E+00
GRID    1121    0       -0.13454-0.077770.00E+00
GRID    1122    0       -0.01554-0.003710.00E+00
GRID    1123    0       0.4880470.1285400.00E+00
GRID    1124    0       0.0019500.0623450.00E+00
GRID    1125    0       0.6320820.4390480.00E+00
GRID    1126    0       1.268807-0.087030.00E+00
GRID    1127    0       -0.03918-0.003050.00E+00
GRID    1128    0       -50.770237.048940.00E+00
GRID    1129    0       1.0493820.0243700.00E+00
GRID    1130    0       0.324733-4.444660.00E+00
GRID    1131    0       0.5469951.0228330.00E+00
GRID    1132    0       0.743809-1.673710.00E+00
GRID    1133    0       0.0123150.0415880.00E+00
GRID    1134    0       -0.056560.1068200.00E+00
GRID    1135    0       -0.03020-0.054750.00E+00
GRID    1136    0       0.9093058.4104790.00E+00
GRID    1137    0       1.259886-0.137100.00E+00
GRID    1138    0       0.2201840.2329420.00E+00
GRID    1139    0       -23.16096.2484060.00E+00
GRID    1140    0       0.792730-0.163300.00E+00
GRID    1141    0       1.034731-0.049470.00E+00
GRID    1142    0       0.9029170.0619170.00E+00
GRID    1143    0       0.6330340.1158640.00E+00
GRID    1144    0       40.1701216.764120.00E+00
GRID    1145    0       2.778512-6.853180.00E+00
GRID    1146    0       1.033311-2.3E-040.00E+00
GRID    1147    0       1.092114-0.155470.00E+00
GRID    1148    0       0.996192-0.061980.00E+00
GRID    1149    0       -0.13470-0.096460.00E+00
GRID    1150    0       1.146779-0.133010.00E+00
GRID    1151    0       75.1634576.366410.00E+00
GRID    1152    0       1.251836-0.127940.00E+00
GRID    1153    0       5.1494245.1932770.00E+00
GRID    1154    0       0.062411-0.204780.00E+00
GRID    1155    0       -0.14505-0.122230.00E+00
GRID    1156    0       0.120143-0.179290.00E+00
GRID    1157    0       0.100687-0.434050.00E+00
GRID    1158    0       -32.360473.455370.00E+00
GRID    1159    0       1.011909-0.027930.00E+00
GRID    1160    0       -0.57451-3.436740.00E+00
GRID    1161    0       0.0326963.9219310.00E+00
GRID    1162    0       -1.510104.4259860.00E+00
GRID    1163    0       -2.586485.6870510.00E+00
GRID    1164    0       1.261772-0.109990.00E+00
GRID    1165    0       -0.050590.0193480.00E+00
GRID    1166    0       -0.14874-0.108650.00E+00
GRID    1167    0       0.553292-0.416130.00E+00
GRID    1168    0       -23.7507-26.24800.00E+00
GRID    1169    0       -11.2174-4.624840.00E+00
GRID    1170    0       0.074975-0.701350.00E+00
GRID    1171    0       0.350939-0.181790.00E+00
GRID    1172    0       4.8703399.6599700.00E+00
GRID    1173    0       1.223143-0.212200.00E+00
GRID    1174    0       1.174629-0.143690.00E+00
GRID    1175    0       -46.8214-47.21130.00E+00
GRID    1176    0       0.7168360.2097260.00E+00
GRID    1177    0       0.421503-0.383290.00E+00
GRID    1178    0       -0.15185-0.091370.00E+00
GRID    1179    0       -13.3723-38.00560.00E+00
GRID    1180    0       1.067392-0.074740.00E+00
GRID    1181    0       0.077343-0.110230.00E+00
GRID    1182    0       -81.601080.000000.00E+00
GRID    1183    0       -0.09814-0.104090.00E+00
GRID    1184    0       0.943108-0.032210.00E+00
GRID    1185    0       0.3924990.2075150.00E+00
GRID    1186    0       76.676426.7912960.00E+00
GRID    1187    0       -0.19231-0.119150.00E+00
GRID    1188    0       0.954192-0.110550.00E+00
GRID    1189    0       -0.053320.0510470.00E+00
GRID    1190    0       0.483950-0.212470.00E+00
GRID    1191    0       -0.113670.1843250.00E+00
GRID    1192    0       -5.62344-2.416660.00E+00
GRID    1193    0       22.0743143.449390.00E+00
GRID    1194    0       0.129599-0.317180.00E+00
GRID    1195    0       1.013653-0.043550.00E+00
GRID    1196    0       1.027744-0.025720.00E+00
GRID    1197    0       1.027486-0.031670.00E+00
GRID    1198    0       1.023198-0.027910.00E+00
GRID    1199    0       1.041994-0.013370.00E+00
GRID    1200    0       1.044808-0.011570.00E+00
GRID    1201    0       1.044991-0.015660.00E+00
GRID    1202    0       0.984276-0.026570.00E+00
GRID    1203    0       0.971515-0.020910.00E+00
GRID    1204    0       0.984615-0.012420.00E+00
GRID    1205    0       1.0925300.0139930.00E+00
GRID    1206    0       1.0788390.0188240.00E+00
GRID    1207    0       1.0895740.0290630.00E+00
GRID    1208    0       0.996797-0.007780.00E+00
GRID    1209    0       0.986444-0.001060.00E+00
GRID    1210    0       1.0016370.0346950.00E+00
GRID    1211    0       0.9920670.0168580.00E+00
GRID    1212    0       0.9831950.0305070.00E+00
GRID    1213    0       1.0781250.0489800.00E+00
GRID    1214    0       1.1024670.0484730.00E+00
GRID    1215    0       1.047863-0.038650.00E+00
GRID    1216    0       1.044608-0.035990.00E+00
GRID    1217    0       1.048619-0.033940.00E+00
GRID    1218    0       1.001814-0.093080.00E+00
GRID    1219    0       0.990203-0.104910.00E+00
GRID    1220    0       0.988388-0.087810.00E+00
GRID    1221    0       0.949560-0.075990.00E+00
GRID    1222    0       0.924752-0.042260.00E+00
GRID    1223    0       0.942342-0.046360.00E+00
GRID    1224    0       0.925763-0.061030.00E+00
GRID    1225    0       1.0014250.0087640.00E+00
GRID    1226    0       0.9864490.0028460.00E+00
GRID    1227    0       0.9667690.0793020.00E+00
GRID    1228    0       0.9922720.0729240.00E+00
GRID    1229    0       0.9751550.0524320.00E+00
GRID    1230    0       1.0208820.0205060.00E+00
GRID    1231    0       1.0191110.0369860.00E+00
GRID    1232    0       1.0321910.0319250.00E+00
GRID    1233    0       1.042161-0.032830.00E+00
GRID    1234    0       1.040294-0.029980.00E+00
GRID    1235    0       1.043437-0.029680.00E+00
GRID    1236    0       1.048321-0.069970.00E+00
GRID    1237    0       1.042646-0.064290.00E+00
GRID    1238    0       1.049930-0.061100.00E+00
GRID    1239    0       1.074952-0.055480.00E+00
GRID    1240    0       1.069433-0.052400.00E+00
GRID    1241    0       1.075371-0.048140.00E+00
GRID    1242    0       0.976380-0.081280.00E+00
GRID    1243    0       0.987439-0.073380.00E+00
GRID    1244    0       1.031785-0.034360.00E+00
GRID    1245    0       1.027890-0.037570.00E+00
GRID    1246    0       0.985295-0.040510.00E+00
GRID    1247    0       0.995793-0.031690.00E+00
GRID    1248    0       1.038862-0.018390.00E+00
GRID    1249    0       1.040056-0.016070.00E+00
GRID    1250    0       1.041148-0.018290.00E+00
GRID    1251    0       1.034691-0.067640.00E+00
GRID    1252    0       1.037282-0.058930.00E+00
GRID    1253    0       1.0159750.0836430.00E+00
GRID    1254    0       1.0110200.0547550.00E+00
GRID    1255    0       0.986627-0.053270.00E+00
GRID    1256    0       0.973454-0.050540.00E+00
GRID    1257    0       1.028896-0.020620.00E+00
GRID    1258    0       1.031454-0.024740.00E+00
GRID    1259    0       0.934904-0.021460.00E+00
GRID    1260    0       0.910209-0.028770.00E+00
GRID    1261    0       1.009792-0.080790.00E+00
GRID    1262    0       1.015232-0.093630.00E+00
GRID    1263    0       0.955453-0.018570.00E+00
GRID    1264    0       0.949288-0.003890.00E+00
GRID    1265    0       1.055920-0.008350.00E+00
GRID    1266    0       1.060458-0.007820.00E+00
GRID    1267    0       1.058335-0.013010.00E+00
GRID    1268    0       1.0450250.0354180.00E+00
GRID    1269    0       1.0405530.0221010.00E+00
GRID    1270    0       1.012335-0.036850.00E+00
GRID    1271    0       1.007509-0.044210.00E+00
GRID    1272    0       1.005079-0.035180.00E+00
GRID    1273    0       1.018478-0.023270.00E+00
GRID    1274    0       1.013246-0.017210.00E+00
GRID    1275    0       1.020772-0.014390.00E+00
GRID    1276    0       1.040450-0.036790.00E+00
GRID    1277    0       1.064355-0.049310.00E+00
GRID    1278    0       1.059719-0.046300.00E+00
GRID    1279    0       1.064736-0.043170.00E+00
GRID    1280    0       0.996433-0.055760.00E+00
GRID    1281    0       0.989363-0.062850.00E+00
GRID    1282    0       1.018135-0.039130.00E+00
GRID    1283    0       1.017794-0.031590.00E+00
GRID    1284    0       1.0242320.1207930.00E+00
GRID    1285    0       1.038369-0.020560.00E+00
GRID    1286    0       1.036799-0.019260.00E+00
GRID    1287    0       1.035081-0.021150.00E+00
GRID    1288    0       1.036534-0.023340.00E+00
GRID    1289    0       1.034315-0.023890.00E+00
GRID    1290    0       1.025298-0.008410.00E+00
GRID    1291    0       1.026979-0.015250.00E+00
GRID    1292    0       0.9619880.0308590.00E+00
GRID    1293    0       0.996662-0.068280.00E+00
GRID    1294    0       1.037294-0.029280.00E+00
GRID    1295    0       1.039031-0.027140.00E+00
GRID    1296    0       1.0127830.0088860.00E+00
GRID    1297    0       1.0233230.0073000.00E+00
GRID    1298    0       1.028383-0.089710.00E+00
GRID    1299    0       1.023787-0.103330.00E+00
GRID    1300    0       1.0320500.0060650.00E+00
GRID    1301    0       1.026709-0.001020.00E+00
GRID    1302    0       1.038540-0.012750.00E+00
GRID    1303    0       0.9385360.0334850.00E+00
GRID    1304    0       0.9493020.0103720.00E+00
GRID    1305    0       1.073111-0.071800.00E+00
GRID    1306    0       1.067540-0.067040.00E+00
GRID    1307    0       1.074358-0.063490.00E+00
GRID    1308    0       1.032685-0.054510.00E+00
GRID    1309    0       1.038868-0.052000.00E+00
GRID    1310    0       1.063463-0.055960.00E+00
GRID    1311    0       1.038184-0.022560.00E+00
GRID    1312    0       1.038316-0.024730.00E+00
GRID    1313    0       1.004518-0.023660.00E+00
GRID    1314    0       1.031360-0.016510.00E+00
GRID    1315    0       1.028589-0.043640.00E+00
GRID    1316    0       1.023417-0.041650.00E+00
GRID    1317    0       1.0470980.0882890.00E+00
GRID    1318    0       1.006178-0.001170.00E+00
GRID    1319    0       1.0994990.0046660.00E+00
GRID    1320    0       1.0886690.0033920.00E+00
GRID    1321    0       1.040335-0.025650.00E+00
GRID    1322    0       0.957388-0.033560.00E+00
GRID    1323    0       1.0581310.0288800.00E+00
GRID    1324    0       1.0576140.0436520.00E+00
GRID    1325    0       1.015942-0.070400.00E+00
GRID    1326    0       1.021168-0.061610.00E+00
GRID    1327    0       1.025715-0.069980.00E+00
GRID    1328    0       0.9465140.1039700.00E+00
GRID    1329    0       0.9362380.0746980.00E+00
GRID    1330    0       1.054728-0.048470.00E+00
GRID    1331    0       1.055689-0.043230.00E+00
GRID    1332    0       1.031596-0.005560.00E+00
GRID    1333    0       1.051799-0.040780.00E+00
GRID    1334    0       1.055765-0.038440.00E+00
GRID    1335    0       1.005740-0.012010.00E+00
GRID    1336    0       1.088255-0.009810.00E+00
GRID    1337    0       1.094746-0.010890.00E+00
GRID    1338    0       1.090071-0.016560.00E+00
GRID    1339    0       1.034620-0.013930.00E+00
GRID    1340    0       1.034534-0.018080.00E+00
GRID    1341    0       1.081002-0.058830.00E+00
GRID    1342    0       1.048352-0.010630.00E+00
GRID    1343    0       1.051935-0.009630.00E+00
GRID    1344    0       1.050764-0.013890.00E+00
GRID    1345    0       1.049114-0.049130.00E+00
GRID    1346    0       1.052327-0.054060.00E+00
GRID    1347    0       1.0611280.0630660.00E+00
GRID    1348    0       1.047860-0.043720.00E+00
GRID    1349    0       1.034233-0.027540.00E+00
GRID    1350    0       1.056897-0.058770.00E+00
GRID    1351    0       0.960907-0.062560.00E+00
GRID    1352    0       0.958400-0.048320.00E+00
GRID    1353    0       1.039497-0.021760.00E+00
GRID    1354    0       1.005738-0.069830.00E+00
GRID    1355    0       1.052880-0.004570.00E+00
GRID    1356    0       1.047519-0.091480.00E+00
GRID    1357    0       0.964939-0.090920.00E+00
GRID    1358    0       0.963855-0.076620.00E+00
GRID    1359    0       1.065559-0.008000.00E+00
GRID    1360    0       1.070875-0.008490.00E+00
GRID    1361    0       1.067540-0.013100.00E+00
GRID    1362    0       0.9129920.0370800.00E+00
GRID    1363    0       1.038726-0.045980.00E+00
GRID    1364    0       1.033709-0.044790.00E+00
GRID    1365    0       1.037577-0.040740.00E+00
GRID    1366    0       1.034874-0.031610.00E+00
GRID    1367    0       1.036000-0.036090.00E+00
GRID    1368    0       1.076342-0.009280.00E+00
GRID    1369    0       1.082027-0.009740.00E+00
GRID    1370    0       1.078186-0.014250.00E+00
GRID    1371    0       1.101564-0.012430.00E+00
GRID    1372    0       1.045823-0.006940.00E+00
GRID    1373    0       1.018776-0.053810.00E+00
GRID    1374    0       1.026113-0.054850.00E+00
GRID    1375    0       0.9285370.0524050.00E+00
GRID    1376    0       1.0544620.0087050.00E+00
GRID    1377    0       1.0596620.0033840.00E+00
GRID    1378    0       1.0531730.0013170.00E+00
GRID    1379    0       1.099414-0.005300.00E+00
GRID    1380    0       1.031607-0.077750.00E+00
GRID    1381    0       1.061991-0.062910.00E+00
GRID    1382    0       1.012430-0.050480.00E+00
GRID    1383    0       1.018436-0.046240.00E+00
GRID    1384    0       1.004869-0.052800.00E+00
GRID    1385    0       1.047839-0.080190.00E+00
GRID    1386    0       1.055006-0.075250.00E+00
GRID    1387    0       1.063119-0.002430.00E+00
GRID    1388    0       1.039058-0.085330.00E+00
GRID    1389    0       1.043812-0.047880.00E+00
GRID    1390    0       1.029864-0.049330.00E+00
GRID    1391    0       1.085583-0.004010.00E+00
GRID    1392    0       1.037405-0.003820.00E+00
GRID    1393    0       1.035753-0.009250.00E+00
GRID    1394    0       1.0477730.0148060.00E+00
GRID    1395    0       1.0565040.0180080.00E+00
GRID    1396    0       1.061140-0.070620.00E+00
GRID    1397    0       1.062640-0.078780.00E+00
GRID    1398    0       1.048522-0.002140.00E+00
GRID    1399    0       1.043270-0.002210.00E+00
GRID    1400    0       1.002271-0.061370.00E+00
GRID    1401    0       1.0389170.0025400.00E+00
GRID    1402    0       1.0393920.0108310.00E+00
GRID    1403    0       1.075051-0.003880.00E+00
GRID    1404    0       1.0808114.26E-040.00E+00
GRID    1405    0       1.0742350.0026480.00E+00
GRID    1406    0       1.0666140.0036270.00E+00
GRID    1407    0       1.0718430.0105600.00E+00
GRID    1408    0       1.0668220.0198940.00E+00
GRID    1409    0       -0.030760.0539540.00E+00
GRID    1410    0       -0.017560.0561160.00E+00
GRID    1411    0       -0.021700.0424140.00E+00
GRID    1412    0       0.0484120.0958990.00E+00
GRID    1413    0       0.0561680.0757800.00E+00
GRID    1414    0       0.0368740.0792600.00E+00
GRID    1415    0       -0.07891-0.032640.00E+00
GRID    1416    0       -0.08488-0.037300.00E+00
GRID    1417    0       -0.08687-0.028610.00E+00
GRID    1418    0       0.0165280.0325660.00E+00
GRID    1419    0       0.0246600.0398740.00E+00
GRID    1420    0       0.0288140.0306670.00E+00
GRID    1421    0       -0.04683-0.087320.00E+00
GRID    1422    0       -0.03270-0.009150.00E+00
GRID    1423    0       -0.02675-0.007350.00E+00
GRID    1424    0       -0.02873-0.013460.00E+00
GRID    1425    0       -0.04949-0.063960.00E+00
GRID    1426    0       -0.05973-0.066430.00E+00
GRID    1427    0       -0.05580-0.055300.00E+00
GRID    1428    0       0.031213-0.050040.00E+00
GRID    1429    0       0.030466-0.036040.00E+00
GRID    1430    0       0.043345-0.042860.00E+00
GRID    1431    0       0.077386-0.054690.00E+00
GRID    1432    0       0.058839-0.048790.00E+00
GRID    1433    0       0.054828-0.031850.00E+00
GRID    1434    0       -0.027570.0169880.00E+00
GRID    1435    0       -0.025700.0196210.00E+00
GRID    1436    0       -0.023650.0165280.00E+00
GRID    1437    0       -0.007970.0903040.00E+00
GRID    1438    0       -0.016480.0343100.00E+00
GRID    1439    0       -0.024630.0337580.00E+00
GRID    1440    0       0.017513-0.053520.00E+00
GRID    1441    0       0.029565-0.066260.00E+00
GRID    1442    0       -0.04926-0.019630.00E+00
GRID    1443    0       -0.04325-0.014240.00E+00
GRID    1444    0       -0.04350-0.022410.00E+00
GRID    1445    0       0.020135-0.030050.00E+00
GRID    1446    0       0.028887-0.025130.00E+00
GRID    1447    0       0.0041400.0196850.00E+00
GRID    1448    0       0.0096990.0257050.00E+00
GRID    1449    0       0.0108780.0188070.00E+00
GRID    1450    0       -0.060370.0261980.00E+00
GRID    1451    0       -0.071630.0271020.00E+00
GRID    1452    0       -0.065420.0345440.00E+00
GRID    1453    0       0.045518-0.080430.00E+00
GRID    1454    0       0.027007-0.086130.00E+00
GRID    1455    0       -0.04256-0.074200.00E+00
GRID    1456    0       -0.03931-0.061890.00E+00
GRID    1457    0       -0.032690.0252260.00E+00
GRID    1458    0       -0.036830.0300590.00E+00
GRID    1459    0       -0.030050.0303870.00E+00
GRID    1460    0       0.063424-0.069310.00E+00
GRID    1461    0       0.012150-0.032820.00E+00
GRID    1462    0       0.012232-0.024320.00E+00
GRID    1463    0       -0.066560.0462310.00E+00
GRID    1464    0       -0.053920.0407090.00E+00
GRID    1465    0       0.020034-0.107080.00E+00
GRID    1466    0       -0.05392-0.016030.00E+00
GRID    1467    0       -0.05538-0.023060.00E+00
GRID    1468    0       -0.028970.0222930.00E+00
GRID    1469    0       -0.024670.0230710.00E+00
GRID    1470    0       -0.015190.0070460.00E+00
GRID    1471    0       -0.015070.0119770.00E+00
GRID    1472    0       -0.010940.0088470.00E+00
GRID    1473    0       -0.02338-0.017880.00E+00
GRID    1474    0       -0.03073-0.020660.00E+00
GRID    1475    0       -0.019850.0059660.00E+00
GRID    1476    0       -0.016500.0024400.00E+00
GRID    1477    0       -0.00284-0.061640.00E+00
GRID    1478    0       -0.00652-0.048410.00E+00
GRID    1479    0       0.004860-0.052660.00E+00
GRID    1480    0       -0.07349-0.027200.00E+00
GRID    1481    0       -0.07102-0.035120.00E+00
GRID    1482    0       0.009501-0.041880.00E+00
GRID    1483    0       3.79E-050.0154350.00E+00
GRID    1484    0       -0.001390.0208740.00E+00
GRID    1485    0       -0.01767-0.022810.00E+00
GRID    1486    0       -0.01561-0.016040.00E+00
GRID    1487    0       -0.08431-0.045780.00E+00
GRID    1488    0       -0.09142-0.041390.00E+00
GRID    1489    0       -0.022610.0091140.00E+00
GRID    1490    0       -0.025580.0113810.00E+00
GRID    1491    0       -0.022670.0128160.00E+00
GRID    1492    0       -0.019450.0147410.00E+00
GRID    1493    0       -0.02632-0.002010.00E+00
GRID    1494    0       -0.02199-0.004450.00E+00
GRID    1495    0       -0.01711-0.103440.00E+00
GRID    1496    0       0.0069670.0766180.00E+00
GRID    1497    0       -0.009050.0688950.00E+00
GRID    1498    0       0.008847-0.088650.00E+00
GRID    1499    0       -0.04328-0.031040.00E+00
GRID    1500    0       -0.04087-0.039220.00E+00
GRID    1501    0       -0.04836-0.038750.00E+00
GRID    1502    0       0.003551-0.032790.00E+00
GRID    1503    0       0.0181310.0506830.00E+00
GRID    1504    0       0.0306510.0497720.00E+00
GRID    1505    0       -0.00855-0.013860.00E+00
GRID    1506    0       -0.00265-0.010050.00E+00
GRID    1507    0       -0.00179-0.016620.00E+00
GRID    1508    0       -0.03360-0.083720.00E+00
GRID    1509    0       -0.03071-5.2E-040.00E+00
GRID    1510    0       -0.026900.0024200.00E+00
GRID    1511    0       -0.028170.0098000.00E+00
GRID    1512    0       -0.028420.0132120.00E+00
GRID    1513    0       -0.042740.0464820.00E+00
GRID    1514    0       -0.043780.0612290.00E+00
GRID    1515    0       -0.031180.0076120.00E+00
GRID    1516    0       -0.034920.0049360.00E+00
GRID    1517    0       -0.034590.0090710.00E+00
GRID    1518    0       -0.045020.0951110.00E+00
GRID    1519    0       -0.02159-0.037890.00E+00
GRID    1520    0       -0.01508-0.043500.00E+00
GRID    1521    0       -0.02216-0.047310.00E+00
GRID    1522    0       -0.004490.0532470.00E+00
GRID    1523    0       -0.03359-0.036490.00E+00
GRID    1524    0       -0.03591-0.044930.00E+00
GRID    1525    0       -0.03834-0.008920.00E+00
GRID    1526    0       -0.03450-0.004090.00E+00
GRID    1527    0       -0.095570.0059960.00E+00
GRID    1528    0       -0.088150.0083510.00E+00
GRID    1529    0       -0.08937-2.1E-050.00E+00
GRID    1530    0       -0.044870.0274900.00E+00
GRID    1531    0       -0.043780.0355370.00E+00
GRID    1532    0       -0.00916-0.037230.00E+00
GRID    1533    0       -0.01418-0.010090.00E+00
GRID    1534    0       0.0436290.0519460.00E+00
GRID    1535    0       0.0571870.0577460.00E+00
GRID    1536    0       0.0547550.0420410.00E+00
GRID    1537    0       -0.06833-0.022250.00E+00
GRID    1538    0       -0.07545-0.019940.00E+00
GRID    1539    0       -0.020210.0247200.00E+00
GRID    1540    0       -0.024650.0277370.00E+00
GRID    1541    0       -0.027850.0062010.00E+00
GRID    1542    0       -0.024000.0054790.00E+00
GRID    1543    0       -0.009700.0312670.00E+00
GRID    1544    0       -0.015340.0275410.00E+00
GRID    1545    0       0.0336720.0632930.00E+00
GRID    1546    0       0.005371-0.019770.00E+00
GRID    1547    0       -2.1E-04-0.024440.00E+00
GRID    1548    0       0.0127530.0624460.00E+00
GRID    1549    0       0.0220060.0742530.00E+00
GRID    1550    0       0.063873-0.090100.00E+00
GRID    1551    0       -0.00403-0.004300.00E+00
GRID    1552    0       0.001254-0.006080.00E+00
GRID    1553    0       -0.040780.0171990.00E+00
GRID    1554    0       -0.035450.0176230.00E+00
GRID    1555    0       -0.037310.0129710.00E+00
GRID    1556    0       -0.03728-0.024820.00E+00
GRID    1557    0       0.010914-0.016680.00E+00
GRID    1558    0       0.0726490.0659660.00E+00
GRID    1559    0       -0.03567-0.053390.00E+00
GRID    1560    0       -0.03080-0.060550.00E+00
GRID    1561    0       -0.015450.0168210.00E+00
GRID    1562    0       -0.00914-0.002550.00E+00
GRID    1563    0       -0.005470.0013070.00E+00
GRID    1564    0       -0.04366-0.007450.00E+00
GRID    1565    0       -0.01801-0.001830.00E+00
GRID    1566    0       -0.01752-0.006240.00E+00
GRID    1567    0       -0.02229-0.076000.00E+00
GRID    1568    0       -0.02146-0.089380.00E+00
GRID    1569    0       -0.066580.0131410.00E+00
GRID    1570    0       -0.059540.0143110.00E+00
GRID    1571    0       -0.061560.0079520.00E+00
GRID    1572    0       -0.061600.0611810.00E+00
GRID    1573    0       -0.081280.0556280.00E+00
GRID    1574    0       0.0067700.0518770.00E+00
GRID    1575    0       0.0015350.0421340.00E+00
GRID    1576    0       -0.063150.0921930.00E+00
GRID    1577    0       -0.06367-0.017560.00E+00
GRID    1578    0       -0.06186-0.023560.00E+00
GRID    1579    0       -0.05441-0.045470.00E+00
GRID    1580    0       -0.05592-0.036700.00E+00
GRID    1581    0       -0.004690.0259540.00E+00
GRID    1582    0       -0.002460.0333190.00E+00
GRID    1583    0       -0.05872-0.013490.00E+00
GRID    1584    0       -0.06417-0.011620.00E+00
GRID    1585    0       -0.06333-0.035880.00E+00
GRID    1586    0       -0.05879-0.029570.00E+00
GRID    1587    0       -0.007270.0112550.00E+00
GRID    1588    0       -0.006830.0064300.00E+00
GRID    1589    0       -0.01270-0.028720.00E+00
GRID    1590    0       -0.02021-0.029800.00E+00
GRID    1591    0       0.0066170.0335380.00E+00
GRID    1592    0       -0.002420.0054830.00E+00
GRID    1593    0       -4.9E-040.0103790.00E+00
GRID    1594    0       0.0013160.0064970.00E+00
GRID    1595    0       -0.039110.0018150.00E+00
GRID    1596    0       -0.04366-0.001760.00E+00
GRID    1597    0       -0.043280.0031540.00E+00
GRID    1598    0       -0.04846-0.005780.00E+00
GRID    1599    0       -0.05359-0.009720.00E+00
GRID    1600    0       -0.05332-0.003840.00E+00
GRID    1601    0       -0.072410.0187830.00E+00
GRID    1602    0       -0.080520.0239260.00E+00
GRID    1603    0       -0.031130.0171220.00E+00
GRID    1604    0       -0.029160.0142800.00E+00
GRID    1605    0       -0.035015.58E-040.00E+00
GRID    1606    0       -0.01288-0.005480.00E+00
GRID    1607    0       -0.06548-0.076640.00E+00
GRID    1608    0       -0.06945-0.066810.00E+00
GRID    1609    0       -0.06753-0.042560.00E+00
GRID    1610    0       -0.06229-0.049190.00E+00
GRID    1611    0       -0.07037-0.050290.00E+00
GRID    1612    0       -0.08513-0.054180.00E+00
GRID    1613    0       -0.02466-0.055350.00E+00
GRID    1614    0       -0.02949-0.049280.00E+00
GRID    1615    0       -0.00632-0.090790.00E+00
GRID    1616    0       -0.01367-0.001200.00E+00
GRID    1617    0       -0.00164-0.075860.00E+00
GRID    1618    0       -0.052810.0149060.00E+00
GRID    1619    0       -0.046660.0159180.00E+00
GRID    1620    0       -0.048630.0108400.00E+00
GRID    1621    0       -0.032910.0208300.00E+00
GRID    1622    0       -0.07323-0.058420.00E+00
GRID    1623    0       -0.07816-0.051360.00E+00
GRID    1624    0       -0.080630.0097930.00E+00
GRID    1625    0       -0.073600.0114360.00E+00
GRID    1626    0       -0.075310.0043230.00E+00
GRID    1627    0       -0.045310.0212490.00E+00
GRID    1628    0       -0.051790.0244280.00E+00
GRID    1629    0       -0.090820.0233850.00E+00
GRID    1630    0       -0.085710.0162960.00E+00
GRID    1631    0       -0.102700.0027930.00E+00
GRID    1632    0       -0.051980.0763790.00E+00
GRID    1633    0       -0.00474-0.030620.00E+00
GRID    1634    0       -0.03193-0.028490.00E+00
GRID    1635    0       -0.015460.0219500.00E+00
GRID    1636    0       -0.010910.0189210.00E+00
GRID    1637    0       -0.056720.0198740.00E+00
GRID    1638    0       -0.01270-0.068630.00E+00
GRID    1639    0       -0.02291-0.064370.00E+00
GRID    1640    0       -0.102460.0106840.00E+00
GRID    1641    0       -0.07797-0.065510.00E+00
GRID    1642    0       -0.007190.0157810.00E+00
GRID    1643    0       -0.003730.0131970.00E+00
GRID    1644    0       -0.02695-0.032990.00E+00
GRID    1645    0       -0.006440.0205350.00E+00
CBAR    1       1       1       1209    0.      0.      0.      
CBAR    2       1       1209    6       0.      0.      0.      
CBAR    3       1       6       1264    0.      0.      0.      
CBAR    4       1       1264    11      0.      0.      0.      
CBAR    5       1       11      16      0.      0.      0.      
CBAR    6       1       16      21      0.      0.      0.      
CBAR    7       1       21      26      0.      0.      0.      
CBAR    8       1       26      31      0.      0.      0.      
CBAR    9       1       31      36      0.      0.      0.      
CBAR    10      1       36      41      0.      0.      0.      
CBAR    11      1       41      46      0.      0.      0.      
CBAR    12      1       46      51      0.      0.      0.      
CBAR    13      1       51      56      0.      0.      0.      
CBAR    14      1       56      61      0.      0.      0.      
CBAR    15      1       61      66      0.      0.      0.      
CBAR    16      1       66      71      0.      0.      0.      
CBAR    17      1       71      76      0.      0.      0.      
CBAR    18      1       76      81      0.      0.      0.      
CBAR    19      1       81      1433    0.      0.      0.      
CBAR    20      1       1433    86      0.      0.      0.      
CBAR    21      1       86      1446    0.      0.      0.      
CBAR    22      1       1446    91      0.      0.      0.      
CBAR    23      1       91      1557    0.      0.      0.      
CBAR    24      1       1557    96      0.      0.      0.      
CBAR    25      1       96      1552    0.      0.      0.      
CBAR    26      1       1552    101     0.      0.      0.      
CBAR    27      1       101     1594    0.      0.      0.      
CBAR    28      1       1594    106     0.      0.      0.      
CBAR    29      1       106     1449    0.      0.      0.      
CBAR    30      1       1449    111     0.      0.      0.      
CBAR    31      1       111     1420    0.      0.      0.      
CBAR    32      1       1420    116     0.      0.      0.      
CBAR    33      1       116     1536    0.      0.      0.      
CBAR    34      1       1536    121     0.      0.      0.      
CBAR    35      1       121     126     0.      0.      0.      
CBAR    36      1       126     131     0.      0.      0.      
CBAR    37      1       131     136     0.      0.      0.      
CBAR    38      1       136     141     0.      0.      0.      
CBAR    39      1       141     146     0.      0.      0.      
CBAR    40      1       146     151     0.      0.      0.      
CBAR    41      1       151     156     0.      0.      0.      
CBAR    42      1       156     161     0.      0.      0.      
CBAR    43      1       161     166     0.      0.      0.      
CBAR    44      1       166     171     0.      0.      0.      
CBAR    45      1       171     176     0.      0.      0.      
CBAR    46      1       176     181     0.      0.      0.      
CBAR    47      1       181     186     0.      0.      0.      
CBAR    48      1       186     191     0.      0.      0.      
CBAR    49      1       191     1304    0.      0.      0.      
CBAR    50      1       1304    196     0.      0.      0.      
CBAR    51      1       196     1226    0.      0.      0.      
CBAR    52      1       1226    1       0.      0.      0.      
CBAR    53      2       202     1512    0.      0.      0.      
CBAR    54      2       1512    207     0.      0.      0.      
CBAR    55      2       207     1517    0.      0.      0.      
CBAR    56      2       1517    212     0.      0.      0.      
CBAR    57      2       212     1597    0.      0.      0.      
CBAR    58      2       1597    217     0.      0.      0.      
CBAR    59      2       217     1600    0.      0.      0.      
CBAR    60      2       1600    222     0.      0.      0.      
CBAR    61      2       222     1584    0.      0.      0.      
CBAR    62      2       1584    227     0.      0.      0.      
CBAR    63      2       227     1538    0.      0.      0.      
CBAR    64      2       1538    232     0.      0.      0.      
CBAR    65      2       232     1417    0.      0.      0.      
CBAR    66      2       1417    237     0.      0.      0.      
CBAR    67      2       237     242     0.      0.      0.      
CBAR    68      2       242     247     0.      0.      0.      
CBAR    69      2       247     252     0.      0.      0.      
CBAR    70      2       252     257     0.      0.      0.      
CBAR    71      2       257     262     0.      0.      0.      
CBAR    72      2       262     267     0.      0.      0.      
CBAR    73      2       267     272     0.      0.      0.      
CBAR    74      2       272     277     0.      0.      0.      
CBAR    75      2       277     282     0.      0.      0.      
CBAR    76      2       282     287     0.      0.      0.      
CBAR    77      2       287     292     0.      0.      0.      
CBAR    78      2       292     297     0.      0.      0.      
CBAR    79      2       297     302     0.      0.      0.      
CBAR    80      2       302     307     0.      0.      0.      
CBAR    81      2       307     312     0.      0.      0.      
CBAR    82      2       312     317     0.      0.      0.      
CBAR    83      2       317     322     0.      0.      0.      
CBAR    84      2       322     327     0.      0.      0.      
CBAR    85      2       327     332     0.      0.      0.      
CBAR    86      2       332     337     0.      0.      0.      
CBAR    87      2       337     342     0.      0.      0.      
CBAR    88      2       342     347     0.      0.      0.      
CBAR    89      2       347     352     0.      0.      0.      
CBAR    90      2       352     357     0.      0.      0.      
CBAR    91      2       357     362     0.      0.      0.      
CBAR    92      2       362     367     0.      0.      0.      
CBAR    93      2       367     372     0.      0.      0.      
CBAR    94      2       372     1529    0.      0.      0.      
CBAR    95      2       1529    377     0.      0.      0.      
CBAR    96      2       377     1626    0.      0.      0.      
CBAR    97      2       1626    382     0.      0.      0.      
CBAR    98      2       382     1571    0.      0.      0.      
CBAR    99      2       1571    387     0.      0.      0.      
CBAR    100     2       387     1620    0.      0.      0.      
CBAR    101     2       1620    392     0.      0.      0.      
CBAR    102     2       392     1555    0.      0.      0.      
CBAR    103     2       1555    397     0.      0.      0.      
CBAR    104     2       397     1604    0.      0.      0.      
CBAR    105     2       1604    202     0.      0.      0.      
CBAR    106     3       403     408     0.      0.      0.      
CBAR    107     3       408     413     0.      0.      0.      
CBAR    108     3       413     418     0.      0.      0.      
CBAR    109     3       418     423     0.      0.      0.      
CBAR    110     3       423     428     0.      0.      0.      
CBAR    111     3       428     433     0.      0.      0.      
CBAR    112     3       433     438     0.      0.      0.      
CBAR    113     3       438     443     0.      0.      0.      
CBAR    114     3       443     448     0.      0.      0.      
CBAR    115     3       448     453     0.      0.      0.      
CBAR    116     3       453     458     0.      0.      0.      
CBAR    117     3       458     463     0.      0.      0.      
CBAR    118     3       463     468     0.      0.      0.      
CBAR    119     3       468     1241    0.      0.      0.      
CBAR    120     3       1241    473     0.      0.      0.      
CBAR    121     3       473     1279    0.      0.      0.      
CBAR    122     3       1279    478     0.      0.      0.      
CBAR    123     3       478     1334    0.      0.      0.      
CBAR    124     3       1334    483     0.      0.      0.      
CBAR    125     3       483     1217    0.      0.      0.      
CBAR    126     3       1217    488     0.      0.      0.      
CBAR    127     3       488     1235    0.      0.      0.      
CBAR    128     3       1235    493     0.      0.      0.      
CBAR    129     3       493     1321    0.      0.      0.      
CBAR    130     3       1321    498     0.      0.      0.      
CBAR    131     3       498     1353    0.      0.      0.      
CBAR    132     3       1353    503     0.      0.      0.      
CBAR    133     3       503     1250    0.      0.      0.      
CBAR    134     3       1250    508     0.      0.      0.      
CBAR    135     3       508     1201    0.      0.      0.      
CBAR    136     3       1201    513     0.      0.      0.      
CBAR    137     3       513     1344    0.      0.      0.      
CBAR    138     3       1344    518     0.      0.      0.      
CBAR    139     3       518     1267    0.      0.      0.      
CBAR    140     3       1267    523     0.      0.      0.      
CBAR    141     3       523     1361    0.      0.      0.      
CBAR    142     3       1361    528     0.      0.      0.      
CBAR    143     3       528     1370    0.      0.      0.      
CBAR    144     3       1370    533     0.      0.      0.      
CBAR    145     3       533     1338    0.      0.      0.      
CBAR    146     3       1338    538     0.      0.      0.      
CBAR    147     3       538     543     0.      0.      0.      
CBAR    148     3       543     548     0.      0.      0.      
CBAR    149     3       548     553     0.      0.      0.      
CBAR    150     3       553     558     0.      0.      0.      
CBAR    151     3       558     563     0.      0.      0.      
CBAR    152     3       563     568     0.      0.      0.      
CBAR    153     3       568     573     0.      0.      0.      
CBAR    154     3       573     578     0.      0.      0.      
CBAR    155     3       578     583     0.      0.      0.      
CBAR    156     3       583     588     0.      0.      0.      
CBAR    157     3       588     593     0.      0.      0.      
CBAR    158     3       593     598     0.      0.      0.      
CBAR    159     3       598     403     0.      0.      0.      
CBAR    160     4       604     608     0.      0.      0.      
CBAR    161     4       608     609     0.      0.      0.      
CBAR    162     4       609     610     0.      0.      0.      
CBAR    163     4       610     611     0.      0.      0.      
CBAR    164     4       611     605     0.      0.      0.      
CBAR    165     5       605     612     0.      0.      0.      
CBAR    166     5       612     613     0.      0.      0.      
CBAR    167     5       613     614     0.      0.      0.      
CBAR    168     5       614     615     0.      0.      0.      
CBAR    169     5       615     606     0.      0.      0.      
CBAR    170     6       606     616     0.      0.      0.      
CBAR    171     6       616     617     0.      0.      0.      
CBAR    172     6       617     618     0.      0.      0.      
CBAR    173     6       618     619     0.      0.      0.      
CBAR    174     6       619     607     0.      0.      0.      
CBAR    175     7       607     620     0.      0.      0.      
CBAR    176     7       620     621     0.      0.      0.      
CBAR    177     7       621     622     0.      0.      0.      
CBAR    178     7       622     623     0.      0.      0.      
CBAR    179     7       623     604     0.      0.      0.      
CTRIA3  180     1       698     702     780     
CTRIA3  181     1       608     604     1000    
CTRIA3  182     1       638     730     1001    
CTRIA3  183     1       691     1411    1410    
CTRIA3  184     1       711     1409    1411    
CTRIA3  185     1       812     1410    1409    
CTRIA3  186     1       1409    1410    1411    
CTRIA3  187     1       836     649     886     
CTRIA3  188     1       701     757     1064    
CTRIA3  189     1       683     684     1187    
CTRIA3  190     1       872     1414    1413    
CTRIA3  191     1       751     1412    1414    
CTRIA3  192     1       904     1413    1412    
CTRIA3  193     1       1412    1413    1414    
CTRIA3  194     1       730     635     1001    
CTRIA3  195     1       237     1417    1416    
CTRIA3  196     1       232     1415    1417    
CTRIA3  197     1       851     1416    1415    
CTRIA3  198     1       1415    1416    1417    
CTRIA3  199     1       634     722     827     
CTRIA3  200     1       712     1198    1197    
CTRIA3  201     1       713     1196    1198    
CTRIA3  202     1       782     1197    1196    
CTRIA3  203     1       1196    1197    1198    
CTRIA3  204     1       641     722     1080    
CTRIA3  205     1       852     742     915     
CTRIA3  206     1       756     801     929     
CTRIA3  207     1       889     641     890     
CTRIA3  208     1       646     843     1029    
CTRIA3  209     1       745     648     845     
CTRIA3  210     1       730     638     1012    
CTRIA3  211     1       672     725     801     
CTRIA3  212     1       116     1420    1419    
CTRIA3  213     1       111     1418    1420    
CTRIA3  214     1       1133    1419    1418    
CTRIA3  215     1       1418    1419    1420    
CTRIA3  216     1       784     1023    1421    
CTRIA3  217     1       784     1421    644     
CTRIA3  218     1       833     741     1096    
CTRIA3  219     1       612     605     1103    
CTRIA3  220     1       756     672     801     
CTRIA3  221     1       819     630     820     
CTRIA3  222     1       513     1201    1200    
CTRIA3  223     1       508     1199    1201    
CTRIA3  224     1       823     1200    1199    
CTRIA3  225     1       1199    1200    1201    
CTRIA3  226     1       604     623     1000    
CTRIA3  227     1       831     633     879     
CTRIA3  228     1       630     742     852     
CTRIA3  229     1       843     646     1077    
CTRIA3  230     1       689     1424    1423    
CTRIA3  231     1       816     1422    1424    
CTRIA3  232     1       870     1423    1422    
CTRIA3  233     1       1422    1423    1424    
CTRIA3  234     1       680     653     698     
CTRIA3  235     1       778     645     843     
CTRIA3  236     1       6       1204    1203    
CTRIA3  237     1       822     1202    1204    
CTRIA3  238     1       844     1203    1202    
CTRIA3  239     1       1202    1203    1204    
CTRIA3  240     1       697     1427    1426    
CTRIA3  241     1       932     1425    1427    
CTRIA3  242     1       1023    1426    1425    
CTRIA3  243     1       1425    1426    1427    
CTRIA3  244     1       682     1207    1206    
CTRIA3  245     1       776     1205    1207    
CTRIA3  246     1       857     1206    1205    
CTRIA3  247     1       1205    1206    1207    
CTRIA3  248     1       408     403     1137    
CTRIA3  249     1       754     647     991     
CTRIA3  250     1       761     727     875     
CTRIA3  251     1       684     683     920     
CTRIA3  252     1       830     633     831     
CTRIA3  253     1       671     733     771     
CTRIA3  254     1       702     698     995     
CTRIA3  255     1       936     863     1171    
CTRIA3  256     1       647     858     1087    
CTRIA3  257     1       625     868     967     
CTRIA3  258     1       86      1430    1429    
CTRIA3  259     1       880     1428    1430    
CTRIA3  260     1       902     1429    1428    
CTRIA3  261     1       1428    1429    1430    
CTRIA3  262     1       796     905     1008    
CTRIA3  263     1       749     629     1066    
CTRIA3  264     1       700     789     936     
CTRIA3  265     1       1025    952     1140    
CTRIA3  266     1       801     725     897     
CTRIA3  267     1       685     627     895     
CTRIA3  268     1       847     785     873     
CTRIA3  269     1       76      834     1431    
CTRIA3  270     1       76      1431    81      
CTRIA3  271     1       849     744     1073    
CTRIA3  272     1       729     831     879     
CTRIA3  273     1       6       1209    1204    
CTRIA3  274     1       1       1208    1209    
CTRIA3  275     1       822     1204    1208    
CTRIA3  276     1       1208    1204    1209    
CTRIA3  277     1       86      1433    1430    
CTRIA3  278     1       81      1432    1433    
CTRIA3  279     1       880     1430    1432    
CTRIA3  280     1       1432    1430    1433    
CTRIA3  281     1       656     641     1080    
CTRIA3  282     1       56      51      863     
CTRIA3  283     1       710     916     1094    
CTRIA3  284     1       635     738     1001    
CTRIA3  285     1       648     745     881     
CTRIA3  286     1       605     611     1103    
CTRIA3  287     1       797     806     1063    
CTRIA3  288     1       696     866     899     
CTRIA3  289     1       683     668     920     
CTRIA3  290     1       650     643     1078    
CTRIA3  291     1       855     717     917     
CTRIA3  292     1       783     707     977     
CTRIA3  293     1       901     617     1044    
CTRIA3  294     1       646     920     942     
CTRIA3  295     1       966     1436    1435    
CTRIA3  296     1       202     1434    1436    
CTRIA3  297     1       1120    1435    1434    
CTRIA3  298     1       1434    1435    1436    
CTRIA3  299     1       926     660     995     
CTRIA3  300     1       196     1212    1211    
CTRIA3  301     1       748     1210    1212    
CTRIA3  302     1       1114    1211    1210    
CTRIA3  303     1       1210    1211    1212    
CTRIA3  304     1       668     683     1155    
CTRIA3  305     1       820     630     852     
CTRIA3  306     1       776     1207    1214    
CTRIA3  307     1       682     1213    1207    
CTRIA3  308     1       1106    1214    1213    
CTRIA3  309     1       1213    1214    1207    
CTRIA3  310     1       819     820     1104    
CTRIA3  311     1       690     916     1038    
CTRIA3  312     1       685     751     1437    
CTRIA3  313     1       685     1437    812     
CTRIA3  314     1       738     955     1033    
CTRIA3  315     1       784     644     962     
CTRIA3  316     1       729     879     963     
CTRIA3  317     1       488     1217    1216    
CTRIA3  318     1       483     1215    1217    
CTRIA3  319     1       853     1216    1215    
CTRIA3  320     1       1215    1216    1217    
CTRIA3  321     1       578     573     907     
CTRIA3  322     1       632     1220    1219    
CTRIA3  323     1       809     1218    1220    
CTRIA3  324     1       837     1219    1218    
CTRIA3  325     1       1218    1219    1220    
CTRIA3  326     1       711     1411    1439    
CTRIA3  327     1       691     1438    1411    
CTRIA3  328     1       813     1439    1438    
CTRIA3  329     1       1438    1439    1411    
CTRIA3  330     1       724     655     1173    
CTRIA3  331     1       796     732     905     
CTRIA3  332     1       946     845     1018    
CTRIA3  333     1       774     820     852     
CTRIA3  334     1       631     829     1106    
CTRIA3  335     1       746     677     894     
CTRIA3  336     1       855     767     1221    
CTRIA3  337     1       855     1221    1021    
CTRIA3  338     1       767     1224    1223    
CTRIA3  339     1       917     1222    1224    
CTRIA3  340     1       1184    1223    1222    
CTRIA3  341     1       1222    1223    1224    
CTRIA3  342     1       131     126     860     
CTRIA3  343     1       955     635     977     
CTRIA3  344     1       880     1441    1428    
CTRIA3  345     1       755     1440    1441    
CTRIA3  346     1       902     1428    1440    
CTRIA3  347     1       1440    1428    1441    
CTRIA3  348     1       1       1226    1225    
CTRIA3  349     1       196     1211    1226    
CTRIA3  350     1       1114    1225    1211    
CTRIA3  351     1       1211    1225    1226    
CTRIA3  352     1       730     1012    1081    
CTRIA3  353     1       766     646     1100    
CTRIA3  354     1       653     926     995     
CTRIA3  355     1       748     1229    1228    
CTRIA3  356     1       939     1227    1229    
CTRIA3  357     1       940     1228    1227    
CTRIA3  358     1       1227    1228    1229    
CTRIA3  359     1       403     598     930     
CTRIA3  360     1       937     1232    1231    
CTRIA3  361     1       679     1230    1232    
CTRIA3  362     1       1114    1231    1230    
CTRIA3  363     1       1230    1231    1232    
CTRIA3  364     1       816     1444    1443    
CTRIA3  365     1       773     1442    1444    
CTRIA3  366     1       1071    1443    1442    
CTRIA3  367     1       1442    1443    1444    
CTRIA3  368     1       829     680     1106    
CTRIA3  369     1       91      1446    1445    
CTRIA3  370     1       86      1429    1446    
CTRIA3  371     1       902     1445    1429    
CTRIA3  372     1       1429    1445    1446    
CTRIA3  373     1       659     652     686     
CTRIA3  374     1       111     1449    1448    
CTRIA3  375     1       106     1447    1449    
CTRIA3  376     1       884     1448    1447    
CTRIA3  377     1       1447    1448    1449    
CTRIA3  378     1       639     847     883     
CTRIA3  379     1       702     703     763     
CTRIA3  380     1       717     792     1024    
CTRIA3  381     1       752     804     1013    
CTRIA3  382     1       403     923     1076    
CTRIA3  383     1       758     695     892     
CTRIA3  384     1       722     634     841     
CTRIA3  385     1       788     719     862     
CTRIA3  386     1       757     708     980     
CTRIA3  387     1       493     1235    1234    
CTRIA3  388     1       488     1233    1235    
CTRIA3  389     1       935     1234    1233    
CTRIA3  390     1       1233    1234    1235    
CTRIA3  391     1       731     683     811     
CTRIA3  392     1       642     795     933     
CTRIA3  393     1       765     1452    1451    
CTRIA3  394     1       787     1450    1452    
CTRIA3  395     1       981     1451    1450    
CTRIA3  396     1       1450    1451    1452    
CTRIA3  397     1       704     1454    1453    
CTRIA3  398     1       755     1441    1454    
CTRIA3  399     1       880     1453    1441    
CTRIA3  400     1       1441    1453    1454    
CTRIA3  401     1       932     1456    1425    
CTRIA3  402     1       824     1455    1456    
CTRIA3  403     1       1023    1425    1455    
CTRIA3  404     1       1455    1425    1456    
CTRIA3  405     1       803     640     805     
CTRIA3  406     1       186     181     892     
CTRIA3  407     1       728     830     831     
CTRIA3  408     1       860     716     1051    
CTRIA3  409     1       610     759     1103    
CTRIA3  410     1       810     608     1000    
CTRIA3  411     1       916     710     1038    
CTRIA3  412     1       639     723     890     
CTRIA3  413     1       711     1459    1458    
CTRIA3  414     1       869     1457    1459    
CTRIA3  415     1       978     1458    1457    
CTRIA3  416     1       1457    1458    1459    
CTRIA3  417     1       661     658     1010    
CTRIA3  418     1       81      1431    1432    
CTRIA3  419     1       834     1460    1431    
CTRIA3  420     1       880     1432    1460    
CTRIA3  421     1       1460    1432    1431    
CTRIA3  422     1       252     247     875     
CTRIA3  423     1       793     721     1048    
CTRIA3  424     1       91      1445    1462    
CTRIA3  425     1       902     1461    1445    
CTRIA3  426     1       1050    1462    1461    
CTRIA3  427     1       1461    1462    1445    
CTRIA3  428     1       838     732     1069    
CTRIA3  429     1       729     807     918     
CTRIA3  430     1       817     1238    1237    
CTRIA3  431     1       737     1236    1238    
CTRIA3  432     1       1083    1237    1236    
CTRIA3  433     1       1236    1237    1238    
CTRIA3  434     1       473     1241    1240    
CTRIA3  435     1       468     1239    1241    
CTRIA3  436     1       871     1240    1239    
CTRIA3  437     1       1239    1240    1241    
CTRIA3  438     1       634     741     833     
CTRIA3  439     1       617     826     1044    
CTRIA3  440     1       708     757     894     
CTRIA3  441     1       787     1452    1464    
CTRIA3  442     1       765     1463    1452    
CTRIA3  443     1       1189    1464    1463    
CTRIA3  444     1       1463    1464    1452    
CTRIA3  445     1       924     703     1040    
CTRIA3  446     1       806     651     1063    
CTRIA3  447     1       763     703     1126    
CTRIA3  448     1       809     1220    1243    
CTRIA3  449     1       632     1242    1220    
CTRIA3  450     1       911     1243    1242    
CTRIA3  451     1       1242    1243    1220    
CTRIA3  452     1       743     1245    1244    
CTRIA3  453     1       712     1197    1245    
CTRIA3  454     1       782     1244    1197    
CTRIA3  455     1       1197    1244    1245    
CTRIA3  456     1       700     936     1171    
CTRIA3  457     1       848     628     996     
CTRIA3  458     1       463     458     897     
CTRIA3  459     1       822     1247    1202    
CTRIA3  460     1       662     1246    1247    
CTRIA3  461     1       844     1202    1246    
CTRIA3  462     1       1246    1202    1247    
CTRIA3  463     1       642     696     899     
CTRIA3  464     1       802     972     1465    
CTRIA3  465     1       802     1465    704     
CTRIA3  466     1       773     1467    1442    
CTRIA3  467     1       1043    1466    1467    
CTRIA3  468     1       1071    1442    1466    
CTRIA3  469     1       1466    1442    1467    
CTRIA3  470     1       641     656     803     
CTRIA3  471     1       784     665     1183    
CTRIA3  472     1       692     693     1022    
CTRIA3  473     1       738     635     955     
CTRIA3  474     1       869     1469    1468    
CTRIA3  475     1       966     1435    1469    
CTRIA3  476     1       1120    1468    1435    
CTRIA3  477     1       1435    1468    1469    
CTRIA3  478     1       769     1472    1471    
CTRIA3  479     1       908     1470    1472    
CTRIA3  480     1       910     1471    1470    
CTRIA3  481     1       1470    1471    1472    
CTRIA3  482     1       736     637     818     
CTRIA3  483     1       879     770     963     
CTRIA3  484     1       648     814     1018    
CTRIA3  485     1       508     1250    1249    
CTRIA3  486     1       503     1248    1250    
CTRIA3  487     1       983     1249    1248    
CTRIA3  488     1       1248    1249    1250    
CTRIA3  489     1       681     1252    1251    
CTRIA3  490     1       817     1237    1252    
CTRIA3  491     1       1083    1251    1237    
CTRIA3  492     1       1237    1251    1252    
CTRIA3  493     1       613     859     916     
CTRIA3  494     1       627     685     1191    
CTRIA3  495     1       792     715     1024    
CTRIA3  496     1       937     1254    1253    
CTRIA3  497     1       748     1228    1254    
CTRIA3  498     1       940     1253    1228    
CTRIA3  499     1       1228    1253    1254    
CTRIA3  500     1       843     740     1084    
CTRIA3  501     1       915     742     1092    
CTRIA3  502     1       802     704     876     
CTRIA3  503     1       1010    658     1029    
CTRIA3  504     1       716     904     1412    
CTRIA3  505     1       716     1412    751     
CTRIA3  506     1       955     754     1033    
CTRIA3  507     1       844     1246    1256    
CTRIA3  508     1       662     1255    1246    
CTRIA3  509     1       911     1256    1255    
CTRIA3  510     1       1255    1256    1246    
CTRIA3  511     1       782     1196    1258    
CTRIA3  512     1       713     1257    1196    
CTRIA3  513     1       839     1258    1257    
CTRIA3  514     1       1257    1258    1196    
CTRIA3  515     1       816     1424    1474    
CTRIA3  516     1       689     1473    1424    
CTRIA3  517     1       987     1474    1473    
CTRIA3  518     1       1473    1474    1424    
CTRIA3  519     1       732     838     1046    
CTRIA3  520     1       649     659     661     
CTRIA3  521     1       701     799     861     
CTRIA3  522     1       908     1476    1470    
CTRIA3  523     1       768     1475    1476    
CTRIA3  524     1       910     1470    1475    
CTRIA3  525     1       1475    1470    1476    
CTRIA3  526     1       866     695     899     
CTRIA3  527     1       675     730     1081    
CTRIA3  528     1       917     1260    1222    
CTRIA3  529     1       11      1259    1260    
CTRIA3  530     1       1184    1222    1259    
CTRIA3  531     1       1259    1222    1260    
CTRIA3  532     1       725     672     1027    
CTRIA3  533     1       837     1218    1262    
CTRIA3  534     1       809     1261    1218    
CTRIA3  535     1       1014    1262    1261    
CTRIA3  536     1       1261    1262    1218    
CTRIA3  537     1       764     1479    1478    
CTRIA3  538     1       755     1477    1479    
CTRIA3  539     1       909     1478    1477    
CTRIA3  540     1       1477    1478    1479    
CTRIA3  541     1       685     1022    1191    
CTRIA3  542     1       851     1415    1481    
CTRIA3  543     1       232     1480    1415    
CTRIA3  544     1       945     1481    1480    
CTRIA3  545     1       1480    1481    1415    
CTRIA3  546     1       994     771     1079    
CTRIA3  547     1       826     617     1113    
CTRIA3  548     1       709     744     849     
CTRIA3  549     1       11      1264    1259    
CTRIA3  550     1       6       1263    1264    
CTRIA3  551     1       1184    1259    1263    
CTRIA3  552     1       1263    1259    1264    
CTRIA3  553     1       433     428     898     
CTRIA3  554     1       960     1009    1183    
CTRIA3  555     1       875     727     964     
CTRIA3  556     1       755     1479    1440    
CTRIA3  557     1       764     1482    1479    
CTRIA3  558     1       902     1440    1482    
CTRIA3  559     1       1482    1440    1479    
CTRIA3  560     1       672     756     888     
CTRIA3  561     1       1047    678     1192    
CTRIA3  562     1       628     874     931     
CTRIA3  563     1       884     1447    1484    
CTRIA3  564     1       106     1483    1447    
CTRIA3  565     1       1108    1484    1483    
CTRIA3  566     1       1483    1484    1447    
CTRIA3  567     1       859     612     1103    
CTRIA3  568     1       701     861     1139    
CTRIA3  569     1       721     793     885     
CTRIA3  570     1       36      31      905     
CTRIA3  571     1       958     747     993     
CTRIA3  572     1       689     1486    1473    
CTRIA3  573     1       893     1485    1486    
CTRIA3  574     1       987     1473    1485    
CTRIA3  575     1       1485    1473    1486    
CTRIA3  576     1       523     1267    1266    
CTRIA3  577     1       518     1265    1267    
CTRIA3  578     1       896     1266    1265    
CTRIA3  579     1       1265    1266    1267    
CTRIA3  580     1       890     641     944     
CTRIA3  581     1       635     730     976     
CTRIA3  582     1       71      66      878     
CTRIA3  583     1       796     1025    1140    
CTRIA3  584     1       634     833     841     
CTRIA3  585     1       609     608     810     
CTRIA3  586     1       732     835     905     
CTRIA3  587     1       702     763     907     
CTRIA3  588     1       665     784     962     
CTRIA3  589     1       679     1232    1269    
CTRIA3  590     1       937     1268    1232    
CTRIA3  591     1       1129    1269    1268    
CTRIA3  592     1       1268    1269    1232    
CTRIA3  593     1       624     914     980     
CTRIA3  594     1       802     766     1085    
CTRIA3  595     1       548     543     941     
CTRIA3  596     1       443     438     900     
CTRIA3  597     1       671     771     994     
CTRIA3  598     1       277     272     903     
CTRIA3  599     1       613     612     859     
CTRIA3  600     1       657     838     1069    
CTRIA3  601     1       662     1272    1271    
CTRIA3  602     1       1159    1270    1272    
CTRIA3  603     1       1195    1271    1270    
CTRIA3  604     1       1270    1271    1272    
CTRIA3  605     1       917     717     952     
CTRIA3  606     1       237     1416    1488    
CTRIA3  607     1       851     1487    1416    
CTRIA3  608     1       947     1488    1487    
CTRIA3  609     1       1487    1488    1416    
CTRIA3  610     1       660     924     1040    
CTRIA3  611     1       202     1491    1490    
CTRIA3  612     1       910     1489    1491    
CTRIA3  613     1       956     1490    1489    
CTRIA3  614     1       1489    1490    1491    
CTRIA3  615     1       643     951     1078    
CTRIA3  616     1       740     766     802     
CTRIA3  617     1       618     617     901     
CTRIA3  618     1       772     744     1111    
CTRIA3  619     1       897     725     969     
CTRIA3  620     1       721     865     1048    
CTRIA3  621     1       629     772     1066    
CTRIA3  622     1       847     639     1111    
CTRIA3  623     1       910     1491    1492    
CTRIA3  624     1       202     1436    1491    
CTRIA3  625     1       966     1492    1436    
CTRIA3  626     1       1436    1492    1491    
CTRIA3  627     1       916     859     1094    
CTRIA3  628     1       714     922     1062    
CTRIA3  629     1       754     991     1167    
CTRIA3  630     1       968     1275    1274    
CTRIA3  631     1       713     1273    1275    
CTRIA3  632     1       1159    1274    1273    
CTRIA3  633     1       1273    1274    1275    
CTRIA3  634     1       768     1494    1493    
CTRIA3  635     1       689     1423    1494    
CTRIA3  636     1       870     1493    1423    
CTRIA3  637     1       1423    1493    1494    
CTRIA3  638     1       677     1004    1044    
CTRIA3  639     1       609     810     996     
CTRIA3  640     1       723     639     883     
CTRIA3  641     1       847     770     883     
CTRIA3  642     1       971     1039    1194    
CTRIA3  643     1       922     735     1062    
CTRIA3  644     1       647     754     974     
CTRIA3  645     1       803     805     944     
CTRIA3  646     1       858     647     891     
CTRIA3  647     1       744     772     1073    
CTRIA3  648     1       660     753     924     
CTRIA3  649     1       637     736     858     
CTRIA3  650     1       695     758     899     
CTRIA3  651     1       488     1216    1233    
CTRIA3  652     1       853     1276    1216    
CTRIA3  653     1       935     1233    1276    
CTRIA3  654     1       1276    1233    1216    
CTRIA3  655     1       1087    858     1170    
CTRIA3  656     1       727     761     1042    
CTRIA3  657     1       1085    644     1495    
CTRIA3  658     1       1085    1495    972     
CTRIA3  659     1       478     1279    1278    
CTRIA3  660     1       473     1277    1279    
CTRIA3  661     1       927     1278    1277    
CTRIA3  662     1       1277    1278    1279    
CTRIA3  663     1       958     791     1115    
CTRIA3  664     1       643     736     818     
CTRIA3  665     1       688     847     873     
CTRIA3  666     1       814     648     1119    
CTRIA3  667     1       778     843     1084    
CTRIA3  668     1       558     553     949     
CTRIA3  669     1       882     774     1161    
CTRIA3  670     1       911     1255    1281    
CTRIA3  671     1       662     1280    1255    
CTRIA3  672     1       1148    1281    1280    
CTRIA3  673     1       1280    1281    1255    
CTRIA3  674     1       21      16      952     
CTRIA3  675     1       812     1437    1497    
CTRIA3  676     1       751     1496    1437    
CTRIA3  677     1       1124    1497    1496    
CTRIA3  678     1       1496    1497    1437    
CTRIA3  679     1       755     1454    1498    
CTRIA3  680     1       704     1465    1454    
CTRIA3  681     1       972     1498    1465    
CTRIA3  682     1       1465    1498    1454    
CTRIA3  683     1       952     717     1140    
CTRIA3  684     1       802     876     1154    
CTRIA3  685     1       923     703     924     
CTRIA3  686     1       932     1501    1500    
CTRIA3  687     1       773     1499    1501    
CTRIA3  688     1       1110    1500    1499    
CTRIA3  689     1       1499    1500    1501    
CTRIA3  690     1       408     1137    1152    
CTRIA3  691     1       868     650     967     
CTRIA3  692     1       795     642     1125    
CTRIA3  693     1       56      863     936     
CTRIA3  694     1       747     958     1115    
CTRIA3  695     1       861     799     1047    
CTRIA3  696     1       16      917     952     
CTRIA3  697     1       826     1059    1193    
CTRIA3  698     1       727     825     964     
CTRIA3  699     1       1159    1283    1270    
CTRIA3  700     1       712     1282    1283    
CTRIA3  701     1       1195    1270    1282    
CTRIA3  702     1       1282    1270    1283    
CTRIA3  703     1       866     631     1284    
CTRIA3  704     1       866     1284    940     
CTRIA3  705     1       645     828     843     
CTRIA3  706     1       790     615     1054    
CTRIA3  707     1       858     736     1170    
CTRIA3  708     1       905     835     1061    
CTRIA3  709     1       902     1482    1461    
CTRIA3  710     1       764     1502    1482    
CTRIA3  711     1       1050    1461    1502    
CTRIA3  712     1       1502    1461    1482    
CTRIA3  713     1       794     848     1175    
CTRIA3  714     1       942     668     960     
CTRIA3  715     1       983     1248    1286    
CTRIA3  716     1       503     1285    1248    
CTRIA3  717     1       1074    1286    1285    
CTRIA3  718     1       1285    1286    1248    
CTRIA3  719     1       141     136     906     
CTRIA3  720     1       707     783     841     
CTRIA3  721     1       1005    705     1089    
CTRIA3  722     1       739     860     1051    
CTRIA3  723     1       1016    794     1048    
CTRIA3  724     1       759     610     931     
CTRIA3  725     1       637     858     891     
CTRIA3  726     1       282     277     919     
CTRIA3  727     1       651     795     1005    
CTRIA3  728     1       638     946     1018    
CTRIA3  729     1       845     648     1018    
CTRIA3  730     1       16      11      1260    
CTRIA3  731     1       16      1260    917     
CTRIA3  732     1       797     625     806     
CTRIA3  733     1       757     701     912     
CTRIA3  734     1       808     1504    1503    
CTRIA3  735     1       116     1419    1504    
CTRIA3  736     1       1133    1503    1419    
CTRIA3  737     1       1419    1503    1504    
CTRIA3  738     1       688     873     874     
CTRIA3  739     1       895     973     1051    
CTRIA3  740     1       855     917     1224    
CTRIA3  741     1       855     1224    767     
CTRIA3  742     1       1056    1289    1288    
CTRIA3  743     1       839     1287    1289    
CTRIA3  744     1       1074    1288    1287    
CTRIA3  745     1       1287    1288    1289    
CTRIA3  746     1       715     845     946     
CTRIA3  747     1       654     971     1194    
CTRIA3  748     1       96      1507    1506    
CTRIA3  749     1       893     1505    1507    
CTRIA3  750     1       986     1506    1505    
CTRIA3  751     1       1505    1506    1507    
CTRIA3  752     1       824     1508    1455    
CTRIA3  753     1       644     1421    1508    
CTRIA3  754     1       1023    1455    1421    
CTRIA3  755     1       1421    1455    1508    
CTRIA3  756     1       860     126     904     
CTRIA3  757     1       791     714     1115    
CTRIA3  758     1       672     881     1027    
CTRIA3  759     1       734     1291    1290    
CTRIA3  760     1       713     1275    1291    
CTRIA3  761     1       968     1290    1275    
CTRIA3  762     1       1275    1290    1291    
CTRIA3  763     1       748     1212    1229    
CTRIA3  764     1       196     1292    1212    
CTRIA3  765     1       939     1229    1292    
CTRIA3  766     1       1292    1229    1212    
CTRIA3  767     1       655     814     925     
CTRIA3  768     1       611     610     1103    
CTRIA3  769     1       820     640     1104    
CTRIA3  770     1       768     1493    1510    
CTRIA3  771     1       870     1509    1493    
CTRIA3  772     1       957     1510    1509    
CTRIA3  773     1       1509    1510    1493    
CTRIA3  774     1       186     892     1142    
CTRIA3  775     1       207     1512    1511    
CTRIA3  776     1       202     1490    1512    
CTRIA3  777     1       956     1511    1490    
CTRIA3  778     1       1490    1511    1512    
CTRIA3  779     1       907     763     997     
CTRIA3  780     1       812     1409    1514    
CTRIA3  781     1       711     1513    1409    
CTRIA3  782     1       1189    1514    1513    
CTRIA3  783     1       1513    1514    1409    
CTRIA3  784     1       809     1243    1293    
CTRIA3  785     1       911     1281    1243    
CTRIA3  786     1       1148    1293    1281    
CTRIA3  787     1       1281    1293    1243    
CTRIA3  788     1       888     1119    1147    
CTRIA3  789     1       212     1517    1516    
CTRIA3  790     1       207     1515    1517    
CTRIA3  791     1       957     1516    1515    
CTRIA3  792     1       1515    1516    1517    
CTRIA3  793     1       493     1234    1295    
CTRIA3  794     1       935     1294    1234    
CTRIA3  795     1       1056    1295    1294    
CTRIA3  796     1       1294    1295    1234    
CTRIA3  797     1       679     1297    1230    
CTRIA3  798     1       968     1296    1297    
CTRIA3  799     1       1114    1230    1296    
CTRIA3  800     1       1296    1230    1297    
CTRIA3  801     1       879     633     1028    
CTRIA3  802     1       718     793     794     
CTRIA3  803     1       663     1299    1298    
CTRIA3  804     1       837     1262    1299    
CTRIA3  805     1       1014    1298    1262    
CTRIA3  806     1       1262    1298    1299    
CTRIA3  807     1       621     620     840     
CTRIA3  808     1       453     448     929     
CTRIA3  809     1       626     1016    1048    
CTRIA3  810     1       649     661     1010    
CTRIA3  811     1       688     874     985     
CTRIA3  812     1       685     812     1518    
CTRIA3  813     1       685     1518    1134    
CTRIA3  814     1       653     680     829     
CTRIA3  815     1       621     885     1037    
CTRIA3  816     1       61      56      936     
CTRIA3  817     1       719     1087    1170    
CTRIA3  818     1       1011    835     1190    
CTRIA3  819     1       909     1521    1520    
CTRIA3  820     1       666     1519    1521    
CTRIA3  821     1       1117    1520    1519    
CTRIA3  822     1       1519    1520    1521    
CTRIA3  823     1       714     674     1115    
CTRIA3  824     1       696     829     866     
CTRIA3  825     1       724     675     1081    
CTRIA3  826     1       861     626     1139    
CTRIA3  827     1       671     914     1163    
CTRIA3  828     1       705     821     1138    
CTRIA3  829     1       750     1011    1190    
CTRIA3  830     1       968     1297    1301    
CTRIA3  831     1       679     1300    1297    
CTRIA3  832     1       1146    1301    1300    
CTRIA3  833     1       1300    1301    1297    
CTRIA3  834     1       785     710     873     
CTRIA3  835     1       823     1199    1302    
CTRIA3  836     1       508     1249    1199    
CTRIA3  837     1       983     1302    1249    
CTRIA3  838     1       1249    1302    1199    
CTRIA3  839     1       1119    648     1147    
CTRIA3  840     1       745     845     1107    
CTRIA3  841     1       700     913     1039    
CTRIA3  842     1       691     1410    1522    
CTRIA3  843     1       812     1497    1410    
CTRIA3  844     1       1124    1522    1497    
CTRIA3  845     1       1497    1522    1410    
CTRIA3  846     1       196     1304    1292    
CTRIA3  847     1       191     1303    1304    
CTRIA3  848     1       939     1292    1303    
CTRIA3  849     1       1303    1292    1304    
CTRIA3  850     1       920     646     1029    
CTRIA3  851     1       876     704     1181    
CTRIA3  852     1       871     1307    1306    
CTRIA3  853     1       969     1305    1307    
CTRIA3  854     1       1180    1306    1305    
CTRIA3  855     1       1305    1306    1307    
CTRIA3  856     1       979     676     1128    
CTRIA3  857     1       626     1048    1139    
CTRIA3  858     1       666     1524    1523    
CTRIA3  859     1       932     1500    1524    
CTRIA3  860     1       1110    1523    1500    
CTRIA3  861     1       1500    1523    1524    
CTRIA3  862     1       568     563     970     
CTRIA3  863     1       725     1180    1305    
CTRIA3  864     1       725     1305    969     
CTRIA3  865     1       151     146     934     
CTRIA3  866     1       669     693     694     
CTRIA3  867     1       870     1422    1526    
CTRIA3  868     1       816     1525    1422    
CTRIA3  869     1       1127    1526    1525    
CTRIA3  870     1       1525    1526    1422    
CTRIA3  871     1       721     885     1128    
CTRIA3  872     1       843     828     1029    
CTRIA3  873     1       817     1252    1309    
CTRIA3  874     1       681     1308    1252    
CTRIA3  875     1       1141    1309    1308    
CTRIA3  876     1       1308    1309    1252    
CTRIA3  877     1       377     1529    1528    
CTRIA3  878     1       372     1527    1529    
CTRIA3  879     1       982     1528    1527    
CTRIA3  880     1       1527    1528    1529    
CTRIA3  881     1       176     171     950     
CTRIA3  882     1       873     759     874     
CTRIA3  883     1       723     883     1028    
CTRIA3  884     1       913     788     1039    
CTRIA3  885     1       780     702     907     
CTRIA3  886     1       828     1010    1029    
CTRIA3  887     1       787     1531    1530    
CTRIA3  888     1       711     1458    1531    
CTRIA3  889     1       978     1530    1458    
CTRIA3  890     1       1458    1530    1531    
CTRIA3  891     1       810     848     996     
CTRIA3  892     1       811     683     1187    
CTRIA3  893     1       913     750     1190    
CTRIA3  894     1       740     802     1154    
CTRIA3  895     1       831     729     918     
CTRIA3  896     1       815     955     977     
CTRIA3  897     1       764     1478    1532    
CTRIA3  898     1       909     1520    1478    
CTRIA3  899     1       1117    1532    1520    
CTRIA3  900     1       1520    1532    1478    
CTRIA3  901     1       979     840     1182    
CTRIA3  902     1       893     1486    1505    
CTRIA3  903     1       689     1533    1486    
CTRIA3  904     1       986     1505    1533    
CTRIA3  905     1       1533    1505    1486    
CTRIA3  906     1       826     790     1059    
CTRIA3  907     1       687     729     963     
CTRIA3  908     1       121     1536    1535    
CTRIA3  909     1       116     1534    1536    
CTRIA3  910     1       872     1535    1534    
CTRIA3  911     1       1534    1535    1536    
CTRIA3  912     1       1012    655     1081    
CTRIA3  913     1       232     1538    1480    
CTRIA3  914     1       227     1537    1538    
CTRIA3  915     1       945     1480    1537    
CTRIA3  916     1       1537    1480    1538    
CTRIA3  917     1       774     805     820     
CTRIA3  918     1       895     627     973     
CTRIA3  919     1       828     645     886     
CTRIA3  920     1       863     51      961     
CTRIA3  921     1       1004    746     1026    
CTRIA3  922     1       846     660     926     
CTRIA3  923     1       473     1240    1277    
CTRIA3  924     1       871     1310    1240    
CTRIA3  925     1       927     1277    1310    
CTRIA3  926     1       1310    1277    1240    
CTRIA3  927     1       753     660     846     
CTRIA3  928     1       703     762     1126    
CTRIA3  929     1       869     1540    1469    
CTRIA3  930     1       813     1539    1540    
CTRIA3  931     1       966     1469    1539    
CTRIA3  932     1       1539    1469    1540    
CTRIA3  933     1       688     770     847     
CTRIA3  934     1       621     840     885     
CTRIA3  935     1       881     745     1109    
CTRIA3  936     1       956     1542    1541    
CTRIA3  937     1       768     1510    1542    
CTRIA3  938     1       957     1541    1510    
CTRIA3  939     1       1510    1541    1542    
CTRIA3  940     1       813     1438    1544    
CTRIA3  941     1       691     1543    1438    
CTRIA3  942     1       1105    1544    1543    
CTRIA3  943     1       1543    1544    1438    
CTRIA3  944     1       732     796     1069    
CTRIA3  945     1       745     837     1109    
CTRIA3  946     1       116     1504    1534    
CTRIA3  947     1       808     1545    1504    
CTRIA3  948     1       872     1534    1545    
CTRIA3  949     1       1545    1534    1504    
CTRIA3  950     1       912     865     1026    
CTRIA3  951     1       877     758     1176    
CTRIA3  952     1       619     618     1158    
CTRIA3  953     1       650     652     659     
CTRIA3  954     1       641     803     944     
CTRIA3  955     1       838     667     1046    
CTRIA3  956     1       703     702     1040    
CTRIA3  957     1       677     746     1004    
CTRIA3  958     1       71      878     928     
CTRIA3  959     1       687     963     985     
CTRIA3  960     1       750     961     1011    
CTRIA3  961     1       498     1312    1311    
CTRIA3  962     1       1056    1288    1312    
CTRIA3  963     1       1074    1311    1288    
CTRIA3  964     1       1288    1311    1312    
CTRIA3  965     1       948     632     1219    
CTRIA3  966     1       948     1219    837     
CTRIA3  967     1       740     843     1077    
CTRIA3  968     1       893     1507    1547    
CTRIA3  969     1       96      1546    1507    
CTRIA3  970     1       1050    1547    1546    
CTRIA3  971     1       1546    1547    1507    
CTRIA3  972     1       792     717     855     
CTRIA3  973     1       729     687     1015    
CTRIA3  974     1       744     785     1111    
CTRIA3  975     1       726     960     1155    
CTRIA3  976     1       677     1044    1193    
CTRIA3  977     1       423     418     958     
CTRIA3  978     1       718     794     1175    
CTRIA3  979     1       714     864     1137    
CTRIA3  980     1       834     76      928     
CTRIA3  981     1       948     745     1107    
CTRIA3  982     1       252     875     964     
CTRIA3  983     1       753     675     924     
CTRIA3  984     1       166     161     953     
CTRIA3  985     1       862     719     1157    
CTRIA3  986     1       674     714     1062    
CTRIA3  987     1       762     923     930     
CTRIA3  988     1       662     1247    1272    
CTRIA3  989     1       822     1313    1247    
CTRIA3  990     1       1159    1272    1313    
CTRIA3  991     1       1313    1272    1247    
CTRIA3  992     1       674     925     1090    
CTRIA3  993     1       413     408     1152    
CTRIA3  994     1       722     641     889     
CTRIA3  995     1       751     1549    1496    
CTRIA3  996     1       808     1548    1549    
CTRIA3  997     1       1124    1496    1548    
CTRIA3  998     1       1548    1496    1549    
CTRIA3  999     1       713     1291    1257    
CTRIA3  1000    1       734     1314    1291    
CTRIA3  1001    1       839     1257    1314    
CTRIA3  1002    1       1314    1257    1291    
CTRIA3  1003    1       914     624     1163    
CTRIA3  1004    1       789     700     971     
CTRIA3  1005    1       712     1245    1316    
CTRIA3  1006    1       743     1315    1245    
CTRIA3  1007    1       1002    1316    1315    
CTRIA3  1008    1       1315    1316    1245    
CTRIA3  1009    1       965     678     1047    
CTRIA3  1010    1       912     701     1139    
CTRIA3  1011    1       814     655     1012    
CTRIA3  1012    1       890     944     1066    
CTRIA3  1013    1       685     895     1101    
CTRIA3  1014    1       759     873     1094    
CTRIA3  1015    1       463     897     969     
CTRIA3  1016    1       951     800     1078    
CTRIA3  1017    1       834     1550    1460    
CTRIA3  1018    1       704     1453    1550    
CTRIA3  1019    1       880     1460    1453    
CTRIA3  1020    1       1453    1460    1550    
CTRIA3  1021    1       631     1317    1284    
CTRIA3  1022    1       937     1253    1317    
CTRIA3  1023    1       940     1284    1253    
CTRIA3  1024    1       1253    1284    1317    
CTRIA3  1025    1       711     1439    1459    
CTRIA3  1026    1       813     1540    1439    
CTRIA3  1027    1       869     1459    1540    
CTRIA3  1028    1       1540    1459    1439    
CTRIA3  1029    1       770     688     963     
CTRIA3  1030    1       968     1318    1296    
CTRIA3  1031    1       1       1225    1318    
CTRIA3  1032    1       1114    1296    1225    
CTRIA3  1033    1       1225    1296    1318    
CTRIA3  1034    1       960     726     1009    
CTRIA3  1035    1       242     237     1488    
CTRIA3  1036    1       242     1488    947     
CTRIA3  1037    1       891     647     974     
CTRIA3  1038    1       842     877     1176    
CTRIA3  1039    1       857     1205    1320    
CTRIA3  1040    1       776     1319    1205    
CTRIA3  1041    1       990     1320    1319    
CTRIA3  1042    1       1319    1320    1205    
CTRIA3  1043    1       829     631     866     
CTRIA3  1044    1       723     889     890     
CTRIA3  1045    1       578     907     997     
CTRIA3  1046    1       646     766     1077    
CTRIA3  1047    1       707     841     1132    
CTRIA3  1048    1       101     1552    1551    
CTRIA3  1049    1       96      1506    1552    
CTRIA3  1050    1       986     1551    1506    
CTRIA3  1051    1       1506    1551    1552    
CTRIA3  1052    1       76      71      928     
CTRIA3  1053    1       397     1555    1554    
CTRIA3  1054    1       392     1553    1555    
CTRIA3  1055    1       978     1554    1553    
CTRIA3  1056    1       1553    1554    1555    
CTRIA3  1057    1       892     887     1142    
CTRIA3  1058    1       634     827     1130    
CTRIA3  1059    1       714     791     864     
CTRIA3  1060    1       622     621     1037    
CTRIA3  1061    1       838     657     1033    
CTRIA3  1062    1       257     252     964     
CTRIA3  1063    1       661     686     867     
CTRIA3  1064    1       645     778     1053    
CTRIA3  1065    1       800     994     1079    
CTRIA3  1066    1       905     31      1008    
CTRIA3  1067    1       807     626     861     
CTRIA3  1068    1       875     247     975     
CTRIA3  1069    1       719     788     1087    
CTRIA3  1070    1       698     653     995     
CTRIA3  1071    1       759     1094    1103    
CTRIA3  1072    1       944     749     1066    
CTRIA3  1073    1       773     1444    1499    
CTRIA3  1074    1       816     1556    1444    
CTRIA3  1075    1       1110    1499    1556    
CTRIA3  1076    1       1556    1499    1444    
CTRIA3  1077    1       287     282     1057    
CTRIA3  1078    1       665     942     960     
CTRIA3  1079    1       747     898     993     
CTRIA3  1080    1       652     669     694     
CTRIA3  1081    1       808     1549    1545    
CTRIA3  1082    1       751     1414    1549    
CTRIA3  1083    1       872     1545    1414    
CTRIA3  1084    1       1414    1545    1549    
CTRIA3  1085    1       96      1557    1546    
CTRIA3  1086    1       91      1462    1557    
CTRIA3  1087    1       1050    1546    1462    
CTRIA3  1088    1       1462    1546    1557    
CTRIA3  1089    1       267     262     959     
CTRIA3  1090    1       719     850     1053    
CTRIA3  1091    1       126     121     1558    
CTRIA3  1092    1       126     1558    904     
CTRIA3  1093    1       824     1456    1560    
CTRIA3  1094    1       932     1559    1456    
CTRIA3  1095    1       1135    1560    1559    
CTRIA3  1096    1       1559    1560    1456    
CTRIA3  1097    1       766     740     1077    
CTRIA3  1098    1       498     1321    1312    
CTRIA3  1099    1       493     1295    1321    
CTRIA3  1100    1       1056    1312    1295    
CTRIA3  1101    1       1295    1312    1321    
CTRIA3  1102    1       6       1203    1263    
CTRIA3  1103    1       844     1322    1203    
CTRIA3  1104    1       1184    1263    1322    
CTRIA3  1105    1       1322    1263    1203    
CTRIA3  1106    1       815     707     891     
CTRIA3  1107    1       720     834     928     
CTRIA3  1108    1       615     614     1054    
CTRIA3  1109    1       832     706     953     
CTRIA3  1110    1       610     609     931     
CTRIA3  1111    1       642     933     1017    
CTRIA3  1112    1       771     733     915     
CTRIA3  1113    1       898     747     1174    
CTRIA3  1114    1       795     1058    1131    
CTRIA3  1115    1       713     1198    1273    
CTRIA3  1116    1       712     1283    1198    
CTRIA3  1117    1       1159    1273    1283    
CTRIA3  1118    1       1283    1273    1198    
CTRIA3  1119    1       628     931     996     
CTRIA3  1120    1       207     1511    1515    
CTRIA3  1121    1       956     1541    1511    
CTRIA3  1122    1       957     1515    1541    
CTRIA3  1123    1       1541    1515    1511    
CTRIA3  1124    1       706     842     953     
CTRIA3  1125    1       733     852     915     
CTRIA3  1126    1       840     620     1182    
CTRIA3  1127    1       658     661     684     
CTRIA3  1128    1       972     802     1085    
CTRIA3  1129    1       963     688     985     
CTRIA3  1130    1       1059    709     1193    
CTRIA3  1131    1       774     852     1161    
CTRIA3  1132    1       756     929     984     
CTRIA3  1133    1       835     732     1046    
CTRIA3  1134    1       937     1324    1268    
CTRIA3  1135    1       682     1323    1324    
CTRIA3  1136    1       1129    1268    1323    
CTRIA3  1137    1       1323    1268    1324    
CTRIA3  1138    1       51      46      961     
CTRIA3  1139    1       769     1471    1561    
CTRIA3  1140    1       910     1492    1471    
CTRIA3  1141    1       966     1561    1492    
CTRIA3  1142    1       1492    1561    1471    
CTRIA3  1143    1       36      905     1061    
CTRIA3  1144    1       770     879     1028    
CTRIA3  1145    1       598     593     1164    
CTRIA3  1146    1       614     613     1186    
CTRIA3  1147    1       681     1327    1326    
CTRIA3  1148    1       1014    1325    1327    
CTRIA3  1149    1       1030    1326    1325    
CTRIA3  1150    1       1325    1326    1327    
CTRIA3  1151    1       748     1254    1210    
CTRIA3  1152    1       937     1231    1254    
CTRIA3  1153    1       1114    1210    1231    
CTRIA3  1154    1       1231    1210    1254    
CTRIA3  1155    1       757     746     894     
CTRIA3  1156    1       667     913     1190    
CTRIA3  1157    1       760     898     1174    
CTRIA3  1158    1       673     925     1119    
CTRIA3  1159    1       965     671     994     
CTRIA3  1160    1       939     1329    1227    
CTRIA3  1161    1       887     1328    1329    
CTRIA3  1162    1       940     1227    1328    
CTRIA3  1163    1       1328    1227    1329    
CTRIA3  1164    1       478     1278    1331    
CTRIA3  1165    1       927     1330    1278    
CTRIA3  1166    1       1032    1331    1330    
CTRIA3  1167    1       1330    1331    1278    
CTRIA3  1168    1       908     1563    1562    
CTRIA3  1169    1       101     1551    1563    
CTRIA3  1170    1       986     1562    1551    
CTRIA3  1171    1       1551    1562    1563    
CTRIA3  1172    1       933     795     1131    
CTRIA3  1173    1       831     918     1075    
CTRIA3  1174    1       734     1290    1332    
CTRIA3  1175    1       968     1301    1290    
CTRIA3  1176    1       1146    1332    1301    
CTRIA3  1177    1       1301    1332    1290    
CTRIA3  1178    1       483     1334    1333    
CTRIA3  1179    1       478     1331    1334    
CTRIA3  1180    1       1032    1333    1331    
CTRIA3  1181    1       1331    1333    1334    
CTRIA3  1182    1       822     1335    1313    
CTRIA3  1183    1       968     1274    1335    
CTRIA3  1184    1       1159    1313    1274    
CTRIA3  1185    1       1274    1313    1335    
CTRIA3  1186    1       882     1162    1163    
CTRIA3  1187    1       636     1047    1192    
CTRIA3  1188    1       680     776     1214    
CTRIA3  1189    1       680     1214    1106    
CTRIA3  1190    1       1094    859     1103    
CTRIA3  1191    1       1041    971     1156    
CTRIA3  1192    1       794     793     1048    
CTRIA3  1193    1       816     1443    1525    
CTRIA3  1194    1       1071    1564    1443    
CTRIA3  1195    1       1127    1525    1564    
CTRIA3  1196    1       1564    1525    1443    
CTRIA3  1197    1       628     848     1179    
CTRIA3  1198    1       756     900     1150    
CTRIA3  1199    1       898     428     993     
CTRIA3  1200    1       689     1494    1566    
CTRIA3  1201    1       768     1565    1494    
CTRIA3  1202    1       1122    1566    1565    
CTRIA3  1203    1       1565    1566    1494    
CTRIA3  1204    1       626     807     1016    
CTRIA3  1205    1       900     760     1150    
CTRIA3  1206    1       772     629     1073    
CTRIA3  1207    1       613     916     1186    
CTRIA3  1208    1       247     242     975     
CTRIA3  1209    1       538     1338    1337    
CTRIA3  1210    1       533     1336    1338    
CTRIA3  1211    1       990     1337    1336    
CTRIA3  1212    1       1336    1337    1338    
CTRIA3  1213    1       840     979     1128    
CTRIA3  1214    1       750     913     1171    
CTRIA3  1215    1       874     759     931     
CTRIA3  1216    1       839     1314    1340    
CTRIA3  1217    1       734     1339    1314    
CTRIA3  1218    1       983     1340    1339    
CTRIA3  1219    1       1339    1340    1314    
CTRIA3  1220    1       715     792     1107    
CTRIA3  1221    1       637     1067    1096    
CTRIA3  1222    1       730     675     1013    
CTRIA3  1223    1       807     729     1015    
CTRIA3  1224    1       636     1075    1169    
CTRIA3  1225    1       839     1340    1287    
CTRIA3  1226    1       983     1286    1340    
CTRIA3  1227    1       1074    1287    1286    
CTRIA3  1228    1       1286    1287    1340    
CTRIA3  1229    1       699     1055    1104    
CTRIA3  1230    1       617     616     1113    
CTRIA3  1231    1       655     724     1081    
CTRIA3  1232    1       136     131     954     
CTRIA3  1233    1       625     797     1086    
CTRIA3  1234    1       665     960     1183    
CTRIA3  1235    1       463     969     1341    
CTRIA3  1236    1       463     1341    468     
CTRIA3  1237    1       979     619     1158    
CTRIA3  1238    1       925     673     1090    
CTRIA3  1239    1       834     720     1181    
CTRIA3  1240    1       46      41      1011    
CTRIA3  1241    1       518     1344    1343    
CTRIA3  1242    1       513     1342    1344    
CTRIA3  1243    1       938     1343    1342    
CTRIA3  1244    1       1342    1343    1344    
CTRIA3  1245    1       837     745     948     
CTRIA3  1246    1       443     900     984     
CTRIA3  1247    1       644     1508    1568    
CTRIA3  1248    1       824     1567    1508    
CTRIA3  1249    1       1052    1568    1567    
CTRIA3  1250    1       1567    1568    1508    
CTRIA3  1251    1       921     708     1172    
CTRIA3  1252    1       1038    744     1144    
CTRIA3  1253    1       696     642     1017    
CTRIA3  1254    1       848     794     1168    
CTRIA3  1255    1       927     1346    1330    
CTRIA3  1256    1       817     1345    1346    
CTRIA3  1257    1       1032    1330    1345    
CTRIA3  1258    1       1345    1330    1346    
CTRIA3  1259    1       913     700     1171    
CTRIA3  1260    1       682     1324    1213    
CTRIA3  1261    1       937     1347    1324    
CTRIA3  1262    1       1106    1213    1347    
CTRIA3  1263    1       1347    1213    1324    
CTRIA3  1264    1       1033    657     1035    
CTRIA3  1265    1       793     718     1037    
CTRIA3  1266    1       827     722     889     
CTRIA3  1267    1       744     709     1144    
CTRIA3  1268    1       31      26      1008    
CTRIA3  1269    1       615     790     1151    
CTRIA3  1270    1       725     1027    1068    
CTRIA3  1271    1       277     903     919     
CTRIA3  1272    1       895     716     1101    
CTRIA3  1273    1       708     894     1118    
CTRIA3  1274    1       61      936     1049    
CTRIA3  1275    1       934     821     1185    
CTRIA3  1276    1       387     1571    1570    
CTRIA3  1277    1       382     1569    1571    
CTRIA3  1278    1       981     1570    1569    
CTRIA3  1279    1       1569    1570    1571    
CTRIA3  1280    1       853     1215    1348    
CTRIA3  1281    1       483     1333    1215    
CTRIA3  1282    1       1032    1348    1333    
CTRIA3  1283    1       1333    1348    1215    
CTRIA3  1284    1       664     774     882     
CTRIA3  1285    1       746     757     912     
CTRIA3  1286    1       763     989     997     
CTRIA3  1287    1       1004    901     1044    
CTRIA3  1288    1       871     1239    1307    
CTRIA3  1289    1       468     1341    1239    
CTRIA3  1290    1       969     1307    1341    
CTRIA3  1291    1       1341    1307    1239    
CTRIA3  1292    1       878     66      1049    
CTRIA3  1293    1       675     724     735     
CTRIA3  1294    1       652     868     1045    
CTRIA3  1295    1       833     1067    1132    
CTRIA3  1296    1       738     1033    1035    
CTRIA3  1297    1       885     793     1037    
CTRIA3  1298    1       765     1573    1463    
CTRIA3  1299    1       692     1572    1573    
CTRIA3  1300    1       1189    1463    1572    
CTRIA3  1301    1       1572    1463    1573    
CTRIA3  1302    1       433     898     1034    
CTRIA3  1303    1       907     573     1036    
CTRIA3  1304    1       624     882     1163    
CTRIA3  1305    1       131     860     954     
CTRIA3  1306    1       897     458     1065    
CTRIA3  1307    1       782     1258    1349    
CTRIA3  1308    1       839     1289    1258    
CTRIA3  1309    1       1056    1349    1289    
CTRIA3  1310    1       1289    1349    1258    
CTRIA3  1311    1       900     438     1034    
CTRIA3  1312    1       438     433     1034    
CTRIA3  1313    1       903     731     919     
CTRIA3  1314    1       695     866     940     
CTRIA3  1315    1       914     671     965     
CTRIA3  1316    1       792     948     1107    
CTRIA3  1317    1       694     693     781     
CTRIA3  1318    1       1004    676     1158    
CTRIA3  1319    1       639     1066    1111    
CTRIA3  1320    1       1024    657     1140    
CTRIA3  1321    1       716     895     1051    
CTRIA3  1322    1       657     1069    1140    
CTRIA3  1323    1       646     942     1100    
CTRIA3  1324    1       691     1522    1575    
CTRIA3  1325    1       1124    1574    1522    
CTRIA3  1326    1       1133    1575    1574    
CTRIA3  1327    1       1574    1575    1522    
CTRIA3  1328    1       357     781     1082    
CTRIA3  1329    1       892     181     1060    
CTRIA3  1330    1       758     877     899     
CTRIA3  1331    1       737     1238    1350    
CTRIA3  1332    1       817     1346    1238    
CTRIA3  1333    1       927     1350    1346    
CTRIA3  1334    1       1346    1350    1238    
CTRIA3  1335    1       888     756     1150    
CTRIA3  1336    1       881     672     1147    
CTRIA3  1337    1       707     815     977     
CTRIA3  1338    1       66      61      1049    
CTRIA3  1339    1       367     362     1082    
CTRIA3  1340    1       925     674     1173    
CTRIA3  1341    1       448     443     984     
CTRIA3  1342    1       699     926     943     
CTRIA3  1343    1       874     628     985     
CTRIA3  1344    1       702     995     1040    
CTRIA3  1345    1       625     967     1092    
CTRIA3  1346    1       1022    1134    1576    
CTRIA3  1347    1       1022    1576    692     
CTRIA3  1348    1       883     770     1028    
CTRIA3  1349    1       945     1537    1578    
CTRIA3  1350    1       227     1577    1537    
CTRIA3  1351    1       1043    1578    1577    
CTRIA3  1352    1       1577    1578    1537    
CTRIA3  1353    1       973     670     1051    
CTRIA3  1354    1       773     1501    1580    
CTRIA3  1355    1       932     1579    1501    
CTRIA3  1356    1       1072    1580    1579    
CTRIA3  1357    1       1579    1580    1501    
CTRIA3  1358    1       767     1352    1351    
CTRIA3  1359    1       844     1256    1352    
CTRIA3  1360    1       911     1351    1256    
CTRIA3  1361    1       1256    1351    1352    
CTRIA3  1362    1       418     413     1095    
CTRIA3  1363    1       906     136     954     
CTRIA3  1364    1       691     1582    1543    
CTRIA3  1365    1       884     1581    1582    
CTRIA3  1366    1       1105    1543    1581    
CTRIA3  1367    1       1581    1543    1582    
CTRIA3  1368    1       593     588     988     
CTRIA3  1369    1       716     860     904     
CTRIA3  1370    1       181     176     1060    
CTRIA3  1371    1       926     653     943     
CTRIA3  1372    1       282     919     1057    
CTRIA3  1373    1       656     783     804     
CTRIA3  1374    1       227     1584    1577    
CTRIA3  1375    1       222     1583    1584    
CTRIA3  1376    1       1043    1577    1583    
CTRIA3  1377    1       1583    1577    1584    
CTRIA3  1378    1       121     1535    1558    
CTRIA3  1379    1       872     1413    1535    
CTRIA3  1380    1       904     1558    1413    
CTRIA3  1381    1       1413    1558    1535    
CTRIA3  1382    1       947     761     975     
CTRIA3  1383    1       428     423     993     
CTRIA3  1384    1       1006    677     1193    
CTRIA3  1385    1       931     609     996     
CTRIA3  1386    1       503     1353    1285    
CTRIA3  1387    1       498     1311    1353    
CTRIA3  1388    1       1074    1285    1311    
CTRIA3  1389    1       1311    1285    1353    
CTRIA3  1390    1       678     965     994     
CTRIA3  1391    1       658     684     920     
CTRIA3  1392    1       754     955     974     
CTRIA3  1393    1       616     606     1151    
CTRIA3  1394    1       653     829     943     
CTRIA3  1395    1       945     1586    1585    
CTRIA3  1396    1       773     1580    1586    
CTRIA3  1397    1       1072    1585    1580    
CTRIA3  1398    1       1580    1585    1586    
CTRIA3  1399    1       788     991     1087    
CTRIA3  1400    1       458     453     1065    
CTRIA3  1401    1       751     685     1101    
CTRIA3  1402    1       908     1472    1588    
CTRIA3  1403    1       769     1587    1472    
CTRIA3  1404    1       1088    1588    1587    
CTRIA3  1405    1       1587    1588    1472    
CTRIA3  1406    1       987     1485    1590    
CTRIA3  1407    1       893     1589    1485    
CTRIA3  1408    1       1117    1590    1589    
CTRIA3  1409    1       1589    1590    1485    
CTRIA3  1410    1       842     706     877     
CTRIA3  1411    1       788     862     1039    
CTRIA3  1412    1       1089    705     1138    
CTRIA3  1413    1       111     1448    1418    
CTRIA3  1414    1       884     1591    1448    
CTRIA3  1415    1       1133    1418    1591    
CTRIA3  1416    1       1591    1418    1448    
CTRIA3  1417    1       1039    862     1194    
CTRIA3  1418    1       156     151     992     
CTRIA3  1419    1       106     1594    1593    
CTRIA3  1420    1       101     1592    1594    
CTRIA3  1421    1       1088    1593    1592    
CTRIA3  1422    1       1592    1593    1594    
CTRIA3  1423    1       217     1597    1596    
CTRIA3  1424    1       212     1595    1597    
CTRIA3  1425    1       1127    1596    1595    
CTRIA3  1426    1       1595    1596    1597    
CTRIA3  1427    1       1067    833     1096    
CTRIA3  1428    1       222     1600    1599    
CTRIA3  1429    1       217     1598    1600    
CTRIA3  1430    1       1071    1599    1598    
CTRIA3  1431    1       1598    1599    1600    
CTRIA3  1432    1       828     886     1010    
CTRIA3  1433    1       695     887     892     
CTRIA3  1434    1       26      21      1025    
CTRIA3  1435    1       453     929     1065    
CTRIA3  1436    1       728     1075    1192    
CTRIA3  1437    1       637     891     1067    
CTRIA3  1438    1       960     668     1155    
CTRIA3  1439    1       242     947     975     
CTRIA3  1440    1       765     1451    1602    
CTRIA3  1441    1       981     1601    1451    
CTRIA3  1442    1       1007    1602    1601    
CTRIA3  1443    1       1601    1602    1451    
CTRIA3  1444    1       651     1005    1089    
CTRIA3  1445    1       1014    1261    1325    
CTRIA3  1446    1       809     1354    1261    
CTRIA3  1447    1       1030    1325    1354    
CTRIA3  1448    1       1354    1325    1261    
CTRIA3  1449    1       146     141     1091    
CTRIA3  1450    1       789     971     1041    
CTRIA3  1451    1       841     783     1080    
CTRIA3  1452    1       900     756     984     
CTRIA3  1453    1       806     625     1092    
CTRIA3  1454    1       773     1586    1467    
CTRIA3  1455    1       945     1578    1586    
CTRIA3  1456    1       1043    1467    1578    
CTRIA3  1457    1       1578    1467    1586    
CTRIA3  1458    1       705     1005    1099    
CTRIA3  1459    1       785     744     1038    
CTRIA3  1460    1       962     644     1085    
CTRIA3  1461    1       946     638     1001    
CTRIA3  1462    1       680     775     776     
CTRIA3  1463    1       635     976     977     
CTRIA3  1464    1       676     1004    1026    
CTRIA3  1465    1       854     762     930     
CTRIA3  1466    1       971     654     1156    
CTRIA3  1467    1       1024    715     1035    
CTRIA3  1468    1       1168    687     1179    
CTRIA3  1469    1       805     774     1153    
CTRIA3  1470    1       903     272     1178    
CTRIA3  1471    1       670     739     1051    
CTRIA3  1472    1       41      36      1061    
CTRIA3  1473    1       929     448     984     
CTRIA3  1474    1       1090    747     1115    
CTRIA3  1475    1       865     721     1026    
CTRIA3  1476    1       930     598     1164    
CTRIA3  1477    1       709     849     1006    
CTRIA3  1478    1       1048    865     1139    
CTRIA3  1479    1       941     543     1019    
CTRIA3  1480    1       896     1265    1355    
CTRIA3  1481    1       518     1343    1265    
CTRIA3  1482    1       938     1355    1343    
CTRIA3  1483    1       1343    1355    1265    
CTRIA3  1484    1       885     840     1128    
CTRIA3  1485    1       1027    663     1356    
CTRIA3  1486    1       1027    1356    1068    
CTRIA3  1487    1       690     1038    1144    
CTRIA3  1488    1       961     46      1011    
CTRIA3  1489    1       911     1242    1358    
CTRIA3  1490    1       632     1357    1242    
CTRIA3  1491    1       1021    1358    1357    
CTRIA3  1492    1       1357    1358    1242    
CTRIA3  1493    1       988     989     1126    
CTRIA3  1494    1       643     818     951     
CTRIA3  1495    1       736     850     1170    
CTRIA3  1496    1       715     946     1035    
CTRIA3  1497    1       623     622     1116    
CTRIA3  1498    1       202     1604    1434    
CTRIA3  1499    1       397     1603    1604    
CTRIA3  1500    1       1120    1434    1603    
CTRIA3  1501    1       1603    1434    1604    
CTRIA3  1502    1       553     548     1020    
CTRIA3  1503    1       528     1361    1360    
CTRIA3  1504    1       523     1359    1361    
CTRIA3  1505    1       998     1360    1359    
CTRIA3  1506    1       1359    1360    1361    
CTRIA3  1507    1       916     690     1186    
CTRIA3  1508    1       1008    26      1025    
CTRIA3  1509    1       829     696     943     
CTRIA3  1510    1       212     1516    1595    
CTRIA3  1511    1       957     1605    1516    
CTRIA3  1512    1       1127    1595    1605    
CTRIA3  1513    1       1605    1595    1516    
CTRIA3  1514    1       986     1533    1606    
CTRIA3  1515    1       689     1566    1533    
CTRIA3  1516    1       1122    1606    1566    
CTRIA3  1517    1       1566    1606    1533    
CTRIA3  1518    1       741     634     1160    
CTRIA3  1519    1       752     656     804     
CTRIA3  1520    1       735     923     924     
CTRIA3  1521    1       789     878     1049    
CTRIA3  1522    1       735     724     1062    
CTRIA3  1523    1       697     1426    1608    
CTRIA3  1524    1       1023    1607    1426    
CTRIA3  1525    1       1070    1608    1607    
CTRIA3  1526    1       1607    1608    1426    
CTRIA3  1527    1       606     615     1151    
CTRIA3  1528    1       697     1611    1610    
CTRIA3  1529    1       851     1609    1611    
CTRIA3  1530    1       1072    1610    1609    
CTRIA3  1531    1       1609    1610    1611    
CTRIA3  1532    1       663     1027    1109    
CTRIA3  1533    1       1054    690     1059    
CTRIA3  1534    1       761     947     1612    
CTRIA3  1535    1       761     1612    1112    
CTRIA3  1536    1       910     1475    1489    
CTRIA3  1537    1       768     1542    1475    
CTRIA3  1538    1       956     1489    1542    
CTRIA3  1539    1       1542    1489    1475    
CTRIA3  1540    1       934     146     1091    
CTRIA3  1541    1       267     959     1178    
CTRIA3  1542    1       878     720     928     
CTRIA3  1543    1       186     1142    1362    
CTRIA3  1544    1       186     1362    191     
CTRIA3  1545    1       176     950     1060    
CTRIA3  1546    1       633     830     1130    
CTRIA3  1547    1       1009    727     1183    
CTRIA3  1548    1       1109    837     1299    
CTRIA3  1549    1       1109    1299    663     
CTRIA3  1550    1       958     418     1095    
CTRIA3  1551    1       693     779     781     
CTRIA3  1552    1       796     1008    1025    
CTRIA3  1553    1       815     891     974     
CTRIA3  1554    1       790     826     1113    
CTRIA3  1555    1       693     765     779     
CTRIA3  1556    1       563     558     1031    
CTRIA3  1557    1       728     831     1075    
CTRIA3  1558    1       588     583     989     
CTRIA3  1559    1       666     1521    1614    
CTRIA3  1560    1       909     1613    1521    
CTRIA3  1561    1       1135    1614    1613    
CTRIA3  1562    1       1613    1614    1521    
CTRIA3  1563    1       822     1208    1335    
CTRIA3  1564    1       1       1318    1208    
CTRIA3  1565    1       968     1335    1318    
CTRIA3  1566    1       1318    1335    1208    
CTRIA3  1567    1       716     751     1101    
CTRIA3  1568    1       825     727     1009    
CTRIA3  1569    1       620     607     1182    
CTRIA3  1570    1       972     1495    1615    
CTRIA3  1571    1       644     1568    1495    
CTRIA3  1572    1       1052    1615    1568    
CTRIA3  1573    1       1568    1615    1495    
CTRIA3  1574    1       1071    1598    1564    
CTRIA3  1575    1       217     1596    1598    
CTRIA3  1576    1       1127    1564    1596    
CTRIA3  1577    1       1596    1564    1598    
CTRIA3  1578    1       1095    413     1152    
CTRIA3  1579    1       941     775     1020    
CTRIA3  1580    1       257     964     1121    
CTRIA3  1581    1       1069    796     1140    
CTRIA3  1582    1       573     568     1036    
CTRIA3  1583    1       768     1476    1565    
CTRIA3  1584    1       908     1616    1476    
CTRIA3  1585    1       1122    1565    1616    
CTRIA3  1586    1       1616    1565    1476    
CTRIA3  1587    1       755     1498    1617    
CTRIA3  1588    1       972     1615    1498    
CTRIA3  1589    1       1052    1617    1615    
CTRIA3  1590    1       1615    1617    1498    
CTRIA3  1591    1       848     810     1175    
CTRIA3  1592    1       1043    1583    1466    
CTRIA3  1593    1       222     1599    1583    
CTRIA3  1594    1       1071    1466    1599    
CTRIA3  1595    1       1599    1466    1583    
CTRIA3  1596    1       901     1004    1158    
CTRIA3  1597    1       607     619     1182    
CTRIA3  1598    1       141     906     1091    
CTRIA3  1599    1       630     819     933     
CTRIA3  1600    1       392     1620    1619    
CTRIA3  1601    1       387     1618    1620    
CTRIA3  1602    1       1165    1619    1618    
CTRIA3  1603    1       1618    1619    1620    
CTRIA3  1604    1       868     625     1086    
CTRIA3  1605    1       906     739     1138    
CTRIA3  1606    1       687     985     1179    
CTRIA3  1607    1       262     257     1121    
CTRIA3  1608    1       795     651     1058    
CTRIA3  1609    1       629     749     1153    
CTRIA3  1610    1       743     1365    1364    
CTRIA3  1611    1       853     1363    1365    
CTRIA3  1612    1       1141    1364    1363    
CTRIA3  1613    1       1363    1364    1365    
CTRIA3  1614    1       21      952     1025    
CTRIA3  1615    1       1005    706     1099    
CTRIA3  1616    1       667     838     1167    
CTRIA3  1617    1       798     800     951     
CTRIA3  1618    1       925     814     1119    
CTRIA3  1619    1       583     578     997     
CTRIA3  1620    1       750     863     961     
CTRIA3  1621    1       1011    41      1061    
CTRIA3  1622    1       743     1244    1367    
CTRIA3  1623    1       782     1366    1244    
CTRIA3  1624    1       935     1367    1366    
CTRIA3  1625    1       1366    1367    1244    
CTRIA3  1626    1       397     1554    1603    
CTRIA3  1627    1       978     1621    1554    
CTRIA3  1628    1       1120    1603    1621    
CTRIA3  1629    1       1621    1603    1554    
CTRIA3  1630    1       814     1012    1018    
CTRIA3  1631    1       272     267     1178    
CTRIA3  1632    1       851     1611    1623    
CTRIA3  1633    1       697     1622    1611    
CTRIA3  1634    1       1112    1623    1622    
CTRIA3  1635    1       1622    1623    1611    
CTRIA3  1636    1       1042    784     1183    
CTRIA3  1637    1       807     1015    1016    
CTRIA3  1638    1       686     652     694     
CTRIA3  1639    1       533     1370    1369    
CTRIA3  1640    1       528     1368    1370    
CTRIA3  1641    1       999     1369    1368    
CTRIA3  1642    1       1368    1369    1370    
CTRIA3  1643    1       382     1626    1625    
CTRIA3  1644    1       377     1624    1626    
CTRIA3  1645    1       1007    1625    1624    
CTRIA3  1646    1       1624    1625    1626    
CTRIA3  1647    1       161     156     1123    
CTRIA3  1648    1       894     677     1006    
CTRIA3  1649    1       1055    819     1104    
CTRIA3  1650    1       850     719     1170    
CTRIA3  1651    1       1000    718     1175    
CTRIA3  1652    1       1157    778     1194    
CTRIA3  1653    1       775     949     1020    
CTRIA3  1654    1       423     958     993     
CTRIA3  1655    1       698     780     786     
CTRIA3  1656    1       973     627     1086    
CTRIA3  1657    1       788     913     1177    
CTRIA3  1658    1       1047    636     1169    
CTRIA3  1659    1       543     538     1371    
CTRIA3  1660    1       543     1371    1019    
CTRIA3  1661    1       151     934     992     
CTRIA3  1662    1       806     742     1058    
CTRIA3  1663    1       950     171     1143    
CTRIA3  1664    1       695     940     1328    
CTRIA3  1665    1       695     1328    887     
CTRIA3  1666    1       1153    664     1172    
CTRIA3  1667    1       1028    633     1145    
CTRIA3  1668    1       513     1200    1342    
CTRIA3  1669    1       823     1372    1200    
CTRIA3  1670    1       938     1342    1372    
CTRIA3  1671    1       1372    1342    1200    
CTRIA3  1672    1       878     789     1041    
CTRIA3  1673    1       936     789     1049    
CTRIA3  1674    1       739     670     1138    
CTRIA3  1675    1       784     1070    1607    
CTRIA3  1676    1       784     1607    1023    
CTRIA3  1677    1       1044    826     1193    
CTRIA3  1678    1       949     553     1020    
CTRIA3  1679    1       953     161     1123    
CTRIA3  1680    1       757     980     1064    
CTRIA3  1681    1       798     678     800     
CTRIA3  1682    1       853     1365    1276    
CTRIA3  1683    1       743     1367    1365    
CTRIA3  1684    1       935     1276    1367    
CTRIA3  1685    1       1367    1276    1365    
CTRIA3  1686    1       971     700     1039    
CTRIA3  1687    1       882     624     1136    
CTRIA3  1688    1       775     698     786     
CTRIA3  1689    1       676     979     1158    
CTRIA3  1690    1       877     642     899     
CTRIA3  1691    1       1026    721     1128    
CTRIA3  1692    1       731     811     919     
CTRIA3  1693    1       684     661     867     
CTRIA3  1694    1       786     780     970     
CTRIA3  1695    1       783     656     1080    
CTRIA3  1696    1       942     665     1100    
CTRIA3  1697    1       976     730     1013    
CTRIA3  1698    1       735     922     923     
CTRIA3  1699    1       935     1366    1294    
CTRIA3  1700    1       782     1349    1366    
CTRIA3  1701    1       1056    1294    1349    
CTRIA3  1702    1       1349    1294    1366    
CTRIA3  1703    1       754     838     1033    
CTRIA3  1704    1       593     988     1164    
CTRIA3  1705    1       1045    627     1191    
CTRIA3  1706    1       171     166     1143    
CTRIA3  1707    1       1002    1374    1373    
CTRIA3  1708    1       681     1326    1374    
CTRIA3  1709    1       1030    1373    1326    
CTRIA3  1710    1       1326    1373    1374    
CTRIA3  1711    1       787     1530    1628    
CTRIA3  1712    1       978     1627    1530    
CTRIA3  1713    1       1165    1628    1627    
CTRIA3  1714    1       1627    1628    1530    
CTRIA3  1715    1       719     1053    1157    
CTRIA3  1716    1       775     786     949     
CTRIA3  1717    1       841     833     1132    
CTRIA3  1718    1       779     765     1629    
CTRIA3  1719    1       779     1629    982     
CTRIA3  1720    1       991     788     1177    
CTRIA3  1721    1       908     1562    1616    
CTRIA3  1722    1       986     1606    1562    
CTRIA3  1723    1       1122    1616    1606    
CTRIA3  1724    1       1606    1616    1562    
CTRIA3  1725    1       959     262     1121    
CTRIA3  1726    1       166     953     1143    
CTRIA3  1727    1       761     875     975     
CTRIA3  1728    1       805     749     944     
CTRIA3  1729    1       818     637     1096    
CTRIA3  1730    1       723     827     889     
CTRIA3  1731    1       720     878     1041    
CTRIA3  1732    1       939     1303    1375    
CTRIA3  1733    1       191     1362    1303    
CTRIA3  1734    1       1142    1375    1362    
CTRIA3  1735    1       1362    1375    1303    
CTRIA3  1736    1       785     847     1111    
CTRIA3  1737    1       720     876     1181    
CTRIA3  1738    1       976     783     977     
CTRIA3  1739    1       710     785     1038    
CTRIA3  1740    1       848     1168    1179    
CTRIA3  1741    1       708     1093    1172    
CTRIA3  1742    1       1181    704     1550    
CTRIA3  1743    1       1181    1550    834     
CTRIA3  1744    1       776     775     941     
CTRIA3  1745    1       821     906     1138    
CTRIA3  1746    1       845     715     1107    
CTRIA3  1747    1       101     1563    1592    
CTRIA3  1748    1       908     1588    1563    
CTRIA3  1749    1       1088    1592    1588    
CTRIA3  1750    1       1588    1592    1563    
CTRIA3  1751    1       1150    760     1174    
CTRIA3  1752    1       676     1026    1128    
CTRIA3  1753    1       618     901     1158    
CTRIA3  1754    1       627     1045    1086    
CTRIA3  1755    1       548     941     1020    
CTRIA3  1756    1       891     707     1067    
CTRIA3  1757    1       896     1378    1377    
CTRIA3  1758    1       777     1376    1378    
CTRIA3  1759    1       1097    1377    1376    
CTRIA3  1760    1       1376    1377    1378    
CTRIA3  1761    1       672     888     1147    
CTRIA3  1762    1       673     888     1150    
CTRIA3  1763    1       1379    990     1319    
CTRIA3  1764    1       776     1019    1319    
CTRIA3  1765    1       1019    1379    1319    
CTRIA3  1766    1       951     741     1003    
CTRIA3  1767    1       665     962     1100    
CTRIA3  1768    1       1066    772     1111    
CTRIA3  1769    1       746     912     1026    
CTRIA3  1770    1       851     1481    1609    
CTRIA3  1771    1       945     1585    1481    
CTRIA3  1772    1       1072    1609    1585    
CTRIA3  1773    1       1585    1609    1481    
CTRIA3  1774    1       377     1528    1624    
CTRIA3  1775    1       982     1630    1528    
CTRIA3  1776    1       1007    1624    1630    
CTRIA3  1777    1       1630    1624    1528    
CTRIA3  1778    1       367     1098    1631    
CTRIA3  1779    1       367     1631    372     
CTRIA3  1780    1       1022    685     1134    
CTRIA3  1781    1       821     705     1185    
CTRIA3  1782    1       558     949     1031    
CTRIA3  1783    1       692     1632    1572    
CTRIA3  1784    1       812     1514    1632    
CTRIA3  1785    1       1189    1572    1514    
CTRIA3  1786    1       1514    1572    1632    
CTRIA3  1787    1       1014    1327    1380    
CTRIA3  1788    1       681     1251    1327    
CTRIA3  1789    1       1083    1380    1251    
CTRIA3  1790    1       1251    1380    1327    
CTRIA3  1791    1       871     1381    1310    
CTRIA3  1792    1       737     1350    1381    
CTRIA3  1793    1       927     1310    1350    
CTRIA3  1794    1       1350    1310    1381    
CTRIA3  1795    1       932     1427    1579    
CTRIA3  1796    1       697     1610    1427    
CTRIA3  1797    1       1072    1579    1610    
CTRIA3  1798    1       1610    1579    1427    
CTRIA3  1799    1       764     1633    1502    
CTRIA3  1800    1       893     1547    1633    
CTRIA3  1801    1       1050    1502    1547    
CTRIA3  1802    1       1547    1502    1633    
CTRIA3  1803    1       752     753     846     
CTRIA3  1804    1       810     1000    1175    
CTRIA3  1805    1       674     1090    1115    
CTRIA3  1806    1       667     1167    1177    
CTRIA3  1807    1       932     1524    1559    
CTRIA3  1808    1       666     1614    1524    
CTRIA3  1809    1       1135    1559    1614    
CTRIA3  1810    1       1614    1559    1524    
CTRIA3  1811    1       1002    1373    1383    
CTRIA3  1812    1       1030    1382    1373    
CTRIA3  1813    1       1195    1383    1382    
CTRIA3  1814    1       1382    1383    1373    
CTRIA3  1815    1       774     664     1153    
CTRIA3  1816    1       1124    1548    1574    
CTRIA3  1817    1       808     1503    1548    
CTRIA3  1818    1       1133    1574    1503    
CTRIA3  1819    1       1503    1574    1548    
CTRIA3  1820    1       838     754     1167    
CTRIA3  1821    1       651     806     1058    
CTRIA3  1822    1       888     673     1119    
CTRIA3  1823    1       670     973     1063    
CTRIA3  1824    1       1042    761     1070    
CTRIA3  1825    1       957     1509    1605    
CTRIA3  1826    1       870     1526    1509    
CTRIA3  1827    1       1127    1605    1526    
CTRIA3  1828    1       1526    1605    1509    
CTRIA3  1829    1       664     1136    1172    
CTRIA3  1830    1       741     818     1096    
CTRIA3  1831    1       706     1005    1125    
CTRIA3  1832    1       970     563     1031    
CTRIA3  1833    1       865     912     1139    
CTRIA3  1834    1       1003    741     1160    
CTRIA3  1835    1       825     1009    1149    
CTRIA3  1836    1       658     920     1029    
CTRIA3  1837    1       884     1582    1591    
CTRIA3  1838    1       691     1575    1582    
CTRIA3  1839    1       1133    1591    1575    
CTRIA3  1840    1       1575    1591    1582    
CTRIA3  1841    1       1090    673     1174    
CTRIA3  1842    1       825     959     1121    
CTRIA3  1843    1       873     710     1094    
CTRIA3  1844    1       816     1474    1556    
CTRIA3  1845    1       987     1634    1474    
CTRIA3  1846    1       1110    1556    1634    
CTRIA3  1847    1       1634    1556    1474    
CTRIA3  1848    1       669     1045    1191    
CTRIA3  1849    1       1093    629     1172    
CTRIA3  1850    1       769     1561    1636    
CTRIA3  1851    1       966     1635    1561    
CTRIA3  1852    1       1105    1636    1635    
CTRIA3  1853    1       1635    1636    1561    
CTRIA3  1854    1       387     1570    1618    
CTRIA3  1855    1       981     1637    1570    
CTRIA3  1856    1       1165    1618    1637    
CTRIA3  1857    1       1637    1618    1570    
CTRIA3  1858    1       645     1053    1102    
CTRIA3  1859    1       642     877     1125    
CTRIA3  1860    1       804     783     976     
CTRIA3  1861    1       568     970     1036    
CTRIA3  1862    1       886     645     1102    
CTRIA3  1863    1       862     1157    1194    
CTRIA3  1864    1       1030    1384    1382    
CTRIA3  1865    1       662     1271    1384    
CTRIA3  1866    1       1195    1382    1271    
CTRIA3  1867    1       1271    1382    1384    
CTRIA3  1868    1       717     1024    1140    
CTRIA3  1869    1       824     1639    1567    
CTRIA3  1870    1       909     1638    1639    
CTRIA3  1871    1       1052    1567    1638    
CTRIA3  1872    1       1638    1567    1639    
CTRIA3  1873    1       657     1024    1035    
CTRIA3  1874    1       711     1531    1513    
CTRIA3  1875    1       787     1464    1531    
CTRIA3  1876    1       1189    1513    1464    
CTRIA3  1877    1       1464    1513    1531    
CTRIA3  1878    1       1006    849     1118    
CTRIA3  1879    1       670     1089    1138    
CTRIA3  1880    1       959     825     1149    
CTRIA3  1881    1       1084    740     1154    
CTRIA3  1882    1       800     678     994     
CTRIA3  1883    1       736     836     850     
CTRIA3  1884    1       709     1059    1144    
CTRIA3  1885    1       737     1386    1236    
CTRIA3  1886    1       1068    1385    1386    
CTRIA3  1887    1       1083    1236    1385    
CTRIA3  1888    1       1385    1236    1386    
CTRIA3  1889    1       523     1266    1359    
CTRIA3  1890    1       896     1387    1266    
CTRIA3  1891    1       998     1359    1387    
CTRIA3  1892    1       1387    1359    1266    
CTRIA3  1893    1       877     706     1125    
CTRIA3  1894    1       664     882     1136    
CTRIA3  1895    1       693     669     1022    
CTRIA3  1896    1       850     836     1102    
CTRIA3  1897    1       1093    708     1118    
CTRIA3  1898    1       970     780     1036    
CTRIA3  1899    1       860     739     954     
CTRIA3  1900    1       1075    918     1169    
CTRIA3  1901    1       1075    636     1192    
CTRIA3  1902    1       876     720     1156    
CTRIA3  1903    1       947     1487    1612    
CTRIA3  1904    1       851     1623    1487    
CTRIA3  1905    1       1112    1612    1623    
CTRIA3  1906    1       1623    1612    1487    
CTRIA3  1907    1       894     1006    1118    
CTRIA3  1908    1       1046    667     1190    
CTRIA3  1909    1       1076    714     1137    
CTRIA3  1910    1       832     992     1185    
CTRIA3  1911    1       718     1000    1116    
CTRIA3  1912    1       747     1090    1174    
CTRIA3  1913    1       980     914     1064    
CTRIA3  1914    1       798     728     1192    
CTRIA3  1915    1       663     1298    1388    
CTRIA3  1916    1       1014    1380    1298    
CTRIA3  1917    1       1083    1388    1380    
CTRIA3  1918    1       1380    1388    1298    
CTRIA3  1919    1       991     647     1087    
CTRIA3  1920    1       948     792     1188    
CTRIA3  1921    1       156     992     1123    
CTRIA3  1922    1       1053    778     1157    
CTRIA3  1923    1       853     1389    1363    
CTRIA3  1924    1       817     1309    1389    
CTRIA3  1925    1       1141    1363    1309    
CTRIA3  1926    1       1309    1363    1389    
CTRIA3  1927    1       771     967     1079    
CTRIA3  1928    1       632     948     1188    
CTRIA3  1929    1       978     1553    1627    
CTRIA3  1930    1       392     1619    1553    
CTRIA3  1931    1       1165    1627    1619    
CTRIA3  1932    1       1619    1627    1553    
CTRIA3  1933    1       1002    1315    1390    
CTRIA3  1934    1       743     1364    1315    
CTRIA3  1935    1       1141    1390    1364    
CTRIA3  1936    1       1364    1390    1315    
CTRIA3  1937    1       863     750     1171    
CTRIA3  1938    1       790     1054    1059    
CTRIA3  1939    1       946     738     1035    
CTRIA3  1940    1       784     1042    1070    
CTRIA3  1941    1       844     1352    1322    
CTRIA3  1942    1       767     1223    1352    
CTRIA3  1943    1       1184    1322    1223    
CTRIA3  1944    1       1223    1322    1352    
CTRIA3  1945    1       1059    690     1144    
CTRIA3  1946    1       1016    1015    1168    
CTRIA3  1947    1       989     763     1126    
CTRIA3  1948    1       898     760     1034    
CTRIA3  1949    1       699     943     1055    
CTRIA3  1950    1       990     1336    1391    
CTRIA3  1951    1       533     1369    1336    
CTRIA3  1952    1       999     1391    1369    
CTRIA3  1953    1       1369    1391    1336    
CTRIA3  1954    1       696     1017    1055    
CTRIA3  1955    1       760     900     1034    
CTRIA3  1956    1       762     854     1126    
CTRIA3  1957    1       731     903     1166    
CTRIA3  1958    1       827     633     1130    
CTRIA3  1959    1       864     1095    1152    
CTRIA3  1960    1       1347    937     1317    
CTRIA3  1961    1       631     1106    1317    
CTRIA3  1962    1       1106    1347    1317    
CTRIA3  1963    1       709     1006    1193    
CTRIA3  1964    1       893     1633    1589    
CTRIA3  1965    1       764     1532    1633    
CTRIA3  1966    1       1117    1589    1532    
CTRIA3  1967    1       1532    1589    1633    
CTRIA3  1968    1       964     825     1121    
CTRIA3  1969    1       909     1477    1638    
CTRIA3  1970    1       755     1617    1477    
CTRIA3  1971    1       1052    1638    1617    
CTRIA3  1972    1       1617    1638    1477    
CTRIA3  1973    1       1073    629     1093    
CTRIA3  1974    1       823     1393    1392    
CTRIA3  1975    1       734     1332    1393    
CTRIA3  1976    1       1146    1392    1332    
CTRIA3  1977    1       1332    1392    1393    
CTRIA3  1978    1       909     1639    1613    
CTRIA3  1979    1       824     1560    1639    
CTRIA3  1980    1       1135    1613    1560    
CTRIA3  1981    1       1560    1613    1639    
CTRIA3  1982    1       988     588     989     
CTRIA3  1983    1       733     671     1162    
CTRIA3  1984    1       639     890     1066    
CTRIA3  1985    1       807     861     1169    
CTRIA3  1986    1       992     832     1123    
CTRIA3  1987    1       1137    864     1152    
CTRIA3  1988    1       1099    832     1185    
CTRIA3  1989    1       1068    1356    1385    
CTRIA3  1990    1       663     1388    1356    
CTRIA3  1991    1       1083    1385    1388    
CTRIA3  1992    1       1388    1385    1356    
CTRIA3  1993    1       771     915     967     
CTRIA3  1994    1       812     1632    1518    
CTRIA3  1995    1       692     1576    1632    
CTRIA3  1996    1       1134    1518    1576    
CTRIA3  1997    1       1576    1518    1632    
CTRIA3  1998    1       1097    1376    1395    
CTRIA3  1999    1       777     1394    1376    
CTRIA3  2000    1       1129    1395    1394    
CTRIA3  2001    1       1394    1395    1376    
CTRIA3  2002    1       1068    1386    1397    
CTRIA3  2003    1       737     1396    1386    
CTRIA3  2004    1       1180    1397    1396    
CTRIA3  2005    1       1396    1397    1386    
CTRIA3  2006    1       933     819     1017    
CTRIA3  2007    1       982     1527    1640    
CTRIA3  2008    1       372     1631    1527    
CTRIA3  2009    1       1098    1640    1631    
CTRIA3  2010    1       1631    1640    1527    
CTRIA3  2011    1       959     856     1178    
CTRIA3  2012    1       799     701     1064    
CTRIA3  2013    1       686     694     867     
CTRIA3  2014    1       798     951     1003    
CTRIA3  2015    1       1188    1021    1357    
CTRIA3  2016    1       1188    1357    632     
CTRIA3  2017    1       738     946     1001    
CTRIA3  2018    1       801     897     1065    
CTRIA3  2019    1       835     1011    1061    
CTRIA3  2020    1       648     881     1147    
CTRIA3  2021    1       929     801     1065    
CTRIA3  2022    1       728     798     1003    
CTRIA3  2023    1       792     855     1188    
CTRIA3  2024    1       767     1351    1221    
CTRIA3  2025    1       911     1358    1351    
CTRIA3  2026    1       1021    1221    1358    
CTRIA3  2027    1       1358    1221    1351    
CTRIA3  2028    1       634     1130    1160    
CTRIA3  2029    1       981     1569    1601    
CTRIA3  2030    1       382     1625    1569    
CTRIA3  2031    1       1007    1601    1625    
CTRIA3  2032    1       1625    1601    1569    
CTRIA3  2033    1       690     1054    1186    
CTRIA3  2034    1       655     925     1173    
CTRIA3  2035    1       1000    623     1116    
CTRIA3  2036    1       737     1381    1396    
CTRIA3  2037    1       871     1306    1381    
CTRIA3  2038    1       1180    1396    1306    
CTRIA3  2039    1       1306    1396    1381    
CTRIA3  2040    1       823     1399    1372    
CTRIA3  2041    1       777     1398    1399    
CTRIA3  2042    1       938     1372    1398    
CTRIA3  2043    1       1398    1372    1399    
CTRIA3  2044    1       674     1062    1173    
CTRIA3  2045    1       761     1112    1641    
CTRIA3  2046    1       761     1641    1070    
CTRIA3  2047    1       1009    726     1149    
CTRIA3  2048    1       962     766     1100    
CTRIA3  2049    1       830     728     1003    
CTRIA3  2050    1       706     832     1099    
CTRIA3  2051    1       678     798     1192    
CTRIA3  2052    1       720     1041    1156    
CTRIA3  2053    1       1062    724     1173    
CTRIA3  2054    1       662     1384    1280    
CTRIA3  2055    1       1030    1400    1384    
CTRIA3  2056    1       1148    1280    1400    
CTRIA3  2057    1       1400    1280    1384    
CTRIA3  2058    1       777     1399    1401    
CTRIA3  2059    1       823     1392    1399    
CTRIA3  2060    1       1146    1401    1392    
CTRIA3  2061    1       1392    1401    1399    
CTRIA3  2062    1       739     906     954     
CTRIA3  2063    1       1037    718     1116    
CTRIA3  2064    1       619     979     1182    
CTRIA3  2065    1       835     1046    1190    
CTRIA3  2066    1       854     988     1126    
CTRIA3  2067    1       629     1153    1172    
CTRIA3  2068    1       967     650     1079    
CTRIA3  2069    1       712     1316    1282    
CTRIA3  2070    1       1002    1383    1316    
CTRIA3  2071    1       1195    1282    1383    
CTRIA3  2072    1       1383    1282    1316    
CTRIA3  2073    1       1027    881     1109    
CTRIA3  2074    1       1154    876     1156    
CTRIA3  2075    1       989     583     997     
CTRIA3  2076    1       906     821     1091    
CTRIA3  2077    1       1088    1587    1643    
CTRIA3  2078    1       769     1642    1587    
CTRIA3  2079    1       1108    1643    1642    
CTRIA3  2080    1       1642    1643    1587    
CTRIA3  2081    1       987     1644    1634    
CTRIA3  2082    1       666     1523    1644    
CTRIA3  2083    1       1110    1634    1523    
CTRIA3  2084    1       1523    1634    1644    
CTRIA3  2085    1       780     907     1036    
CTRIA3  2086    1       727     1042    1183    
CTRIA3  2087    1       742     806     1092    
CTRIA3  2088    1       955     815     974     
CTRIA3  2089    1       670     1063    1089    
CTRIA3  2090    1       914     799     1064    
CTRIA3  2091    1       1058    742     1131    
CTRIA3  2092    1       777     1402    1394    
CTRIA3  2093    1       679     1269    1402    
CTRIA3  2094    1       1129    1394    1269    
CTRIA3  2095    1       1269    1394    1402    
CTRIA3  2096    1       666     1644    1519    
CTRIA3  2097    1       987     1590    1644    
CTRIA3  2098    1       1117    1519    1590    
CTRIA3  2099    1       1590    1519    1644    
CTRIA3  2100    1       1017    819     1055    
CTRIA3  2101    1       758     892     1060    
CTRIA3  2102    1       950     758     1060    
CTRIA3  2103    1       856     726     1166    
CTRIA3  2104    1       982     1629    1630    
CTRIA3  2105    1       765     1602    1629    
CTRIA3  2106    1       1007    1630    1602    
CTRIA3  2107    1       1602    1630    1629    
CTRIA3  2108    1       679     1402    1300    
CTRIA3  2109    1       777     1401    1402    
CTRIA3  2110    1       1146    1300    1401    
CTRIA3  2111    1       1401    1300    1402    
CTRIA3  2112    1       818     741     951     
CTRIA3  2113    1       1167    991     1177    
CTRIA3  2114    1       856     903     1178    
CTRIA3  2115    1       913     667     1177    
CTRIA3  2116    1       830     1003    1160    
CTRIA3  2117    1       995     660     1040    
CTRIA3  2118    1       650     1078    1079    
CTRIA3  2119    1       538     1337    1371    
CTRIA3  2120    1       990     1379    1337    
CTRIA3  2121    1       1019    1371    1379    
CTRIA3  2122    1       1379    1371    1337    
CTRIA3  2123    1       943     696     1055    
CTRIA3  2124    1       726     856     1149    
CTRIA3  2125    1       886     649     1010    
CTRIA3  2126    1       769     1636    1642    
CTRIA3  2127    1       1105    1645    1636    
CTRIA3  2128    1       1108    1642    1645    
CTRIA3  2129    1       1645    1642    1636    
CTRIA3  2130    1       661     659     686     
CTRIA3  2131    1       827     723     1145    
CTRIA3  2132    1       852     733     1161    
CTRIA3  2133    1       1329    939     1375    
CTRIA3  2134    1       1142    887     1329    
CTRIA3  2135    1       1142    1329    1375    
CTRIA3  2136    1       861     1047    1169    
CTRIA3  2137    1       817     1389    1345    
CTRIA3  2138    1       853     1348    1389    
CTRIA3  2139    1       1032    1345    1348    
CTRIA3  2140    1       1348    1345    1389    
CTRIA3  2141    1       856     959     1149    
CTRIA3  2142    1       836     886     1102    
CTRIA3  2143    1       633     827     1145    
CTRIA3  2144    1       669     652     1045    
CTRIA3  2145    1       673     1150    1174    
CTRIA3  2146    1       1113    616     1151    
CTRIA3  2147    1       1155    731     1166    
CTRIA3  2148    1       699     846     926     
CTRIA3  2149    1       528     1360    1368    
CTRIA3  2150    1       998     1403    1360    
CTRIA3  2151    1       999     1368    1403    
CTRIA3  2152    1       1403    1368    1360    
CTRIA3  2153    1       723     1028    1145    
CTRIA3  2154    1       654     1084    1154    
CTRIA3  2155    1       781     779     1082    
CTRIA3  2156    1       697     1608    1622    
CTRIA3  2157    1       1070    1641    1608    
CTRIA3  2158    1       1112    1622    1641    
CTRIA3  2159    1       1641    1622    1608    
CTRIA3  2160    1       766     962     1085    
CTRIA3  2161    1       791     958     1095    
CTRIA3  2162    1       726     1155    1166    
CTRIA3  2163    1       778     1084    1194    
CTRIA3  2164    1       998     1405    1403    
CTRIA3  2165    1       857     1404    1405    
CTRIA3  2166    1       999     1403    1404    
CTRIA3  2167    1       1404    1403    1405    
CTRIA3  2168    1       799     914     965     
CTRIA3  2169    1       1084    654     1194    
CTRIA3  2170    1       1067    707     1132    
CTRIA3  2171    1       790     1113    1151    
CTRIA3  2172    1       749     805     1153    
CTRIA3  2173    1       821     934     1091    
CTRIA3  2174    1       799     965     1047    
CTRIA3  2175    1       864     791     1095    
CTRIA3  2176    1       734     1393    1339    
CTRIA3  2177    1       823     1302    1393    
CTRIA3  2178    1       983     1339    1302    
CTRIA3  2179    1       1302    1339    1393    
CTRIA3  2180    1       992     934     1185    
CTRIA3  2181    1       919     811     1057    
CTRIA3  2182    1       367     1082    1098    
CTRIA3  2183    1       849     1093    1118    
CTRIA3  2184    1       923     922     1076    
CTRIA3  2185    1       903     856     1166    
CTRIA3  2186    1       988     854     1164    
CTRIA3  2187    1       725     1068    1397    
CTRIA3  2188    1       725     1397    1180    
CTRIA3  2189    1       1012    638     1018    
CTRIA3  2190    1       842     950     1143    
CTRIA3  2191    1       776     941     1019    
CTRIA3  2192    1       998     1387    1406    
CTRIA3  2193    1       896     1377    1387    
CTRIA3  2194    1       1097    1406    1377    
CTRIA3  2195    1       1377    1406    1387    
CTRIA3  2196    1       973     797     1063    
CTRIA3  2197    1       1030    1354    1400    
CTRIA3  2198    1       809     1293    1354    
CTRIA3  2199    1       1148    1400    1293    
CTRIA3  2200    1       1293    1400    1354    
CTRIA3  2201    1       1136    921     1172    
CTRIA3  2202    1       832     953     1123    
CTRIA3  2203    1       953     842     1143    
CTRIA3  2204    1       918     807     1169    
CTRIA3  2205    1       1015    687     1168    
CTRIA3  2206    1       1054    614     1186    
CTRIA3  2207    1       1063    651     1089    
CTRIA3  2208    1       758     950     1176    
CTRIA3  2209    1       797     973     1086    
CTRIA3  2210    1       985     628     1179    
CTRIA3  2211    1       705     1099    1185    
CTRIA3  2212    1       722     841     1080    
CTRIA3  2213    1       1161    733     1162    
CTRIA3  2214    1       630     933     1131    
CTRIA3  2215    1       857     1405    1407    
CTRIA3  2216    1       998     1406    1405    
CTRIA3  2217    1       1097    1407    1406    
CTRIA3  2218    1       1406    1407    1405    
CTRIA3  2219    1       966     1539    1635    
CTRIA3  2220    1       813     1544    1539    
CTRIA3  2221    1       1105    1635    1544    
CTRIA3  2222    1       1544    1635    1539    
CTRIA3  2223    1       777     1378    1398    
CTRIA3  2224    1       896     1355    1378    
CTRIA3  2225    1       938     1398    1355    
CTRIA3  2226    1       1355    1398    1378    
CTRIA3  2227    1       106     1593    1483    
CTRIA3  2228    1       1088    1643    1593    
CTRIA3  2229    1       1108    1483    1643    
CTRIA3  2230    1       1643    1483    1593    
CTRIA3  2231    1       794     1016    1168    
CTRIA3  2232    1       978     1457    1621    
CTRIA3  2233    1       869     1468    1457    
CTRIA3  2234    1       1120    1621    1468    
CTRIA3  2235    1       1468    1621    1457    
CTRIA3  2236    1       950     842     1176    
CTRIA3  2237    1       681     1374    1308    
CTRIA3  2238    1       1002    1390    1374    
CTRIA3  2239    1       1141    1308    1390    
CTRIA3  2240    1       1390    1308    1374    
CTRIA3  2241    1       622     1037    1116    
CTRIA3  2242    1       981     1450    1637    
CTRIA3  2243    1       787     1628    1450    
CTRIA3  2244    1       1165    1637    1628    
CTRIA3  2245    1       1628    1637    1450    
CTRIA3  2246    1       1162    671     1163    
CTRIA3  2247    1       654     1154    1156    
CTRIA3  2248    1       1005    795     1125    
CTRIA3  2249    1       849     1073    1093    
CTRIA3  2250    1       855     1021    1188    
CTRIA3  2251    1       1105    1581    1645    
CTRIA3  2252    1       884     1484    1581    
CTRIA3  2253    1       1108    1645    1484    
CTRIA3  2254    1       1484    1645    1581    
CTRIA3  2255    1       967     915     1092    
CTRIA3  2256    1       1022    669     1191    
CTRIA3  2257    1       804     976     1013    
CTRIA3  2258    1       854     930     1164    
CTRIA3  2259    1       1078    800     1079    
CTRIA3  2260    1       786     970     1031    
CTRIA3  2261    1       949     786     1031    
CTRIA3  2262    1       1045    868     1086    
CTRIA3  2263    1       882     1161    1162    
CTRIA3  2264    1       1053    850     1102    
CTRIA3  2265    1       682     1206    1408    
CTRIA3  2266    1       857     1407    1206    
CTRIA3  2267    1       1097    1408    1407    
CTRIA3  2268    1       1407    1408    1206    
CTRIA3  2269    1       1130    830     1160    
CTRIA3  2270    1       857     1320    1404    
CTRIA3  2271    1       990     1391    1320    
CTRIA3  2272    1       999     1404    1391    
CTRIA3  2273    1       1391    1404    1320    
CTRIA3  2274    1       682     1408    1323    
CTRIA3  2275    1       1097    1395    1408    
CTRIA3  2276    1       1129    1323    1395    
CTRIA3  2277    1       1395    1323    1408    
CTRIA3  2278    1       779     982     1640    
CTRIA3  2279    1       779     1640    1098    
CTRIA3  2280    1       1082    779     1098    
CTRIA3  2281    1       292     287     1057    
CTRIA3  2282    1       297     292     1187    
CTRIA3  2283    1       811     292     1057    
CTRIA3  2284    1       292     811     1187    
CTRIA3  2285    1       302     297     1187    
CTRIA3  2286    1       307     302     1187    
CTRIA3  2287    1       312     307     684     
CTRIA3  2288    1       684     307     1187    
CTRIA3  2289    1       317     312     867     
CTRIA3  2290    1       312     684     867     
CTRIA3  2291    1       322     317     867     
CTRIA3  2292    1       327     322     867     
CTRIA3  2293    1       332     327     867     
CTRIA3  2294    1       337     332     867     
CTRIA3  2295    1       342     337     694     
CTRIA3  2296    1       694     337     867     
CTRIA3  2297    1       347     342     694     
CTRIA3  2298    1       352     347     781     
CTRIA3  2299    1       347     694     781     
CTRIA3  2300    1       357     352     781     
CTRIA3  2301    1       362     357     1082    
CTRIA3  2302    1       923     403     930     
CTRIA3  2303    1       403     1076    1137    
CTRIA3  2304    1       921     624     980     
CTRIA3  2305    1       624     921     1136    
CTRIA3  2306    1       742     630     1131    
CTRIA3  2307    1       752     640     803     
CTRIA3  2308    1       640     752     846     
CTRIA3  2309    1       805     640     820     
CTRIA3  2310    1       640     846     1104    
CTRIA3  2311    1       649     643     659     
CTRIA3  2312    1       643     649     836     
CTRIA3  2313    1       643     650     659     
CTRIA3  2314    1       736     643     836     
CTRIA3  2315    1       652     650     868     
CTRIA3  2316    1       656     752     803     
CTRIA3  2317    1       920     668     942     
CTRIA3  2318    1       675     735     924     
CTRIA3  2319    1       675     753     1013    
CTRIA3  2320    1       680     698     775     
CTRIA3  2321    1       683     731     1155    
CTRIA3  2322    1       693     692     1573    
CTRIA3  2323    1       693     1573    765     
CTRIA3  2324    1       846     699     1104    
CTRIA3  2325    1       762     703     923     
CTRIA3  2326    1       708     921     980     
CTRIA3  2327    1       922     714     1076    
CTRIA3  2328    1       753     752     1013    
ENDDATA
