1.00028 0.494879 0.0693927 1.91124 
1.00047 0.494652 0.0692313 1.91157 
1.00048 0.494563 0.0694735 1.91156 
1.00043 0.494792 0.0694004 1.91155 
0.985024 0.503302 0.142303 1.8877 
0.986999 0.496957 0.152349 1.89067 
0.979354 0.506542 0.153775 1.87793 
0.98453 0.505505 0.150504 1.88898 
0.989997 0.502135 0.139361 1.89836 
0.996251 0.493284 0.137242 1.90832 
0.992827 0.496505 0.147078 1.90334 
0.992628 0.494064 0.139533 1.90047 
0.985036 0.505947 0.120247 1.88601 
0.983094 0.503921 0.129803 1.88171 
0.976776 0.517605 0.125031 1.87357 
0.982449 0.510796 0.128469 1.8836 
0.987506 0.503203 0.121361 1.89053 
0.991663 0.493791 0.130369 1.89678 
0.986241 0.501052 0.130609 1.88773 
0.988481 0.500766 0.12775 1.89245 
0.991293 0.502085 0.118713 1.89854 
0.998871 0.489564 0.118415 1.91014 
0.996286 0.492606 0.126363 1.90656 
0.995648 0.490889 0.119595 1.9033 
1.01462 0.460732 0.113728 1.9336 
1.01783 0.457197 0.106295 1.93892 
1.01902 0.453806 0.11352 1.94109 
1.01718 0.455974 0.109712 1.9372 
0.996131 0.500127 0.101122 1.9069 
0.999932 0.489975 0.10141 1.91088 
0.99855 0.490761 0.109483 1.9089 
0.998221 0.490867 0.102104 1.90733 
1.02279 0.45183 0.0833552 1.94641 
1.02621 0.44938 0.0746534 1.95298 
1.02758 0.440469 0.0807769 1.95302 
1.02637 0.451203 0.0783959 1.95444 
1.01178 0.470173 0.101576 1.92975 
1.0136 0.467573 0.0949009 1.93227 
1.01595 0.463217 0.100679 1.93651 
1.0135 0.464755 0.0979565 1.93103 
1.02234 0.461188 0.0656801 1.94815 
1.02134 0.466258 0.0561345 1.94752 
1.0255 0.458179 0.0571059 1.95403 
1.02404 0.462728 0.0571621 1.95251 
1.01526 0.472239 0.0912673 1.93807 
1.01457 0.472138 0.0855532 1.93581 
1.01815 0.467316 0.0883505 1.94248 
1.01566 0.468663 0.0879181 1.93707 
1.01121 0.475883 0.0809537 1.9291 
1.00905 0.479398 0.0808676 1.92556 
1.00966 0.4813 0.0768366 1.92759 
1.01015 0.478054 0.0786401 1.9274 
1.03377 0.436304 0.0603869 1.96501 
1.02886 0.447316 0.0652464 1.95792 
1.02985 0.448036 0.0556344 1.96011 
1.0315 0.448282 0.0595642 1.96444 
1.04874 0.408955 0.0753355 1.9919 
1.04645 0.41109 0.0863374 1.98787 
1.04389 0.420138 0.0794491 1.98458 
1.04596 0.408586 0.0800894 1.98523 
1.02488 0.447945 0.0989938 1.9512 
1.02108 0.454216 0.100042 1.94481 
1.02179 0.457549 0.0925659 1.94728 
1.02248 0.451249 0.0955065 1.9465 
1.03428 0.430677 0.0950739 1.96652 
1.03017 0.438711 0.0970204 1.95998 
1.03214 0.439783 0.0881807 1.96443 
1.03271 0.436764 0.0912855 1.96486 
1.03884 0.428093 0.0822689 1.97555 
1.03705 0.429575 0.0907212 1.97248 
1.03424 0.438954 0.0850932 1.96895 
1.03639 0.428912 0.0874891 1.97029 
1.03683 0.430275 0.0648728 1.9703 
1.0384 0.42285 0.0726487 1.9717 
1.03406 0.433678 0.0765976 1.9657 
1.03717 0.434402 0.0721458 1.9733 
1.04567 0.413192 0.0607779 1.98506 
1.04782 0.405583 0.0667948 1.9878 
1.04331 0.416754 0.0715667 1.98126 
1.04623 0.416312 0.0681204 1.98808 
1.03375 0.423446 0.104811 1.96327 
1.02938 0.434263 0.0999283 1.95649 
1.03384 0.425051 0.0976071 1.96341 
1.03302 0.429485 0.103629 1.96377 
1.0438 0.397228 0.105098 1.97784 
1.03875 0.410001 0.106837 1.97041 
1.04348 0.404318 0.0973407 1.97892 
1.0429 0.40876 0.10284 1.97974 
1.02976 0.43402 0.118439 1.9593 
1.02905 0.437962 0.105429 1.95774 
1.03368 0.427755 0.111641 1.96551 
1.0305 0.429606 0.111642 1.95851 
1.02647 0.445571 0.0943374 1.95364 
1.02301 0.455654 0.0886229 1.94906 
1.02786 0.44504 0.087411 1.95617 
1.02611 0.447693 0.0927254 1.9535 
1.02146 0.449592 0.109519 1.94473 
1.01967 0.453847 0.102938 1.94155 
1.02406 0.444492 0.101719 1.94801 
1.02178 0.449291 0.107293 1.9451 
1.02533 0.43876 0.136611 1.95286 
1.02149 0.445565 0.138132 1.94667 
1.0256 0.438841 0.128609 1.95244 
1.02423 0.440647 0.133218 1.95054 
1.00965 0.471557 0.113433 1.92657 
1.00522 0.478659 0.113533 1.91933 
1.00892 0.473471 0.106878 1.92498 
1.00802 0.471848 0.110498 1.92246 
1.02409 0.440857 0.125548 1.94924 
1.02041 0.447674 0.134097 1.94441 
1.02148 0.446701 0.120702 1.94481 
1.02242 0.442532 0.12714 1.94611 
1.01263 0.456743 0.139323 1.93037 
1.00765 0.467899 0.141887 1.9239 
1.01067 0.463263 0.133029 1.92773 
1.01031 0.459766 0.139711 1.92622 
1.01024 0.475926 0.0833665 1.92699 
1.00812 0.48205 0.0874981 1.92518 
1.00784 0.480726 0.0830224 1.92349 
1.00864 0.478115 0.0857569 1.9244 
1.01769 0.458157 0.0964496 1.93804 
1.01493 0.466082 0.0933606 1.93464 
1.01863 0.460678 0.0903705 1.94085 
1.01741 0.464469 0.0941127 1.93995 
1.00876 0.47206 0.0979778 1.92301 
1.00701 0.476896 0.0925276 1.92055 
1.01015 0.469568 0.0929944 1.92472 
1.00902 0.475545 0.0959288 1.92506 
1.06175 0.248268 0.283932 2.01323 
1.05125 0.294345 0.274183 1.99496 
1.06237 0.278748 0.244426 2.01104 
1.05828 0.270682 0.24988 2.0002 
0.983481 0.355326 0.383702 1.88916 
1.01244 0.314194 0.362428 1.93566 
0.992548 0.31547 0.40195 1.90669 
0.995305 0.316815 0.373045 1.89945 
1.02115 0.349986 0.315708 1.95067 
1.03814 0.321319 0.295117 1.97622 
1.02892 0.318938 0.329952 1.96457 
1.02863 0.325549 0.300945 1.95605 
1.00076 0.468247 0.151054 1.90901 
0.995506 0.473799 0.164001 1.90135 
0.995029 0.477822 0.15398 1.90041 
0.996556 0.472844 0.15321 1.90154 
1.01238 0.479046 0.0484943 1.93147 
1.01657 0.473024 0.0509245 1.93884 
1.01287 0.477248 0.0549962 1.93206 
1.01409 0.477404 0.0523767 1.93499 
1.03549 0.441364 -0.017027 1.97088 
1.02984 0.452444 -0.0166207 1.96197 
1.03315 0.444579 -0.0238041 1.96683 
1.03336 0.44762 -0.0217191 1.96851 
1.01704 0.473547 0.00981436 1.94007 
1.01969 0.46858 0.00293657 1.94421 
1.02171 0.465467 0.00821355 1.94746 
1.02017 0.471365 0.0056274 1.94655 
1.01531 0.477751 0.00838757 1.93803 
1.01331 0.480094 0.0020287 1.93459 
1.01762 0.474279 0.000624926 1.94203 
1.01461 0.47525 0.00417587 1.93526 
1.01286 0.4826 0.0243344 1.93428 
1.01512 0.477885 0.0178392 1.93747 
1.01738 0.475671 0.0220362 1.94169 
1.01568 0.480424 0.0202007 1.93993 
1.00932 0.486562 0.0240003 1.92789 
1.00539 0.48943 0.0240115 1.92043 
1.00792 0.486391 0.0194857 1.92469 
1.0081 0.48836 0.022983 1.92616 
1.00396 0.480608 0.00752112 1.91658 
1.00522 0.47698 -0.00117488 1.91831 
1.00886 0.483561 0.00235707 1.92628 
1.00634 0.481109 0.00262807 1.92224 
1.01448 0.479162 -0.019822 1.9377 
1.0119 0.478952 -0.0245974 1.93235 
1.0155 0.476582 -0.0256047 1.9392 
1.01381 0.477431 -0.0234374 1.93549 
1.01085 0.481301 0.0637622 1.92956 
1.00968 0.480943 0.0691067 1.92693 
1.00827 0.484234 0.0656278 1.92488 
1.00973 0.480281 0.0660969 1.92654 
1.00952 0.485149 0.0548961 1.9278 
1.0104 0.481877 0.0579082 1.92844 
1.00622 0.487822 0.0590572 1.92136 
1.00929 0.483242 0.0565825 1.92637 
1.01905 0.468873 0.0577169 1.94324 
1.01951 0.467088 0.0660906 1.944 
1.01655 0.472666 0.0675328 1.9395 
1.01846 0.470579 0.0662133 1.94307 
1.02667 0.46111 0.0497786 1.95787 
1.02156 0.468681 0.0511009 1.94891 
1.02391 0.466345 0.0420679 1.95325 
1.02361 0.463089 0.0489012 1.95129 
1.02521 0.457595 0.0731094 1.95401 
1.02266 0.459723 0.0808564 1.94934 
1.02187 0.462082 0.0738871 1.94793 
1.02328 0.457496 0.0756214 1.94946 
1.06876 0.360103 0.0136808 2.02362 
1.06968 0.357178 0.013011 2.02501 
1.06929 0.357448 0.0154031 2.02441 
1.06929 0.358312 0.0150096 2.02444 
1.06691 0.364752 0.0148958 2.02042 
1.06785 0.362299 0.0144042 2.02202 
1.06768 0.3623 0.0159472 2.02182 
1.06765 0.363438 0.0157736 2.02191 
1.06946 0.359668 0.00654224 2.02455 
1.07029 0.357787 0.00336724 2.02593 
1.07098 0.354509 0.00653863 2.02687 
1.07035 0.359168 0.00496529 2.0266 
1.06774 0.366116 0.0105104 2.02244 
1.06858 0.363544 0.00861885 2.02367 
1.06839 0.362556 0.0118456 2.02313 
1.06826 0.364893 0.0113348 2.02335 
1.06746 0.367931 0.0101929 2.02218 
1.06683 0.370942 0.00756468 2.02143 
1.06825 0.365914 0.00817902 2.02347 
1.06744 0.36663 0.00802837 2.02167 
1.07466 0.340538 0.0159569 2.03266 
1.07351 0.345301 0.013596 2.03101 
1.07485 0.341937 0.011569 2.03318 
1.07446 0.344616 0.0138626 2.03319 
1.07161 0.344892 0.023214 2.02765 
1.0711 0.346173 0.0231233 2.02683 
1.07134 0.346776 0.0217593 2.02735 
1.07127 0.345331 0.0223268 2.02693 
1.07226 0.342092 0.0258015 2.02848 
1.07204 0.342964 0.0242203 2.02809 
1.07273 0.341421 0.0246476 2.02918 
1.07238 0.342835 0.025157 2.02894 
1.07258 0.341347 0.0313608 2.02916 
1.07242 0.341995 0.0279054 2.0289 
1.07305 0.341196 0.027108 2.03001 
1.07263 0.341292 0.0276354 2.02917 
1.07148 0.344016 0.0261037 2.02737 
1.07158 0.343057 0.0255629 2.02732 
1.07178 0.343028 0.0264694 2.02775 
1.07162 0.34342 0.0264293 2.02754 
1.07135 0.343266 0.0250941 2.02679 
1.07098 0.344169 0.024872 2.02615 
1.07154 0.343826 0.0244265 2.02731 
1.07136 0.343798 0.0246765 2.02698 
1.07158 0.349574 0.0169079 2.02789 
1.07246 0.347928 0.0152045 2.02935 
1.07245 0.346141 0.0179601 2.02916 
1.07223 0.349057 0.0162134 2.02936 
1.06965 0.354964 0.0169613 2.02489 
1.07046 0.352383 0.0168972 2.02613 
1.06996 0.352525 0.0184524 2.02523 
1.07007 0.353374 0.0182126 2.0255 
1.06896 0.355163 0.0198456 2.02363 
1.06936 0.355843 0.0182208 2.02447 
1.06964 0.353407 0.0196691 2.02473 
1.06927 0.354264 0.0186802 2.02405 
1.06828 0.360758 0.0172546 2.02292 
1.0685 0.361008 0.0153689 2.02329 
1.06899 0.358428 0.0171764 2.02399 
1.06855 0.359873 0.015775 2.02327 
1.06762 0.35611 0.0216621 2.02118 
1.06755 0.357714 0.0206083 2.02123 
1.06812 0.355992 0.020304 2.02211 
1.06775 0.356553 0.0213976 2.02138 
1.06707 0.36467 0.0182656 2.02116 
1.06684 0.365944 0.016511 2.02066 
1.06759 0.363391 0.0173944 2.02198 
1.06712 0.363756 0.0171693 2.02091 
1.07087 0.354665 0.0130609 2.02724 
1.07204 0.350898 0.0136003 2.02911 
1.07124 0.352408 0.0154099 2.02778 
1.07134 0.351684 0.0147009 2.02762 
1.06697 0.367195 0.0149195 2.0211 
1.06735 0.367262 0.0125956 2.02186 
1.06794 0.363862 0.0142372 2.02248 
1.0674 0.366158 0.0128891 2.02179 
1.06547 0.368533 0.0175105 2.01814 
1.06616 0.367327 0.0157916 2.01929 
1.06588 0.36665 0.017335 2.01866 
1.06588 0.368539 0.01689 2.01915 
1.06925 0.363666 0.00491655 2.02518 
1.06854 0.367389 0.000321242 2.02444 
1.06991 0.362612 0.00161828 2.02643 
1.0693 0.362828 0.0021952 2.02496 
1.06645 0.369502 0.0136521 2.02046 
1.06577 0.371974 0.0120346 2.01935 
1.06671 0.369249 0.0115691 2.02088 
1.06635 0.369819 0.0131589 2.02018 
1.06421 0.37797 0.00835597 2.01707 
1.06387 0.378605 0.0037939 2.01637 
1.06529 0.375204 0.00579039 2.01886 
1.06459 0.377953 0.00480463 2.01799 
1.06433 0.378699 0.00192017 2.01756 
1.06646 0.373776 0.000678084 2.02126 
1.06592 0.375055 0.00442961 2.02038 
1.06562 0.373995 0.00240278 2.01923 
1.06231 0.382523 0.00791367 2.0138 
1.06296 0.380797 0.00341236 2.01483 
1.06342 0.380064 0.00781425 2.01578 
1.06292 0.381626 0.00769705 2.01503 
1.06203 0.384928 -0.00650468 2.01398 
1.06447 0.378894 -0.00828914 2.01802 
1.06352 0.381222 -0.00165736 2.01638 
1.06327 0.379913 -0.0069516 2.01531 
1.05646 0.395647 -0.00359236 2.00395 
1.05927 0.389389 -0.004207 2.00865 
1.05876 0.389996 0.00318638 2.00754 
1.05836 0.391039 -0.00380426 2.00697 
1.06777 0.368405 -0.0314936 2.02335 
1.06482 0.377441 -0.0302157 2.01896 
1.06562 0.373503 -0.0401419 2.02007 
1.06607 0.372817 -0.0307178 2.02057 
1.056 0.397424 -0.00915719 2.00353 
1.05757 0.394716 -0.0171658 2.0066 
1.05921 0.391039 -0.0103544 2.0092 
1.05753 0.392938 -0.0102912 2.00572 
1.06332 0.378132 -0.0705405 2.01808 
1.0593 0.387681 -0.074213 2.01177 
1.06145 0.380643 -0.0810267 2.0153 
1.06122 0.379762 -0.0775261 2.01394 
1.06834 0.352488 -0.106611 2.02646 
1.07075 0.348512 -0.100624 2.03034 
1.068 0.357503 -0.0997095 2.02598 
1.06878 0.349735 -0.101151 2.02583 
1.07456 0.342183 -0.0865895 2.03626 
1.07123 0.352851 -0.0840903 2.0308 
1.07244 0.345864 -0.0925804 2.03273 
1.07268 0.343784 -0.0862609 2.032 
1.08087 0.314618 -0.0826274 2.0442 
1.08134 0.315342 -0.0723016 2.0444 
1.07829 0.323438 -0.0822218 2.03985 
1.08043 0.319306 -0.082643 2.0441 
1.07713 0.343164 -0.0545016 2.04025 
1.0732 0.35459 -0.0590082 2.03413 
1.0758 0.345593 -0.0643997 2.03833 
1.07528 0.34317 -0.0595004 2.03585 
1.06496 0.369679 -0.0742253 2.01947 
1.06312 0.372433 -0.0848016 2.01687 
1.06717 0.363411 -0.0818339 2.02366 
1.06527 0.371301 -0.0785681 2.02134 
1.06991 0.360927 -0.0534239 2.02748 
1.07114 0.358085 -0.0440033 2.02913 
1.06731 0.369584 -0.0450889 2.0233 
1.06932 0.358378 -0.0465097 2.02476 
1.07392 0.345769 -0.0726297 2.0342 
1.07162 0.354628 -0.066679 2.03065 
1.07067 0.354056 -0.0775044 2.02905 
1.07229 0.353984 -0.0698992 2.03255 
1.07612 0.341691 -0.0503274 2.03694 
1.07371 0.351509 -0.0452919 2.03356 
1.0725 0.352843 -0.0549385 2.03149 
1.07434 0.35353 -0.0500902 2.03612 
1.08032 0.322177 -0.0643862 2.04288 
1.07853 0.330389 -0.0556245 2.04002 
1.07717 0.332705 -0.066008 2.03802 
1.07901 0.332866 -0.0632743 2.04255 
1.07759 0.332999 -0.0834619 2.04074 
1.08068 0.325802 -0.0738558 2.04559 
1.07738 0.33629 -0.0749638 2.04032 
1.07816 0.328681 -0.0741422 2.04008 
1.08865 0.29173 -0.076017 2.05766 
1.09208 0.280908 -0.0654822 2.06293 
1.08931 0.295887 -0.0621665 2.05899 
1.0901 0.291542 -0.062986 2.06038 
1.0774 0.345334 -0.0320849 2.04045 
1.07499 0.352671 -0.0402909 2.03696 
1.07767 0.343258 -0.0438752 2.04105 
1.07654 0.342655 -0.0403368 2.03777 
1.079 0.334437 -0.0106905 2.04083 
1.07826 0.338157 -0.020885 2.04017 
1.08111 0.327313 -0.0173818 2.04425 
1.07973 0.33185 -0.0197228 2.04207 
1.08298 0.316358 -0.00687462 2.04605 
1.07949 0.327731 -0.00953435 2.04027 
1.08214 0.318015 -0.01677 2.04436 
1.08179 0.323806 -0.00767206 2.04499 
1.07453 0.34342 0.00734269 2.0325 
1.07266 0.349764 0.00678821 2.02965 
1.07382 0.346676 0.00288474 2.03149 
1.0738 0.348904 0.00480463 2.03225 
1.06191 0.383007 -0.0203721 2.0133 
1.06088 0.386772 -0.0116273 2.01185 
1.05937 0.390758 -0.0188689 2.00969 
1.06068 0.387552 -0.0195938 2.01179 
1.07452 0.34837 -0.0206801 2.03376 
1.07239 0.355769 -0.013854 2.03051 
1.07118 0.359871 -0.0221985 2.02889 
1.07276 0.354031 -0.0223171 2.03106 
1.06632 0.371189 -0.00441707 2.02004 
1.06411 0.376647 -0.00229924 2.01629 
1.06534 0.372822 -0.00930045 2.01816 
1.06552 0.375523 -0.00393026 2.01948 
1.04773 0.410611 -0.0635098 1.99069 
1.04868 0.410649 -0.0533481 1.99225 
1.04543 0.416963 -0.0590732 1.98717 
1.04753 0.414949 -0.0603312 1.99162 
1.06889 0.362614 -0.0742113 2.0271 
1.06984 0.361035 -0.0645012 2.0281 
1.06649 0.368971 -0.0675281 2.02257 
1.06841 0.361491 -0.0701406 2.02506 
1.05694 0.395037 -0.0427086 2.00617 
1.05254 0.404833 -0.046978 1.99918 
1.05616 0.396172 -0.0509868 2.00517 
1.05569 0.398073 -0.0496512 2.00455 
1.06306 0.38006 -0.0480308 2.01634 
1.05935 0.389134 -0.0447372 2.01009 
1.05908 0.388407 -0.0543419 2.00975 
1.06028 0.386565 -0.0461621 2.01162 
1.06371 0.377058 -0.0597153 2.01782 
1.06447 0.376796 -0.0492044 2.01886 
1.06036 0.386642 -0.0562522 2.01252 
1.063 0.378677 -0.0580759 2.01638 
1.0706 0.355594 -0.0374986 2.02662 
1.06954 0.360978 -0.0305225 2.02535 
1.06734 0.367538 -0.0400072 2.02239 
1.06968 0.363617 -0.0394301 2.02695 
1.06512 0.368205 -0.0631855 2.01849 
1.06817 0.360218 -0.0601407 2.02326 
1.06584 0.368657 -0.0519091 2.01963 
1.06681 0.368778 -0.0570952 2.02254 
1.07047 0.360503 -0.00972006 2.02715 
1.07003 0.361592 -0.00316389 2.02639 
1.06853 0.366484 -0.0043455 2.02413 
1.06965 0.362275 -0.00360946 2.02561 
1.06909 0.36431 -0.0225045 2.02503 
1.07036 0.362231 -0.0159937 2.02743 
1.06741 0.369066 -0.015401 2.02219 
1.06909 0.365939 -0.0157869 2.02542 
1.06512 0.376899 -0.0219691 2.01925 
1.06776 0.368032 -0.0222863 2.02291 
1.06643 0.372554 -0.0151508 2.0209 
1.06655 0.372628 -0.0225911 2.0214 
1.07251 0.352658 -0.0361856 2.03049 
1.07469 0.346802 -0.0292869 2.03394 
1.07114 0.358755 -0.0289883 2.02864 
1.07274 0.35381 -0.0283577 2.03116 
1.07554 0.342017 -0.0211988 2.03445 
1.07639 0.34037 -0.0133665 2.03602 
1.07312 0.349558 -0.0142963 2.03044 
1.07527 0.344937 -0.0133783 2.03451 
1.05687 0.394925 -0.0248651 2.00514 
1.05377 0.401043 -0.0277193 1.99982 
1.05662 0.396324 -0.0332926 2.0054 
1.05585 0.395609 -0.0300262 2.00302 
1.08097 0.321015 -0.0409289 2.04278 
1.07826 0.332962 -0.0325837 2.03891 
1.0786 0.330264 -0.0448619 2.03954 
1.07979 0.333409 -0.0401257 2.04332 
1.071 0.34563 0.0234378 2.02653 
1.07145 0.344624 0.0235358 2.0273 
1.07099 0.344836 0.0243518 2.02638 
1.07112 0.345043 0.0240594 2.02666 
1.07418 0.340843 0.0195967 2.03199 
1.07338 0.34145 0.022319 2.03058 
1.0731 0.343519 0.0197523 2.03026 
1.07362 0.342861 0.0212809 2.0314 
1.07526 0.335575 0.0339302 2.03383 
1.07488 0.335437 0.0440771 2.03337 
1.07296 0.340164 0.0369314 2.02984 
1.07436 0.335766 0.0354537 2.03179 
1.07812 0.337804 0.0480093 2.03982 
1.07564 0.345253 0.0477797 2.03578 
1.0768 0.342484 0.0407836 2.0377 
1.07655 0.338473 0.0460817 2.03597 
1.08077 0.321496 0.0666478 2.04253 
1.0803 0.325643 0.0559349 2.04205 
1.08297 0.314734 0.0568683 2.04578 
1.08177 0.325823 0.0591174 2.04599 
1.07481 0.340108 0.061394 2.03266 
1.07477 0.342332 0.0525142 2.03283 
1.07724 0.333904 0.0539323 2.0366 
1.07597 0.342703 0.0564659 2.03618 
1.06571 0.367959 0.0629157 2.01871 
1.06855 0.364251 0.0602371 2.0245 
1.06824 0.362985 0.0697798 2.02381 
1.06733 0.362807 0.0629038 2.02107 
1.05958 0.380194 0.0591129 2.00741 
1.06243 0.376116 0.0515983 2.01278 
1.06279 0.37387 0.0594159 2.01326 
1.06149 0.373916 0.0568296 2.0099 
1.06232 0.378093 0.0397476 2.01277 
1.06476 0.376321 0.0382186 2.01825 
1.06387 0.375018 0.043304 2.01569 
1.0638 0.376501 0.0396719 2.01591 
1.04842 0.413528 0.0567074 1.99178 
1.05222 0.405164 0.0500179 1.99771 
1.05094 0.405753 0.0625432 1.99535 
1.05007 0.403418 0.0554715 1.99194 
1.06173 0.383672 0.0195506 2.01292 
1.06149 0.383842 0.0216377 2.01238 
1.0609 0.385034 0.0184477 2.01125 
1.06148 0.384849 0.0193999 2.01269 
1.07052 0.356722 0.019184 2.02666 
1.06953 0.360706 0.0213069 2.02532 
1.06948 0.359229 0.0187753 2.02495 
1.06966 0.357352 0.0200723 2.02472 
1.07244 0.348278 0.0155679 2.02917 
1.07145 0.351369 0.0176272 2.02753 
1.07146 0.350994 0.0142982 2.02778 
1.07168 0.348798 0.0156247 2.02743 
1.07064 0.356796 0.0238728 2.02673 
1.06963 0.359032 0.0225327 2.02499 
1.07064 0.35464 0.0206816 2.02623 
1.07046 0.358457 0.0224485 2.02689 
1.07301 0.350821 0.0278842 2.03068 
1.07177 0.354121 0.0257739 2.02867 
1.07313 0.348989 0.0237473 2.03055 
1.07284 0.353353 0.0256568 2.0311 
1.07316 0.353716 0.0382253 2.03196 
1.07373 0.351682 0.0324691 2.03271 
1.07525 0.347204 0.036222 2.03517 
1.07385 0.348404 0.0364058 2.03203 
1.07188 0.354455 0.037207 2.02894 
1.07064 0.358314 0.0333784 2.02702 
1.07239 0.352669 0.0322901 2.02964 
1.07189 0.357511 0.0339945 2.02992 
1.0744 0.346138 0.0469308 2.0329 
1.07315 0.350745 0.0419631 2.03106 
1.07529 0.343714 0.0405153 2.03426 
1.07452 0.349613 0.0422917 2.03418 
1.07993 0.328531 0.0381528 2.04147 
1.07921 0.330601 0.0460041 2.04036 
1.07767 0.336708 0.0389022 2.03815 
1.07932 0.335698 0.0399844 2.04206 
1.07777 0.339158 0.0277548 2.03913 
1.07977 0.333477 0.0328426 2.04248 
1.07753 0.340868 0.0344281 2.03902 
1.07808 0.334713 0.03238 2.03856 
1.08125 0.324099 0.0233855 2.04354 
1.08377 0.316184 0.0267417 2.04764 
1.08181 0.325142 0.0309309 2.04521 
1.08218 0.32001 0.0294287 2.04477 
1.07387 0.348967 0.0631537 2.03313 
1.07093 0.358509 0.0575861 2.02847 
1.07365 0.351925 0.055146 2.03315 
1.07296 0.350616 0.0568198 2.03104 
1.06857 0.36583 0.051587 2.02469 
1.06547 0.371856 0.0478257 2.01875 
1.06786 0.369279 0.0453156 2.02383 
1.06731 0.367228 0.0473229 2.0218 
1.07231 0.355121 0.0300104 2.03024 
1.07066 0.360046 0.0316291 2.02764 
1.07123 0.357998 0.0277376 2.02846 
1.07124 0.355851 0.0298048 2.02779 
1.06249 0.374388 0.0216319 2.01336 
1.06228 0.373163 0.0217033 2.01288 
1.06226 0.373332 0.0215863 2.01287 
1.06229 0.373325 0.0215555 2.01292 
1.06275 0.376383 0.0214004 2.01408 
1.06262 0.375443 0.0214443 2.01369 
1.06274 0.376909 0.0214693 2.01411 
1.06274 0.376483 0.0216737 2.01409 
1.06283 0.37868 0.0215435 2.01452 
1.0628 0.378422 0.0211955 2.01443 
1.06278 0.377894 0.0214036 2.01433 
1.06282 0.378534 0.0215446 2.01452 
1.0631 0.375989 0.0211559 2.01472 
1.06303 0.374719 0.0214489 2.01443 
1.06289 0.374825 0.021569 2.01417 
1.06297 0.374828 0.0213768 2.01431 
1.0627 0.373496 0.0217845 2.01365 
1.06285 0.373467 0.0216868 2.01392 
1.0626 0.372161 0.0219575 2.01337 
1.06277 0.373448 0.0217663 2.01381 
1.06172 0.370012 0.119281 2.01414 
1.06519 0.359974 0.117547 2.01926 
1.06307 0.362311 0.125975 2.01571 
1.06296 0.360312 0.120839 2.01417 
1.05338 0.386901 0.123157 1.99974 
1.05749 0.378081 0.120217 2.00649 
1.05569 0.381537 0.128439 2.00422 
1.05541 0.379661 0.125259 2.00246 
1.05819 0.379278 0.106069 2.0071 
1.06235 0.370815 0.102743 2.01425 
1.06032 0.37374 0.112046 2.01112 
1.05998 0.371061 0.10678 2.00881 
1.05457 0.388692 0.0776119 1.99904 
1.05274 0.398243 0.0710225 1.99752 
1.05637 0.387359 0.0654101 2.00225 
1.05408 0.385929 0.0697227 1.9963 
1.0495 0.389195 0.102165 1.98868 
1.05269 0.384906 0.0910129 1.99403 
1.05356 0.38065 0.0987968 1.9954 
1.05263 0.389395 0.0976012 1.99608 
1.04767 0.399401 0.086203 1.98648 
1.05033 0.397581 0.0747122 1.99153 
1.05149 0.388116 0.0816878 1.99147 
1.05051 0.400666 0.0814668 1.99362 
1.07039 0.357227 0.0779502 2.02788 
1.07351 0.349878 0.0739421 2.03312 
1.07276 0.348745 0.0852484 2.03166 
1.07204 0.347896 0.07764 2.02904 
1.06979 0.36065 0.0307638 2.02562 
1.06904 0.362621 0.0284921 2.02441 
1.07026 0.358667 0.0272158 2.02623 
1.06981 0.362089 0.0292182 2.02619 
1.06914 0.365936 0.0401055 2.0258 
1.06992 0.363682 0.0352679 2.02698 
1.07104 0.360629 0.0392667 2.02886 
1.06986 0.361311 0.0384938 2.02609 
1.06826 0.366677 0.0394767 2.02383 
1.067 0.370411 0.03576 2.02184 
1.06894 0.364713 0.0354576 2.02485 
1.06836 0.369378 0.0363947 2.02492 
1.06911 0.364014 0.0271259 2.02507 
1.06935 0.362445 0.0242529 2.02527 
1.07027 0.360357 0.0256469 2.02684 
1.06945 0.360908 0.025597 2.02497 
1.06504 0.374533 0.0301081 2.01826 
1.06596 0.37178 0.0294158 2.01969 
1.06584 0.372378 0.0324689 2.01955 
1.06573 0.374147 0.0304993 2.01988 
1.06774 0.365819 0.0232188 2.02233 
1.06865 0.363154 0.0227947 2.02372 
1.06847 0.364707 0.0255035 2.02366 
1.06838 0.365181 0.0245063 2.02375 
1.06627 0.369573 0.0221907 2.02016 
1.06688 0.369094 0.023577 2.02136 
1.06605 0.371915 0.0242951 2.02019 
1.06636 0.369707 0.0226784 2.02027 
1.06591 0.365114 0.0172155 2.01881 
1.06544 0.366631 0.0178512 2.01808 
1.06528 0.365514 0.0166117 2.01783 
1.06553 0.365528 0.0168647 2.01802 
1.07436 0.345179 0.0192727 2.03263 
1.07399 0.344632 0.0160082 2.03174 
1.07556 0.340289 0.0154206 2.03435 
1.07437 0.342233 0.0182822 2.03196 
1.06944 0.356284 0.0174436 2.02419 
1.06966 0.355144 0.0154015 2.02468 
1.07046 0.353687 0.0177319 2.02584 
1.06982 0.35517 0.0160746 2.02475 
1.06786 0.362137 0.0186184 2.02185 
1.06865 0.3599 0.0181034 2.02309 
1.06877 0.361454 0.020136 2.02366 
1.06854 0.361527 0.0195208 2.02335 
1.0682 0.358894 0.0148552 2.02264 
1.06802 0.357924 0.013595 2.02248 
1.06888 0.356973 0.0140947 2.02387 
1.06829 0.357476 0.0138696 2.02255 
1.06987 0.346688 0.00521763 2.02487 
1.06879 0.345958 0.00424079 2.02256 
1.06959 0.343591 0.00283894 2.02388 
1.06935 0.34526 0.00458087 2.02376 
1.0697 0.354084 0.0132594 2.02498 
1.06972 0.352567 0.0109341 2.02514 
1.07053 0.351763 0.0125323 2.0263 
1.07004 0.35285 0.0115023 2.02547 
1.0708 0.352426 0.0160401 2.02624 
1.06991 0.354089 0.0139214 2.02497 
1.07074 0.351904 0.0131913 2.0263 
1.07053 0.353251 0.0150251 2.02622 
1.06887 0.357203 0.0165276 2.02304 
1.06833 0.358093 0.0152845 2.02226 
1.06905 0.356038 0.0145985 2.02345 
1.06874 0.357384 0.0160355 2.02307 
1.06771 0.357143 0.0119038 2.02179 
1.06728 0.35604 0.0106784 2.02098 
1.06794 0.355244 0.010322 2.02217 
1.06754 0.355497 0.0110308 2.02124 
1.0811 0.32118 0.00902958 2.04317 
1.08281 0.313217 0.00418008 2.04572 
1.0831 0.315398 0.0117745 2.04635 
1.08263 0.319936 0.00771218 2.04668 
1.07753 0.332063 0.0141015 2.03695 
1.07934 0.326037 0.0117761 2.03989 
1.07955 0.325766 0.0174137 2.04 
1.07913 0.33094 0.0143165 2.04067 
1.07637 0.337935 0.0235422 2.0354 
1.07477 0.342817 0.0215155 2.03292 
1.0761 0.337248 0.0182429 2.03478 
1.07597 0.341306 0.0199894 2.03546 
1.08041 0.326258 0.0304547 2.04199 
1.07827 0.332907 0.0256118 2.03857 
1.07989 0.325668 0.0237857 2.04058 
1.07971 0.331443 0.0255034 2.04177 
1.07609 0.342099 0.0343606 2.03574 
1.07443 0.3473 0.0307113 2.03315 
1.07624 0.340775 0.0285787 2.03577 
1.07585 0.345931 0.0302591 2.03629 
1.07839 0.320509 -0.00479439 2.03853 
1.07672 0.324593 -0.00398203 2.03577 
1.07674 0.321219 -0.00835934 2.03556 
1.0773 0.322811 -0.00695647 2.03673 
1.07397 0.341357 0.00960264 2.03149 
1.07479 0.338855 0.00803146 2.03286 
1.07572 0.336573 0.0109992 2.03397 
1.07484 0.340714 0.00942069 2.03348 
1.0732 0.344424 0.00851078 2.03097 
1.07263 0.343553 0.00571545 2.03008 
1.074 0.342091 0.00697402 2.03236 
1.07331 0.342646 0.00661674 2.03077 
1.07639 0.336077 0.0108962 2.03552 
1.0754 0.338346 0.00762205 2.03425 
1.07659 0.335061 0.00615283 2.03624 
1.07604 0.336956 0.00931835 2.03543 
1.0654 0.362342 0.0139129 2.01784 
1.06489 0.36214 0.0135023 2.01691 
1.06534 0.361001 0.012989 2.01763 
1.06521 0.36177 0.013749 2.01753 
1.04154 0.420146 0.082732 1.97904 
1.04338 0.411576 0.0896674 1.98077 
1.03946 0.420999 0.0917542 1.97501 
1.042 0.421047 0.0872374 1.9809 
1.05416 0.39317 0.0404675 1.99776 
1.05271 0.39981 0.0317176 1.99639 
1.05569 0.389177 0.0334553 1.99995 
1.05474 0.397534 0.0335248 2.00065 
1.06249 0.37092 0.0843195 2.01303 
1.06661 0.363739 0.0819264 2.02077 
1.06487 0.36519 0.0921116 2.01769 
1.0646 0.363649 0.0844413 2.01589 
1.05924 0.377979 0.0635967 2.00599 
1.06244 0.371288 0.0644859 2.01176 
1.06127 0.370565 0.0729253 2.00908 
1.06155 0.37252 0.0647776 2.00998 
1.05383 0.393105 0.0477497 1.99716 
1.05583 0.38399 0.0553102 1.99917 
1.05235 0.39478 0.0609131 1.99468 
1.05463 0.395977 0.0569913 2.00061 
1.05567 0.389666 0.0470431 2.00048 
1.05946 0.383117 0.0436939 2.00749 
1.0581 0.382902 0.053194 2.00437 
1.0576 0.383677 0.0458966 2.00312 
1.06464 0.37062 0.0495367 2.01631 
1.06751 0.364359 0.0536777 2.02158 
1.06513 0.367858 0.0572923 2.01693 
1.06597 0.370183 0.0546048 2.01973 
1.05762 0.37457 0.114945 2.005 
1.05366 0.382923 0.117858 1.9984 
1.05587 0.380041 0.108377 2.00184 
1.05617 0.382368 0.112863 2.00389 
1.06082 0.362755 0.128988 2.0106 
1.05758 0.372309 0.13034 2.00593 
1.05966 0.370595 0.121529 2.00946 
1.05976 0.372025 0.126346 2.0108 
1.06673 0.346454 0.125102 2.01959 
1.06413 0.354417 0.126609 2.01581 
1.06633 0.352447 0.11811 2.01972 
1.06606 0.354582 0.123975 2.02039 
1.06651 0.349013 0.131983 2.02066 
1.06483 0.350981 0.139554 2.01806 
1.0638 0.35629 0.132347 2.01629 
1.06488 0.349369 0.134737 2.01704 
1.05376 0.38299 0.133033 2.00051 
1.05014 0.390347 0.136221 1.9946 
1.05159 0.388202 0.126769 1.99619 
1.05191 0.387966 0.129931 1.99733 
1.01957 0.429719 0.165603 1.93952 
1.02458 0.420348 0.163835 1.94754 
1.02238 0.419964 0.173658 1.94372 
1.02275 0.427304 0.167144 1.94647 
1.05121 0.375048 0.152302 1.99398 
1.05287 0.366024 0.157396 1.99575 
1.04862 0.377286 0.157394 1.98912 
1.05103 0.375265 0.154041 1.99389 
1.05533 0.373336 0.137021 2.00153 
1.05675 0.365771 0.143475 2.00333 
1.05365 0.373361 0.144641 1.99836 
1.05536 0.372213 0.139956 2.0016 
1.06216 0.356759 0.134687 2.01263 
1.06305 0.351532 0.141969 2.01409 
1.06029 0.358934 0.141876 2.00963 
1.06205 0.358401 0.139361 2.0135 
1.06656 0.329308 0.150102 2.01712 
1.06591 0.329321 0.155013 2.01625 
1.06412 0.334397 0.153415 2.01303 
1.06591 0.331335 0.154741 2.01677 
1.07687 0.308622 0.128354 2.03429 
1.07873 0.297986 0.132695 2.03663 
1.07497 0.306731 0.139668 2.03037 
1.07722 0.305836 0.130071 2.03463 
1.07073 0.310557 0.160422 2.02375 
1.06909 0.318831 0.15788 2.02157 
1.07195 0.313363 0.15003 2.02599 
1.07072 0.318065 0.156687 2.02528 
1.09224 0.165707 0.117571 2.04835 
1.10935 0.0911061 -0.00236278 2.10005 
1.11027 0.0207705 0.080982 2.10029 
1.10369 0.170744 0.0879718 2.07903 
1.05915 0.339963 0.181151 2.00686 
1.05497 0.349207 0.184102 1.9999 
1.05698 0.347778 0.174371 2.00276 
1.05697 0.346525 0.17724 2.00286 
1.06806 0.315672 0.170958 2.02047 
1.06415 0.326939 0.174032 2.01427 
1.06786 0.321857 0.162663 2.02032 
1.06691 0.324348 0.173038 2.02025 
1.056 0.3397 0.195128 2.00157 
1.05414 0.34703 0.186629 1.99761 
1.05895 0.335247 0.182335 2.00515 
1.05641 0.338415 0.191152 2.00133 
1.08205 0.315597 0.109308 2.04979 
1.0904 0.303336 0.0388862 2.07546 
1.09225 0.250384 0.133242 2.06162 
1.0923 0.249484 0.0937412 2.05876 
1.06762 0.335276 0.156488 2.02286 
1.06655 0.33387 0.158826 2.01994 
1.06485 0.340747 0.157543 2.01794 
1.06595 0.336565 0.159554 2.01954 
1.05865 0.331862 0.199379 2.00654 
1.06188 0.330395 0.183793 2.01122 
1.06547 0.32064 0.18693 2.01797 
1.06228 0.325886 0.185395 2.01128 
1.06424 0.333012 0.16236 2.0143 
1.06378 0.336461 0.158975 2.01364 
1.06575 0.330563 0.158519 2.01676 
1.06426 0.331645 0.158578 2.01336 
1.0638 0.33366 0.175412 2.01557 
1.06431 0.334719 0.16787 2.01592 
1.0669 0.331259 0.166016 2.02114 
1.0649 0.331513 0.16786 2.01649 
1.06093 0.338005 0.174998 2.00968 
1.0587 0.346134 0.170406 2.00587 
1.06194 0.337512 0.168049 2.01089 
1.06062 0.339033 0.173222 2.00887 
1.06014 0.353803 0.155191 2.01202 
1.04641 0.377739 0.12993 1.99328 
1.06847 0.349422 0.125818 2.02875 
1.05793 0.349443 0.138684 2.00398 
0.988549 0.499214 0.161099 1.89695 
0.980482 0.506424 0.174969 1.88435 
0.97981 0.510897 0.164023 1.88305 
0.981705 0.501388 0.163963 1.88249 
0.990051 0.47792 0.157718 1.88928 
0.989175 0.473126 0.168942 1.88688 
0.982486 0.484821 0.172633 1.87754 
0.988198 0.482605 0.170187 1.88944 
0.971582 0.523685 0.13053 1.8656 
0.981185 0.509582 0.137187 1.88128 
0.974846 0.517594 0.1471 1.87232 
0.975196 0.512325 0.137248 1.86875 
1.01223 0.457883 0.160855 1.93328 
1.01626 0.452128 0.149565 1.93856 
1.01691 0.44861 0.160832 1.94037 
1.01473 0.448876 0.155545 1.93441 
0.99713 0.472114 0.170361 1.90551 
1.00513 0.460591 0.164607 1.91816 
1.00278 0.461919 0.175068 1.91502 
1.00163 0.460779 0.167888 1.91047 
1.00596 0.465815 0.147323 1.91971 
1.01227 0.453642 0.145124 1.92901 
1.00774 0.459272 0.154375 1.92211 
1.00877 0.4624 0.147811 1.92496 
0.997797 0.476476 0.134907 1.90342 
0.999774 0.468426 0.142284 1.90539 
0.995277 0.477369 0.145256 1.89939 
0.997941 0.477114 0.143267 1.90529 
1.00106 0.476331 0.132329 1.91074 
1.00667 0.466556 0.13193 1.9195 
1.00347 0.470109 0.138249 1.91443 
1.00392 0.471618 0.132949 1.91543 
1.00887 0.456691 0.164676 1.92532 
1.01387 0.446104 0.165791 1.9328 
1.00785 0.454012 0.173953 1.92328 
1.0103 0.456271 0.169814 1.92944 
1.00164 0.493743 0.0663913 1.91372 
1.00219 0.493014 0.0672912 1.91471 
1.00154 0.493587 0.0681985 1.91351 
1.00178 0.493427 0.0674202 1.91395 
1.00027 0.495402 0.067278 1.91148 
1.00095 0.495058 0.0667337 1.91277 
1.00073 0.495123 0.0675498 1.91232 
1.0006 0.49527 0.06718 1.91206 
1.00003 0.495406 0.0671312 1.91122 
1.0002 0.494983 0.065799 1.91148 
1.00096 0.494879 0.0661118 1.9127 
1.00045 0.495333 0.0662496 1.91212 
1.00048 0.495581 0.0687799 1.91203 
1.00034 0.495479 0.0684052 1.91161 
1.00059 0.495213 0.0682358 1.91207 
1.00044 0.495313 0.0684694 1.91177 
1.04278 0.392656 -0.142814 1.98505 
1.03788 0.40389 -0.143133 1.97701 
1.04148 0.392129 -0.150014 1.9839 
1.04147 0.395439 -0.148739 1.98377 
1.03252 0.425888 -0.141032 1.97198 
1.0271 0.437454 -0.132026 1.96187 
1.02664 0.437396 -0.140665 1.9633 
1.02752 0.428331 -0.13538 1.96004 
1.07683 0.306501 -0.109851 2.03975 
1.07728 0.293024 -0.112147 2.04052 
1.0805 0.297625 -0.104565 2.0454 
1.07841 0.300286 -0.112499 2.04243 
1.04012 0.425365 -0.0943824 1.9812 
1.04322 0.420272 -0.0864935 1.98576 
1.03937 0.428473 -0.0857191 1.97963 
1.0409 0.423036 -0.0905497 1.98156 
1.03248 0.440123 -0.103413 1.97023 
1.03701 0.433229 -0.100681 1.97774 
1.03328 0.440751 -0.0958793 1.97128 
1.03375 0.435103 -0.0997689 1.97044 
1.026 0.448914 -0.0947816 1.95738 
1.02902 0.441994 -0.101773 1.96243 
1.03038 0.442272 -0.0942094 1.96471 
1.02895 0.447521 -0.0973581 1.96419 
1.02833 0.437293 -0.122246 1.96248 
1.03435 0.428401 -0.118961 1.9722 
1.03073 0.437414 -0.112523 1.96626 
1.0305 0.43078 -0.116768 1.96354 
1.03973 0.421677 -0.114145 1.98161 
1.0447 0.415326 -0.108014 1.99016 
1.04078 0.424351 -0.105434 1.98382 
1.0413 0.417266 -0.109148 1.9827 
1.049 0.397222 -0.118029 1.99528 
1.04696 0.405951 -0.111607 1.99251 
1.04533 0.403247 -0.121719 1.98915 
1.04678 0.400148 -0.115303 1.99062 
1.05124 0.39372 -0.112136 1.99874 
1.05366 0.391421 -0.10575 2.00285 
1.04919 0.402572 -0.106446 1.99602 
1.05149 0.393995 -0.110374 1.99892 
1.05164 0.402122 -0.00705566 1.99444 
1.0485 0.40781 0.000619049 1.98876 
1.04772 0.410021 -0.00991155 1.98782 
1.04971 0.409588 -0.00421048 1.9925 
1.05186 0.408668 -0.0209604 1.9978 
1.05346 0.404145 -0.0113243 1.99979 
1.04923 0.412838 -0.0145115 1.99276 
1.0513 0.405034 -0.0164528 1.99488 
1.05781 0.39143 0.0103245 2.0057 
1.05686 0.392992 0.0163336 2.00395 
1.05595 0.396167 0.0121432 2.00284 
1.05676 0.393268 0.0111723 2.00376 
1.06058 0.385921 0.0315684 2.01096 
1.06097 0.384351 0.0362233 2.01147 
1.05885 0.388663 0.0334744 2.00764 
1.06009 0.385112 0.0328884 2.00946 
1.05925 0.388997 0.0258187 2.00863 
1.05999 0.387107 0.0285376 2.00985 
1.05843 0.389816 0.0301548 2.00693 
1.05931 0.388135 0.0289549 2.00854 
1.05865 0.38991 0.0102773 2.00725 
1.05951 0.388311 0.0146339 2.00886 
1.05767 0.390874 0.0158919 2.00519 
1.05874 0.389921 0.0148331 2.00752 
1.0624 0.383237 0.019631 2.01453 
1.06278 0.382115 0.0191031 2.01517 
1.06272 0.382194 0.0203793 2.01509 
1.06258 0.381972 0.0197325 2.01463 
1.0617 0.383897 0.022202 2.01298 
1.0619 0.383858 0.0202779 2.01349 
1.06224 0.383138 0.0218583 2.01416 
1.06198 0.383714 0.0219013 2.01366 
1.06117 0.385537 0.0173116 2.01209 
1.0621 0.383829 0.016453 2.01386 
1.062 0.38398 0.0187226 2.0137 
1.06173 0.38364 0.0172482 2.01288 
1.06275 0.381774 0.022828 2.01508 
1.06294 0.380203 0.0224482 2.01514 
1.06308 0.380293 0.0231285 2.01547 
1.0629 0.380509 0.022467 2.01508 
1.05062 0.409086 -0.0302722 1.99523 
1.04635 0.418286 -0.0328134 1.98844 
1.04926 0.412671 -0.0396421 1.99372 
1.04887 0.411515 -0.0363412 1.99207 
1.0493 0.410457 -0.0275651 1.99236 
1.04705 0.414349 -0.019815 1.98808 
1.04541 0.417844 -0.0296332 1.98577 
1.04748 0.416406 -0.0242132 1.99014 
1.05524 0.397682 -0.0409618 2.00278 
1.05238 0.402319 -0.0341043 1.9971 
1.05127 0.405165 -0.0444128 1.99596 
1.0531 0.403617 -0.0380543 1.99961 
1.05577 0.393669 -0.0218973 2.00184 
1.05457 0.396089 -0.0139191 1.99954 
1.05314 0.399418 -0.0243054 1.99752 
1.05501 0.400135 -0.0201351 2.00234 
1.02471 0.466228 0.0148147 1.95498 
1.02774 0.459531 0.0187449 1.95923 
1.02205 0.469848 0.020643 1.95014 
1.02474 0.462445 0.0166531 1.95323 
1.02618 0.455383 -0.0109266 1.95421 
1.02813 0.45412 -0.00407576 1.95809 
1.02283 0.4629 -0.00502809 1.94934 
1.02642 0.460336 -0.007788 1.9569 
1.01847 0.472345 -0.0144246 1.94363 
1.02404 0.463863 -0.0148529 1.95303 
1.02079 0.468923 -0.00745442 1.94732 
1.02029 0.465745 -0.0113582 1.94476 
1.03584 0.439986 -0.0295036 1.97155 
1.04085 0.430915 -0.029668 1.97995 
1.03813 0.437412 -0.0213612 1.9757 
1.03805 0.436256 -0.0246909 1.97521 
1.02622 0.459438 -0.0270537 1.95672 
1.0309 0.451189 -0.0277869 1.96439 
1.0276 0.457644 -0.0193631 1.95894 
1.02744 0.45379 -0.023005 1.957 
1.02652 0.456872 -0.0303199 1.95646 
1.02891 0.451498 -0.0379342 1.96019 
1.03148 0.447412 -0.0313907 1.9643 
1.02954 0.453571 -0.0352764 1.96248 
1.03527 0.444488 0.00563628 1.97103 
1.03141 0.450007 0.014265 1.96392 
1.0313 0.451238 0.00402491 1.96431 
1.03242 0.447942 0.00921657 1.96561 
1.04681 0.418698 0.00518655 1.9888 
1.04183 0.430187 0.00283108 1.98115 
1.04561 0.421785 -0.00399239 1.9872 
1.0449 0.420446 -0.000539379 1.9848 
1.04555 0.419619 0.00737473 1.98597 
1.04243 0.426939 0.0147702 1.98119 
1.04088 0.429715 0.00554645 1.97853 
1.04332 0.428654 0.0106816 1.98411 
1.06875 0.363917 0.0432048 2.02425 
1.07072 0.358188 0.0428875 2.02735 
1.06947 0.360789 0.0498551 2.02522 
1.06994 0.36374 0.0449705 2.02723 
1.06571 0.374751 0.0371545 2.02008 
1.06691 0.371629 0.0409115 2.02211 
1.06486 0.374041 0.0433278 2.01782 
1.06589 0.372948 0.0415712 2.02003 
1.06706 0.370893 0.0349691 2.02216 
1.06824 0.367604 0.0316176 2.02406 
1.06888 0.365923 0.0340781 2.02512 
1.06807 0.366606 0.0330407 2.02327 
1.06099 0.381715 0.02977 2.01046 
1.06201 0.381325 0.0298778 2.01293 
1.06127 0.380009 0.0343191 2.01066 
1.06149 0.381788 0.030572 2.01176 
1.06718 0.371008 0.0282274 2.02256 
1.06754 0.368335 0.0254137 2.02267 
1.06825 0.367721 0.0280444 2.02415 
1.06758 0.36854 0.026304 2.02271 
1.03272 0.448395 0.0342873 1.9666 
1.02668 0.461443 0.0360648 1.95762 
1.0299 0.454923 0.0268554 1.96245 
1.02938 0.450184 0.0323522 1.95918 
1.01669 0.477564 0.0251409 1.94083 
1.01563 0.479363 0.0314309 1.93911 
1.01281 0.482474 0.0262776 1.93395 
1.01504 0.479705 0.0282167 1.93798 
1.00944 0.483402 0.0142734 1.92693 
1.01095 0.480331 0.00662786 1.92907 
1.01314 0.478204 0.0116536 1.93305 
1.01187 0.482967 0.0104054 1.93249 
1.02627 0.457941 0.021382 1.95488 
1.02426 0.463788 0.0303871 1.95267 
1.02119 0.467294 0.0228909 1.94683 
1.02451 0.464837 0.0263209 1.95383 
0.991159 0.448374 0.00769888 1.88398 
0.991365 0.456157 -0.000692904 1.88436 
0.989595 0.431505 4.41986e-05 1.8805 
0.991564 0.449076 -0.00155914 1.88515 
0.984784 0.496806 -0.0180493 1.88019 
0.985757 0.490724 -0.0272896 1.88077 
0.988622 0.486418 -0.0202431 1.88572 
0.986573 0.488984 -0.0205065 1.88173 
0.972901 0.518416 -0.0262155 1.86253 
0.96742 0.526724 -0.0217085 1.85346 
0.967119 0.525218 -0.0313833 1.85288 
0.96827 0.520777 -0.026109 1.85298 
0.973058 0.507933 -0.0392672 1.85916 
0.973885 0.512216 -0.0291727 1.8622 
0.967691 0.519243 -0.0351376 1.8517 
0.972123 0.516557 -0.0353551 1.86063 
0.982037 0.505009 -0.0148168 1.87667 
0.977967 0.512691 -0.00920668 1.87008 
0.97801 0.509973 -0.0193326 1.86972 
0.979446 0.507532 -0.0139182 1.87178 
0.978991 0.513036 0.0105085 1.87125 
0.979818 0.51092 0.000634752 1.87276 
0.984836 0.505246 0.00378792 1.88198 
0.980729 0.508749 0.00478674 1.87384 
0.97609 0.517492 0.0143028 1.86658 
0.969015 0.52394 0.00706263 1.85376 
0.975231 0.514564 0.00263177 1.86369 
0.974654 0.521518 0.00846597 1.86562 
0.947614 0.547634 -0.0301605 1.82023 
0.940446 0.55344 -0.0331664 1.80758 
0.946839 0.544046 -0.0392137 1.81721 
0.946294 0.551082 -0.0337032 1.81955 
0.952957 0.544359 -0.0130541 1.82881 
0.953447 0.543461 -0.0219941 1.83033 
0.960885 0.534634 -0.0171783 1.84214 
0.954253 0.537511 -0.0176474 1.82846 
0.947643 0.546551 -0.0126962 1.81789 
0.939623 0.554452 -0.0142746 1.8046 
0.946626 0.546272 -0.0212617 1.81629 
0.946239 0.551912 -0.0159154 1.8182 
0.98547 0.398836 -0.0499698 1.86938 
0.984414 0.408439 -0.0578572 1.86859 
0.983694 0.380843 -0.0544063 1.86367 
0.984976 0.399304 -0.0584938 1.86877 
0.989357 0.442528 -0.0420404 1.88009 
0.987321 0.442102 -0.0521277 1.87649 
0.989398 0.420537 -0.0498622 1.87885 
0.990139 0.442745 -0.0475749 1.88338 
0.989615 0.436814 -0.0363479 1.87949 
0.988145 0.435035 -0.0425553 1.8765 
0.988094 0.397949 -0.0405008 1.87401 
0.990394 0.435373 -0.0381845 1.88198 
0.993564 0.422066 -0.00766571 1.88925 
0.987844 0.410375 -0.00459119 1.87709 
0.987089 0.40259 -0.0135863 1.87391 
0.989852 0.409432 -0.00705065 1.88163 
0.989116 0.471185 -0.0198767 1.88206 
0.985708 0.47744 -0.0282911 1.87652 
0.990404 0.460788 -0.0265718 1.88324 
0.989503 0.474423 -0.026676 1.88463 
0.984577 0.480995 -0.0389225 1.87584 
0.98383 0.476523 -0.048904 1.87374 
0.988139 0.465805 -0.043269 1.88103 
0.98631 0.475772 -0.0415952 1.87902 
0.981343 0.473012 -0.0577692 1.86823 
0.980941 0.464629 -0.0653367 1.86649 
0.98422 0.45806 -0.0592731 1.87222 
0.982098 0.463229 -0.0584307 1.86822 
0.944376 0.361661 -0.163278 1.78811 
0.939806 0.396932 -0.163417 1.78626 
0.937846 0.369028 -0.171031 1.77694 
0.939261 0.366273 -0.161679 1.77714 
0.969989 0.454483 -0.100177 1.84773 
0.969424 0.468038 -0.0924607 1.84704 
0.963525 0.467847 -0.104832 1.8371 
0.968943 0.466526 -0.0971466 1.84859 
0.975655 0.405707 -0.0990921 1.85276 
0.973147 0.432457 -0.103435 1.85252 
0.972798 0.407813 -0.107635 1.84791 
0.972592 0.406577 -0.101489 1.84578 
0.978723 0.450345 -0.0865719 1.86448 
0.974023 0.466602 -0.0895445 1.85703 
0.97476 0.45341 -0.0958312 1.85824 
0.974518 0.451317 -0.0904456 1.85517 
0.923209 0.449044 -0.159038 1.76379 
0.916229 0.436987 -0.167755 1.74731 
0.922216 0.420551 -0.169862 1.75583 
0.919989 0.435467 -0.162588 1.75461 
0.940639 0.445141 -0.140812 1.79296 
0.929675 0.448555 -0.14876 1.77298 
0.936043 0.421275 -0.14985 1.77989 
0.937213 0.445469 -0.146522 1.78899 
0.957556 0.468176 -0.116962 1.82836 
0.952186 0.456415 -0.129128 1.81682 
0.959635 0.449152 -0.122326 1.8298 
0.956357 0.45348 -0.120657 1.82376 
0.952653 0.473051 -0.115988 1.819 
0.941759 0.479654 -0.125101 1.80003 
0.946434 0.462575 -0.127486 1.8059 
0.947752 0.47667 -0.12419 1.81248 
0.942239 0.465327 -0.137645 1.80152 
0.937013 0.482736 -0.134117 1.79414 
0.932543 0.471849 -0.144712 1.7849 
0.935832 0.468454 -0.138223 1.78808 
0.968871 0.409123 -0.110142 1.83909 
0.969544 0.43456 -0.104349 1.84474 
0.964459 0.428109 -0.115043 1.83391 
0.968955 0.42871 -0.107049 1.84416 
0.846104 0.565144 -0.111542 1.64466 
0.868202 0.548841 -0.125134 1.6806 
0.866009 0.55596 -0.10685 1.67388 
0.860083 0.555389 -0.112978 1.66503 
0.934629 0.552195 -0.0594041 1.79766 
0.942037 0.546005 -0.059738 1.81036 
0.937289 0.553397 -0.0520208 1.80281 
0.936804 0.548031 -0.0568947 1.79944 
0.924249 0.535208 -0.0905105 1.77194 
0.929871 0.540177 -0.0811206 1.78448 
0.919186 0.545814 -0.079891 1.76506 
0.925755 0.543445 -0.083508 1.77885 
0.932505 0.531761 -0.0928907 1.789 
0.941361 0.52675 -0.0904039 1.80486 
0.936351 0.537472 -0.0838827 1.79793 
0.935299 0.529348 -0.0897381 1.79236 
0.916659 0.512568 -0.131977 1.76195 
0.929828 0.50032 -0.129648 1.7836 
0.922714 0.51512 -0.122221 1.77135 
0.920974 0.505423 -0.126428 1.76549 
0.944092 0.520566 -0.0834759 1.80608 
0.950538 0.521031 -0.0767748 1.81922 
0.93936 0.531556 -0.0786968 1.80012 
0.944916 0.52787 -0.0809562 1.81103 
0.940022 0.509852 -0.104616 1.79758 
0.94137 0.518235 -0.0955238 1.80148 
0.931888 0.523182 -0.099021 1.78448 
0.939392 0.519893 -0.09895 1.79987 
0.927378 0.520919 -0.113292 1.77996 
0.93744 0.513088 -0.109418 1.79646 
0.928938 0.528481 -0.103834 1.78355 
0.929232 0.516719 -0.109523 1.77959 
0.956121 0.481663 -0.107376 1.82473 
0.9573 0.49209 -0.0966765 1.82731 
0.948808 0.496212 -0.105619 1.81273 
0.955653 0.493625 -0.102438 1.82705 
0.961882 0.497791 -0.0812845 1.83622 
0.967419 0.497464 -0.0711521 1.84659 
0.959306 0.509613 -0.0743796 1.83378 
0.9622 0.501524 -0.0781202 1.83694 
0.930869 0.553537 -0.0554345 1.78968 
0.933659 0.554733 -0.0492825 1.79522 
0.928649 0.55817 -0.0497027 1.78668 
0.931617 0.557197 -0.0513484 1.79289 
0.923821 0.557336 -0.049487 1.77736 
0.924056 0.556423 -0.0511809 1.7777 
0.925713 0.558504 -0.0495191 1.78116 
0.924396 0.557239 -0.04995 1.77863 
0.935671 0.541004 -0.0705717 1.79571 
0.941225 0.541603 -0.0633223 1.8067 
0.932827 0.54868 -0.0629809 1.7924 
0.93705 0.546437 -0.0661232 1.80092 
1.04492 0.406982 -0.112413 1.98797 
1.03971 0.41332 -0.118887 1.97882 
1.04289 0.404544 -0.122479 1.98372 
1.04281 0.411395 -0.11894 1.98569 
1.05326 0.39346 -0.104294 2.00219 
1.05207 0.398353 -0.0957865 1.99992 
1.04901 0.402697 -0.104223 1.99515 
1.0516 0.400818 -0.100124 2.00042 
1.04738 0.410508 -0.0991406 1.99357 
1.05041 0.405252 -0.0914068 1.998 
1.04667 0.413204 -0.0891549 1.99163 
1.04806 0.406785 -0.0935928 1.99298 
1.05526 0.37637 -0.119487 2.00353 
1.05472 0.383079 -0.110263 2.00293 
1.05229 0.385309 -0.116984 1.99882 
1.05422 0.384367 -0.115319 2.0031 
1.05948 0.385856 -0.0912224 2.01334 
1.05487 0.396308 -0.0915096 2.00571 
1.05635 0.391187 -0.0993166 2.0085 
1.05667 0.387591 -0.0947228 2.00728 
1.05835 0.387456 -0.0704966 2.00892 
1.06207 0.379525 -0.067275 2.01511 
1.05893 0.388627 -0.0619627 2.01003 
1.05949 0.385538 -0.064054 2.0106 
1.03626 0.433344 -0.0674119 1.97215 
1.03507 0.43823 -0.0601022 1.97071 
1.03143 0.443023 -0.0632245 1.96425 
1.03445 0.440322 -0.0620121 1.97037 
1.03573 0.429452 -0.0818955 1.97068 
1.03654 0.428329 -0.075909 1.97157 
1.03212 0.437038 -0.0784399 1.96483 
1.03552 0.434488 -0.0781993 1.97202 
1.03745 0.42748 -0.0961108 1.9757 
1.03686 0.430475 -0.0874593 1.97446 
1.0338 0.435149 -0.0918544 1.96955 
1.03616 0.433481 -0.0911049 1.97456 
1.04276 0.419592 -0.0821121 1.98385 
1.03933 0.425944 -0.0743419 1.97728 
1.0391 0.426889 -0.0813181 1.97781 
1.03958 0.422646 -0.0769523 1.97687 
1.04194 0.426307 -0.0593192 1.98244 
1.03759 0.435626 -0.0583429 1.97565 
1.03906 0.430263 -0.0651824 1.97758 
1.03958 0.429966 -0.0631077 1.97842 
1.01964 0.465767 -0.0424562 1.94479 
1.01562 0.470229 -0.0416095 1.93761 
1.0186 0.464883 -0.0479924 1.94239 
1.01863 0.468465 -0.0434367 1.94392 
1.02251 0.445929 -0.110267 1.95049 
1.02411 0.439776 -0.118248 1.95281 
1.02744 0.43935 -0.110288 1.95882 
1.02526 0.44432 -0.113894 1.95687 
1.01595 0.454854 -0.0978884 1.93957 
1.02032 0.453199 -0.104572 1.9483 
1.02164 0.455967 -0.0987173 1.95113 
1.02 0.455634 -0.100995 1.94827 
1.00897 0.448189 -0.0753421 1.92362 
1.01132 0.453448 -0.0843899 1.92929 
1.01538 0.464201 -0.0840538 1.93936 
1.01224 0.453421 -0.0833982 1.93143 
1.00074 0.398594 -0.07144 1.89957 
0.989412 0.329058 -0.0619629 1.86956 
1.00306 0.413926 -0.080746 1.90665 
0.999716 0.401134 -0.0669828 1.89773 
0.992082 0.358678 -0.0692303 1.87824 
0.982179 0.25696 -0.0558629 1.84771 
0.988037 0.308657 -0.0573386 1.86574 
0.985571 0.30307 -0.0782012 1.85971 
1.01921 0.440142 -0.123447 1.94485 
1.0081 0.419327 -0.105738 1.91952 
1.00729 0.404199 -0.110398 1.91731 
1.00907 0.417893 -0.108336 1.92159 
1.00356 0.414584 -0.0784279 1.90793 
0.990125 0.332627 -0.051869 1.87188 
0.998602 0.388961 -0.0723428 1.89453 
0.999798 0.384991 -0.0832221 1.89702 
0.985791 0.312995 -0.0485341 1.86098 
0.994923 0.379595 -0.0537496 1.88583 
0.983242 0.297609 -0.0470513 1.85361 
0.984433 0.309764 -0.0573747 1.85714 
0.977119 0.249134 -0.0762995 1.83331 
0.977698 0.229895 -0.0624023 1.83277 
0.977469 0.237867 -0.0583842 1.83312 
0.976836 0.232762 -0.0668589 1.83136 
0.978706 0.313932 -0.083565 1.84515 
0.978069 0.281873 -0.0825624 1.83927 
0.978787 0.283811 -0.0766686 1.84081 
0.97782 0.283045 -0.0787731 1.83813 
0.96835 0.301953 -0.116119 1.82299 
0.967996 0.270368 -0.117758 1.81807 
0.971197 0.275007 -0.104509 1.82467 
0.968534 0.271354 -0.112529 1.81775 
1.01072 0.427677 -0.103004 1.92583 
1.02101 0.443808 -0.120512 1.94976 
1.01998 0.449108 -0.11168 1.94795 
1.01828 0.446812 -0.113972 1.94371 
1.01328 0.445009 -0.0984456 1.93305 
1.01019 0.428737 -0.100877 1.92476 
1.01838 0.451905 -0.106173 1.94472 
1.01386 0.444351 -0.0993689 1.93425 
0.975807 0.206846 -0.0854136 1.82692 
0.975501 0.19992 -0.0946201 1.82619 
0.976815 0.205095 -0.0820454 1.83037 
0.976436 0.204882 -0.0848449 1.82883 
1.04191 0.42485 -0.043866 1.98068 
1.04689 0.41538 -0.0449371 1.98919 
1.04435 0.420441 -0.0367309 1.98449 
1.04432 0.422522 -0.0402932 1.98552 
1.03413 0.444353 -0.0361668 1.96958 
1.03159 0.447961 -0.0443174 1.9654 
1.03686 0.438545 -0.0440279 1.97412 
1.0337 0.442072 -0.0394569 1.96774 
1.0348 0.419612 -0.123682 1.97036 
1.02823 0.429292 -0.127272 1.95976 
1.03342 0.416753 -0.135041 1.96853 
1.03284 0.426528 -0.129717 1.97019 
1.04435 0.41488 -0.0916346 1.98677 
1.04117 0.419818 -0.0998333 1.98202 
1.04478 0.412449 -0.102569 1.98825 
1.04336 0.418262 -0.0976145 1.98657 
1.03745 0.426336 -0.105333 1.97646 
1.03247 0.432772 -0.108633 1.96771 
1.03594 0.42392 -0.114218 1.97324 
1.03574 0.430725 -0.11007 1.975 
1.00531 0.491745 0.0281298 1.92121 
1.00879 0.488594 0.0284294 1.92758 
1.0071 0.49091 0.0344087 1.92471 
1.0067 0.489268 0.0299889 1.92294 
0.992202 0.484958 0.0321503 1.89315 
0.9929 0.473863 0.0293198 1.89434 
0.993178 0.473566 0.04062 1.89549 
0.990622 0.47262 0.0337095 1.88845 
1.00982 0.485766 0.0181944 1.92885 
1.01308 0.481968 0.0167774 1.93463 
1.01112 0.485345 0.0238535 1.93154 
1.01064 0.482524 0.0196417 1.9291 
1.0046 0.483676 0.0164582 1.9183 
1.00672 0.487405 0.0189963 1.92276 
1.00423 0.488932 0.0232859 1.91844 
1.00587 0.488877 0.0187852 1.92225 
1.00532 0.484275 0.0107648 1.92023 
1.00949 0.485788 0.00570526 1.92864 
1.00823 0.487595 0.0135789 1.92638 
1.00729 0.485622 0.0103321 1.92334 
1.01208 0.479225 -0.0151802 1.93215 
1.00673 0.474792 -0.0101126 1.92123 
1.0081 0.476564 -0.0154176 1.92371 
1.0093 0.476823 -0.0140126 1.92665 
0.991048 0.485124 -0.00665809 1.88997 
0.987644 0.495079 0.000368129 1.88507 
0.98632 0.495519 -0.00950557 1.88264 
0.989441 0.494824 -0.00372437 1.88969 
0.9911 0.45177 -0.0284668 1.88436 
0.991061 0.438925 -0.0242979 1.88375 
0.989872 0.462655 -0.0223324 1.88255 
0.99088 0.450925 -0.0219664 1.88339 
0.992706 0.474936 0.0041642 1.89246 
0.988929 0.492805 0.00134999 1.88763 
0.991818 0.482135 -0.00411688 1.89178 
0.990145 0.47939 0.00159735 1.88651 
0.991369 0.453903 0.020627 1.8883 
0.992791 0.448767 0.0148263 1.89061 
0.997127 0.467885 0.0252715 1.90224 
0.992468 0.450971 0.0211112 1.89077 
0.99444 0.470612 0.041632 1.89741 
0.991288 0.456281 0.0324571 1.88917 
0.996249 0.470522 0.033692 1.9009 
0.99455 0.468433 0.0349549 1.89724 
0.993297 0.489393 0.0323586 1.8948 
0.992001 0.490175 0.0237991 1.8922 
0.994511 0.47765 0.0255209 1.89561 
0.994639 0.490509 0.0283415 1.89878 
0.990461 0.492849 0.0142931 1.89003 
0.989577 0.492646 0.00554818 1.88834 
0.993421 0.478225 0.00569458 1.89385 
0.992553 0.491772 0.010188 1.89505 
0.98538 0.458211 -0.0518666 1.87472 
0.987062 0.458672 -0.0421356 1.8777 
0.982761 0.473032 -0.0508719 1.87129 
0.984562 0.459148 -0.0503744 1.87222 
0.991149 0.434118 -0.0177119 1.88345 
0.991055 0.43151 -0.00868673 1.88401 
0.991669 0.457041 -0.0112108 1.88546 
0.99 0.433489 -0.0102309 1.88036 
0.989795 0.400371 -0.0256534 1.87893 
0.989152 0.419985 -0.019293 1.87854 
0.990872 0.43839 -0.0263969 1.88306 
0.988952 0.417623 -0.0299653 1.87715 
0.988754 0.391924 -0.0215866 1.87814 
0.994611 0.421297 -0.00603611 1.89147 
0.987507 0.403133 -0.0212958 1.87524 
0.985914 0.393903 -0.0168175 1.87183 
0.974173 0.513563 -0.0179889 1.8625 
0.975121 0.515778 -0.00772245 1.86494 
0.969437 0.521804 -0.0143594 1.85515 
0.973541 0.519863 -0.0137109 1.86368 
0.990408 0.483991 -0.0089667 1.88883 
0.986015 0.496648 -0.0134822 1.88302 
0.988809 0.486557 -0.0155985 1.88631 
0.987926 0.485096 -0.0131429 1.88333 
0.985154 0.502056 0.00180702 1.88204 
0.979798 0.511187 -0.00309164 1.87359 
0.983395 0.50357 -0.00739669 1.8791 
0.982262 0.504168 -0.00484316 1.87626 
0.997932 0.467599 0.025964 1.90325 
0.993246 0.444061 0.0173804 1.89104 
0.996313 0.45443 0.0206236 1.89861 
0.996171 0.456691 0.0176192 1.89927 
0.994727 0.478381 0.0215929 1.89741 
0.992574 0.492564 0.0184108 1.89505 
0.995551 0.478717 0.0142733 1.89956 
0.993074 0.478624 0.0174993 1.89326 
0.994388 0.4866 0.042053 1.89621 
0.992907 0.484969 0.0360459 1.89312 
0.993607 0.478484 0.038715 1.89599 
0.994952 0.484593 0.0393741 1.89795 
0.994081 0.494855 0.0453054 1.89739 
0.989971 0.499416 0.0395134 1.88978 
0.992281 0.492955 0.0396861 1.89289 
0.992394 0.498402 0.0408682 1.89511 
0.98317 0.510744 0.0312571 1.8789 
0.974683 0.523299 0.0346426 1.86531 
0.977662 0.520167 0.0255217 1.87115 
0.977361 0.515034 0.0285827 1.8674 
0.99236 0.49642 0.0336876 1.89478 
0.988787 0.504407 0.0319105 1.88939 
0.990672 0.499307 0.0258394 1.8922 
0.989613 0.497041 0.0296254 1.88844 
0.993182 0.500107 0.0455048 1.89721 
0.986988 0.512374 0.0434493 1.88818 
0.988562 0.507189 0.0398233 1.88966 
0.988103 0.503171 0.0417228 1.88653 
0.973719 0.520091 -0.00528166 1.86346 
0.966946 0.530193 -0.00106171 1.85263 
0.968015 0.527335 -0.011018 1.85424 
0.968282 0.522513 -0.00609445 1.85208 
1.01864 0.468821 -0.0180615 1.94251 
1.02289 0.461326 -0.024437 1.94945 
1.02465 0.459585 -0.0189682 1.95267 
1.02317 0.466348 -0.0204675 1.95237 
1.01755 0.474949 -0.0183166 1.94291 
1.01848 0.473941 -0.0247037 1.94495 
1.02176 0.467851 -0.0247172 1.94986 
1.01895 0.469942 -0.0239518 1.94404 
1.01308 0.477538 -0.00197023 1.93298 
1.01512 0.473544 -0.00956415 1.93606 
1.01782 0.470178 -0.00453452 1.94072 
1.01603 0.476477 -0.00597085 1.93957 
1.01103 0.484007 -0.00293912 1.93163 
1.00708 0.478204 -0.0066073 1.92288 
1.0127 0.481769 -0.0107934 1.93469 
1.01009 0.481942 -0.00697542 1.92849 
0.990788 0.438181 -0.0170659 1.88192 
0.991406 0.461246 -0.00963652 1.88495 
0.99011 0.46191 -0.0164491 1.88231 
0.991955 0.461503 -0.0147473 1.88675 
0.996414 0.446324 0.0103644 1.89767 
0.989173 0.420341 0.00420364 1.88209 
0.995653 0.436076 0.002024 1.89547 
0.993745 0.436152 0.00372122 1.89112 
0.99191 0.44197 0.0104293 1.88945 
0.989662 0.435746 0.004393 1.88077 
0.98884 0.42717 0.000704124 1.88059 
0.98804 0.428966 0.0039711 1.87945 
1.00653 0.451379 -0.0286362 1.91797 
1.01176 0.474208 -0.0330964 1.93224 
1.01014 0.471151 -0.027378 1.92807 
1.00964 0.470275 -0.0292357 1.92668 
1.0231 0.464689 -0.0393878 1.95229 
1.02682 0.458478 -0.0414348 1.95846 
1.02474 0.461597 -0.0324502 1.95441 
1.02408 0.459822 -0.0364328 1.95225 
1.01576 0.473763 -0.0370888 1.93937 
1.01927 0.469613 -0.0380112 1.94548 
1.01726 0.473291 -0.0315015 1.9421 
1.017 0.47013 -0.0357613 1.94016 
1.01171 0.47616 -0.0273846 1.93122 
1.01353 0.473342 -0.033024 1.93401 
1.01527 0.473645 -0.0291124 1.93752 
1.0142 0.476014 -0.0295268 1.93674 
1.00536 0.452403 -0.0271643 1.91592 
1.00942 0.4671 -0.0395569 1.92624 
1.01165 0.471851 -0.0375741 1.93111 
1.01004 0.467451 -0.0381524 1.92782 
1.02036 0.4628 -0.069712 1.9475 
1.01587 0.468165 -0.0687295 1.93985 
1.01826 0.463879 -0.0762713 1.94393 
1.01865 0.467449 -0.0713499 1.94617 
1.01737 0.467775 -0.0551247 1.94154 
1.01303 0.472011 -0.0524574 1.93418 
1.01402 0.470152 -0.0601288 1.93582 
1.01531 0.472164 -0.0562461 1.93962 
1.0265 0.452033 -0.0601951 1.9563 
1.02215 0.461155 -0.055388 1.94979 
1.02334 0.458387 -0.0625895 1.95192 
1.02409 0.457584 -0.0615733 1.9532 
1.01466 0.475119 -0.04193 1.93823 
1.01364 0.474668 -0.0471283 1.93665 
1.01755 0.471388 -0.0485823 1.94337 
1.01478 0.472386 -0.0465657 1.93743 
0.999743 0.42798 -0.0303691 1.90181 
0.99603 0.402182 -0.0353614 1.89109 
1.00638 0.456924 -0.040853 1.91925 
1.00015 0.427514 -0.031181 1.90265 
0.986613 0.354229 -0.0219885 1.86633 
0.989521 0.381461 -0.0175764 1.87503 
0.981777 0.327709 -0.024633 1.85414 
0.986154 0.357579 -0.0306206 1.86676 
0.979505 0.29761 -0.042871 1.84492 
0.98219 0.33201 -0.0355815 1.85585 
0.978467 0.308094 -0.0409357 1.84374 
0.978889 0.302419 -0.0378693 1.84453 
0.979896 0.288878 -0.0444398 1.84468 
0.981117 0.290914 -0.045054 1.84819 
0.987421 0.341074 -0.0394031 1.86672 
0.980111 0.29113 -0.0462359 1.84577 
1.02546 0.45853 0.00836706 1.9533 
1.02852 0.452892 0.00420222 1.95826 
1.02874 0.451344 0.0130473 1.95799 
1.02818 0.45681 0.00751085 1.95911 
1.0171 0.475993 0.0126747 1.94124 
1.02134 0.470573 0.0121203 1.94887 
1.01936 0.473983 0.0182496 1.94559 
1.01896 0.472721 0.0151385 1.94415 
1.02268 0.466383 -0.00187846 1.95042 
1.02751 0.458781 -0.000644299 1.95854 
1.02432 0.463619 0.00475923 1.9529 
1.02424 0.461001 0.00183277 1.9516 
0.995813 0.402601 -0.034341 1.89068 
0.998308 0.414623 -0.0413358 1.89714 
1.00584 0.456498 -0.0436607 1.91789 
0.998489 0.413813 -0.0433103 1.89722 
1.01964 0.473609 0.02853 1.94611 
1.0222 0.468761 0.0339029 1.95004 
1.01775 0.47596 0.0344101 1.94265 
1.01979 0.471349 0.0310003 1.94533 
1.03624 0.439063 -0.00753014 1.97147 
1.0378 0.437488 0.00138816 1.97436 
1.03308 0.447634 -0.000131947 1.96722 
1.03609 0.442245 -0.00478221 1.97225 
1.02907 0.453186 -0.0136974 1.96029 
1.0341 0.444664 -0.0136938 1.96876 
1.03104 0.45227 -0.00495915 1.96435 
1.03097 0.448622 -0.00896589 1.96282 
1.04356 0.426209 -0.0234698 1.98447 
1.04558 0.422087 -0.0146308 1.98747 
1.04047 0.433523 -0.0164315 1.97968 
1.04337 0.42575 -0.0208533 1.98369 
1.03878 0.433676 -0.0128456 1.97545 
1.04327 0.425195 -0.0113856 1.98295 
1.04005 0.432762 -0.00274664 1.97788 
1.04056 0.431014 -0.00693332 1.97861 
1.02505 0.45668 0.0657861 1.95277 
1.02197 0.461208 0.0677007 1.94739 
1.02577 0.455972 0.0574136 1.95375 
1.02443 0.457821 0.0657106 1.95174 
1.01986 0.468622 0.0445229 1.9445 
1.01769 0.473507 0.0364803 1.94133 
1.02121 0.467006 0.0366999 1.94683 
1.02057 0.472426 0.0395534 1.9479 
0.999423 0.495241 0.068021 1.90935 
0.999576 0.494738 0.0680299 1.90963 
0.999621 0.495059 0.0685403 1.90973 
0.999598 0.495134 0.0682465 1.90973 
0.998734 0.496447 0.0683328 1.90828 
0.999144 0.495989 0.0680714 1.909 
0.99912 0.496162 0.0684907 1.90906 
0.999095 0.496223 0.0683745 1.90902 
0.998995 0.495021 0.0662885 1.90837 
0.999485 0.494068 0.0669108 1.90957 
0.999232 0.49517 0.067317 1.90892 
0.999411 0.494748 0.0669136 1.90927 
1.01018 0.486043 0.0464293 1.92956 
1.00654 0.492097 0.0484203 1.92404 
1.00801 0.489976 0.0426911 1.92633 
1.00867 0.490731 0.0447484 1.92827 
1.00361 0.490883 0.0666826 1.91703 
1.00437 0.491008 0.0626136 1.91866 
1.00516 0.489597 0.0651446 1.92 
1.00428 0.490143 0.0651187 1.91818 
1.00265 0.494296 0.0565642 1.91607 
1.00398 0.492782 0.0531122 1.9183 
1.00442 0.49096 0.0567103 1.91848 
1.00414 0.493966 0.0553415 1.91937 
1.00167 0.49425 0.0652822 1.91398 
1.00189 0.495335 0.0619343 1.91493 
1.00296 0.493388 0.0627883 1.91652 
1.00196 0.493712 0.0633132 1.91432 
0.998841 0.49457 0.065784 1.90806 
0.99907 0.493113 0.0656096 1.90875 
0.999266 0.493276 0.0671091 1.90916 
0.998747 0.492968 0.0659883 1.90794 
0.998408 0.494869 0.0643758 1.90683 
0.997797 0.494054 0.0617501 1.90539 
0.998721 0.492526 0.0631712 1.90774 
0.998609 0.493561 0.0632486 1.90717 
0.996256 0.491637 0.0559271 1.90157 
0.996003 0.490378 0.0517733 1.90138 
0.998891 0.490713 0.0569672 1.90858 
0.99691 0.48986 0.0543295 1.90343 
0.99829 0.497345 0.0682285 1.90766 
0.997575 0.498279 0.0670583 1.90637 
0.998476 0.497381 0.0664352 1.90801 
0.998097 0.497615 0.0672369 1.90728 
0.995649 0.488013 0.0507329 1.90118 
0.997323 0.486207 0.05153 1.90513 
0.999215 0.490681 0.057327 1.90926 
0.996208 0.486385 0.0523444 1.9026 
1.00005 0.495286 0.0684341 1.91103 
0.999693 0.494745 0.0682946 1.91014 
0.99987 0.494902 0.0680362 1.9106 
0.999843 0.494916 0.0681954 1.91055 
1.00513 0.490475 0.0383585 1.92016 
0.999833 0.489497 0.04363 1.91003 
1.0024 0.488919 0.0353443 1.91448 
1.00329 0.491044 0.0384334 1.9177 
1.0141 0.480684 0.0340062 1.93616 
1.00977 0.487275 0.0354201 1.92915 
1.01151 0.483881 0.0300232 1.93162 
1.01205 0.485427 0.0320867 1.93359 
1.00445 0.494855 0.0480711 1.92064 
1.00113 0.492074 0.0460313 1.91309 
1.00555 0.493002 0.041997 1.92226 
1.00342 0.493625 0.0450533 1.91765 
1.0033 0.491066 0.0661772 1.91634 
1.00209 0.493688 0.065473 1.9147 
1.00354 0.491951 0.0638646 1.91723 
1.00341 0.492611 0.0646026 1.91726 
0.998659 0.490951 0.0606489 1.90834 
0.998298 0.490622 0.0632808 1.90726 
0.997208 0.491265 0.0606189 1.90395 
0.997973 0.490714 0.061464 1.90644 
1.00314 0.495267 0.0527204 1.91786 
1.00173 0.496256 0.05647 1.91518 
1.00137 0.492674 0.051672 1.91387 
1.0026 0.496039 0.0527672 1.91701 
0.994522 0.499074 0.0913236 1.90158 
0.99381 0.503552 0.0850958 1.90155 
0.997237 0.494844 0.0879609 1.90554 
0.994909 0.498119 0.0867531 1.90157 
0.95007 0.558677 0.126558 1.83616 
0.949102 0.556035 0.109953 1.83008 
0.960523 0.543732 0.123251 1.85052 
0.951698 0.546762 0.117943 1.8314 
0.967312 0.521335 0.153321 1.85791 
0.959204 0.529871 0.154431 1.84421 
0.964478 0.527103 0.135218 1.85172 
0.963399 0.527743 0.149165 1.85179 
0.922605 0.582207 0.0944537 1.78579 
0.931836 0.57775 0.0745314 1.80164 
0.940249 0.566779 0.0928935 1.81499 
0.930518 0.572486 0.0880644 1.79636 
0.985081 0.519144 0.0774666 1.88864 
0.990584 0.508351 0.0826715 1.89622 
0.986582 0.512754 0.0854249 1.88945 
0.98747 0.5115 0.083934 1.89067 
0.983734 0.510424 0.0336895 1.87966 
0.982492 0.514884 0.0417015 1.87882 
0.976009 0.520697 0.037664 1.8668 
0.982124 0.517155 0.0389844 1.8793 
0.997707 0.49852 0.0712075 1.90708 
0.998355 0.497458 0.0695934 1.90797 
0.998429 0.49736 0.0709966 1.90819 
0.997938 0.497581 0.0702793 1.90709 
0.986286 0.513323 0.0760207 1.88817 
0.990552 0.506101 0.0745329 1.89429 
0.990077 0.509216 0.0809124 1.89531 
0.988506 0.512145 0.0769783 1.89283 
0.98849 0.506567 0.0473293 1.88862 
0.993951 0.500806 0.0470026 1.89883 
0.990894 0.504801 0.0529767 1.8934 
0.991104 0.503776 0.0493563 1.89349 
0.999513 0.495522 0.0688678 1.9097 
0.999267 0.496004 0.0686881 1.90934 
0.999372 0.495754 0.0683634 1.90945 
0.999342 0.495758 0.0684994 1.90939 
0.998951 0.496674 0.0689581 1.90895 
0.999159 0.496291 0.0687327 1.90923 
0.999247 0.496221 0.0689783 1.90942 
0.999102 0.496272 0.0688357 1.90909 
0.999254 0.495986 0.0698143 1.90938 
0.99893 0.496417 0.0694441 1.9088 
0.999286 0.496024 0.0692947 1.90944 
0.999152 0.496246 0.0694944 1.90925 
0.999711 0.495437 0.069399 1.91016 
0.999499 0.495748 0.0696359 1.90983 
0.999513 0.49584 0.069255 1.90988 
0.999565 0.495582 0.0695039 1.9099 
0.999943 0.495163 0.0698283 1.91061 
1.00015 0.495056 0.0698095 1.91106 
1.00006 0.495086 0.0702955 1.91088 
1.00005 0.49509 0.0698891 1.91083 
0.970708 0.525794 0.0335874 1.85735 
0.964958 0.534227 0.0254278 1.84897 
0.973968 0.524567 0.0199493 1.86469 
0.969901 0.529809 0.0272656 1.8581 
0.981437 0.520939 0.047267 1.8796 
0.980044 0.525854 0.0599475 1.87936 
0.976801 0.528786 0.0470937 1.87312 
0.977532 0.52216 0.0489667 1.8712 
0.99289 0.503986 0.0644973 1.89807 
0.995416 0.500955 0.0677825 1.90265 
0.992586 0.505105 0.0689389 1.89817 
0.993577 0.504891 0.0675295 1.90031 
0.996219 0.496444 0.0584254 1.90221 
0.992673 0.501666 0.0571264 1.89626 
0.995135 0.496627 0.0539064 1.89994 
0.994431 0.498801 0.0557857 1.899 
0.99681 0.499677 0.0602538 1.90497 
0.995782 0.500209 0.0651476 1.90298 
0.994409 0.502393 0.0607031 1.90065 
0.995624 0.500696 0.0618139 1.90274 
0.996994 0.498659 0.0689897 1.90531 
0.998187 0.497452 0.0692738 1.90754 
0.996958 0.498768 0.0706607 1.90539 
0.997304 0.498824 0.0700501 1.90619 
0.985952 0.516303 0.0664297 1.88834 
0.990236 0.510618 0.0614046 1.89511 
0.990359 0.507967 0.0685733 1.89439 
0.988473 0.510116 0.066054 1.89098 
0.997353 0.497399 0.0636334 1.90533 
0.998265 0.496717 0.0656129 1.90716 
0.99668 0.49915 0.0658882 1.90463 
0.997078 0.497959 0.06469 1.90491 
0.953339 0.556133 0.0866765 1.8375 
0.958231 0.548841 0.069462 1.84278 
0.963752 0.540588 0.0859412 1.8519 
0.957672 0.542223 0.0811547 1.83849 
0.922964 0.575101 0.110776 1.78352 
0.93981 0.560905 0.107003 1.81168 
0.93637 0.564551 0.12428 1.80844 
0.932597 0.571564 0.114572 1.80322 
0.938191 0.566484 0.0706048 1.80833 
0.952428 0.551659 0.0660328 1.83101 
0.944269 0.562126 0.084542 1.82031 
0.9423 0.564348 0.0729636 1.8164 
0.905048 0.586705 0.059896 1.74752 
0.921274 0.578628 0.0652378 1.77802 
0.908916 0.584633 0.0842967 1.75621 
0.912953 0.588582 0.0703515 1.7667 
0.903543 0.596717 0.0337009 1.75019 
0.901062 0.597733 0.0185267 1.74564 
0.913889 0.585203 0.0153473 1.76525 
0.903171 0.588007 0.0202405 1.74358 
0.928908 0.487119 -0.133452 1.77743 
0.915076 0.498451 -0.137157 1.75327 
0.923206 0.476791 -0.144255 1.76554 
0.924959 0.492605 -0.139886 1.77336 
0.945081 0.500575 -0.112657 1.80975 
0.942352 0.492049 -0.122458 1.80463 
0.952733 0.483988 -0.113893 1.82175 
0.94476 0.487243 -0.116156 1.805 
0.938553 0.503689 -0.112434 1.79623 
0.927669 0.51084 -0.117329 1.77758 
0.934446 0.495569 -0.123173 1.78818 
0.935253 0.507327 -0.117847 1.79322 
0.95587 0.501527 -0.093555 1.8269 
0.947446 0.515455 -0.0931069 1.81376 
0.947383 0.506406 -0.101542 1.81245 
0.948837 0.504926 -0.0975444 1.81269 
0.907692 0.548592 -0.0340061 1.74767 
0.911703 0.549629 -0.0451395 1.75424 
0.917401 0.540435 -0.0361387 1.76313 
0.910576 0.542862 -0.0387448 1.74921 
0.919959 0.556101 -0.05666 1.77049 
0.914277 0.55444 -0.0563109 1.75957 
0.915969 0.55519 -0.0674447 1.76347 
0.916905 0.555176 -0.058486 1.76487 
0.92362 0.551559 -0.0524302 1.77635 
0.924087 0.552054 -0.0493732 1.77738 
0.923409 0.55634 -0.0506988 1.77677 
0.923166 0.551489 -0.0510072 1.77502 
0.925871 0.527201 -0.0533142 1.77521 
0.923935 0.524845 -0.0586944 1.77104 
0.926606 0.516066 -0.0570735 1.77409 
0.926428 0.525076 -0.0552589 1.77669 
0.924252 0.527675 -0.0369586 1.77184 
0.925947 0.52701 -0.0447861 1.77487 
0.927366 0.518044 -0.0389259 1.77539 
0.926996 0.527756 -0.0409307 1.77833 
0.923032 0.541256 -0.0544285 1.7731 
0.923556 0.533022 -0.057449 1.77275 
0.925193 0.534039 -0.0528205 1.7758 
0.923143 0.534123 -0.0557792 1.77133 
0.920382 0.556622 -0.0532925 1.77068 
0.921859 0.551597 -0.053871 1.77245 
0.922484 0.55646 -0.0513044 1.77478 
0.922058 0.556298 -0.0524075 1.77421 
0.927706 0.527982 -0.0499401 1.77969 
0.929484 0.51657 -0.0531226 1.78078 
0.930196 0.518942 -0.0453891 1.78268 
0.928165 0.517447 -0.0504172 1.77739 
0.888389 0.548697 0.0245815 1.71886 
0.91391 0.524755 0.0498933 1.76619 
0.879179 0.57291 0.0576394 1.72156 
0.887001 0.535491 0.0382028 1.71056 
0.99943 0.495021 0.067783 1.90935 
0.999438 0.494036 0.0674445 1.90948 
0.999522 0.49433 0.0679388 1.90955 
0.999433 0.494412 0.0675807 1.90935 
0.998596 0.497149 0.0681908 1.90829 
0.998772 0.496567 0.067284 1.90837 
0.999126 0.496085 0.0678739 1.909 
0.998708 0.496609 0.0675441 1.90824 
0.983518 0.510801 0.0524788 1.87922 
0.988555 0.508652 0.0577797 1.88999 
0.981605 0.516796 0.0619333 1.8782 
0.984373 0.515301 0.0573006 1.88366 
0.97911 0.344705 -0.0308399 1.85028 
0.981231 0.3336 -0.0328606 1.85372 
0.985989 0.380983 -0.0239133 1.86983 
0.980336 0.339755 -0.0279063 1.8532 
0.998473 0.430828 -0.0102999 1.89846 
0.986787 0.378355 -0.0105734 1.87068 
0.998447 0.438365 -0.0135005 1.89929 
0.997216 0.431306 -0.0087246 1.89595 
0.991213 0.464414 -0.0346968 1.88705 
0.986749 0.480647 -0.03589 1.88074 
0.989516 0.465774 -0.0404407 1.88422 
0.988808 0.465068 -0.0373033 1.88165 
0.988063 0.421101 -0.0551034 1.87802 
0.986612 0.442994 -0.0574116 1.87671 
0.9863 0.430428 -0.0628132 1.87593 
0.985884 0.42734 -0.0547533 1.87318 
0.981056 0.363085 -0.0311641 1.85627 
0.98408 0.384364 -0.0399934 1.86488 
0.98235 0.346022 -0.0346195 1.85685 
0.982103 0.36051 -0.0396159 1.858 
0.987449 0.397063 -0.0431318 1.87409 
0.987811 0.434247 -0.0447948 1.87677 
0.987899 0.413055 -0.0502961 1.87648 
0.986432 0.410325 -0.0396709 1.87146 
0.96818 0.504888 -0.0687375 1.85046 
0.963577 0.516911 -0.0615498 1.84403 
0.960753 0.514425 -0.0709726 1.83802 
0.963751 0.510534 -0.0654477 1.84261 
0.982381 0.497587 -0.0345917 1.87607 
0.977212 0.508134 -0.0308296 1.86809 
0.977513 0.503686 -0.0404571 1.86765 
0.978794 0.500941 -0.0341735 1.86908 
0.951731 0.527729 -0.0738927 1.82485 
0.946216 0.538269 -0.067114 1.81651 
0.941547 0.536997 -0.0754047 1.80725 
0.945344 0.531353 -0.0714705 1.81196 
0.957697 0.501518 -0.0892349 1.82902 
0.955428 0.512747 -0.0804731 1.82689 
0.949639 0.512473 -0.0877152 1.81536 
0.954603 0.509222 -0.0841399 1.82485 
0.958753 0.522927 -0.0580021 1.83564 
0.949647 0.532258 -0.0619017 1.82027 
0.954956 0.521125 -0.0670322 1.82767 
0.955308 0.528879 -0.0633588 1.83156 
0.966202 0.523977 -0.0422787 1.85111 
0.965951 0.519892 -0.0514422 1.84948 
0.971879 0.512903 -0.0476078 1.85945 
0.967192 0.515876 -0.0463433 1.84998 
0.982891 0.494778 -0.0264337 1.87565 
0.982505 0.499663 -0.0176572 1.87606 
0.978321 0.505204 -0.0234027 1.86902 
0.981393 0.502164 -0.0237392 1.87481 
0.962296 0.529787 -0.0200852 1.8432 
0.954507 0.538503 -0.0255473 1.83046 
0.961003 0.528576 -0.0302735 1.84048 
0.960626 0.535814 -0.0254832 1.84306 
0.951556 0.53998 -0.0496727 1.82677 
0.95029 0.537599 -0.0585618 1.82383 
0.958421 0.529205 -0.0552924 1.83753 
0.951876 0.532202 -0.054256 1.82402 
0.970425 0.500476 -0.0603656 1.85282 
0.972491 0.505408 -0.0504521 1.85814 
0.966157 0.512975 -0.0549896 1.84752 
0.969879 0.50921 -0.0566361 1.85438 
0.970302 0.479332 -0.0832885 1.84924 
0.969916 0.489814 -0.073373 1.84961 
0.96483 0.489238 -0.0841913 1.84006 
0.969434 0.487924 -0.0792675 1.84985 
0.962408 0.479743 -0.101456 1.83798 
0.968252 0.478187 -0.0898136 1.84733 
0.962374 0.49054 -0.0921585 1.838 
0.963218 0.479535 -0.0956971 1.83663 
0.979205 0.44835 -0.0805013 1.86278 
0.979043 0.461751 -0.0737525 1.8632 
0.974659 0.464069 -0.0831842 1.85555 
0.979058 0.463424 -0.0790737 1.86542 
0.979887 0.489692 -0.055372 1.86961 
0.975752 0.501995 -0.0515032 1.86419 
0.974605 0.496238 -0.0616357 1.86069 
0.976637 0.492982 -0.0545566 1.86341 
0.983631 0.435589 -0.063803 1.86985 
0.983841 0.447243 -0.0586254 1.87042 
0.980708 0.455095 -0.0661705 1.86505 
0.983895 0.449173 -0.0658868 1.87181 
0.982863 0.490738 -0.0360492 1.87511 
0.977637 0.499196 -0.0431289 1.86686 
0.98149 0.486726 -0.0457368 1.87153 
0.980642 0.493695 -0.0441919 1.87159 
0.909368 0.541456 -0.0975929 1.74923 
0.920504 0.536923 -0.0950924 1.76818 
0.915266 0.54814 -0.0826613 1.76099 
0.913749 0.539737 -0.0935192 1.75438 
0.962922 0.447804 -0.112891 1.83597 
0.967978 0.450265 -0.102964 1.84537 
0.961224 0.466658 -0.109539 1.83551 
0.963347 0.452347 -0.111612 1.83613 
0.978071 0.470916 -0.063735 1.86148 
0.979147 0.478347 -0.0565494 1.86461 
0.973776 0.484526 -0.0636209 1.8553 
0.977911 0.48166 -0.0628754 1.86379 
1.01342 0.481785 0.0461344 1.93521 
1.01645 0.480627 0.0419202 1.94187 
1.01861 0.474407 0.0480015 1.9443 
1.01615 0.477129 0.0442514 1.93951 
1.00549 0.492232 0.0523542 1.92158 
1.00793 0.488844 0.0526927 1.92573 
1.00547 0.489857 0.0578693 1.9205 
1.00576 0.489739 0.0543698 1.92106 
1.00953 0.488889 0.0385786 1.92926 
1.01314 0.484703 0.0388209 1.93582 
1.01147 0.485173 0.0438076 1.9321 
1.01113 0.486251 0.040912 1.93183 
0.974822 0.314081 -0.0940104 1.83666 
0.976361 0.281391 -0.0851365 1.83489 
0.976883 0.314092 -0.085578 1.84066 
0.976961 0.313848 -0.0914611 1.84193 
0.972833 0.385465 -0.105441 1.84454 
0.974424 0.356986 -0.101975 1.84376 
0.975715 0.383368 -0.0967974 1.84948 
0.975322 0.383982 -0.104386 1.85007 
0.981712 0.402981 -0.0835356 1.86352 
0.980795 0.43024 -0.0863588 1.86575 
0.979969 0.404672 -0.0915963 1.8606 
0.979822 0.404445 -0.0843939 1.85924 
0.949338 0.384673 -0.143774 1.79995 
0.941691 0.393584 -0.15236 1.78695 
0.946122 0.358837 -0.151806 1.7887 
0.947035 0.388098 -0.153977 1.79792 
0.960783 0.421058 -0.127342 1.82711 
0.957056 0.39662 -0.136779 1.81661 
0.962464 0.387777 -0.129323 1.82559 
0.959241 0.394728 -0.126282 1.81973 
0.957315 0.428603 -0.124115 1.82108 
0.949204 0.43623 -0.132327 1.80708 
0.952645 0.404739 -0.133477 1.80845 
0.954443 0.431644 -0.133086 1.81766 
0.970139 0.305482 -0.112119 1.82648 
0.973012 0.281005 -0.105171 1.82879 
0.972535 0.315119 -0.102541 1.83265 
0.972802 0.308814 -0.103457 1.83333 
0.974862 0.250151 -0.0927012 1.82835 
0.975576 0.226163 -0.0842889 1.82714 
0.975972 0.2519 -0.0840396 1.83052 
0.976062 0.250914 -0.0905623 1.83161 
0.974574 0.249031 -0.0983633 1.82854 
0.975257 0.220996 -0.0999351 1.82773 
0.975935 0.2249 -0.0897874 1.8288 
0.974579 0.222505 -0.0939247 1.8251 
0.974439 0.314115 -0.101025 1.83713 
0.975081 0.281696 -0.101324 1.83398 
0.976386 0.281301 -0.0914912 1.83604 
0.974449 0.28151 -0.0941635 1.83126 
0.969262 0.24575 -0.115697 1.81701 
0.972776 0.21804 -0.105868 1.82129 
0.972293 0.248818 -0.10121 1.82293 
0.97235 0.248361 -0.109284 1.8248 
0.960216 0.299359 -0.131621 1.80517 
0.964393 0.268912 -0.123916 1.80934 
0.965295 0.299995 -0.12218 1.81545 
0.964284 0.299346 -0.127061 1.81472 
0.962432 0.236154 -0.143199 1.80427 
0.966426 0.213315 -0.134472 1.80965 
0.966101 0.246337 -0.133998 1.81243 
0.965311 0.239162 -0.132495 1.81087 
0.948973 0.327377 -0.15277 1.78941 
0.950396 0.292917 -0.15333 1.78703 
0.955321 0.314494 -0.142309 1.79963 
0.951949 0.315095 -0.15684 1.79372 
0.962999 0.196419 -0.144435 1.8022 
0.96575 0.20648 -0.134805 1.80874 
0.961326 0.228284 -0.142667 1.80232 
0.964046 0.205387 -0.148663 1.80602 
0.971722 0.187422 -0.124206 1.81862 
0.976515 0.150847 -0.114358 1.82514 
0.974721 0.188048 -0.108161 1.82396 
0.974521 0.188082 -0.120023 1.8254 
0.968584 0.247281 -0.129057 1.81831 
0.969308 0.214396 -0.12856 1.81644 
0.972188 0.217366 -0.114135 1.82183 
0.969578 0.21451 -0.122681 1.8155 
0.965254 0.178269 -0.149035 1.80538 
0.972308 0.154781 -0.133963 1.81765 
0.969591 0.18947 -0.139179 1.81614 
0.969431 0.17334 -0.129618 1.81257 
0.981777 0.444419 -0.0797494 1.86857 
0.984159 0.437499 -0.072035 1.87245 
0.980893 0.4572 -0.0743588 1.86696 
0.981172 0.442571 -0.0726149 1.86581 
0.973435 0.488322 -0.0723676 1.85709 
0.974454 0.477811 -0.081444 1.85817 
0.978473 0.474346 -0.0727249 1.86483 
0.974456 0.475478 -0.0754273 1.85604 
0.974912 0.432071 -0.0959562 1.85426 
0.977128 0.406475 -0.0928774 1.85425 
0.978581 0.432682 -0.086528 1.86115 
0.978325 0.432331 -0.0924774 1.8623 
0.968521 0.373365 -0.120089 1.83581 
0.973031 0.357954 -0.11011 1.84228 
0.97115 0.386774 -0.113021 1.84239 
0.970446 0.371488 -0.108252 1.83859 
0.97952 0.318257 -0.0661797 1.84643 
0.979495 0.301156 -0.0562775 1.84433 
0.980559 0.340011 -0.0617484 1.85156 
0.980095 0.322125 -0.0539101 1.84854 
0.980141 0.34753 -0.0842413 1.85358 
0.980702 0.342568 -0.0751909 1.85374 
0.98083 0.374469 -0.0813691 1.85814 
0.979691 0.347586 -0.0746817 1.85173 
0.976732 0.354899 -0.101238 1.8489 
0.978849 0.352545 -0.0925534 1.85232 
0.977871 0.381184 -0.0964182 1.85415 
0.976891 0.354484 -0.0932334 1.84792 
0.978084 0.284762 -0.0671657 1.83854 
0.978903 0.309324 -0.0648233 1.84371 
0.978185 0.314758 -0.0740564 1.84325 
0.97894 0.308924 -0.0746016 1.84442 
0.977627 0.273272 -0.0694898 1.83643 
0.977902 0.265058 -0.06044 1.83655 
0.977938 0.293516 -0.0683352 1.83946 
0.977552 0.276455 -0.0587902 1.83655 
0.975558 0.206341 -0.0816243 1.82733 
0.977142 0.208326 -0.0690811 1.82969 
0.976019 0.209869 -0.0781115 1.82747 
0.976611 0.204374 -0.0791847 1.82824 
0.993986 0.411792 -0.0105204 1.88816 
0.998364 0.438274 -0.0120689 1.89933 
0.987715 0.376816 -0.0114563 1.87303 
0.994213 0.411305 -0.0215286 1.88892 
0.943039 0.415168 -0.151884 1.7943 
0.950264 0.407246 -0.144406 1.80661 
0.946613 0.439538 -0.143079 1.80498 
0.9451 0.411882 -0.142929 1.7959 
0.925985 0.419381 -0.165746 1.76354 
0.933913 0.420652 -0.157862 1.77913 
0.926993 0.447787 -0.155947 1.7716 
0.927945 0.422961 -0.162181 1.76665 
0.961928 0.334072 -0.134035 1.81673 
0.966901 0.331364 -0.12476 1.82588 
0.964906 0.359931 -0.126071 1.8268 
0.963953 0.33361 -0.125309 1.8194 
0.980972 0.375012 -0.068957 1.85789 
0.980402 0.343348 -0.0630299 1.85254 
0.981628 0.362096 -0.0591251 1.85741 
0.981338 0.361769 -0.0694867 1.85714 
0.981184 0.430079 -0.0764152 1.8659 
0.981535 0.403147 -0.0731392 1.86243 
0.98296 0.419765 -0.0674507 1.86759 
0.982303 0.42009 -0.0775513 1.86677 
0.978424 0.380813 -0.0885643 1.85409 
0.979085 0.352402 -0.0836332 1.85154 
0.980127 0.379424 -0.0803538 1.85698 
0.980153 0.379473 -0.0874492 1.85812 
0.976206 0.223527 -0.084554 1.82869 
0.976522 0.223698 -0.076421 1.82944 
0.976515 0.246014 -0.0859452 1.83133 
0.975888 0.225395 -0.0769014 1.82769 
0.960457 0.29824 -0.139754 1.80815 
0.960739 0.262689 -0.142001 1.80453 
0.964557 0.26888 -0.133333 1.81241 
0.961753 0.267684 -0.141337 1.8061 
1.01941 0.432504 -0.129077 1.94482 
1.02033 0.437562 -0.129613 1.94724 
1.00661 0.406689 -0.104325 1.91585 
1.02015 0.431374 -0.130594 1.94637 
1.0095 0.386581 -0.119037 1.92048 
1.01472 0.425138 -0.129729 1.93304 
0.996592 0.36923 -0.106255 1.89353 
1.00705 0.387485 -0.121097 1.91452 
1.02717 0.418526 -0.159247 1.96061 
1.03206 0.413555 -0.145796 1.96711 
1.02398 0.430789 -0.145934 1.95535 
1.02799 0.421462 -0.15584 1.96255 
0.982682 0.362151 -0.0572861 1.85896 
0.981939 0.342491 -0.0502584 1.85497 
0.984 0.381446 -0.0527102 1.86388 
0.983139 0.364266 -0.046612 1.86043 
0.982337 0.39281 -0.0744339 1.86307 
0.9834 0.381229 -0.0656272 1.86371 
0.983788 0.409011 -0.0688617 1.86793 
0.982855 0.392245 -0.0642072 1.8635 
0.979537 0.305577 -0.0439004 1.84534 
0.979318 0.322299 -0.0412595 1.84707 
0.980893 0.343865 -0.0499825 1.85325 
0.979538 0.319169 -0.049789 1.84686 
0.977888 0.268307 -0.0500524 1.8369 
0.978183 0.283378 -0.04653 1.83913 
0.97802 0.297331 -0.0555583 1.84016 
0.978057 0.280443 -0.0563598 1.83839 
0.976838 0.243236 -0.0566883 1.83235 
0.97689 0.253035 -0.0526192 1.83321 
0.976714 0.260368 -0.0613451 1.8331 
0.976902 0.249883 -0.061097 1.83288 
0.97663 0.250936 -0.0767474 1.83184 
0.977467 0.240362 -0.0629956 1.83362 
0.976819 0.256793 -0.0709593 1.83298 
0.977547 0.254052 -0.0683029 1.83456 
0.980526 0.254974 -0.0656296 1.84384 
0.991217 0.355842 -0.078876 1.87659 
0.98029 0.276795 -0.0674038 1.84579 
0.982035 0.278957 -0.0575397 1.84978 
0.994768 0.37701 -0.0595168 1.88483 
0.992101 0.35973 -0.053232 1.87768 
0.982971 0.297157 -0.0489785 1.85274 
0.992125 0.36213 -0.047906 1.87835 
1.02341 0.461319 -0.0715819 1.95428 
1.02195 0.462329 -0.0787992 1.95212 
1.02707 0.454541 -0.0770152 1.96042 
1.02364 0.457053 -0.0765822 1.95326 
1.02269 0.463538 -0.0430094 1.95109 
1.02193 0.462274 -0.0492824 1.94915 
1.02673 0.457376 -0.0458198 1.95807 
1.02346 0.461032 -0.0471405 1.95196 
1.00985 0.463907 -0.0632823 1.92765 
1.00197 0.425931 -0.0533261 1.90625 
1.00471 0.437762 -0.0607373 1.91306 
1.00528 0.43653 -0.0625759 1.91404 
1.01923 0.467258 -0.0573627 1.94587 
1.01615 0.470544 -0.0645765 1.94108 
1.02019 0.465295 -0.0651587 1.94784 
1.01806 0.465783 -0.0619023 1.94273 
1.00918 0.464535 -0.0516523 1.92648 
1.00223 0.427448 -0.0521929 1.90674 
1.01029 0.465657 -0.0593732 1.92907 
1.00846 0.462775 -0.0556758 1.92445 
0.979895 0.292276 -0.0387553 1.84523 
0.986982 0.340591 -0.0419139 1.86525 
0.984996 0.334802 -0.0356232 1.86088 
0.985385 0.333149 -0.0369147 1.86179 
1.00943 0.449342 -0.0731467 1.92492 
1.01582 0.467259 -0.0779098 1.94135 
1.01343 0.468635 -0.0696617 1.93643 
1.01308 0.466191 -0.0744828 1.93487 
0.946417 0.542554 -0.046867 1.8163 
0.939223 0.548865 -0.0486066 1.80392 
0.944229 0.540626 -0.0553077 1.81145 
0.944431 0.546695 -0.0502544 1.81462 
0.918063 0.570482 -0.045887 1.77003 
0.916149 0.574426 -0.04083 1.76715 
0.913023 0.574702 -0.0456054 1.76156 
0.915226 0.572398 -0.0439826 1.7648 
0.915826 0.586593 -0.0127944 1.77163 
0.911512 0.58528 -0.0209383 1.76179 
0.919934 0.579397 -0.0227712 1.77666 
0.913886 0.581548 -0.01895 1.76449 
0.880682 0.60634 -0.0152013 1.7092 
0.874629 0.611583 -0.00565771 1.69946 
0.870967 0.612006 -0.0154225 1.69286 
0.873434 0.607864 -0.0122973 1.69469 
0.899437 0.589049 -0.0226689 1.73814 
0.888655 0.596767 -0.0199556 1.71986 
0.892536 0.592234 -0.0274111 1.7258 
0.894252 0.594167 -0.0238004 1.73042 
0.886682 0.59939 -0.00497268 1.71639 
0.876498 0.6057 -0.00286602 1.69901 
0.882364 0.600611 -0.0117877 1.70847 
0.88387 0.603998 -0.0066511 1.71371 
0.935342 0.401634 -0.16081 1.77703 
0.927048 0.397109 -0.169677 1.75955 
0.932723 0.37359 -0.169374 1.76603 
0.932788 0.395945 -0.164518 1.77194 
0.912739 0.367003 -0.187303 1.72555 
0.917235 0.392112 -0.177749 1.73859 
0.906597 0.388252 -0.186246 1.71707 
0.912884 0.386373 -0.182056 1.73044 
0.90511 0.323706 -0.205669 1.70377 
0.909102 0.344559 -0.200542 1.71602 
0.892645 0.347572 -0.211004 1.68362 
0.905393 0.340988 -0.204691 1.71016 
0.929886 0.323018 -0.182867 1.75193 
0.929723 0.349268 -0.177457 1.75533 
0.920149 0.345577 -0.188067 1.73638 
0.927399 0.342689 -0.178858 1.75113 
0.943392 0.340091 -0.161559 1.78115 
0.936492 0.347361 -0.16903 1.76884 
0.93696 0.320921 -0.171434 1.76544 
0.939036 0.340636 -0.171378 1.77306 
0.946562 0.293628 -0.168551 1.78039 
0.945426 0.328149 -0.166455 1.78323 
0.939377 0.30806 -0.176873 1.76845 
0.94352 0.306911 -0.163421 1.7758 
0.943063 0.238125 -0.175424 1.76576 
0.945586 0.264142 -0.174068 1.77548 
0.935825 0.257692 -0.184075 1.75425 
0.943172 0.254368 -0.173626 1.76963 
0.950218 0.234913 -0.163955 1.78092 
0.955027 0.246939 -0.149364 1.79133 
0.949349 0.263941 -0.160062 1.78252 
0.952195 0.246133 -0.165519 1.78647 
0.956314 0.339199 -0.147405 1.80672 
0.953029 0.375519 -0.148342 1.80654 
0.950534 0.349815 -0.156141 1.79722 
0.952208 0.347409 -0.14383 1.79862 
0.966416 0.359135 -0.114674 1.82893 
0.968192 0.330582 -0.110894 1.82729 
0.971275 0.339804 -0.101952 1.83478 
0.968575 0.341474 -0.115162 1.82998 
0.963393 0.420252 -0.117916 1.83198 
0.964639 0.387226 -0.118233 1.82942 
0.967862 0.400178 -0.11148 1.83726 
0.965519 0.40085 -0.121609 1.83292 
0.954809 0.373228 -0.135999 1.80811 
0.957738 0.337296 -0.134699 1.80759 
0.960686 0.362857 -0.126999 1.81763 
0.958752 0.365216 -0.139069 1.81549 
0.980855 0.177768 -0.0791535 1.83684 
0.978093 0.200519 -0.0742989 1.83223 
0.976872 0.196936 -0.0941817 1.82999 
0.977471 0.185989 -0.0891615 1.83012 
0.93204 0.546213 -0.0749642 1.79204 
0.929612 0.552197 -0.0652452 1.78843 
0.923231 0.551683 -0.0727452 1.77642 
0.927389 0.547862 -0.0711463 1.78215 
0.875214 0.403152 -0.215219 1.66447 
0.860705 0.395114 -0.217508 1.63154 
0.876661 0.371866 -0.21746 1.65889 
0.871542 0.387368 -0.213356 1.6523 
0.904154 0.433819 -0.177538 1.7219 
0.890964 0.437527 -0.181156 1.69577 
0.898198 0.408248 -0.185955 1.70337 
0.899892 0.432935 -0.181235 1.71439 
0.853041 0.450717 -0.201209 1.6305 
0.855029 0.412643 -0.21276 1.62504 
0.866518 0.421332 -0.206825 1.65008 
0.859694 0.426204 -0.212851 1.63803 
0.95756 0.261559 -0.150571 1.79746 
0.957061 0.297279 -0.147925 1.80053 
0.952567 0.276264 -0.158974 1.78934 
0.955412 0.278051 -0.145056 1.79496 
0.957003 0.199186 -0.15591 1.78921 
0.958218 0.228429 -0.155218 1.79627 
0.950457 0.219008 -0.166614 1.77846 
0.956635 0.216225 -0.152858 1.79118 
0.893908 0.407664 -0.192295 1.69736 
0.886397 0.437671 -0.18704 1.68879 
0.881808 0.414177 -0.198508 1.67578 
0.885182 0.412229 -0.191972 1.67892 
0.887442 0.367255 -0.211767 1.67888 
0.894412 0.389012 -0.19624 1.69513 
0.88237 0.397438 -0.204146 1.67425 
0.890111 0.391836 -0.206213 1.69049 
0.916944 0.410751 -0.173525 1.74291 
0.911277 0.431516 -0.173829 1.73683 
0.906525 0.405374 -0.181605 1.72088 
0.91079 0.412185 -0.178763 1.72993 
0.929625 0.299356 -0.189963 1.74939 
0.916686 0.299805 -0.199931 1.7228 
0.927105 0.276945 -0.192941 1.74001 
0.926885 0.294373 -0.192009 1.7443 
0.943295 0.28127 -0.169097 1.77323 
0.935735 0.296972 -0.178138 1.76101 
0.935906 0.272464 -0.182628 1.75808 
0.9384 0.282714 -0.182447 1.76432 
0.928547 0.367521 -0.173129 1.75761 
0.922915 0.390714 -0.173387 1.75077 
0.91899 0.365068 -0.183109 1.73899 
0.922843 0.369023 -0.177666 1.74526 
0.759149 0.566281 -0.0946706 1.47191 
0.774629 0.578123 -0.0600666 1.50589 
0.746831 0.574969 -0.0409383 1.44795 
0.767718 0.581309 -0.063307 1.49615 
0.908447 0.518275 -0.12547 1.74545 
0.915742 0.519985 -0.116746 1.7574 
0.904944 0.532562 -0.111219 1.74012 
0.911569 0.525859 -0.120475 1.75251 
0.89468 0.50326 -0.149316 1.71801 
0.901214 0.511899 -0.13765 1.72998 
0.884892 0.524461 -0.137898 1.70364 
0.896499 0.519142 -0.143035 1.72753 
0.842711 0.52752 -0.146155 1.62532 
0.863301 0.518786 -0.151329 1.6642 
0.86868 0.536376 -0.136647 1.67973 
0.859366 0.523475 -0.14651 1.65731 
0.893397 0.460869 -0.17561 1.70892 
0.906411 0.455607 -0.172938 1.73414 
0.900447 0.485092 -0.164671 1.73087 
0.897819 0.460376 -0.171215 1.71626 
0.907323 0.495553 -0.155913 1.74379 
0.919849 0.482473 -0.15297 1.7644 
0.911549 0.504803 -0.145222 1.75081 
0.909615 0.488605 -0.148643 1.74326 
0.897959 0.550863 -0.0420954 1.72757 
0.895168 0.555107 -0.0611553 1.72383 
0.906321 0.550687 -0.0507883 1.74309 
0.901706 0.554814 -0.0496599 1.73741 
0.920028 0.525003 -0.0160401 1.76434 
0.907468 0.539482 -0.0245992 1.74321 
0.918852 0.53046 -0.0294577 1.76218 
0.917386 0.535607 -0.0223974 1.76341 
0.875217 0.566456 -0.0531532 1.69264 
0.888339 0.559657 -0.0634621 1.7135 
0.892111 0.558837 -0.040065 1.72161 
0.881144 0.558577 -0.0540616 1.69798 
0.828001 0.587999 -0.0296355 1.61847 
0.855563 0.571974 -0.042197 1.65919 
0.865854 0.567128 -0.00545892 1.6792 
0.842619 0.570088 -0.0279228 1.63145 
0.781831 0.562697 -0.104238 1.51514 
0.813907 0.568511 -0.101905 1.58166 
0.791547 0.57882 -0.0724259 1.54075 
0.792994 0.572241 -0.0920297 1.54172 
0.79399 0.5509 -0.120079 1.53507 
0.817942 0.536803 -0.141187 1.57928 
0.821485 0.558766 -0.116307 1.59344 
0.81129 0.546426 -0.126571 1.56861 
0.909305 0.534815 -0.10524 1.74615 
0.919573 0.524107 -0.111312 1.7637 
0.921959 0.531184 -0.100616 1.76884 
0.918215 0.530489 -0.104978 1.76341 
0.882138 0.557632 -0.0979793 1.70521 
0.895001 0.547462 -0.100523 1.72431 
0.890408 0.557843 -0.0832258 1.71859 
0.886703 0.549438 -0.0950644 1.70669 
0.865306 0.563981 -0.0668968 1.67044 
0.871763 0.558404 -0.0876869 1.68192 
0.883077 0.557278 -0.0732816 1.70122 
0.875934 0.562471 -0.0754731 1.69234 
0.881819 0.541131 -0.121304 1.70103 
0.894231 0.542376 -0.106305 1.72195 
0.878512 0.551404 -0.106266 1.69576 
0.886598 0.548281 -0.111085 1.71239 
0.890957 0.536005 -0.129714 1.7196 
0.905057 0.524267 -0.13046 1.74264 
0.900517 0.538285 -0.114467 1.73466 
0.89621 0.529032 -0.124179 1.7245 
0.917243 0.341166 -0.191512 1.73251 
0.916722 0.317596 -0.198874 1.72825 
0.92708 0.318545 -0.18601 1.74805 
0.919924 0.321465 -0.195586 1.73357 
0.901029 0.386355 -0.193808 1.70917 
0.894443 0.364401 -0.209079 1.69375 
0.907803 0.363457 -0.194941 1.71831 
0.900346 0.365867 -0.199577 1.7024 
0.812237 0.453285 -0.203689 1.54624 
0.838376 0.421849 -0.212585 1.59124 
0.841644 0.456842 -0.203411 1.60838 
0.834911 0.442333 -0.206664 1.59176 
0.827633 0.507992 -0.170185 1.59436 
0.817671 0.475655 -0.192616 1.56726 
0.83859 0.477651 -0.188576 1.60848 
0.82697 0.482502 -0.187261 1.5851 
0.809546 0.514349 -0.165605 1.558 
0.76101 0.515916 -0.160089 1.46251 
0.787615 0.486715 -0.181225 1.50563 
0.795033 0.505822 -0.17342 1.53075 
0.897886 0.55127 -0.0783524 1.72735 
0.902315 0.543645 -0.0941507 1.73433 
0.910355 0.549119 -0.078885 1.7502 
0.904359 0.54984 -0.0824696 1.74122 
0.909197 0.55509 -0.057685 1.7509 
0.901299 0.555971 -0.0678027 1.7367 
0.911015 0.553634 -0.0710075 1.7535 
0.905175 0.553613 -0.0667522 1.74167 
0.856585 0.570392 -0.0708609 1.66056 
0.843933 0.5711 -0.0944905 1.64149 
0.863863 0.560739 -0.0937905 1.67053 
0.852308 0.565262 -0.0885807 1.64987 
0.83362 0.533828 -0.141983 1.60854 
0.861726 0.541569 -0.133106 1.66689 
0.837203 0.555787 -0.120506 1.62348 
0.843205 0.548355 -0.131097 1.63355 
0.765569 0.533276 -0.154049 1.48166 
0.807188 0.531435 -0.151232 1.55999 
0.779869 0.552406 -0.130571 1.51413 
0.778792 0.540706 -0.145014 1.50696 
0.857841 0.46879 -0.181532 1.64031 
0.876357 0.463664 -0.177878 1.67474 
0.8669 0.49206 -0.167634 1.66308 
0.864201 0.469173 -0.17659 1.64973 
0.904113 0.480663 -0.157404 1.73419 
0.90957 0.450738 -0.163025 1.73624 
0.918098 0.465492 -0.153793 1.757 
0.911819 0.472384 -0.162322 1.74866 
0.873008 0.494281 -0.164214 1.67572 
0.882321 0.466755 -0.173509 1.68607 
0.890492 0.490549 -0.161906 1.71048 
0.884623 0.489122 -0.165511 1.69945 
0.880078 0.532296 -0.144152 1.70386 
0.874594 0.51453 -0.156901 1.68794 
0.890513 0.508699 -0.156358 1.71759 
0.87846 0.513541 -0.1536 1.69264 
0.83159 0.505517 -0.161108 1.59474 
0.842647 0.475647 -0.178309 1.60923 
0.85434 0.497675 -0.164282 1.63748 
0.846966 0.498598 -0.167598 1.6259 
0.856032 0.448277 -0.189716 1.62925 
0.869688 0.420797 -0.196469 1.65029 
0.875315 0.443689 -0.184652 1.66567 
0.869823 0.442137 -0.18949 1.6576 
0.897546 0.527915 0.0146794 1.72254 
0.920772 0.509359 0.00417834 1.76176 
0.918131 0.499625 0.0307695 1.75515 
0.916493 0.519727 0.0193187 1.76117 
0.817199 0.588982 -0.0179704 1.59853 
0.861894 0.556326 0.011269 1.665 
0.83771 0.579816 0.0285361 1.63476 
0.848214 0.588553 0.012391 1.66342 
0.867798 0.562697 -0.0399725 1.67545 
0.889888 0.551232 -0.0272241 1.71297 
0.877333 0.552977 -0.0119848 1.69058 
0.88196 0.560205 -0.0236064 1.70423 
0.988213 0.462505 0.219524 1.88998 
0.994789 0.458067 0.205165 1.90021 
0.995752 0.449232 0.216871 1.90106 
0.993331 0.458656 0.217995 1.89991 
0.969884 0.466992 0.269608 1.8625 
0.967406 0.476516 0.255149 1.85731 
0.978333 0.461149 0.255798 1.87541 
0.970688 0.464394 0.257236 1.85952 
0.919206 0.510252 0.287941 1.77611 
0.93315 0.498005 0.279103 1.79743 
0.930996 0.496369 0.295034 1.79705 
0.930484 0.504633 0.290995 1.79908 
0.90606 0.529266 0.276967 1.7547 
0.895715 0.540628 0.268519 1.73641 
0.906584 0.534423 0.26032 1.75366 
0.903393 0.537707 0.270729 1.75203 
0.982433 0.484897 0.193711 1.88163 
0.980225 0.490059 0.181322 1.87656 
0.988844 0.477891 0.178088 1.89011 
0.982712 0.479174 0.181671 1.87697 
0.966805 0.486615 0.242045 1.85754 
0.963438 0.494125 0.22817 1.85006 
0.975662 0.47853 0.230045 1.87092 
0.967272 0.48248 0.230545 1.85351 
0.964544 0.501303 0.191771 1.84799 
0.972164 0.493522 0.18304 1.85982 
0.973528 0.488701 0.195607 1.86311 
0.971263 0.496909 0.192713 1.86146 
0.948347 0.439472 -0.0721099 1.80068 
0.939647 0.444046 -0.0833891 1.78372 
0.949782 0.424799 -0.0799226 1.79912 
0.947995 0.437305 -0.0757277 1.79992 
0.924014 0.49678 -0.0701136 1.76548 
0.927905 0.481911 -0.0725777 1.76989 
0.928749 0.488549 -0.0676393 1.77268 
0.928045 0.491327 -0.0722518 1.77279 
0.92545 0.468864 -0.0863878 1.76234 
0.932214 0.458565 -0.0855515 1.7731 
0.930549 0.469244 -0.0807419 1.77282 
0.929946 0.464649 -0.0830099 1.77047 
0.942803 0.449311 -0.0688118 1.79161 
0.933644 0.46511 -0.0739611 1.77754 
0.937395 0.453815 -0.0807814 1.78266 
0.93795 0.455628 -0.0784637 1.78374 
0.940616 0.491071 -0.0397714 1.79774 
0.943345 0.477861 -0.0474812 1.80016 
0.946249 0.478234 -0.0284119 1.80641 
0.942266 0.47443 -0.0395695 1.79529 
0.923554 0.528402 -0.0327773 1.77185 
0.928898 0.519214 -0.0347729 1.78021 
0.926807 0.521952 -0.0216234 1.77828 
0.926293 0.520404 -0.0291098 1.77473 
0.898768 0.546516 -0.000962695 1.73441 
0.903483 0.547184 -0.0192999 1.74076 
0.91866 0.529678 -0.00750491 1.76648 
0.903789 0.535581 -0.0101073 1.73605 
0.923354 0.543213 -0.048751 1.77351 
0.922688 0.541338 -0.0523315 1.77161 
0.923999 0.533681 -0.0495604 1.77228 
0.924187 0.54228 -0.0496373 1.77545 
0.931386 0.508467 -0.055687 1.78306 
0.933333 0.495116 -0.0584797 1.78353 
0.935669 0.497456 -0.0475162 1.78848 
0.932501 0.497394 -0.056633 1.78149 
0.915763 0.54792 -0.0457222 1.76089 
0.921229 0.544239 -0.0452894 1.76974 
0.919594 0.538372 -0.0393168 1.76545 
0.920134 0.545571 -0.0425808 1.76922 
0.923992 0.523035 -0.0614055 1.77185 
0.92405 0.512454 -0.0664466 1.76992 
0.927067 0.514388 -0.0605883 1.77588 
0.924392 0.51481 -0.0639354 1.77016 
0.934048 0.487343 -0.063077 1.78412 
0.93328 0.480277 -0.0692244 1.78139 
0.938646 0.478463 -0.0592381 1.79122 
0.934543 0.478707 -0.0652554 1.78206 
0.937689 0.488522 -0.0473607 1.78978 
0.935016 0.486496 -0.0587626 1.78428 
0.939032 0.47706 -0.0534926 1.78985 
0.938423 0.487819 -0.0517144 1.79258 
0.928457 0.50873 -0.0618895 1.77677 
0.924851 0.504818 -0.068982 1.76874 
0.929387 0.495677 -0.0660021 1.77508 
0.928386 0.503518 -0.0634217 1.77585 
0.758844 0.601447 -0.0107017 1.48393 
0.761998 0.604923 -0.00849584 1.49204 
0.753221 0.603529 -0.00631257 1.47443 
0.760083 0.603106 -0.00924849 1.48767 
0.926531 0.485004 -0.0769493 1.76859 
0.922839 0.499486 -0.0740275 1.76447 
0.921038 0.492234 -0.0796193 1.75969 
0.922486 0.489007 -0.0750158 1.76092 
0.918126 0.557437 -0.0549092 1.76664 
0.915351 0.55616 -0.0583549 1.76131 
0.919695 0.552235 -0.0557176 1.76874 
0.917872 0.554169 -0.0556278 1.76557 
0.910075 0.555893 -0.0621151 1.75158 
0.905151 0.55657 -0.063914 1.74258 
0.908062 0.549227 -0.0654329 1.74628 
0.908625 0.555386 -0.0632715 1.74958 
0.913809 0.531886 -0.0683924 1.75371 
0.914865 0.540222 -0.0650776 1.75741 
0.911092 0.541175 -0.0670681 1.75065 
0.914146 0.540115 -0.0663255 1.75687 
0.903048 0.573148 -0.0536377 1.74183 
0.905826 0.575918 -0.0492061 1.74788 
0.899795 0.579942 -0.0489802 1.73758 
0.903982 0.578083 -0.050741 1.74572 
0.901557 0.563254 -0.0627015 1.73713 
0.902422 0.569569 -0.0587221 1.74028 
0.898228 0.570789 -0.059484 1.73273 
0.90163 0.569626 -0.0598467 1.73955 
0.911517 0.569167 -0.0536387 1.75761 
0.909779 0.574252 -0.0500889 1.75564 
0.907288 0.57142 -0.0543524 1.75018 
0.908855 0.570323 -0.0529862 1.75237 
0.917122 0.559416 -0.054067 1.76537 
0.913739 0.563737 -0.0543881 1.76004 
0.914069 0.558689 -0.0572106 1.7597 
0.914519 0.560614 -0.0557925 1.76037 
0.919996 0.568168 -0.0438169 1.77268 
0.923786 0.566828 -0.0402533 1.77931 
0.918431 0.571797 -0.0388856 1.77041 
0.920858 0.569327 -0.0414045 1.77443 
0.918132 0.561301 -0.0522915 1.76748 
0.918508 0.565664 -0.0488783 1.76929 
0.914943 0.564629 -0.0519821 1.76215 
0.91755 0.563489 -0.0507875 1.76722 
0.920207 0.560564 -0.0521032 1.77168 
0.922474 0.559464 -0.050721 1.77564 
0.920646 0.564826 -0.0492499 1.77359 
0.920444 0.560172 -0.0510304 1.77153 
0.924704 0.560452 -0.0480695 1.7797 
0.921044 0.563275 -0.0472437 1.77328 
0.922522 0.558561 -0.0491935 1.77495 
0.923224 0.561536 -0.048416 1.77719 
0.910772 0.565042 -0.0560282 1.75431 
0.906403 0.567034 -0.0571719 1.74659 
0.910359 0.560346 -0.059277 1.75253 
0.910224 0.56567 -0.0571846 1.75425 
0.916743 0.568129 -0.0479905 1.76658 
0.911388 0.572371 -0.047892 1.75757 
0.912876 0.567329 -0.0509166 1.75896 
0.913605 0.57035 -0.0493318 1.76132 
0.895149 0.583033 -0.049858 1.72994 
0.889869 0.58422 -0.0513938 1.72014 
0.894659 0.577894 -0.0555988 1.72766 
0.894074 0.582823 -0.051844 1.72846 
0.904847 0.583195 -0.0405229 1.74821 
0.901414 0.58439 -0.0455459 1.74281 
0.907239 0.579775 -0.0459752 1.75241 
0.903819 0.581638 -0.0438165 1.74594 
0.901404 0.585086 -0.0382421 1.74175 
0.894872 0.590479 -0.0358037 1.7309 
0.897397 0.586437 -0.043359 1.7352 
0.89873 0.587719 -0.039453 1.73771 
0.895407 0.57104 -0.0603936 1.72791 
0.891946 0.567606 -0.0632148 1.72061 
0.894886 0.564025 -0.0646587 1.72541 
0.893691 0.566533 -0.0624096 1.72373 
0.925829 0.474923 -0.0778128 1.76425 
0.919917 0.483899 -0.0803631 1.75523 
0.922943 0.474271 -0.0844753 1.759 
0.923489 0.479301 -0.0832335 1.76154 
0.917448 0.523409 -0.06879 1.75893 
0.920776 0.513273 -0.0692118 1.76302 
0.92106 0.523673 -0.0641574 1.76567 
0.920663 0.522584 -0.0665156 1.76566 
0.917503 0.539553 -0.0630245 1.76286 
0.917128 0.530885 -0.0664745 1.76055 
0.920483 0.531584 -0.0622156 1.76687 
0.917703 0.532222 -0.064909 1.76108 
0.920918 0.541644 -0.0562748 1.76863 
0.917974 0.540029 -0.0602391 1.76282 
0.921001 0.533433 -0.0599915 1.76731 
0.920663 0.539354 -0.0579673 1.76839 
0.913544 0.554562 -0.0619658 1.75854 
0.911722 0.547859 -0.0650708 1.75367 
0.915402 0.546943 -0.0633677 1.76033 
0.912758 0.547862 -0.0639239 1.75496 
0.908889 0.525686 -0.0735309 1.74324 
0.911479 0.515659 -0.0748904 1.7458 
0.912926 0.524238 -0.0714676 1.75057 
0.91201 0.524501 -0.0729891 1.74963 
0.907973 0.499234 -0.0855648 1.73706 
0.906525 0.496011 -0.087044 1.73291 
0.910431 0.491298 -0.0877961 1.73942 
0.907789 0.493882 -0.0859341 1.73452 
0.91226 0.507935 -0.0783994 1.74648 
0.909677 0.503414 -0.0819206 1.74072 
0.914934 0.498242 -0.0806552 1.74953 
0.911571 0.500922 -0.0793022 1.74309 
0.915955 0.523102 -0.070845 1.75679 
0.914766 0.514266 -0.0746203 1.75253 
0.919229 0.512122 -0.0711033 1.76055 
0.91569 0.513288 -0.0724868 1.75317 
0.903579 0.514501 -0.0798889 1.73143 
0.900775 0.512501 -0.0814127 1.72572 
0.904816 0.507341 -0.0820796 1.7323 
0.90279 0.510735 -0.080123 1.72916 
0.907705 0.526016 -0.0749087 1.74176 
0.906312 0.518424 -0.0776306 1.73743 
0.910212 0.515904 -0.0763999 1.74424 
0.907112 0.517333 -0.0761117 1.73794 
0.904776 0.527378 -0.0744632 1.73586 
0.900344 0.526418 -0.0760731 1.72731 
0.903153 0.519936 -0.0770822 1.73105 
0.903337 0.525321 -0.0750904 1.73338 
0.901886 0.517703 -0.0780217 1.72897 
0.899104 0.523575 -0.0767017 1.72495 
0.899179 0.515761 -0.0792428 1.72349 
0.900185 0.518793 -0.0790334 1.72581 
0.903964 0.504736 -0.0825175 1.73046 
0.899786 0.510175 -0.0817988 1.72379 
0.899522 0.506141 -0.0843795 1.72219 
0.90044 0.506456 -0.0835902 1.72349 
0.910171 0.541488 -0.0685991 1.74998 
0.9092 0.533378 -0.0719065 1.74635 
0.912971 0.531917 -0.0700765 1.75309 
0.909863 0.533058 -0.0706042 1.74674 
0.919027 0.546962 -0.0559168 1.76606 
0.914398 0.552612 -0.058818 1.75898 
0.91602 0.544724 -0.0594136 1.76005 
0.916645 0.549833 -0.0593525 1.76268 
0.900481 0.557206 -0.0655815 1.73456 
0.895911 0.556702 -0.0667422 1.72589 
0.896815 0.549585 -0.0691217 1.72607 
0.898329 0.555848 -0.0664863 1.73073 
0.89457 0.547884 -0.0698853 1.72206 
0.893597 0.554716 -0.0675485 1.72176 
0.890816 0.547729 -0.0705621 1.71499 
0.89246 0.548691 -0.0699083 1.71784 
0.896985 0.532727 -0.075262 1.72317 
0.895851 0.541631 -0.0729137 1.72291 
0.893495 0.53473 -0.0753293 1.7171 
0.894598 0.534052 -0.0743587 1.7185 
0.903271 0.546513 -0.0683958 1.73795 
0.906914 0.547837 -0.0669052 1.74498 
0.903954 0.555384 -0.0652018 1.74117 
0.904337 0.549014 -0.0679516 1.73997 
0.898308 0.532604 -0.0746846 1.72515 
0.90035 0.540133 -0.0719551 1.73042 
0.897149 0.541314 -0.0722507 1.72475 
0.899423 0.540302 -0.072742 1.7293 
0.900615 0.531764 -0.0741473 1.72983 
0.90492 0.532274 -0.072706 1.73788 
0.902504 0.539387 -0.0712695 1.73478 
0.902069 0.533315 -0.0734026 1.7321 
0.917396 0.495905 -0.0776375 1.75285 
0.919366 0.502948 -0.0724501 1.75797 
0.914363 0.506316 -0.0760984 1.74937 
0.917799 0.504758 -0.0757369 1.7564 
0.912061 0.488532 -0.0856354 1.74127 
0.914237 0.490814 -0.0817436 1.7458 
0.908899 0.496773 -0.0828424 1.73717 
0.912527 0.494065 -0.0846297 1.74426 
0.914769 0.48472 -0.0871765 1.74569 
0.919845 0.477844 -0.0873804 1.75391 
0.918186 0.486946 -0.0841444 1.75323 
0.917556 0.481846 -0.0854011 1.75045 
0.897726 0.516715 -0.0801821 1.72081 
0.897661 0.524567 -0.0778464 1.72235 
0.894948 0.520011 -0.0796539 1.71625 
0.896353 0.518834 -0.0785049 1.71862 
0.902812 0.498968 -0.085359 1.72582 
0.904679 0.501642 -0.0836527 1.73056 
0.899301 0.503536 -0.0848224 1.72028 
0.903332 0.501834 -0.0846446 1.72852 
0.907168 0.505665 -0.0804392 1.73605 
0.90976 0.509967 -0.0772913 1.74175 
0.905713 0.513099 -0.0785282 1.73488 
0.907963 0.511467 -0.0792579 1.73917 
0.890935 0.520308 -0.079966 1.7092 
0.888073 0.52268 -0.0794633 1.70436 
0.887994 0.519087 -0.0812174 1.70319 
0.888819 0.52124 -0.0805243 1.7053 
0.886092 0.523533 -0.0799204 1.70071 
0.882806 0.522827 -0.0801224 1.69382 
0.885551 0.520021 -0.0811603 1.69842 
0.88534 0.521766 -0.0804092 1.69889 
0.890712 0.514457 -0.082662 1.70676 
0.891671 0.518396 -0.081277 1.70994 
0.888196 0.517376 -0.0818161 1.70271 
0.890671 0.51629 -0.0819019 1.70765 
0.880856 0.531398 -0.076058 1.69272 
0.877979 0.533207 -0.0756793 1.68772 
0.877863 0.529537 -0.0773753 1.6865 
0.878807 0.532083 -0.0765461 1.68897 
0.88864 0.530941 -0.0760732 1.70666 
0.884678 0.530638 -0.0764226 1.69918 
0.88661 0.5264 -0.0776947 1.70181 
0.887023 0.529767 -0.0763765 1.70393 
0.889135 0.534314 -0.0747225 1.70892 
0.887585 0.540202 -0.0728075 1.70729 
0.885231 0.534226 -0.0750524 1.70161 
0.886775 0.535241 -0.0746372 1.70417 
0.885531 0.525391 -0.0785449 1.70036 
0.883535 0.528895 -0.0770118 1.69739 
0.882882 0.52468 -0.0791199 1.69499 
0.883897 0.526114 -0.0787269 1.69712 
0.876503 0.536736 -0.0741176 1.68535 
0.878487 0.542211 -0.0727233 1.69038 
0.874996 0.54158 -0.0725153 1.6837 
0.877115 0.540783 -0.0726791 1.68794 
0.880359 0.525653 -0.0786064 1.68984 
0.881701 0.529703 -0.0772604 1.69377 
0.878136 0.52812 -0.0777658 1.6863 
0.880435 0.527192 -0.0779517 1.69087 
0.883029 0.535087 -0.0749662 1.69719 
0.885382 0.541047 -0.0727443 1.70287 
0.881799 0.541429 -0.072921 1.6963 
0.88402 0.540522 -0.0731827 1.70073 
0.876891 0.557348 -0.0667956 1.69099 
0.874007 0.561925 -0.0653576 1.68659 
0.872425 0.555109 -0.0671723 1.68241 
0.874028 0.5584 -0.0670142 1.68536 
0.873835 0.547203 -0.0703893 1.68295 
0.876486 0.553286 -0.0683961 1.68908 
0.872272 0.551763 -0.0685655 1.68107 
0.874513 0.55099 -0.0685358 1.68554 
0.885731 0.558233 -0.0673734 1.70746 
0.887237 0.564652 -0.064896 1.71173 
0.882346 0.559074 -0.0667463 1.70136 
0.884939 0.559102 -0.0666467 1.7062 
0.892103 0.55959 -0.0659173 1.71994 
0.889164 0.563871 -0.0645139 1.71547 
0.887793 0.55737 -0.0668916 1.71146 
0.889346 0.560719 -0.0664114 1.71457 
0.891112 0.536039 -0.0744319 1.71245 
0.893586 0.542905 -0.071943 1.71852 
0.889604 0.54224 -0.0727248 1.71096 
0.891963 0.541406 -0.0724215 1.71572 
0.900715 0.562852 -0.0638895 1.73635 
0.89735 0.570378 -0.0604893 1.73179 
0.896714 0.563372 -0.0646406 1.72905 
0.897592 0.56395 -0.0637083 1.73008 
0.873732 0.581659 -0.0580447 1.68989 
0.87524 0.586885 -0.0549327 1.69389 
0.870857 0.586823 -0.0549976 1.68581 
0.874073 0.58586 -0.055555 1.69216 
0.868038 0.567513 -0.0626869 1.67667 
0.871948 0.574969 -0.0601577 1.68561 
0.867056 0.572568 -0.0605748 1.67598 
0.869347 0.571863 -0.0604112 1.6805 
0.880478 0.573866 -0.0612198 1.70053 
0.883107 0.578746 -0.0584908 1.70648 
0.877265 0.577831 -0.0591387 1.69554 
0.880828 0.576726 -0.0592337 1.7026 
0.893056 0.573943 -0.0583641 1.72411 
0.887936 0.576538 -0.0582311 1.71508 
0.889557 0.570315 -0.0614294 1.71649 
0.890792 0.575086 -0.0593074 1.72049 
0.898492 0.576712 -0.0567208 1.73541 
0.902392 0.574888 -0.056144 1.74225 
0.899048 0.581871 -0.0513498 1.73783 
0.899068 0.575937 -0.0552624 1.73553 
0.872007 0.56267 -0.0657487 1.68271 
0.868592 0.56159 -0.0653145 1.67624 
0.870137 0.555963 -0.0674824 1.67793 
0.870818 0.560854 -0.0656383 1.68067 
0.880724 0.546873 -0.0708594 1.69558 
0.883652 0.552761 -0.0693712 1.70205 
0.880214 0.553116 -0.0687112 1.69584 
0.88209 0.552218 -0.0693449 1.69949 
0.876938 0.580486 -0.057758 1.69605 
0.882894 0.581157 -0.0570524 1.7072 
0.878028 0.58585 -0.0545691 1.69922 
0.878536 0.58262 -0.0566861 1.69865 
0.878265 0.55992 -0.0662568 1.6939 
0.879056 0.566355 -0.0638686 1.69686 
0.875224 0.563712 -0.0645531 1.68905 
0.877608 0.562708 -0.0643531 1.69364 
0.887966 0.570954 -0.062798 1.71442 
0.886569 0.577361 -0.0595523 1.71322 
0.884073 0.572432 -0.0622507 1.70755 
0.885369 0.57209 -0.0616713 1.70936 
0.909769 0.560794 -0.0607912 1.75262 
0.905779 0.568399 -0.058847 1.74701 
0.905155 0.561963 -0.0624202 1.74432 
0.90592 0.562199 -0.0612841 1.74493 
0.877966 0.594812 -0.0449837 1.70045 
0.884212 0.590505 -0.0485238 1.71113 
0.882721 0.595594 -0.0433758 1.71011 
0.881497 0.593201 -0.0452675 1.70685 
0.860135 0.588005 -0.0527053 1.66652 
0.861583 0.582784 -0.0553045 1.66787 
0.865359 0.587648 -0.0536113 1.67608 
0.862885 0.586995 -0.0535566 1.6718 
0.85111 0.585326 -0.0520154 1.64953 
0.853116 0.580908 -0.0546055 1.65221 
0.855796 0.587466 -0.0524675 1.6586 
0.853869 0.584546 -0.0524976 1.65494 
0.847038 0.572602 -0.055633 1.63926 
0.848193 0.568096 -0.0576893 1.64023 
0.850682 0.573641 -0.0559705 1.6464 
0.849164 0.571942 -0.0558742 1.64342 
0.874268 0.566487 -0.0626962 1.68826 
0.878152 0.569406 -0.0621163 1.69611 
0.874931 0.573525 -0.0599134 1.69114 
0.875788 0.570499 -0.0622543 1.69166 
0.87136 0.602929 -0.0370134 1.69051 
0.87396 0.597624 -0.0424262 1.69359 
0.879131 0.598322 -0.0407068 1.70406 
0.875206 0.600311 -0.040363 1.69713 
0.87594 0.533908 -0.0759808 1.68393 
0.872653 0.53288 -0.0759083 1.67712 
0.875272 0.530288 -0.0771319 1.68146 
0.875104 0.531974 -0.0763616 1.68203 
0.885443 0.552048 -0.0695242 1.70559 
0.882649 0.546051 -0.0711864 1.69938 
0.886228 0.54616 -0.0710902 1.70598 
0.884287 0.546905 -0.071078 1.70211 
0.89172 0.555393 -0.067659 1.71801 
0.887619 0.5536 -0.0686913 1.70987 
0.888772 0.548515 -0.0705431 1.71091 
0.889683 0.552928 -0.0682737 1.71401 
0.886085 0.565522 -0.0644308 1.70971 
0.882066 0.566471 -0.063896 1.70245 
0.881219 0.559936 -0.0662769 1.69938 
0.883282 0.565516 -0.0645354 1.70456 
0.871816 0.540446 -0.0727227 1.67765 
0.868782 0.540438 -0.0725899 1.67189 
0.870632 0.535332 -0.0748995 1.67402 
0.870915 0.539673 -0.0730307 1.6762 
0.878792 0.55238 -0.0688068 1.69365 
0.876074 0.546308 -0.0708084 1.6874 
0.87943 0.54638 -0.0711352 1.69362 
0.877524 0.547162 -0.0707052 1.68983 
0.870792 0.550378 -0.0690893 1.67856 
0.869116 0.544743 -0.0706557 1.6741 
0.872225 0.545363 -0.0707849 1.68008 
0.870222 0.546075 -0.070663 1.67607 
0.875579 0.535632 -0.0746031 1.68399 
0.873931 0.539646 -0.072658 1.68186 
0.872639 0.534577 -0.075026 1.67805 
0.873836 0.5363 -0.0746219 1.6805 
0.865528 0.541466 -0.0713296 1.66592 
0.861411 0.541342 -0.0708265 1.65775 
0.864159 0.538812 -0.0721142 1.66231 
0.86449 0.540334 -0.0715509 1.66394 
0.869162 0.534859 -0.0746853 1.67116 
0.867836 0.5401 -0.0729428 1.67038 
0.866636 0.537206 -0.0734928 1.66693 
0.867419 0.536265 -0.0732649 1.66802 
0.863108 0.552613 -0.0672055 1.66435 
0.865324 0.560003 -0.0650694 1.67017 
0.861677 0.557024 -0.0654578 1.66272 
0.863523 0.556368 -0.0651888 1.66633 
0.864933 0.551983 -0.0671994 1.66797 
0.868862 0.553985 -0.0674294 1.67575 
0.867218 0.559367 -0.0651581 1.67392 
0.86654 0.554783 -0.0672766 1.67113 
0.902662 0.556018 -0.0661285 1.73874 
0.898967 0.548394 -0.069682 1.7302 
0.902094 0.547147 -0.0695205 1.73577 
0.900593 0.548104 -0.068873 1.73293 
0.880498 0.54122 -0.0734952 1.69432 
0.878648 0.53567 -0.0749383 1.68957 
0.88156 0.534417 -0.075284 1.69476 
0.879545 0.535427 -0.0745093 1.69079 
0.903893 0.541184 -0.0703899 1.73745 
0.906533 0.534415 -0.0719627 1.74091 
0.90771 0.542438 -0.0685758 1.74498 
0.906574 0.54018 -0.0694332 1.74282 
0.893159 0.522204 -0.0781775 1.71319 
0.895851 0.526941 -0.0763475 1.71931 
0.89228 0.529053 -0.0763366 1.71312 
0.89419 0.527691 -0.07721 1.71671 
0.893581 0.51737 -0.0805213 1.71358 
0.893322 0.513281 -0.0827121 1.712 
0.896454 0.51376 -0.0810711 1.71815 
0.894279 0.514975 -0.082067 1.71403 
0.888953 0.524951 -0.0787205 1.70634 
0.891831 0.522859 -0.0791881 1.71129 
0.890953 0.529509 -0.0771057 1.71111 
0.889978 0.524167 -0.0780033 1.70776 
0.893363 0.511166 -0.0835026 1.71096 
0.896398 0.507522 -0.0842254 1.71584 
0.897321 0.511345 -0.0825418 1.71895 
0.896346 0.509786 -0.083382 1.71692 
0.853551 0.556252 -0.0633007 1.64705 
0.85465 0.563381 -0.0614441 1.65112 
0.851261 0.558033 -0.0619791 1.64318 
0.852856 0.557478 -0.0620309 1.64618 
0.859017 0.543938 -0.0691341 1.65395 
0.860932 0.547423 -0.0681953 1.65876 
0.856598 0.54621 -0.0678925 1.65002 
0.85944 0.545333 -0.0685226 1.65572 
0.865749 0.563811 -0.0630504 1.67216 
0.864805 0.568971 -0.0611795 1.67158 
0.862246 0.561046 -0.0633633 1.66501 
0.864042 0.564377 -0.0633074 1.66882 
0.864814 0.549128 -0.0686303 1.66662 
0.866891 0.54554 -0.070287 1.66964 
0.868626 0.551135 -0.068861 1.67424 
0.867118 0.548321 -0.0687847 1.67121 
0.856947 0.547522 -0.0673519 1.65158 
0.860963 0.548969 -0.0669457 1.65964 
0.859309 0.552845 -0.0650387 1.65755 
0.858771 0.54971 -0.0669642 1.65529 
0.861917 0.542955 -0.0701138 1.65982 
0.865504 0.543192 -0.0703138 1.66679 
0.863326 0.546598 -0.0685967 1.66355 
0.863149 0.544022 -0.0699994 1.66208 
0.858182 0.566354 -0.0614766 1.65838 
0.859907 0.561819 -0.063538 1.66041 
0.862593 0.569687 -0.061452 1.66726 
0.860449 0.565608 -0.0613872 1.66283 
0.828046 0.603032 -0.0359048 1.61218 
0.826746 0.607697 -0.0325555 1.61116 
0.822712 0.600114 -0.0348143 1.60148 
0.825127 0.603693 -0.035146 1.60655 
0.83356 0.597173 -0.0407159 1.62067 
0.830092 0.599948 -0.03839 1.61502 
0.827537 0.593105 -0.040163 1.60849 
0.829853 0.598013 -0.0399445 1.6135 
0.835359 0.609782 -0.0345475 1.62671 
0.828966 0.609516 -0.0324555 1.6149 
0.830307 0.605123 -0.0357031 1.61603 
0.831919 0.608636 -0.0337072 1.62045 
0.82917 0.588064 -0.0435696 1.60973 
0.833023 0.594963 -0.0421816 1.61868 
0.827092 0.590974 -0.0415238 1.60671 
0.829936 0.590315 -0.0419022 1.61225 
0.847871 0.608814 -0.0364479 1.64928 
0.850401 0.613354 -0.0315123 1.65538 
0.843686 0.611117 -0.0336667 1.64212 
0.847353 0.610161 -0.0343024 1.64904 
0.858708 0.569804 -0.0594758 1.66064 
0.863316 0.573324 -0.0593842 1.66983 
0.861123 0.576674 -0.0577042 1.66652 
0.860836 0.574122 -0.0593463 1.66498 
0.848287 0.557144 -0.0612032 1.63783 
0.847531 0.560465 -0.0594872 1.63733 
0.845303 0.554621 -0.0612139 1.6314 
0.846965 0.557576 -0.0611908 1.63524 
0.837745 0.56052 -0.0567422 1.61862 
0.833123 0.560129 -0.0561705 1.60924 
0.836161 0.55776 -0.0575971 1.61427 
0.83659 0.559183 -0.0570005 1.6161 
0.841617 0.5541 -0.0604572 1.62385 
0.840621 0.559051 -0.0585946 1.62404 
0.839066 0.556052 -0.0590003 1.61953 
0.840055 0.555394 -0.0591305 1.62122 
0.839504 0.578716 -0.0510467 1.62674 
0.841494 0.586971 -0.0480402 1.63234 
0.837442 0.582075 -0.0487109 1.62367 
0.839026 0.581471 -0.0487193 1.62663 
0.840877 0.566323 -0.0568004 1.62613 
0.843728 0.571837 -0.0553428 1.63272 
0.840049 0.572461 -0.0541363 1.626 
0.842375 0.57151 -0.0551514 1.63042 
0.866061 0.612764 -0.012787 1.68293 
0.870142 0.612205 -0.00300067 1.69032 
0.861111 0.615691 -0.00616702 1.67428 
0.866542 0.61456 -0.00792397 1.68497 
0.869568 0.609343 -0.0193931 1.68815 
0.876564 0.604651 -0.0238543 1.69996 
0.87998 0.603843 -0.0185573 1.70608 
0.8771 0.607253 -0.020514 1.70277 
0.851741 0.621248 -0.0163365 1.66044 
0.861222 0.617449 -0.0173482 1.67686 
0.856212 0.621227 -0.0110204 1.66866 
0.854685 0.618763 -0.0148789 1.66401 
0.8694 0.608315 -0.0301455 1.68942 
0.874567 0.607139 -0.0271768 1.69852 
0.867486 0.612104 -0.0228759 1.6868 
0.871123 0.609236 -0.0271284 1.6927 
0.858502 0.61383 -0.0278827 1.67066 
0.866243 0.610125 -0.0301392 1.68405 
0.864253 0.614192 -0.0230311 1.6815 
0.862029 0.611782 -0.0274297 1.67618 
0.853596 0.602058 -0.0433778 1.65795 
0.856973 0.606276 -0.039988 1.66561 
0.850582 0.605554 -0.0400982 1.65335 
0.854456 0.604618 -0.0408793 1.66091 
0.863588 0.599595 -0.0448268 1.67575 
0.869063 0.59873 -0.0446267 1.68529 
0.862101 0.60349 -0.0405307 1.67399 
0.864616 0.600738 -0.0439249 1.67764 
0.888288 0.584491 -0.0532017 1.71797 
0.88801 0.580155 -0.0569867 1.71657 
0.892984 0.577446 -0.0571706 1.72511 
0.888586 0.578706 -0.0557037 1.71618 
0.892324 0.593363 -0.0374518 1.72738 
0.888238 0.594394 -0.041157 1.72038 
0.894672 0.589057 -0.0447179 1.73112 
0.891141 0.592405 -0.0405773 1.72534 
0.879314 0.585508 -0.0528257 1.70072 
0.88431 0.581178 -0.0555626 1.70906 
0.884759 0.585439 -0.0516888 1.71081 
0.88339 0.584039 -0.0531154 1.70862 
0.876087 0.593012 -0.0465445 1.69696 
0.877391 0.588508 -0.0508418 1.69828 
0.882494 0.588374 -0.0502051 1.7075 
0.878503 0.590108 -0.0497888 1.70043 
0.863803 0.60396 -0.0390478 1.67677 
0.870707 0.599771 -0.0429557 1.6885 
0.868202 0.604688 -0.0371055 1.68513 
0.866747 0.602296 -0.039186 1.68157 
0.865151 0.596577 -0.0468148 1.67768 
0.868545 0.591936 -0.0508906 1.68296 
0.871095 0.595418 -0.0461203 1.68832 
0.869307 0.595423 -0.047727 1.68585 
0.869332 0.584343 -0.0554729 1.68306 
0.867662 0.577003 -0.0586615 1.6784 
0.872202 0.578986 -0.0585669 1.68715 
0.86935 0.579932 -0.0582822 1.68156 
0.874829 0.594361 -0.0476949 1.69572 
0.871994 0.590942 -0.0520022 1.68978 
0.876342 0.589978 -0.0522731 1.69748 
0.873408 0.590831 -0.0510523 1.69164 
0.863486 0.597347 -0.0487083 1.67561 
0.861243 0.591981 -0.0511675 1.67 
0.866396 0.591326 -0.051949 1.67944 
0.862675 0.592492 -0.0508007 1.67218 
0.857243 0.601076 -0.0446272 1.66506 
0.862207 0.600944 -0.04578 1.67436 
0.860619 0.605303 -0.0415849 1.67273 
0.859078 0.601802 -0.0444091 1.66822 
0.845884 0.595384 -0.0447531 1.64261 
0.85118 0.598662 -0.0445544 1.65319 
0.84827 0.602315 -0.0413716 1.64872 
0.848278 0.599442 -0.0439507 1.64756 
0.849011 0.581834 -0.0519666 1.64559 
0.847455 0.576084 -0.0541488 1.64137 
0.851111 0.577281 -0.0546313 1.64835 
0.848632 0.577957 -0.0540665 1.64344 
0.845859 0.592884 -0.0469937 1.64147 
0.848744 0.589591 -0.049634 1.646 
0.851321 0.596506 -0.046525 1.65249 
0.84886 0.592013 -0.0473899 1.64727 
0.843049 0.586298 -0.0479022 1.63518 
0.841022 0.578136 -0.0511211 1.6296 
0.845926 0.583124 -0.0504586 1.63977 
0.843735 0.583908 -0.0502455 1.63562 
0.87409 0.574151 -0.0605461 1.68977 
0.870076 0.566747 -0.0629722 1.68065 
0.87345 0.567185 -0.0635046 1.68698 
0.871853 0.567849 -0.0630547 1.68388 
0.889991 0.598523 -0.0166735 1.72363 
0.900619 0.590734 -0.0194531 1.7415 
0.893266 0.597585 -0.009664 1.7295 
0.892295 0.593182 -0.014577 1.72483 
0.884143 0.5978 -0.0371881 1.71354 
0.888959 0.596518 -0.0335952 1.72191 
0.881606 0.601703 -0.0309788 1.70969 
0.885547 0.599548 -0.0342245 1.71688 
0.873111 0.605864 -0.0343954 1.69583 
0.880769 0.600872 -0.0382142 1.70879 
0.878126 0.604675 -0.031533 1.70462 
0.876552 0.603431 -0.0342941 1.70128 
0.887783 0.588816 -0.0485442 1.71775 
0.892744 0.587865 -0.0472437 1.72706 
0.886182 0.594133 -0.0436702 1.71663 
0.888589 0.58993 -0.04732 1.71938 
0.903632 0.583792 -0.0336488 1.74483 
0.904266 0.585626 -0.0253847 1.74662 
0.897401 0.588648 -0.030516 1.7342 
0.902055 0.586249 -0.0301094 1.7428 
0.914508 0.57429 -0.0325747 1.76238 
0.918438 0.575546 -0.0268919 1.77125 
0.909842 0.58104 -0.0254839 1.75577 
0.915586 0.578737 -0.0283652 1.76713 
0.909734 0.576878 -0.043439 1.75552 
0.913412 0.576511 -0.038363 1.76225 
0.907474 0.580682 -0.0385543 1.752 
0.910692 0.579058 -0.0400843 1.75816 
0.92532 0.566476 -0.037395 1.78187 
0.923031 0.572751 -0.0301046 1.77987 
0.920003 0.571178 -0.0357377 1.77282 
0.922112 0.568754 -0.0341812 1.77594 
0.926145 0.56232 -0.0465776 1.78301 
0.925732 0.564574 -0.0423468 1.78242 
0.922405 0.565926 -0.045506 1.7768 
0.924746 0.564253 -0.0445618 1.78092 
0.924625 0.557009 -0.0543748 1.77953 
0.928418 0.55572 -0.0573736 1.7866 
0.92692 0.558369 -0.0509638 1.78387 
0.926339 0.555734 -0.0539982 1.78171 
0.922878 0.552395 -0.0486627 1.77481 
0.922749 0.556265 -0.0511884 1.77576 
0.923292 0.556169 -0.0498077 1.77636 
0.92336 0.555582 -0.0494535 1.77663 
0.919934 0.55262 -0.0669444 1.76907 
0.926642 0.553132 -0.0613184 1.78198 
0.922139 0.555681 -0.0571107 1.77405 
0.923282 0.555545 -0.0617593 1.77687 
0.933105 0.558167 -0.0462403 1.79554 
0.928335 0.563318 -0.0421055 1.7875 
0.928404 0.561456 -0.0470439 1.7876 
0.929492 0.559526 -0.0453619 1.78816 
0.939051 0.553342 -0.0448953 1.80557 
0.945446 0.547863 -0.0433663 1.81666 
0.939049 0.556869 -0.0367631 1.80678 
0.940084 0.549914 -0.0421941 1.80558 
0.927838 0.568127 0.00646541 1.78534 
0.933881 0.56126 -0.00440635 1.79514 
0.939481 0.558931 0.00555556 1.80565 
0.935382 0.565614 0.00255408 1.80078 
0.907615 0.582774 -0.0360146 1.75305 
0.913299 0.57822 -0.0362051 1.76257 
0.908373 0.584673 -0.0285435 1.75515 
0.908322 0.579603 -0.0337783 1.75233 
0.930065 0.560282 -0.038878 1.78897 
0.935135 0.554621 -0.0429874 1.79735 
0.93532 0.558171 -0.0355528 1.79906 
0.933932 0.558396 -0.0386202 1.79656 
0.92197 0.551601 -0.0479863 1.77345 
0.917642 0.553441 -0.0492985 1.76609 
0.921156 0.555825 -0.0517889 1.77271 
0.919671 0.552684 -0.049872 1.76901 
0.939211 0.559632 -0.0287874 1.80807 
0.945734 0.553688 -0.0264052 1.8191 
0.938628 0.563523 -0.0193119 1.80828 
0.939955 0.556045 -0.02586 1.80731 
0.927385 0.564195 -0.0355187 1.78505 
0.932632 0.562465 -0.0320416 1.79532 
0.925268 0.570205 -0.0279815 1.78325 
0.928448 0.565395 -0.032914 1.78769 
0.952926 0.541464 -0.0408075 1.82977 
0.959841 0.534541 -0.0369413 1.84155 
0.953024 0.545343 -0.0318867 1.83136 
0.953833 0.537098 -0.0369296 1.82912 
0.839856 0.598472 -0.041886 1.63181 
0.843239 0.596094 -0.0442038 1.63747 
0.845447 0.603072 -0.0408545 1.64327 
0.842733 0.597662 -0.0423235 1.63727 
0.832924 0.603165 -0.0372795 1.62034 
0.836423 0.600746 -0.0397132 1.62621 
0.837802 0.607742 -0.036206 1.63061 
0.835398 0.602415 -0.0376803 1.62498 
0.831916 0.586756 -0.0449986 1.6147 
0.835161 0.58543 -0.0467393 1.62036 
0.835748 0.593678 -0.0435921 1.62359 
0.833432 0.586494 -0.0451832 1.61735 
0.829629 0.5743 -0.049671 1.60734 
0.832168 0.572175 -0.0513094 1.61151 
0.83344 0.579062 -0.0493771 1.6156 
0.831561 0.573676 -0.04988 1.61099 
0.823139 0.578537 -0.0456115 1.59643 
0.82622 0.576202 -0.047717 1.60151 
0.827103 0.582169 -0.0456987 1.60476 
0.825558 0.577937 -0.046158 1.60108 
0.822139 0.568059 -0.04926 1.59077 
0.82532 0.565892 -0.0511888 1.59616 
0.825751 0.570003 -0.049697 1.59887 
0.824866 0.567457 -0.0502701 1.59619 
0.837938 0.57244 -0.0536881 1.62227 
0.834925 0.569282 -0.0537091 1.61587 
0.838401 0.566051 -0.0559414 1.62147 
0.836797 0.568538 -0.0538821 1.61931 
0.829631 0.581846 -0.0462879 1.6095 
0.828818 0.575852 -0.0483032 1.60643 
0.832854 0.580567 -0.047973 1.61511 
0.830552 0.580794 -0.0473705 1.61078 
0.828283 0.563864 -0.0529362 1.60121 
0.831034 0.561873 -0.0545565 1.60584 
0.831552 0.565647 -0.0531893 1.60852 
0.830677 0.563272 -0.0537561 1.60596 
0.837102 0.593002 -0.0434436 1.62588 
0.836492 0.58477 -0.0465861 1.62262 
0.84061 0.590267 -0.0456927 1.63159 
0.838681 0.591081 -0.0456191 1.62817 
0.822803 0.580267 -0.0438694 1.59667 
0.826824 0.583807 -0.0440217 1.60507 
0.824792 0.586695 -0.0418867 1.6021 
0.824616 0.584405 -0.0436506 1.60081 
0.817562 0.583743 -0.0412459 1.58754 
0.820295 0.580951 -0.0434635 1.59183 
0.822222 0.587348 -0.0413679 1.59712 
0.820286 0.583027 -0.0417415 1.5928 
0.815852 0.572311 -0.0452614 1.58021 
0.819174 0.570193 -0.0472787 1.58586 
0.819532 0.574422 -0.0456233 1.58855 
0.818586 0.571746 -0.0463299 1.58563 
0.827814 0.569426 -0.0501862 1.60284 
0.827867 0.565296 -0.0521468 1.60124 
0.830461 0.567196 -0.0518316 1.6071 
0.828695 0.56783 -0.0516871 1.60381 
0.812622 0.574548 -0.0430513 1.57483 
0.813533 0.579226 -0.0413217 1.57881 
0.809148 0.576633 -0.0409981 1.56892 
0.812291 0.576014 -0.0422008 1.57512 
0.809007 0.578161 -0.040007 1.56965 
0.812589 0.580674 -0.0396551 1.57772 
0.809381 0.583096 -0.0373359 1.57249 
0.810402 0.581298 -0.0391987 1.57356 
0.816483 0.604878 -0.0308924 1.59083 
0.819145 0.600928 -0.0340837 1.59462 
0.82308 0.608495 -0.0315915 1.60411 
0.820247 0.604088 -0.0316626 1.59807 
0.821807 0.616102 -0.0251124 1.60464 
0.817573 0.608176 -0.0284465 1.59431 
0.824052 0.611242 -0.0293179 1.60725 
0.82022 0.612006 -0.0282976 1.59987 
0.803232 0.600073 -0.0279149 1.56555 
0.803285 0.594781 -0.0307366 1.56435 
0.80907 0.600643 -0.0293012 1.57648 
0.805539 0.59933 -0.0284101 1.56976 
0.79541 0.608302 -0.0207795 1.553 
0.800219 0.605071 -0.024291 1.5609 
0.803233 0.611975 -0.0215616 1.56834 
0.800601 0.607397 -0.0220933 1.56292 
0.799802 0.587065 -0.0326052 1.55569 
0.794693 0.584744 -0.0324534 1.54438 
0.799134 0.58244 -0.034896 1.55199 
0.798421 0.584108 -0.0339519 1.55167 
0.787869 0.59842 -0.0238777 1.53703 
0.788771 0.604506 -0.0205652 1.53998 
0.781752 0.601494 -0.0200504 1.52678 
0.786706 0.600776 -0.0216181 1.53622 
0.790559 0.58704 -0.0302722 1.53752 
0.790161 0.591726 -0.0274544 1.53936 
0.785236 0.589435 -0.0273774 1.52828 
0.788855 0.58894 -0.0290494 1.53537 
0.80254 0.586709 -0.033509 1.56088 
0.80246 0.581977 -0.0363247 1.55856 
0.80605 0.585075 -0.0356512 1.56683 
0.803822 0.585468 -0.0351442 1.56273 
0.807428 0.583732 -0.0371093 1.56886 
0.802975 0.580601 -0.0369936 1.55867 
0.806139 0.578735 -0.0389078 1.564 
0.805933 0.580059 -0.0381352 1.56448 
0.813631 0.598682 -0.0312383 1.58459 
0.811332 0.591193 -0.0345302 1.57846 
0.816379 0.59508 -0.034442 1.5887 
0.813703 0.595706 -0.0338129 1.58356 
0.797354 0.588906 -0.0308049 1.55185 
0.792514 0.591241 -0.0280338 1.54367 
0.793552 0.586627 -0.0315469 1.54336 
0.794761 0.589534 -0.0302459 1.54714 
0.810969 0.599292 -0.0306433 1.57949 
0.805444 0.593436 -0.0319036 1.56791 
0.808879 0.591781 -0.0339876 1.57376 
0.808019 0.592918 -0.0324177 1.57271 
0.799145 0.599057 -0.0268499 1.55776 
0.794073 0.595912 -0.0268831 1.54798 
0.798857 0.593722 -0.0295994 1.5561 
0.797422 0.595391 -0.0278464 1.55427 
0.592272 0.609345 0.0645223 1.19651 
0.600843 0.61341 0.0594343 1.21338 
0.562738 0.601292 0.0706935 1.14411 
0.593208 0.610017 0.0652994 1.19871 
0.811252 0.638142 0.0162321 1.59034 
0.800548 0.641671 0.0232671 1.57245 
0.799992 0.640964 0.0153106 1.57159 
0.803857 0.640446 0.0191678 1.57798 
0.72324 0.615077 0.0481232 1.42745 
0.687927 0.615923 0.0529021 1.36322 
0.714673 0.613598 0.0499931 1.41037 
0.717591 0.612741 0.0524995 1.41518 
0.731276 0.616811 0.0268621 1.44193 
0.734915 0.620679 0.0303198 1.44905 
0.728469 0.616857 0.0316481 1.43709 
0.732242 0.617642 0.0293038 1.44455 
0.718911 0.6205 0.0510527 1.42005 
0.691109 0.614874 0.0586178 1.36823 
0.724665 0.616271 0.0491502 1.43062 
0.716627 0.617224 0.0475535 1.41619 
0.736585 0.622699 0.0429277 1.45342 
0.729408 0.621775 0.0461332 1.43989 
0.730051 0.618192 0.0450943 1.4417 
0.733086 0.62097 0.0457689 1.44615 
0.73089 0.617593 0.0345693 1.44244 
0.73696 0.621425 0.0330804 1.45367 
0.737111 0.622272 0.0379858 1.45421 
0.733909 0.62101 0.0349817 1.4476 
0.752543 0.63856 0.0360964 1.48552 
0.756689 0.645032 0.0398478 1.49688 
0.750069 0.638628 0.0423431 1.48125 
0.754402 0.639784 0.0391442 1.49017 
0.684086 0.633683 0.0565295 1.36025 
0.629989 0.622655 0.0662068 1.26296 
0.700404 0.62707 0.0519571 1.38681 
0.681452 0.628925 0.0490556 1.35434 
0.737717 0.653284 0.058715 1.46525 
0.690174 0.655392 0.0649765 1.38462 
0.732336 0.654638 0.0554576 1.45785 
0.733374 0.656441 0.0584598 1.46148 
0.598866 0.617908 0.0725129 1.21282 
0.592387 0.615706 0.0853057 1.20209 
0.58167 0.610793 0.0798645 1.18253 
0.584204 0.612793 0.0792509 1.18609 
0.621976 0.630665 0.0832372 1.25641 
0.623073 0.630728 0.0955108 1.25906 
0.606033 0.621487 0.0916905 1.22613 
0.612122 0.627396 0.0882699 1.23836 
0.669625 0.635553 0.0560525 1.33673 
0.62114 0.630122 0.0731836 1.25341 
0.618632 0.624398 0.0676437 1.24615 
0.621749 0.628717 0.0706056 1.25281 
0.646707 0.645356 0.077503 1.30567 
0.628767 0.635664 0.0918522 1.27086 
0.627219 0.635123 0.079939 1.26682 
0.635186 0.637982 0.0859355 1.2827 
0.730396 0.649057 0.0512714 1.45158 
0.689184 0.64946 0.0606591 1.37918 
0.702702 0.64234 0.0539474 1.39822 
0.706642 0.647071 0.0605192 1.4078 
0.664294 0.645197 0.11864 1.33816 
0.683178 0.646619 0.133174 1.37253 
0.65663 0.640736 0.135026 1.32473 
0.674474 0.645989 0.126031 1.35704 
0.59361 0.614699 0.0977424 1.20451 
0.599137 0.615428 0.11063 1.21486 
0.583695 0.608825 0.103303 1.18692 
0.586793 0.611521 0.102153 1.19162 
0.68341 0.652173 0.107085 1.37461 
0.704482 0.653286 0.0983793 1.40934 
0.702623 0.651738 0.121562 1.40833 
0.687886 0.649626 0.108851 1.379 
0.619358 0.62525 0.121694 1.25301 
0.629222 0.632667 0.112593 1.27261 
0.642092 0.635865 0.131359 1.29815 
0.625343 0.630096 0.118314 1.26485 
0.667078 0.652377 0.0814808 1.3444 
0.689365 0.652171 0.090394 1.3813 
0.665546 0.650578 0.0985222 1.34211 
0.685277 0.654644 0.0910104 1.37807 
0.60144 0.600042 0.151733 1.21684 
0.603672 0.59767 0.165386 1.22139 
0.586169 0.593054 0.15473 1.18664 
0.588593 0.595788 0.157404 1.19407 
0.618251 0.611381 0.148432 1.24743 
0.59748 0.602837 0.14785 1.21106 
0.594996 0.605009 0.136177 1.20652 
0.61047 0.607503 0.142613 1.23452 
0.638178 0.613545 0.156091 1.28336 
0.638522 0.607065 0.170543 1.2839 
0.618835 0.605746 0.156055 1.24946 
0.626833 0.607124 0.162118 1.26281 
0.72533 0.615093 0.0412932 1.43103 
0.721653 0.613165 0.0363458 1.42237 
0.725812 0.614914 0.0358605 1.43154 
0.723318 0.614253 0.0376238 1.42634 
0.853904 0.624482 0.010136 1.66497 
0.867005 0.617735 0.00441576 1.68727 
0.861087 0.621638 0.015221 1.67748 
0.858273 0.619184 0.0101772 1.66993 
0.833552 0.627961 -0.01348 1.62938 
0.842244 0.62497 -0.0157499 1.64427 
0.837146 0.629202 -0.00724873 1.63624 
0.835345 0.625832 -0.012172 1.6306 
0.815036 0.629968 -0.0106677 1.59589 
0.823807 0.628331 -0.0120186 1.6109 
0.816996 0.632411 -0.0039508 1.59958 
0.817026 0.628869 -0.00881892 1.59749 
0.814819 0.62698 -0.0138304 1.59385 
0.820183 0.622721 -0.019764 1.6024 
0.823868 0.625856 -0.0146764 1.60977 
0.821458 0.625983 -0.0160155 1.60663 
0.839206 0.616981 -0.0277727 1.63562 
0.840569 0.613022 -0.0321278 1.6369 
0.847281 0.615266 -0.0299866 1.65014 
0.842709 0.615881 -0.0294011 1.64217 
0.840309 0.607025 -0.0364596 1.63514 
0.838915 0.600169 -0.0400733 1.6308 
0.844616 0.604726 -0.0390401 1.64247 
0.84145 0.605502 -0.0383765 1.63655 
0.821814 0.597324 -0.0368267 1.59857 
0.824282 0.593843 -0.0395785 1.6022 
0.827169 0.600591 -0.0377869 1.60938 
0.82501 0.596613 -0.037628 1.60478 
0.815637 0.578581 -0.0417021 1.58281 
0.815487 0.573927 -0.0441299 1.5805 
0.818497 0.576006 -0.0438679 1.58732 
0.816562 0.576622 -0.0435358 1.58364 
0.819582 0.592639 -0.0369236 1.59404 
0.817459 0.585949 -0.0394869 1.58837 
0.822125 0.58934 -0.0397541 1.59784 
0.819425 0.589987 -0.0391034 1.59261 
0.807787 0.611185 -0.0233393 1.57708 
0.804799 0.604245 -0.026066 1.56971 
0.810663 0.605054 -0.0276017 1.58064 
0.806427 0.60585 -0.0260851 1.57247 
0.81177 0.589177 -0.0364647 1.57834 
0.81488 0.586585 -0.0389186 1.58339 
0.816867 0.593247 -0.0362025 1.58877 
0.814607 0.588458 -0.0370425 1.58377 
0.821558 0.573899 -0.0460772 1.59241 
0.821704 0.569681 -0.0482835 1.5909 
0.824688 0.571631 -0.0481939 1.59758 
0.82259 0.572195 -0.0477402 1.59358 
0.739747 0.632901 0.196267 1.4741 
0.713655 0.636795 0.179908 1.42739 
0.736017 0.638423 0.179927 1.46709 
0.726011 0.636413 0.187954 1.45028 
0.695856 0.604125 0.224202 1.38775 
0.694199 0.615617 0.209593 1.38803 
0.722649 0.611673 0.227031 1.43889 
0.707571 0.61189 0.216808 1.41032 
0.658873 0.624529 0.162497 1.32352 
0.685839 0.6328 0.171164 1.37572 
0.681713 0.62503 0.181323 1.36571 
0.677941 0.627633 0.175923 1.36042 
0.713109 0.634557 0.0481142 1.41208 
0.723314 0.627078 0.0452514 1.4281 
0.73987 0.633369 0.0447488 1.46024 
0.725649 0.632836 0.0500244 1.4338 
0.712944 0.611516 0.0469308 1.40518 
0.716868 0.611884 0.0397105 1.41243 
0.721639 0.614089 0.0438938 1.42335 
0.719597 0.613317 0.0423219 1.41892 
0.613504 0.627357 0.100687 1.24147 
0.603198 0.619379 0.109307 1.22118 
0.59737 0.618234 0.0964429 1.2102 
0.607716 0.622159 0.104015 1.23011 
0.601201 0.62073 0.0725532 1.21594 
0.612068 0.62768 0.0765364 1.23727 
0.595418 0.618262 0.0845085 1.20585 
0.608625 0.623188 0.0777229 1.23031 
0.655309 0.643927 0.111595 1.32198 
0.647868 0.638467 0.127785 1.30819 
0.635393 0.636003 0.108688 1.28381 
0.646165 0.639957 0.117807 1.30525 
0.732265 0.643531 0.169383 1.46251 
0.710208 0.641625 0.169751 1.42341 
0.711375 0.648298 0.151625 1.42616 
0.71978 0.643595 0.161448 1.43865 
0.690312 0.636593 0.165196 1.38558 
0.662556 0.628182 0.156974 1.33193 
0.672259 0.63808 0.14847 1.35295 
0.669646 0.634973 0.153238 1.34657 
0.760325 0.650444 0.0428647 1.50603 
0.768323 0.650433 0.0433979 1.51949 
0.755016 0.652147 0.0485424 1.49747 
0.763189 0.652266 0.0457964 1.51284 
0.751437 0.626621 0.0226065 1.47931 
0.759755 0.633233 0.0215604 1.49634 
0.754242 0.633245 0.0283221 1.48656 
0.754729 0.631866 0.0245703 1.48623 
0.769784 0.638037 0.0181973 1.51633 
0.775131 0.636876 0.0124803 1.52557 
0.778869 0.642632 0.0172541 1.53521 
0.775711 0.638209 0.0153939 1.52779 
0.85978 0.615889 -0.020352 1.67318 
0.85018 0.619398 -0.0195597 1.65636 
0.853142 0.615722 -0.025257 1.66064 
0.855459 0.618143 -0.021251 1.66656 
0.850567 0.62251 0.00586142 1.65669 
0.854943 0.618917 -0.00261871 1.66344 
0.864199 0.615788 0.000354218 1.6801 
0.857572 0.621087 0.00127762 1.67034 
0.830003 0.629824 -0.0028112 1.62202 
0.819451 0.63292 -0.00173078 1.60397 
0.826258 0.628775 -0.00971234 1.615 
0.8274 0.632012 -0.00490282 1.61945 
0.847219 0.62757 0.00439863 1.65391 
0.84189 0.629193 -0.00145201 1.64495 
0.851877 0.624355 -0.00476094 1.66152 
0.844578 0.625252 -0.000487538 1.64698 
0.838167 0.628549 0.00977853 1.63596 
0.823841 0.634217 0.0122292 1.61185 
0.832142 0.630376 0.00351461 1.62579 
0.834121 0.632981 0.00837068 1.63178 
0.833426 0.63033 0.026853 1.62726 
0.842247 0.62631 0.0165242 1.64217 
0.851528 0.623135 0.0212478 1.65865 
0.845593 0.628816 0.0220063 1.65101 
0.820891 0.636387 0.00952495 1.60825 
0.819263 0.636177 0.00236698 1.60585 
0.82922 0.63246 0.000585269 1.62214 
0.821451 0.633149 0.00425911 1.60694 
0.800579 0.623744 -0.0134624 1.567 
0.805831 0.619418 -0.0188355 1.57524 
0.808046 0.627033 -0.0140696 1.58197 
0.805705 0.623076 -0.0152312 1.57685 
0.785215 0.617418 -0.00893291 1.53768 
0.792612 0.622083 -0.00977022 1.55231 
0.788616 0.626331 -0.00383383 1.54631 
0.788319 0.622421 -0.00796506 1.54397 
0.779569 0.619989 -0.00369187 1.52765 
0.782765 0.61758 -0.00784715 1.5329 
0.786162 0.626507 -0.00283479 1.54158 
0.782204 0.619727 -0.00471968 1.53269 
0.77039 0.607782 -0.011069 1.50804 
0.775523 0.604641 -0.0160138 1.51637 
0.777765 0.610871 -0.012343 1.52172 
0.775357 0.607354 -0.0131193 1.51766 
0.782385 0.610273 -0.0138307 1.53053 
0.780714 0.603907 -0.0176536 1.52629 
0.78802 0.606681 -0.0183105 1.53985 
0.782986 0.607339 -0.0165408 1.53015 
0.874614 0.615719 0.0346441 1.70149 
0.86933 0.619145 0.0238763 1.6929 
0.887061 0.606468 0.0193909 1.72139 
0.872819 0.611362 0.0256838 1.69448 
0.875494 0.610674 0.0703054 1.70122 
0.874466 0.609632 0.0508398 1.69729 
0.890215 0.599805 0.0514196 1.72394 
0.87942 0.612034 0.0573136 1.70983 
0.848279 0.627534 0.0449228 1.65573 
0.858423 0.622907 0.0285457 1.67289 
0.865459 0.619442 0.0396143 1.68496 
0.860915 0.626767 0.0377899 1.68113 
0.862918 0.617992 0.0847778 1.6813 
0.839356 0.628266 0.0849906 1.64054 
0.84641 0.627541 0.0672093 1.65313 
0.851259 0.628161 0.0782098 1.66433 
0.877902 0.611736 0.130325 1.71351 
0.860179 0.623768 0.124279 1.68439 
0.870266 0.618689 0.103411 1.69895 
0.865627 0.611448 0.117852 1.68563 
0.85365 0.600542 0.186245 1.66503 
0.843322 0.600372 0.200434 1.64688 
0.826004 0.610411 0.190742 1.61681 
0.84467 0.605972 0.194658 1.6525 
0.793562 0.640242 0.0591861 1.55701 
0.769592 0.645309 0.0673073 1.51596 
0.786487 0.642437 0.0516315 1.54508 
0.789742 0.645686 0.0584861 1.55439 
0.739411 0.643501 0.129971 1.46612 
0.715587 0.64604 0.130063 1.42624 
0.718565 0.649666 0.108613 1.43155 
0.728375 0.649522 0.122143 1.45073 
0.807583 0.632209 0.148977 1.58873 
0.781457 0.643398 0.140693 1.54612 
0.794647 0.641571 0.124037 1.567 
0.788226 0.634579 0.135519 1.55049 
0.806842 0.625066 0.158709 1.58325 
0.801118 0.623786 0.171695 1.57367 
0.777524 0.635278 0.152757 1.53377 
0.801362 0.629482 0.164156 1.57731 
0.831791 0.624356 0.13494 1.62814 
0.81537 0.630215 0.146929 1.602 
0.803438 0.636683 0.123906 1.57991 
0.823157 0.635129 0.137762 1.61996 
0.839812 0.597307 0.211597 1.64034 
0.838061 0.595692 0.225308 1.63943 
0.81722 0.607254 0.216453 1.6035 
0.835291 0.602972 0.220386 1.63787 
0.763373 0.6524 0.0545066 1.51109 
0.774502 0.650216 0.0458959 1.53007 
0.784031 0.647704 0.0483206 1.54539 
0.778606 0.652015 0.0502527 1.53954 
0.765608 0.649342 0.0401192 1.515 
0.772385 0.648546 0.0336576 1.52649 
0.774494 0.649078 0.0402134 1.53001 
0.770957 0.64935 0.0373183 1.52457 
0.743292 0.632936 0.0455721 1.46637 
0.732387 0.626463 0.048305 1.44473 
0.739662 0.626957 0.0434451 1.45813 
0.740461 0.627403 0.0446608 1.46009 
0.758026 0.640747 0.0328124 1.49675 
0.768406 0.646475 0.0309524 1.51858 
0.761602 0.646218 0.0371926 1.50633 
0.761204 0.645442 0.0349118 1.50482 
0.806211 0.640396 0.0284265 1.58198 
0.816511 0.637417 0.021216 1.59976 
0.820959 0.636486 0.029412 1.60743 
0.815906 0.638324 0.0249012 1.5993 
0.777652 0.648244 0.0307041 1.53536 
0.789928 0.647022 0.0280955 1.5566 
0.780342 0.648896 0.0369113 1.54039 
0.78084 0.64788 0.0328851 1.54038 
0.835852 0.632788 0.031656 1.63419 
0.853579 0.625348 0.0255644 1.66462 
0.842982 0.6305 0.0426052 1.647 
0.839901 0.626128 0.0333544 1.63713 
0.825833 0.636258 0.0759206 1.61843 
0.815976 0.639646 0.0617009 1.60064 
0.834764 0.632638 0.0577938 1.63251 
0.821018 0.633729 0.0650844 1.60601 
0.825139 0.636757 0.0165773 1.61644 
0.838569 0.631066 0.0136185 1.63866 
0.82951 0.635819 0.0246201 1.624 
0.828157 0.632692 0.0182748 1.61878 
0.799308 0.638299 0.00807675 1.56909 
0.80092 0.635866 0.00176392 1.57138 
0.808572 0.635467 0.00188645 1.5846 
0.803224 0.636913 0.00400538 1.57579 
0.790329 0.644827 0.0190431 1.55696 
0.797121 0.643599 0.0150202 1.56874 
0.797735 0.64504 0.0229486 1.57021 
0.793516 0.644005 0.0181138 1.56202 
0.785218 0.642695 0.0149624 1.54672 
0.781726 0.63806 0.0100271 1.53818 
0.792299 0.641991 0.0111569 1.55923 
0.785942 0.642203 0.0134783 1.54772 
0.839518 0.62671 -0.00576597 1.63854 
0.844424 0.622644 -0.013798 1.64616 
0.849853 0.622426 -0.00856876 1.65621 
0.84673 0.625539 -0.00928412 1.65265 
0.855474 0.610901 -0.0313601 1.663 
0.858823 0.606548 -0.0358908 1.66786 
0.86348 0.607324 -0.0336258 1.67675 
0.860047 0.609469 -0.0336893 1.67174 
0.841429 0.619334 -0.0250069 1.64094 
0.849335 0.61733 -0.0272561 1.6551 
0.846502 0.621455 -0.0212211 1.65119 
0.844345 0.618567 -0.0248326 1.6455 
0.851232 0.608133 -0.0376951 1.65592 
0.857317 0.608449 -0.0379035 1.66741 
0.853998 0.61267 -0.0329498 1.66251 
0.853233 0.60934 -0.0365536 1.65936 
0.830905 0.612802 -0.0302731 1.61991 
0.837183 0.612517 -0.0324156 1.63134 
0.835868 0.617143 -0.0280121 1.63024 
0.8337 0.613535 -0.0307503 1.62477 
0.848442 0.555795 -0.0627091 1.63749 
0.845289 0.553248 -0.0622004 1.63054 
0.84766 0.551341 -0.0637735 1.63452 
0.847403 0.552719 -0.0629554 1.63479 
0.852193 0.553331 -0.0640343 1.64402 
0.849939 0.555183 -0.0627487 1.64025 
0.849722 0.55075 -0.0643796 1.63859 
0.850773 0.553888 -0.0639586 1.64138 
0.852536 0.547238 -0.0665197 1.6426 
0.852927 0.552007 -0.0653145 1.64495 
0.850125 0.5494 -0.065208 1.63867 
0.851984 0.54877 -0.0656388 1.6423 
0.857968 0.557748 -0.063633 1.6561 
0.856304 0.562834 -0.0616031 1.65438 
0.855081 0.555762 -0.0635721 1.65009 
0.85623 0.558413 -0.0637785 1.65274 
0.846529 0.566373 -0.0575231 1.63695 
0.845593 0.571229 -0.055647 1.63635 
0.843101 0.565609 -0.0570155 1.63047 
0.84452 0.567045 -0.0571702 1.63304 
0.853227 0.564865 -0.0603793 1.64884 
0.84912 0.563459 -0.0595873 1.64067 
0.849789 0.559398 -0.0610475 1.64075 
0.850772 0.56286 -0.0597856 1.64388 
0.85423 0.568091 -0.0591206 1.65191 
0.852666 0.572981 -0.0566719 1.65029 
0.850227 0.567423 -0.0582551 1.64422 
0.851719 0.56893 -0.0583882 1.64698 
0.855546 0.547996 -0.0673006 1.6488 
0.857842 0.553333 -0.0650556 1.65464 
0.854944 0.552433 -0.0652154 1.64885 
0.856503 0.551905 -0.065265 1.65193 
0.858894 0.577382 -0.057711 1.66217 
0.854813 0.575681 -0.0571627 1.65435 
0.856283 0.570599 -0.0595461 1.65591 
0.857205 0.574951 -0.0575169 1.65905 
0.843353 0.555256 -0.0611687 1.62756 
0.845358 0.561165 -0.0595016 1.63307 
0.842021 0.560473 -0.0589015 1.62672 
0.844115 0.559796 -0.0594046 1.63085 
0.867626 0.58492 -0.0554105 1.67976 
0.863779 0.580412 -0.0568568 1.67162 
0.866088 0.577562 -0.0586527 1.67536 
0.865333 0.579673 -0.056636 1.67447 
0.856256 0.590717 -0.0506397 1.66064 
0.85418 0.595796 -0.047394 1.65813 
0.851629 0.588807 -0.0501751 1.65165 
0.853317 0.591511 -0.0500122 1.65487 
0.859915 0.581489 -0.055789 1.66536 
0.858556 0.586674 -0.0530778 1.66402 
0.855891 0.580092 -0.0551531 1.65766 
0.857495 0.582204 -0.0552372 1.66059 
0.86087 0.598137 -0.047962 1.67052 
0.855891 0.597618 -0.0470342 1.66102 
0.858002 0.592973 -0.0502542 1.66369 
0.859107 0.596739 -0.0479358 1.66731 
0.837144 0.574548 -0.0516634 1.62163 
0.8353 0.578472 -0.04952 1.61917 
0.834015 0.571585 -0.0514902 1.61507 
0.835437 0.575083 -0.0514682 1.61833 
0.833307 0.561509 -0.0557659 1.61053 
0.837095 0.562062 -0.0561404 1.61815 
0.833515 0.565256 -0.0537882 1.61242 
0.834088 0.562833 -0.0554833 1.61224 
0.845514 0.576587 -0.0535831 1.6375 
0.846998 0.58231 -0.0512162 1.64155 
0.841865 0.577291 -0.0521011 1.63088 
0.844692 0.577349 -0.0527493 1.63621 
0.938643 0.563736 0.0626008 1.80729 
0.941828 0.561089 0.0494215 1.81231 
0.953437 0.549782 0.0612134 1.83199 
0.945112 0.562763 0.0587379 1.82111 
0.884673 0.595873 0.125174 1.71597 
0.878822 0.602069 0.101271 1.7049 
0.899529 0.587218 0.107188 1.7398 
0.890899 0.601325 0.113956 1.7317 
0.934099 0.564964 -0.017725 1.79888 
0.92766 0.568395 -0.0234635 1.78706 
0.934834 0.561235 -0.0278894 1.79909 
0.932406 0.565446 -0.0225134 1.79592 
0.945569 0.55641 0.0021973 1.81799 
0.941522 0.558162 -0.00800071 1.81063 
0.949024 0.551077 -0.00710954 1.82329 
0.944329 0.553062 -0.00452187 1.81371 
0.918813 0.580307 -0.00967156 1.77403 
0.922514 0.573562 -0.0187085 1.77852 
0.929488 0.569931 -0.0130177 1.79136 
0.923993 0.576957 -0.0148331 1.78361 
0.924135 0.577629 0.00199292 1.78333 
0.920471 0.581216 -0.0064145 1.77796 
0.930592 0.570997 -0.00998366 1.79414 
0.92257 0.573559 -0.00381516 1.77769 
0.935822 0.570177 0.0250984 1.80382 
0.929886 0.571475 0.0131578 1.79172 
0.940601 0.56286 0.0113686 1.81029 
0.933169 0.564828 0.0157846 1.79474 
0.951822 0.547619 0.0244026 1.82639 
0.939443 0.558988 0.0286769 1.80514 
0.944072 0.551379 0.0173744 1.81121 
0.945657 0.556237 0.0231312 1.81752 
0.926129 0.579903 0.0570412 1.78916 
0.914218 0.587254 0.0496747 1.76754 
0.929841 0.57634 0.0419366 1.7946 
0.921814 0.577105 0.0485279 1.77745 
0.926798 0.571905 0.0325743 1.78482 
0.908725 0.582318 0.0374821 1.75189 
0.918545 0.574177 0.02015 1.76816 
0.921024 0.579951 0.0307972 1.77738 
0.898331 0.602003 0.00893166 1.74281 
0.897171 0.602083 -0.00108327 1.74075 
0.907871 0.593557 -0.00304006 1.75826 
0.898953 0.595359 0.00110024 1.7399 
0.883193 0.602447 -0.0281847 1.71284 
0.890337 0.597379 -0.0309031 1.72482 
0.886256 0.601698 -0.023084 1.71826 
0.885017 0.599255 -0.0268935 1.71442 
0.947329 0.560921 0.0379205 1.8243 
0.95682 0.550856 0.0318365 1.83973 
0.956249 0.550461 0.0507431 1.83833 
0.95141 0.551621 0.0400718 1.82804 
0.901158 0.592502 0.0125832 1.74247 
0.910631 0.58417 0.00101336 1.75797 
0.915477 0.580165 0.0107385 1.76567 
0.911772 0.589866 0.00822588 1.76403 
0.951393 0.545754 -0.00220389 1.82561 
0.958629 0.538025 0.00242794 1.83746 
0.948305 0.551377 0.00588862 1.82128 
0.952011 0.544629 -0.000240027 1.82598 
0.959841 0.524099 0.185237 1.84824 
0.957644 0.534487 0.170315 1.84605 
0.96746 0.517775 0.179146 1.86104 
0.960951 0.521581 0.177511 1.8478 
0.9919 0.465731 0.204381 1.89685 
0.984938 0.471592 0.218119 1.88637 
0.982832 0.47778 0.205197 1.88149 
0.985671 0.46919 0.205908 1.88413 
0.92903 0.539197 0.207272 1.79191 
0.915312 0.553924 0.201724 1.76912 
0.934448 0.543954 0.19378 1.80375 
0.928995 0.549109 0.20217 1.7967 
0.708152 0.65602 0.081328 1.41638 
0.695559 0.657657 0.0700942 1.39641 
0.735541 0.654676 0.0597872 1.4625 
0.700325 0.652228 0.0713383 1.39848 
0.749977 0.651217 0.11957 1.49059 
0.730882 0.657431 0.0974637 1.45908 
0.749559 0.65333 0.0875581 1.48757 
0.735735 0.647425 0.0981336 1.45834 
0.829433 0.637411 0.0986419 1.62882 
0.840243 0.630276 0.122415 1.64816 
0.814777 0.642173 0.111355 1.60511 
0.821414 0.633081 0.108567 1.61042 
0.622717 0.624323 0.1255 1.258 
0.648538 0.635186 0.135118 1.30852 
0.63591 0.624548 0.141402 1.28194 
0.643396 0.62773 0.137044 1.29625 
0.696862 0.647113 0.14204 1.39797 
0.696569 0.640395 0.160303 1.39656 
0.677744 0.641981 0.144571 1.36279 
0.686892 0.643183 0.150745 1.38054 
0.766514 0.610195 0.243373 1.52061 
0.797577 0.607133 0.24442 1.57586 
0.799043 0.601264 0.252372 1.57865 
0.792388 0.605428 0.250484 1.56837 
0.70405 0.623605 0.204199 1.40814 
0.734218 0.627344 0.210626 1.46444 
0.733168 0.620106 0.220084 1.4608 
0.726255 0.623147 0.21627 1.44988 
0.756568 0.637033 0.193563 1.50656 
0.784288 0.626342 0.209074 1.55318 
0.76019 0.631012 0.209387 1.51301 
0.767623 0.631113 0.201815 1.52407 
0.608657 0.610924 0.12925 1.23222 
0.619113 0.617415 0.125104 1.25039 
0.63179 0.617242 0.141156 1.2732 
0.611979 0.613955 0.129393 1.23655 
0.557097 0.590816 0.126305 1.13439 
0.554897 0.592064 0.116088 1.13037 
0.572094 0.598404 0.122871 1.16364 
0.569096 0.595721 0.12165 1.15603 
0.639541 0.639493 0.10027 1.29271 
0.657466 0.648479 0.0854438 1.32685 
0.65768 0.64717 0.102983 1.3278 
0.647086 0.644117 0.0949552 1.30679 
0.572218 0.603667 0.0972827 1.16448 
0.561874 0.599248 0.0917434 1.14364 
0.570456 0.604411 0.0862505 1.16091 
0.563106 0.600655 0.090887 1.14686 
0.58678 0.606897 0.117201 1.19204 
0.580365 0.606765 0.106325 1.18029 
0.597694 0.61366 0.113665 1.21137 
0.594426 0.609779 0.113935 1.20603 
0.558537 0.59532 0.104601 1.13683 
0.556955 0.596356 0.095314 1.13401 
0.568597 0.601177 0.100588 1.15706 
0.567428 0.599074 0.100714 1.15307 
0.625843 0.633957 0.0764602 1.26312 
0.675256 0.639155 0.0644348 1.34836 
0.656352 0.644108 0.0730749 1.3199 
0.649454 0.639988 0.066245 1.30587 
0.88605 0.604961 0.0158161 1.71826 
0.868151 0.616101 0.018911 1.68825 
0.873866 0.611454 0.00850462 1.69713 
0.877735 0.614268 0.0150309 1.70731 
0.904016 0.58783 -0.0167566 1.74681 
0.908717 0.58905 -0.00744614 1.75742 
0.896922 0.595816 -0.00721183 1.7362 
0.905443 0.593347 -0.0102455 1.75326 
0.896212 0.595812 0.0408243 1.7339 
0.881892 0.605013 0.0387948 1.70961 
0.89329 0.598463 0.0236539 1.72935 
0.891068 0.601385 0.035212 1.72669 
0.941727 0.547497 0.14145 1.81255 
0.948384 0.539733 0.156027 1.82548 
0.934691 0.553846 0.152795 1.80242 
0.93987 0.549126 0.148607 1.81054 
0.871967 0.622561 0.0728488 1.70268 
0.856432 0.630679 0.0570332 1.67556 
0.870644 0.622455 0.0495199 1.69845 
0.861373 0.620521 0.0579632 1.67803 
0.903603 0.595553 0.0878015 1.75247 
0.887749 0.609874 0.0796589 1.7276 
0.898932 0.601171 0.0601487 1.7442 
0.89325 0.595235 0.0760811 1.72888 
0.873936 0.601941 0.146239 1.70048 
0.862379 0.602573 0.164289 1.67994 
0.852046 0.612708 0.143591 1.66209 
0.867077 0.609505 0.153518 1.69285 
0.760328 0.652716 0.0537532 1.5064 
0.756559 0.654017 0.0507288 1.50177 
0.771124 0.651342 0.0460276 1.52554 
0.758653 0.651322 0.0510471 1.50218 
0.794491 0.646651 0.0319163 1.5648 
0.793913 0.646521 0.0421732 1.56338 
0.784781 0.649122 0.0404323 1.54872 
0.789529 0.647191 0.0381935 1.55575 
0.743636 0.649942 0.0768848 1.47282 
0.713885 0.653989 0.0828332 1.42406 
0.739708 0.652804 0.0648233 1.46802 
0.739447 0.656694 0.0727657 1.47141 
0.882456 0.608599 0.00514508 1.71355 
0.891748 0.602594 0.0024789 1.72933 
0.892442 0.602634 0.0125538 1.73048 
0.888486 0.603965 0.00577052 1.72317 
0.765029 0.620369 0.00506801 1.50137 
0.771246 0.628781 0.00840848 1.51519 
0.76128 0.622151 0.00963416 1.49517 
0.766732 0.621845 0.0076686 1.50555 
0.763865 0.609323 -0.00505773 1.4975 
0.763031 0.614189 4.28546e-05 1.4969 
0.757829 0.610631 -0.000449478 1.48706 
0.760627 0.610769 -0.00177394 1.49223 
0.77726 0.622314 -0.000770572 1.5242 
0.783901 0.629555 0.000358715 1.53854 
0.778477 0.629578 0.00488627 1.52885 
0.780588 0.628617 0.00195233 1.53223 
0.767449 0.61078 -0.00647334 1.504 
0.772351 0.616708 -0.00375763 1.51387 
0.766499 0.615553 -0.00131412 1.50312 
0.770173 0.615119 -0.00320419 1.51003 
0.771246 0.610374 -0.00782057 1.51123 
0.778742 0.613443 -0.00915804 1.52506 
0.775639 0.616417 -0.00509783 1.52016 
0.774205 0.613957 -0.00759201 1.51641 
0.769278 0.597024 -0.0196102 1.50148 
0.772725 0.599738 -0.0183265 1.50978 
0.763953 0.599521 -0.015703 1.49268 
0.770647 0.598795 -0.0182796 1.50556 
0.795269 0.610739 -0.0187904 1.55405 
0.802886 0.614185 -0.0199125 1.5688 
0.797715 0.618741 -0.0145455 1.56066 
0.79779 0.614822 -0.0180031 1.55891 
0.782915 0.591738 -0.0259956 1.52521 
0.786182 0.593839 -0.0250958 1.53268 
0.779999 0.596908 -0.0213024 1.52233 
0.784117 0.5946 -0.0246447 1.52911 
0.826043 0.621781 -0.0221749 1.61376 
0.833289 0.620672 -0.0238122 1.62651 
0.829599 0.625021 -0.0175379 1.62094 
0.827896 0.621554 -0.0213628 1.61599 
0.810769 0.618728 -0.0205024 1.58479 
0.817929 0.621011 -0.0214337 1.5988 
0.812769 0.626454 -0.0157588 1.59111 
0.812731 0.621739 -0.0196083 1.58871 
0.826651 0.613946 -0.0288309 1.61189 
0.831799 0.618294 -0.0261426 1.6226 
0.824355 0.61848 -0.024714 1.60912 
0.828582 0.617573 -0.0259955 1.61719 
0.959892 0.523805 -0.049344 1.83738 
0.961025 0.527484 -0.040176 1.84088 
0.953441 0.534779 -0.0447129 1.82776 
0.959444 0.532052 -0.0448852 1.8401 
0.960621 0.535561 0.00583218 1.84019 
0.956919 0.542645 0.0174269 1.83518 
0.951256 0.54533 0.00971648 1.82412 
0.955852 0.540102 0.0121514 1.83174 
0.962574 0.529723 -0.0113809 1.84292 
0.96237 0.532251 -0.000481464 1.84315 
0.955099 0.538775 -0.00684767 1.83038 
0.961454 0.535924 -0.0056322 1.84343 
0.971912 0.523362 0.0159172 1.85962 
0.961324 0.539237 0.0195066 1.84347 
0.964804 0.530935 0.0102039 1.8474 
0.965029 0.529023 0.0124961 1.84657 
0.987243 0.501204 0.0165668 1.88544 
0.980553 0.511427 0.0150343 1.87417 
0.985651 0.503753 0.00941191 1.88323 
0.984463 0.503397 0.0123275 1.8799 
0.987315 0.500109 0.0211879 1.88453 
0.985931 0.505449 0.0298221 1.88312 
0.981303 0.509521 0.0213879 1.87458 
0.986391 0.507451 0.0252546 1.88559 
0.942745 0.538105 0.18476 1.81712 
0.951205 0.536774 0.172217 1.83299 
0.951735 0.526865 0.188559 1.8319 
0.948872 0.535939 0.183252 1.82948 
0.941201 0.53484 0.206005 1.81647 
0.943201 0.540788 0.193097 1.82149 
0.953565 0.526521 0.197211 1.83776 
0.943826 0.530698 0.197072 1.81792 
0.940879 0.54903 0.174486 1.81747 
0.934126 0.561941 0.161992 1.80777 
0.949055 0.545478 0.164154 1.83178 
0.942259 0.550778 0.169202 1.82048 
0.966553 0.532261 0.0707383 1.85241 
0.977617 0.522968 0.0733065 1.87295 
0.968462 0.530616 0.0837962 1.85684 
0.970613 0.532623 0.078012 1.86249 
0.960511 0.536804 0.116725 1.84561 
0.951811 0.545794 0.104625 1.82947 
0.963268 0.532889 0.0986277 1.84753 
0.958835 0.543243 0.108698 1.84452 
0.959893 0.540868 0.0363727 1.84113 
0.967038 0.530864 0.0420023 1.85171 
0.959691 0.542516 0.0516043 1.84166 
0.961622 0.539641 0.040607 1.84409 
1.00149 0.483685 0.0952284 1.91087 
1.00084 0.487661 0.0898059 1.91073 
1.00315 0.481366 0.0915451 1.91337 
1.00212 0.486454 0.0920129 1.91339 
1.00285 0.479181 0.109827 1.9135 
1.003 0.481724 0.102007 1.91422 
1.00625 0.474529 0.104714 1.91885 
1.00423 0.481675 0.106288 1.91759 
0.998389 0.498948 0.0959124 1.91111 
1.00037 0.492578 0.0900481 1.91206 
1.00049 0.489604 0.0957285 1.91144 
0.999785 0.491754 0.0956996 1.9108 
0.99097 0.500596 0.113432 1.89636 
0.994491 0.499922 0.10269 1.90308 
0.996236 0.489381 0.112868 1.90312 
0.994241 0.500072 0.111354 1.90358 
0.970805 0.529761 0.101427 1.86351 
0.980314 0.519723 0.115355 1.88172 
0.9716 0.531758 0.117603 1.8685 
0.972659 0.524264 0.108898 1.86561 
0.974975 0.523318 0.0975918 1.86919 
0.983039 0.512303 0.0959837 1.88184 
0.981531 0.513664 0.108643 1.88044 
0.980712 0.518802 0.103653 1.88071 
0.987695 0.505498 0.0924477 1.88885 
0.991382 0.50437 0.0863079 1.89634 
0.99077 0.50001 0.0941272 1.89346 
0.989959 0.504616 0.0916925 1.89366 
0.988434 0.510014 0.109595 1.89483 
0.987453 0.509407 0.0984146 1.89092 
0.992688 0.502921 0.100818 1.90016 
0.989077 0.504678 0.101085 1.89257 
0.974569 0.528543 0.0874136 1.87017 
0.979385 0.52271 0.0756314 1.8771 
0.981066 0.519397 0.0877516 1.88029 
0.976201 0.521703 0.0813823 1.86965 
0.797931 0.60056 -0.0252166 1.55628 
0.793161 0.603739 -0.0218722 1.54836 
0.792449 0.597574 -0.0252425 1.54579 
0.794395 0.601207 -0.0241335 1.5495 
0.817598 0.616885 -0.023902 1.59654 
0.810483 0.614476 -0.0230513 1.58257 
0.813475 0.608999 -0.0274715 1.58644 
0.815041 0.613612 -0.0241566 1.59128 
0.840993 0.622773 -0.0185887 1.64064 
0.831988 0.625054 -0.0166517 1.62467 
0.83564 0.620696 -0.0226215 1.62987 
0.837785 0.623897 -0.0189335 1.63582 
0.811953 0.632663 -0.00142328 1.5896 
0.803879 0.633223 -0.00185211 1.57553 
0.810197 0.630268 -0.00831644 1.58633 
0.809456 0.632741 -0.00418099 1.58635 
0.775546 0.621522 -0.000276786 1.52125 
0.776527 0.628272 0.00586713 1.52509 
0.769991 0.619881 0.00248267 1.51071 
0.772521 0.621817 0.00158876 1.51552 
0.797631 0.634798 -0.00355193 1.5657 
0.791519 0.632124 -0.00294922 1.5534 
0.795597 0.627846 -0.00872393 1.55929 
0.795707 0.631821 -0.00466008 1.56149 
0.79974 0.637575 0.000737908 1.57142 
0.798235 0.640814 0.00678239 1.56997 
0.793638 0.635936 0.00186294 1.55953 
0.795835 0.63777 0.00261072 1.56383 
0.807634 0.630234 -0.0109541 1.58289 
0.801462 0.634385 -0.00485115 1.57301 
0.799931 0.627339 -0.0102125 1.56759 
0.802182 0.630726 -0.00872556 1.5723 
0.812539 0.636552 0.00575941 1.59268 
0.814225 0.636678 0.0129344 1.59513 
0.803591 0.639419 0.0119939 1.57749 
0.810745 0.637845 0.00938705 1.59009 
0.773054 0.601464 -0.0167009 1.5117 
0.767682 0.604592 -0.0114851 1.50313 
0.765377 0.601115 -0.0143692 1.49673 
0.766952 0.602089 -0.0141554 1.49991 
0.780811 0.592187 -0.025153 1.52126 
0.778885 0.597784 -0.021571 1.52083 
0.775472 0.594449 -0.0220114 1.51206 
0.777831 0.594043 -0.0231325 1.51654 
0.790844 0.611241 -0.0170461 1.54545 
0.793106 0.619245 -0.0128081 1.55175 
0.785224 0.614593 -0.0123847 1.53611 
0.790217 0.613948 -0.0141139 1.54566 
0.755594 0.608101 -0.0019525 1.48207 
0.754119 0.605137 -0.00507776 1.47747 
0.761649 0.606483 -0.00666173 1.49252 
0.755687 0.606632 -0.00415452 1.4811 
0.751195 0.609429 0.00252645 1.47468 
0.746802 0.610594 0.00620969 1.46718 
0.745008 0.607986 0.00378812 1.462 
0.746426 0.609577 0.00447657 1.46561 
0.763008 0.639342 0.0239716 1.50452 
0.76743 0.645502 0.0284566 1.51581 
0.757532 0.639718 0.0304397 1.49485 
0.764283 0.64049 0.0269777 1.50801 
0.771642 0.630448 0.0105116 1.51692 
0.766203 0.631667 0.0163164 1.50757 
0.761977 0.623694 0.0117909 1.49743 
0.765753 0.630175 0.0133764 1.50549 
0.779245 0.644013 0.0201793 1.53709 
0.773503 0.645534 0.0258639 1.52737 
0.770023 0.639389 0.0209525 1.51792 
0.773064 0.644034 0.0228685 1.52528 
0.788172 0.636284 0.00415084 1.54902 
0.792754 0.641115 0.00916616 1.55941 
0.782999 0.637153 0.00837633 1.53993 
0.788507 0.63707 0.00634467 1.55032 
0.790939 0.645841 0.0265977 1.55761 
0.777311 0.647003 0.0285157 1.53366 
0.782943 0.645641 0.0226971 1.54331 
0.786089 0.646648 0.0258824 1.55028 
0.729723 0.614731 0.0255806 1.43824 
0.727043 0.61481 0.0304562 1.43348 
0.725506 0.612475 0.0253397 1.42863 
0.727317 0.614119 0.02719 1.43331 
0.743443 0.621115 0.0211007 1.46361 
0.734692 0.61712 0.0226277 1.44775 
0.738882 0.616452 0.0185226 1.45497 
0.740118 0.61723 0.0204275 1.45801 
0.727334 0.617099 0.0367798 1.43537 
0.733767 0.621735 0.0401787 1.44752 
0.726892 0.617334 0.042116 1.43492 
0.730357 0.617987 0.0397585 1.44192 
0.743848 0.621868 0.0225116 1.465 
0.738915 0.621671 0.0280177 1.45651 
0.73546 0.617925 0.0243459 1.44991 
0.738356 0.620746 0.025566 1.45459 
0.747829 0.625448 0.0248016 1.47216 
0.750664 0.631793 0.0307087 1.47917 
0.742927 0.624849 0.0301889 1.4633 
0.746672 0.626187 0.027935 1.47066 
0.745497 0.614189 0.0106183 1.46606 
0.751472 0.618412 0.0116938 1.47738 
0.742553 0.615489 0.0144342 1.46132 
0.747303 0.615347 0.012622 1.47037 
0.736218 0.610836 0.0132108 1.44745 
0.743027 0.612039 0.0107417 1.46115 
0.739961 0.61322 0.0147103 1.4562 
0.738304 0.612177 0.0126996 1.45216 
0.753983 0.611895 0.00430327 1.48052 
0.755543 0.617093 0.00921374 1.48422 
0.749694 0.612852 0.00806711 1.47312 
0.752279 0.612875 0.00686173 1.47798 
0.748552 0.605009 -0.00206036 1.46651 
0.750924 0.608043 0.000244265 1.47306 
0.743977 0.606502 0.0022991 1.45879 
0.749491 0.606561 -0.000576302 1.46959 
0.761682 0.61532 0.00350343 1.49515 
0.757972 0.617077 0.00801997 1.48894 
0.756283 0.611843 0.00318676 1.48499 
0.759056 0.615311 0.0048632 1.49 
0.735236 0.614589 0.0190327 1.44832 
0.731091 0.615332 0.0230662 1.4412 
0.726922 0.613145 0.0225181 1.43179 
0.729542 0.614453 0.0213592 1.43746 
0.738978 0.608062 0.00647432 1.4504 
0.741637 0.610724 0.00832494 1.45737 
0.734018 0.609355 0.0111532 1.44196 
0.740303 0.609458 0.00797378 1.45412 
0.739957 0.625764 0.0330757 1.45853 
0.747248 0.632736 0.0334731 1.47358 
0.740157 0.626944 0.0376678 1.45935 
0.742423 0.627241 0.0352408 1.4638 
0.752888 0.619528 0.0133451 1.48069 
0.747997 0.621231 0.0187342 1.47238 
0.743809 0.61654 0.0160184 1.46446 
0.746748 0.619518 0.0163272 1.46889 
0.756845 0.6233 0.0144318 1.48746 
0.760911 0.631269 0.0190332 1.49725 
0.751891 0.624895 0.019905 1.47903 
0.757191 0.624967 0.0174321 1.48924 
0.724568 0.614123 0.0321525 1.42836 
0.71899 0.611812 0.0336828 1.41608 
0.721402 0.611473 0.0281737 1.42013 
0.722969 0.613015 0.0307573 1.42448 
0.729415 0.611027 0.0158305 1.4346 
0.733666 0.61345 0.0169889 1.44433 
0.724992 0.612054 0.0209356 1.42716 
0.731551 0.612254 0.0175802 1.43974 
0.750456 0.639688 0.0443543 1.48292 
0.758014 0.646198 0.0424901 1.50046 
0.752945 0.647876 0.0475401 1.49221 
0.752709 0.645789 0.0451716 1.49024 
0.715671 0.640382 0.0547907 1.41992 
0.742204 0.639426 0.0477195 1.46738 
0.740262 0.64751 0.0522899 1.46853 
0.737631 0.640655 0.0481272 1.45989 
0.742796 0.628323 0.0397927 1.46483 
0.749738 0.634238 0.0357337 1.479 
0.747462 0.634092 0.0419466 1.4749 
0.745658 0.632935 0.0396746 1.47051 
0.663618 0.611762 0.0618387 1.31707 
0.711368 0.61253 0.0524513 1.40346 
0.67869 0.616388 0.0564322 1.34721 
0.677827 0.615651 0.0532286 1.34506 
0.606598 0.611559 0.0609566 1.22033 
0.597945 0.615148 0.0672704 1.20823 
0.574587 0.607517 0.0730665 1.16772 
0.596132 0.61408 0.0646181 1.20621 
0.84615 0.563798 0.270365 1.65453 
0.852426 0.572487 0.253961 1.66539 
0.864817 0.557391 0.259844 1.6859 
0.852872 0.561939 0.261282 1.66412 
0.712938 0.599064 0.233573 1.41662 
0.738385 0.606451 0.235701 1.46578 
0.750402 0.594691 0.248806 1.48482 
0.727836 0.599292 0.243077 1.44487 
0.822194 0.600849 0.248683 1.62068 
0.844713 0.587589 0.250834 1.65809 
0.825809 0.595265 0.25699 1.62872 
0.827095 0.591451 0.250114 1.62461 
0.720275 0.645981 0.143069 1.43663 
0.743152 0.643195 0.142314 1.47468 
0.741174 0.640964 0.159948 1.47303 
0.734432 0.645694 0.151199 1.46327 
0.823033 0.598504 0.242997 1.61748 
0.840566 0.592743 0.237285 1.64638 
0.844668 0.588205 0.246381 1.65527 
0.83886 0.594759 0.244429 1.64729 
0.815543 0.615472 0.209337 1.60481 
0.818743 0.617364 0.195166 1.60892 
0.838211 0.604457 0.20561 1.64091 
0.820592 0.60985 0.201503 1.60824 
0.767951 0.624518 0.219255 1.5246 
0.793011 0.620044 0.217682 1.56707 
0.797982 0.614876 0.230854 1.5773 
0.787053 0.620676 0.226322 1.55953 
0.764003 0.632834 0.186945 1.51409 
0.796185 0.623889 0.18899 1.56809 
0.790326 0.622615 0.201933 1.55918 
0.789925 0.627173 0.196256 1.56082 
0.876709 0.590809 0.188629 1.70718 
0.894663 0.573898 0.197059 1.73595 
0.883756 0.580964 0.20404 1.71893 
0.886003 0.579129 0.198264 1.72105 
0.578629 0.603501 0.106124 1.17539 
0.58449 0.603392 0.117492 1.18628 
0.569035 0.597944 0.110174 1.15598 
0.570758 0.600317 0.109628 1.161 
0.762913 0.624523 0.225415 1.51874 
0.793709 0.613969 0.238165 1.57197 
0.76398 0.617294 0.236254 1.51968 
0.769912 0.619055 0.229765 1.52848 
0.639605 0.592785 0.216767 1.2899 
0.660778 0.58825 0.239043 1.32901 
0.629498 0.582043 0.221879 1.26504 
0.632559 0.587788 0.221859 1.27524 
0.633129 0.601666 0.184017 1.27633 
0.631681 0.597146 0.195694 1.2755 
0.611982 0.59781 0.1783 1.23906 
0.625997 0.60015 0.189094 1.26723 
0.672886 0.593129 0.223686 1.34612 
0.664084 0.587351 0.234482 1.33406 
0.641026 0.59266 0.214759 1.29301 
0.666139 0.592724 0.228807 1.34041 
0.895709 0.539947 0.212591 1.73451 
0.885367 0.551615 0.214959 1.71745 
0.877177 0.556132 0.196321 1.70046 
0.886846 0.542232 0.206199 1.71489 
0.932498 0.414405 0.159635 1.76442 
0.926774 0.438781 0.191994 1.76418 
0.916966 0.459123 0.167993 1.74657 
0.929015 0.453164 0.181577 1.77452 
0.874768 0.550714 0.220055 1.6936 
0.871637 0.561655 0.232482 1.69406 
0.865806 0.563542 0.223274 1.68138 
0.873668 0.5604 0.228461 1.69753 
0.626503 0.619985 0.0587339 1.25755 
0.652222 0.615771 0.0483905 1.29921 
0.697573 0.621459 0.0445066 1.38109 
0.654847 0.617716 0.0599153 1.30364 
0.561982 0.601633 0.0805654 1.14471 
0.553369 0.596356 0.0859247 1.12735 
0.55368 0.597519 0.0779646 1.1279 
0.559959 0.599684 0.0821776 1.13988 
0.600277 0.613616 0.0594364 1.21264 
0.571093 0.60616 0.0742768 1.16206 
0.564851 0.602293 0.0723981 1.14848 
0.56682 0.604175 0.0708208 1.15322 
0.58378 0.611569 0.0908512 1.1856 
0.574057 0.605705 0.0964632 1.16822 
0.572251 0.60644 0.0854601 1.16471 
0.581136 0.609411 0.0917002 1.18191 
0.891973 0.506039 0.134251 1.70912 
0.917844 0.465013 0.100416 1.74593 
0.908567 0.487864 0.145922 1.73848 
0.909175 0.497976 0.135539 1.7442 
0.864879 0.534435 0.27806 1.6833 
0.85035 0.551832 0.278072 1.66119 
0.871007 0.541626 0.264189 1.69331 
0.864969 0.544728 0.276844 1.68703 
0.651704 0.609845 0.181116 1.30746 
0.650782 0.617547 0.166616 1.30743 
0.672841 0.617762 0.186385 1.34737 
0.660434 0.615174 0.17603 1.32351 
0.645859 0.598542 0.206602 1.30402 
0.64941 0.603138 0.195649 1.30759 
0.669246 0.599185 0.215087 1.34267 
0.651715 0.598356 0.202536 1.30896 
0.610513 0.59861 0.17197 1.23581 
0.610526 0.602083 0.160412 1.23572 
0.62824 0.602455 0.175712 1.26691 
0.618428 0.602081 0.167538 1.25006 
0.577603 0.588598 0.158553 1.1701 
0.595352 0.595118 0.169141 1.20663 
0.587121 0.587245 0.172696 1.18712 
0.593973 0.591432 0.168582 1.20066 
0.569668 0.589922 0.147688 1.15688 
0.567429 0.591889 0.136624 1.1529 
0.584838 0.597646 0.143818 1.18691 
0.58264 0.595018 0.142811 1.18029 
0.590359 0.599636 0.141708 1.19675 
0.575061 0.595035 0.133639 1.16678 
0.588097 0.601471 0.130716 1.19254 
0.576961 0.597348 0.135029 1.17258 
0.611178 0.597405 0.17944 1.23659 
0.629616 0.597349 0.19824 1.27183 
0.603659 0.589634 0.183041 1.21817 
0.605882 0.594347 0.18276 1.2262 
0.860064 0.577194 0.236021 1.67827 
0.848308 0.579088 0.236843 1.65606 
0.855266 0.5732 0.228235 1.66517 
0.856605 0.577458 0.235689 1.67197 
0.96595 0.489707 0.219756 1.85149 
0.975929 0.480506 0.207244 1.86711 
0.976624 0.474783 0.220641 1.86901 
0.974498 0.484545 0.219496 1.86865 
0.816796 0.407427 0.461176 1.60342 
0.877262 0.390167 0.45259 1.70566 
0.890943 0.337961 0.47808 1.73838 
0.860688 0.385744 0.475933 1.69393 
0.987956 0.455571 0.242632 1.89186 
0.986069 0.464041 0.229499 1.88806 
0.995411 0.449888 0.228276 1.90324 
0.988949 0.454506 0.22969 1.89042 
0.918299 0.524297 0.278663 1.77927 
0.916792 0.530348 0.261812 1.77418 
0.930689 0.513437 0.271358 1.79819 
0.919586 0.518205 0.268083 1.77515 
0.962885 0.501872 0.216143 1.84996 
0.962406 0.505606 0.200798 1.84729 
0.972692 0.492246 0.205445 1.86513 
0.964573 0.497243 0.204599 1.84871 
0.946101 0.501401 0.24501 1.81855 
0.954359 0.497085 0.231496 1.83154 
0.956257 0.489975 0.246291 1.83605 
0.953323 0.49899 0.242906 1.8332 
0.946153 0.50117 0.266664 1.82475 
0.946189 0.505592 0.254766 1.82373 
0.957471 0.492295 0.255745 1.84266 
0.947818 0.496222 0.256628 1.82289 
0.938355 0.518958 0.23396 1.80794 
0.951791 0.504009 0.228079 1.82856 
0.94401 0.509418 0.240409 1.81703 
0.944566 0.509953 0.236992 1.81765 
0.937624 0.526434 0.230147 1.80951 
0.938458 0.526509 0.218295 1.80837 
0.950581 0.512767 0.225521 1.82993 
0.93933 0.519596 0.221275 1.80715 
1.0308 0.381919 0.237875 1.96298 
1.0283 0.377914 0.257779 1.96051 
1.02414 0.398649 0.250433 1.95616 
1.02733 0.383853 0.241328 1.95611 
1.01554 0.412395 0.243377 1.93902 
1.00672 0.427634 0.250021 1.92585 
1.01416 0.421693 0.234558 1.93729 
1.01309 0.419123 0.246422 1.93661 
0.970978 0.43267 0.331051 1.86955 
0.960575 0.454896 0.323258 1.85299 
0.977585 0.439547 0.307059 1.87935 
0.970629 0.440471 0.323976 1.86945 
0.983227 0.38393 0.36982 1.89307 
0.98204 0.407087 0.348543 1.89084 
1.00311 0.375693 0.336579 1.9238 
0.986427 0.381739 0.342263 1.88852 
1.01306 0.31563 0.342845 1.9294 
0.98796 0.353092 0.362601 1.88952 
1.00928 0.346492 0.325939 1.92414 
1.0075 0.34603 0.355482 1.93092 
0.964928 0.321335 0.418283 1.85086 
0.922555 0.373467 0.427228 1.7784 
0.961887 0.359157 0.396563 1.8455 
0.955432 0.359752 0.423214 1.84593 
0.935173 0.459865 0.349917 1.80806 
0.949608 0.458107 0.331725 1.83251 
0.960925 0.434731 0.344219 1.85218 
0.94825 0.455548 0.343048 1.83286 
0.958877 0.47965 0.257074 1.8397 
0.959765 0.470827 0.271732 1.8416 
0.946842 0.488122 0.26952 1.82018 
0.957466 0.483191 0.269172 1.84183 
1.00462 0.374589 0.314227 1.91898 
0.987052 0.403507 0.328524 1.89348 
1.00307 0.396416 0.299497 1.91866 
1.00127 0.396982 0.323718 1.92283 
0.924018 0.47921 0.344521 1.79147 
0.913284 0.500677 0.333322 1.77514 
0.938877 0.474185 0.32845 1.81539 
0.926325 0.481288 0.338148 1.79476 
1.02199 0.406666 0.237959 1.95096 
1.01961 0.416098 0.230212 1.94708 
1.02558 0.406985 0.219848 1.9555 
1.02161 0.409281 0.225139 1.94801 
1.02956 0.386908 0.224693 1.95871 
1.02452 0.402727 0.237016 1.95533 
1.02752 0.400996 0.215067 1.95688 
1.02784 0.393186 0.229977 1.95805 
1.04184 0.353653 0.229281 1.97795 
1.03611 0.36785 0.226177 1.968 
1.04013 0.365336 0.216103 1.9748 
1.03883 0.359236 0.21895 1.97013 
1.04305 0.341643 0.244691 1.98067 
1.04201 0.330676 0.268027 1.98076 
1.0344 0.35498 0.262395 1.96848 
1.03957 0.338574 0.249535 1.97237 
1.00865 0.412186 0.276767 1.93151 
1.00477 0.426727 0.263209 1.92437 
1.0154 0.41044 0.256875 1.9414 
1.00895 0.414554 0.260138 1.92847 
1.00544 0.445201 0.221751 1.92341 
1.01161 0.438288 0.212759 1.93309 
1.01151 0.432628 0.222482 1.93265 
1.00944 0.435135 0.219478 1.92804 
0.991115 0.452062 0.248238 1.89913 
0.998469 0.447056 0.232781 1.91028 
0.997179 0.43862 0.249058 1.90767 
0.995199 0.444862 0.247273 1.90522 
0.999473 0.412241 0.282645 1.91129 
0.989255 0.428163 0.287167 1.89514 
0.997247 0.427029 0.267884 1.90787 
0.996458 0.425889 0.284123 1.91029 
0.970193 0.473076 0.245651 1.85945 
0.979262 0.466222 0.23213 1.87375 
0.979595 0.458428 0.245657 1.87432 
0.977755 0.468736 0.244756 1.8747 
0.998534 0.455572 0.203719 1.90764 
1.0057 0.442291 0.208169 1.9197 
0.999958 0.448052 0.214448 1.90998 
1.00188 0.450085 0.208628 1.91417 
1.0223 0.433014 0.143432 1.94408 
1.01914 0.43691 0.153848 1.93962 
1.01772 0.44281 0.143995 1.93723 
1.0202 0.441467 0.148894 1.94334 
1.04101 0.408514 0.134095 1.97857 
1.04095 0.406802 0.14409 1.97919 
1.03777 0.41386 0.144293 1.97414 
1.0402 0.411976 0.139733 1.97873 
1.0291 0.412654 0.161885 1.95512 
1.03408 0.400433 0.163224 1.96279 
1.03131 0.403866 0.170191 1.95846 
1.03202 0.407943 0.168608 1.96149 
1.03575 0.409348 0.148204 1.96799 
1.03896 0.401359 0.148332 1.97282 
1.03765 0.401944 0.156472 1.97106 
1.03795 0.405789 0.153758 1.97281 
1.02695 0.427699 0.144323 1.95326 
1.031 0.417861 0.146938 1.95954 
1.02844 0.421482 0.152827 1.95563 
1.02919 0.423077 0.151018 1.95781 
1.02865 0.431764 0.142193 1.95878 
1.03291 0.424267 0.135499 1.96512 
1.03276 0.422321 0.144385 1.96525 
1.03184 0.428382 0.138903 1.96468 
1.04891 0.390694 0.144133 1.99272 
1.05111 0.382874 0.148319 1.99591 
1.04869 0.385747 0.152744 1.99162 
1.04946 0.38398 0.14812 1.99222 
1.04337 0.406802 0.135272 1.98386 
1.04648 0.399781 0.140709 1.98963 
1.04395 0.404681 0.145372 1.98592 
1.04437 0.401347 0.139543 1.98488 
1.04395 0.403233 0.128436 1.98308 
1.04853 0.393173 0.124726 1.9902 
1.0471 0.396076 0.133415 1.98886 
1.04691 0.397606 0.131728 1.98867 
1.03719 0.388642 0.181459 1.9691 
1.03408 0.397697 0.176914 1.96404 
1.03738 0.394458 0.169047 1.96957 
1.03601 0.394684 0.173203 1.967 
1.01615 0.443642 0.183753 1.94044 
1.01819 0.441222 0.170027 1.94184 
1.02059 0.430373 0.17833 1.94453 
1.01824 0.434608 0.179899 1.9409 
1.015 0.433614 0.198658 1.93629 
1.01454 0.439855 0.189702 1.93606 
1.02034 0.424998 0.185064 1.94294 
1.01673 0.438261 0.191586 1.94104 
1.00193 0.43296 0.247133 1.91596 
1.00228 0.44203 0.231355 1.91673 
1.00914 0.428054 0.233931 1.92775 
1.00498 0.437192 0.23562 1.92216 
1.00155 0.456876 0.198107 1.91421 
1.0095 0.446064 0.191554 1.92701 
1.00871 0.444132 0.201493 1.92628 
1.00693 0.444637 0.195407 1.92098 
1.00377 0.459966 0.159024 1.91368 
0.997725 0.470269 0.164553 1.90502 
1.00266 0.465331 0.150942 1.91217 
1.00237 0.465589 0.1615 1.91335 
1.00098 0.45675 0.192774 1.91173 
1.00419 0.454634 0.183797 1.91664 
1.00805 0.4464 0.186879 1.92279 
1.00494 0.45445 0.19043 1.91964 
0.994847 0.464647 0.191212 1.90057 
0.993247 0.471913 0.17785 1.89759 
0.998703 0.461682 0.183119 1.90672 
0.996165 0.466414 0.182773 1.90285 
0.956509 0.425806 0.127613 1.82247 
0.94071 0.430453 0.0901352 1.78384 
0.966668 0.367669 0.0800141 1.8234 
0.960983 0.398599 0.109576 1.82227 
0.839539 0.566953 0.193844 1.62918 
0.828858 0.57726 0.210478 1.61388 
0.813029 0.576799 0.206739 1.58396 
0.826578 0.572318 0.203823 1.60776 
0.891126 0.515119 0.166645 1.7148 
0.870917 0.542644 0.175797 1.68432 
0.879226 0.528665 0.15759 1.69615 
0.879722 0.526735 0.160611 1.69449 
0.857067 0.570621 0.215283 1.66668 
0.841315 0.576249 0.210402 1.63759 
0.855421 0.56513 0.194338 1.65894 
0.854976 0.572813 0.209805 1.66381 
0.878727 0.553485 0.211152 1.70326 
0.867173 0.566974 0.217099 1.68622 
0.870819 0.559177 0.197324 1.68882 
0.869206 0.55839 0.206534 1.68464 
0.886069 0.537857 0.245649 1.71765 
0.888233 0.541157 0.22516 1.71941 
0.898024 0.528811 0.225809 1.7356 
0.894854 0.540103 0.235345 1.73601 
0.880159 0.546351 0.246541 1.70911 
0.875065 0.560055 0.239433 1.70232 
0.883117 0.547257 0.228825 1.71185 
0.877174 0.548318 0.234227 1.70027 
0.870054 0.568062 0.235957 1.69451 
0.865383 0.5755 0.237395 1.68872 
0.86542 0.570065 0.23004 1.685 
0.865614 0.570016 0.232276 1.68535 
0.864976 0.547108 0.173708 1.6736 
0.846639 0.5451 0.157031 1.63771 
0.873532 0.535254 0.15355 1.6866 
0.861364 0.538869 0.157392 1.66268 
0.898538 0.290993 0.503097 1.75507 
0.941038 0.231963 0.489869 1.82297 
0.90428 0.225814 0.512717 1.75707 
0.917553 0.24146 0.504946 1.78166 
0.802873 0.395605 0.458017 1.57086 
0.85883 0.404094 0.45368 1.68319 
0.862764 0.35912 0.47368 1.68484 
0.840057 0.382442 0.466413 1.64374 
1.01547 0.300437 0.294699 1.92917 
1.03554 0.298513 0.239579 1.96304 
1.03967 0.253448 0.275928 1.96887 
1.03105 0.301935 0.277127 1.96291 
1.02274 0.250204 0.353779 1.95087 
1.01577 0.298731 0.32584 1.939 
1.0387 0.253312 0.305336 1.97449 
1.02605 0.252081 0.320776 1.94774 
0.955372 0.35854 0.348611 1.83698 
0.958373 0.357027 0.281155 1.83638 
0.980959 0.333103 0.324583 1.87858 
0.968023 0.359801 0.32119 1.85783 
0.672166 0.577411 0.264206 1.34829 
0.688479 0.568662 0.286475 1.37827 
0.654383 0.563705 0.272446 1.30946 
0.660383 0.570894 0.271086 1.32482 
0.590368 0.583512 0.189231 1.19341 
0.619425 0.591608 0.204644 1.25185 
0.608404 0.580822 0.209486 1.22557 
0.616835 0.586077 0.204377 1.24239 
0.698668 0.591782 0.237582 1.39509 
0.723986 0.579173 0.261715 1.44147 
0.692197 0.58595 0.250579 1.38806 
0.69634 0.58192 0.244869 1.38703 
0.71169 0.521301 0.351644 1.41118 
0.683014 0.499954 0.357792 1.3498 
0.664799 0.519152 0.329976 1.31817 
0.70346 0.514677 0.347548 1.39266 
0.873256 0.444276 0.314668 1.68686 
0.899531 0.423352 0.286008 1.7247 
0.894634 0.418833 0.321324 1.72537 
0.89515 0.432264 0.31524 1.73038 
0.869374 0.416034 0.403567 1.68354 
0.851618 0.447639 0.382989 1.65672 
0.887251 0.420292 0.362385 1.71537 
0.876791 0.431428 0.389061 1.70533 
0.819244 0.505413 0.331017 1.60895 
0.818327 0.511879 0.308133 1.60088 
0.845858 0.486616 0.32003 1.65094 
0.820325 0.496427 0.314329 1.59993 
0.835339 0.55454 0.28149 1.63509 
0.854116 0.536176 0.28682 1.66693 
0.827488 0.535994 0.295677 1.61884 
0.834906 0.540847 0.288321 1.62997 
0.830495 0.514094 0.298891 1.6175 
0.860519 0.522061 0.290992 1.67584 
0.862718 0.497018 0.292598 1.67304 
0.855623 0.507696 0.292322 1.66414 
0.781085 0.579611 0.272378 1.54245 
0.815243 0.56613 0.279486 1.60136 
0.77777 0.5684 0.279568 1.53513 
0.784451 0.573515 0.275026 1.54516 
0.706333 0.593304 0.237209 1.40411 
0.744381 0.587816 0.253818 1.47193 
0.733281 0.578296 0.258518 1.44974 
0.738904 0.588023 0.253247 1.46507 
0.759335 0.604574 0.248558 1.50608 
0.793962 0.592665 0.257715 1.56492 
0.770941 0.592868 0.260498 1.52461 
0.77743 0.597658 0.253743 1.5365 
0.821839 0.58012 0.264682 1.61277 
0.843304 0.574295 0.255375 1.64809 
0.832111 0.567628 0.270892 1.62834 
0.836044 0.576514 0.264253 1.63898 
0.879149 0.538533 0.262374 1.70842 
0.890665 0.521059 0.266085 1.72794 
0.873473 0.528952 0.277958 1.69833 
0.881198 0.528914 0.268767 1.71204 
0.897918 0.478205 0.263222 1.72736 
0.899342 0.446828 0.270735 1.72462 
0.88279 0.47086 0.280604 1.69977 
0.897073 0.469983 0.272623 1.72888 
0.844276 0.46684 0.332159 1.64063 
0.830454 0.473307 0.362756 1.6217 
0.814985 0.490983 0.344471 1.59481 
0.836592 0.479889 0.350916 1.6363 
0.835539 0.45952 0.391834 1.63289 
0.852698 0.431088 0.422936 1.66675 
0.808461 0.466171 0.412471 1.59078 
0.825954 0.455641 0.409612 1.61775 
0.803828 0.502055 0.351892 1.57942 
0.817968 0.483064 0.371478 1.60287 
0.775555 0.50931 0.363584 1.52975 
0.794351 0.496207 0.362687 1.55899 
0.866083 0.455731 0.335985 1.68366 
0.888558 0.432817 0.350596 1.72515 
0.857723 0.459571 0.369354 1.67501 
0.864478 0.446831 0.346062 1.67702 
0.940798 0.385594 0.276773 1.80436 
0.918161 0.404995 0.321692 1.7732 
0.91844 0.416647 0.280897 1.76374 
0.920864 0.394594 0.281736 1.76253 
0.811947 0.47384 0.379534 1.58657 
0.786275 0.481208 0.396115 1.54734 
0.76604 0.505549 0.373809 1.51278 
0.797187 0.490935 0.388609 1.57173 
0.926682 0.381031 0.383536 1.7883 
0.893179 0.397315 0.412049 1.73053 
0.905692 0.406525 0.366867 1.75207 
0.905688 0.393435 0.382593 1.7456 
0.939721 0.361997 0.389307 1.80732 
0.941246 0.329837 0.415113 1.80912 
0.90111 0.380156 0.418456 1.74081 
0.933106 0.366159 0.415339 1.80589 
0.739053 0.438245 0.419023 1.44638 
0.710867 0.475354 0.384018 1.39791 
0.758628 0.474212 0.405244 1.49546 
0.747088 0.465079 0.406076 1.47215 
0.686082 0.555432 0.298328 1.36712 
0.650097 0.557674 0.277724 1.29902 
0.695174 0.56255 0.291338 1.38686 
0.687787 0.557193 0.296061 1.37072 
0.855794 0.585194 0.231785 1.67046 
0.865734 0.579038 0.227993 1.68579 
0.865238 0.578458 0.234262 1.68637 
0.864423 0.582811 0.232001 1.68695 
0.814016 0.614375 0.224015 1.6054 
0.836203 0.601318 0.232267 1.64234 
0.818374 0.609201 0.236344 1.61438 
0.821097 0.605117 0.229107 1.61375 
0.853301 0.593614 0.213929 1.66617 
0.863972 0.583858 0.223703 1.68419 
0.852314 0.591689 0.226967 1.66641 
0.85414 0.586816 0.220171 1.66473 
0.854126 0.589241 0.237761 1.67204 
0.864082 0.581815 0.237874 1.68779 
0.856461 0.585182 0.244882 1.67714 
0.85755 0.583504 0.23973 1.67579 
0.865553 0.596984 0.187852 1.68776 
0.874488 0.586276 0.204557 1.70298 
0.8582 0.59621 0.202142 1.67517 
0.862548 0.591511 0.197637 1.6798 
0.88052 0.574362 0.218296 1.71115 
0.884027 0.567479 0.230028 1.71724 
0.874768 0.575655 0.225589 1.70178 
0.878094 0.572875 0.223955 1.70655 
0.858113 0.5888 0.210401 1.67179 
0.874126 0.57824 0.212336 1.69866 
0.867908 0.579313 0.220455 1.68841 
0.869877 0.583796 0.215976 1.69444 
0.910257 0.546346 0.232304 1.76115 
0.921211 0.534303 0.235323 1.77883 
0.913142 0.539117 0.245019 1.76655 
0.915836 0.537871 0.238014 1.76976 
0.899729 0.564091 0.206153 1.74254 
0.901589 0.559403 0.219065 1.74682 
0.888393 0.570982 0.213746 1.72443 
0.89724 0.567285 0.213702 1.74115 
0.911437 0.558953 0.206205 1.76494 
0.926192 0.543166 0.212376 1.7893 
0.913336 0.554254 0.219361 1.76941 
0.915228 0.547673 0.211861 1.76753 
0.864731 0.573388 0.239492 1.68644 
0.866709 0.564312 0.240592 1.68619 
0.86161 0.573656 0.246516 1.68207 
0.865991 0.573694 0.244428 1.69081 
0.86102 0.578639 0.243857 1.68161 
0.862396 0.578756 0.239738 1.68374 
0.865587 0.578305 0.239443 1.6891 
0.863788 0.578985 0.241584 1.68702 
0.857462 0.580889 0.246066 1.6771 
0.850859 0.580973 0.242916 1.66374 
0.860867 0.57929 0.239839 1.68182 
0.854806 0.580055 0.241528 1.67013 
0.839497 0.578767 0.263216 1.64439 
0.841122 0.580753 0.248193 1.64493 
0.851667 0.579741 0.25137 1.66576 
0.845569 0.58188 0.255314 1.65671 
0.883044 0.549149 0.272479 1.71597 
0.872669 0.548899 0.287363 1.69915 
0.867957 0.558037 0.274272 1.69079 
0.877186 0.5548 0.280434 1.7102 
0.835603 0.580175 0.265126 1.63876 
0.823762 0.586972 0.254325 1.61798 
0.838213 0.583484 0.247868 1.64166 
0.827938 0.581213 0.253805 1.62083 
0.835353 0.562085 0.307591 1.64012 
0.814958 0.575374 0.296027 1.6054 
0.832422 0.573496 0.283442 1.63338 
0.820951 0.566975 0.292257 1.60882 
0.862385 0.550269 0.29844 1.68309 
0.846008 0.554771 0.307526 1.65637 
0.84199 0.568083 0.287015 1.64987 
0.854205 0.560797 0.301176 1.67488 
0.837115 0.473824 0.402235 1.63234 
0.88923 0.44631 0.397713 1.72252 
0.87845 0.427327 0.421297 1.7035 
0.87946 0.453498 0.417068 1.71744 
0.715729 0.551697 0.315209 1.41759 
0.67586 0.536192 0.329653 1.34842 
0.687453 0.551385 0.299466 1.36726 
0.705768 0.551892 0.31518 1.40732 
0.827291 0.55176 0.316867 1.62023 
0.808311 0.55248 0.329437 1.58921 
0.802157 0.567071 0.306214 1.57813 
0.819212 0.560798 0.321312 1.61336 
0.844798 0.493578 0.39349 1.65502 
0.865843 0.504556 0.373862 1.69399 
0.889455 0.470194 0.393182 1.73369 
0.857172 0.486545 0.382774 1.6695 
0.790401 0.56977 0.304759 1.55788 
0.795455 0.554838 0.333218 1.56871 
0.766164 0.559135 0.322083 1.51417 
0.775768 0.55911 0.317179 1.5268 
0.841103 0.546244 0.327994 1.649 
0.851168 0.529422 0.351597 1.66879 
0.825093 0.546277 0.342441 1.6239 
0.831822 0.53917 0.33784 1.62972 
0.864379 0.577944 0.241193 1.68783 
0.860074 0.57954 0.246315 1.68139 
0.864524 0.578599 0.23972 1.68718 
0.863494 0.579307 0.240978 1.6868 
0.84162 0.581379 0.22238 1.64319 
0.854244 0.576699 0.223668 1.6654 
0.845637 0.58247 0.235222 1.65323 
0.843941 0.579072 0.224834 1.64577 
0.869152 0.556247 0.250037 1.69115 
0.858445 0.570734 0.247587 1.67475 
0.868631 0.562324 0.242496 1.69018 
0.867068 0.561762 0.246482 1.68768 
0.926542 0.420759 0.219919 1.76328 
0.936776 0.38083 0.233743 1.77935 
0.917546 0.414329 0.252364 1.75006 
0.931344 0.415914 0.241485 1.78018 
0.876224 0.460541 0.311763 1.69912 
0.881469 0.472382 0.29484 1.70549 
0.900175 0.447362 0.288284 1.73566 
0.881167 0.452951 0.293109 1.69704 
0.706819 0.542895 0.319204 1.40329 
0.741936 0.534401 0.32766 1.46774 
0.726261 0.527386 0.342611 1.43804 
0.734976 0.537234 0.334257 1.45807 
0.749689 0.554803 0.298479 1.48926 
0.758504 0.556858 0.285662 1.50059 
0.791311 0.538269 0.298847 1.55865 
0.755634 0.547075 0.290439 1.4905 
0.803351 0.541158 0.295853 1.57268 
0.7726 0.557941 0.287587 1.51981 
0.816229 0.557869 0.284119 1.59895 
0.805545 0.551762 0.290924 1.58242 
0.853388 0.476402 0.306077 1.65549 
0.827001 0.506161 0.302122 1.61114 
0.862017 0.483526 0.292926 1.66802 
0.855981 0.491253 0.305669 1.66557 
0.794336 0.51451 0.331973 1.56301 
0.769442 0.527593 0.326962 1.51928 
0.795218 0.520166 0.311334 1.5597 
0.788869 0.521177 0.328211 1.55494 
0.905774 0.525797 0.232162 1.75322 
0.903252 0.520335 0.252433 1.75108 
0.889219 0.537865 0.252696 1.72692 
0.89908 0.520916 0.24305 1.73858 
0.934423 0.431491 0.204303 1.78284 
0.946555 0.406724 0.175066 1.79795 
0.948613 0.387236 0.218814 1.80652 
0.941377 0.392552 0.191678 1.78326 
0.907835 0.496633 0.220816 1.74418 
0.916436 0.461391 0.221777 1.75299 
0.906667 0.485285 0.24336 1.7428 
0.914548 0.492265 0.233804 1.76181 
0.912046 0.508441 0.209658 1.75737 
0.915351 0.48787 0.184188 1.75589 
0.923233 0.473762 0.208627 1.77163 
0.914269 0.477892 0.193257 1.74941 
0.933383 0.45236 0.10757 1.77741 
0.941886 0.441549 0.137544 1.79522 
0.923673 0.476876 0.152212 1.76899 
0.932573 0.454208 0.123659 1.77667 
0.921895 0.455567 0.230944 1.76694 
0.91436 0.447983 0.2583 1.75587 
0.908803 0.481252 0.251652 1.75013 
0.912301 0.450745 0.242772 1.74563 
0.987701 0.300295 0.137434 1.86474 
0.962856 0.357296 0.20724 1.83017 
0.960836 0.393048 0.162617 1.82632 
0.971807 0.380502 0.171217 1.85235 
0.974543 0.282178 0.430093 1.87808 
1.00654 0.234678 0.399854 1.92614 
0.977686 0.229511 0.449116 1.8824 
0.987205 0.235474 0.425413 1.89159 
0.910527 0.293816 0.478316 1.76314 
0.948871 0.28986 0.446705 1.82855 
0.950003 0.238547 0.468962 1.83026 
0.938184 0.282379 0.469317 1.81726 
0.961834 0.355516 0.377374 1.85136 
0.989315 0.326203 0.350152 1.89384 
0.966359 0.321567 0.401223 1.85848 
0.972093 0.326413 0.378219 1.86405 
0.814249 0.320921 0.483422 1.57786 
0.778513 0.36465 0.463335 1.51352 
0.856932 0.336954 0.474781 1.66619 
0.83536 0.351544 0.481508 1.63466 
0.919781 0.394471 0.333209 1.77252 
0.943792 0.369136 0.283249 1.80685 
0.941106 0.373972 0.347143 1.80932 
0.937124 0.377638 0.334065 1.80573 
0.645481 0.578388 0.249256 1.29785 
0.624354 0.564351 0.256236 1.25331 
0.608245 0.571811 0.231536 1.22468 
0.641247 0.572511 0.248661 1.2856 
0.717369 0.564158 0.274098 1.42337 
0.698751 0.563214 0.282039 1.39361 
0.681036 0.573301 0.262892 1.36269 
0.711209 0.569964 0.275285 1.41917 
0.785363 0.584724 0.267633 1.54841 
0.807152 0.585067 0.263716 1.58708 
0.818862 0.572673 0.273429 1.60695 
0.802151 0.580316 0.270845 1.57821 
0.65682 0.606474 0.192478 1.31584 
0.678792 0.614201 0.197935 1.35729 
0.678005 0.603048 0.211012 1.35306 
0.670478 0.607975 0.202476 1.34216 
0.703377 0.627363 0.196898 1.40846 
0.706056 0.634612 0.185365 1.41513 
0.731727 0.631279 0.203241 1.46146 
0.712251 0.63173 0.190732 1.4247 
0.876265 0.519391 0.281863 1.70419 
0.895255 0.502585 0.265613 1.7329 
0.881067 0.493699 0.280099 1.70644 
0.882537 0.503031 0.278533 1.70919 
0.676103 0.548793 0.30223 1.34619 
0.655644 0.53267 0.304278 1.30097 
0.636542 0.545472 0.281025 1.26872 
0.670471 0.544129 0.296736 1.33268 
0.749229 0.544972 0.318809 1.48595 
0.715874 0.551629 0.311715 1.42358 
0.723256 0.558154 0.301262 1.43942 
0.720721 0.551135 0.306622 1.43128 
0.786949 0.523945 0.305913 1.54338 
0.765363 0.531727 0.317546 1.51019 
0.741869 0.54365 0.306116 1.46871 
0.771927 0.539751 0.312669 1.52702 
0.787672 0.512459 0.3473 1.55161 
0.756192 0.519534 0.358635 1.49697 
0.762866 0.528361 0.338616 1.50901 
0.767185 0.521 0.344073 1.51456 
0.721937 0.52996 0.345378 1.43359 
0.684353 0.530566 0.321044 1.35744 
0.703306 0.543919 0.319871 1.39866 
0.691184 0.535718 0.326273 1.3733 
0.720842 0.493677 0.376074 1.42419 
0.744838 0.513243 0.367995 1.47549 
0.764787 0.489584 0.395628 1.51221 
0.731542 0.500081 0.379043 1.4468 
1.01178 0.319276 0.223708 1.93238 
0.997005 0.333993 0.291137 1.90716 
0.973329 0.359702 0.245201 1.86309 
0.990466 0.322596 0.2451 1.88587 
0.840556 0.427778 0.444465 1.65251 
0.784551 0.421062 0.446265 1.54202 
0.795382 0.460559 0.427484 1.57188 
0.806486 0.441997 0.43646 1.58762 
1.06579 0.237388 0.198455 2.01275 
1.05723 0.283518 0.200263 2.00426 
1.0694 0.251683 0.176325 2.02182 
1.0636 0.258931 0.205911 2.01469 
1.06507 0.17118 0.295076 2.0177 
1.05867 0.212405 0.283796 2.00711 
1.07353 0.180104 0.253968 2.02928 
1.06653 0.17218 0.269692 2.01425 
1.05483 0.152484 0.336926 2.00279 
1.03778 0.13545 0.384488 1.97809 
1.03246 0.191102 0.375665 1.96893 
1.04316 0.14329 0.358778 1.98007 
0.892154 0.389663 0.446923 1.74253 
0.934949 0.335911 0.442576 1.81207 
0.898839 0.34575 0.470931 1.75448 
0.909053 0.347795 0.451104 1.7628 
1.00003 0.295259 0.35053 1.90855 
1.00618 0.245686 0.382049 1.9204 
0.977181 0.286995 0.402934 1.87235 
0.995216 0.287242 0.382024 1.9067 
1.04714 0.208569 0.299911 1.98206 
1.05449 0.160256 0.318499 1.99663 
1.03358 0.196869 0.346276 1.96125 
1.04482 0.203385 0.328007 1.9842 
1.09047 0.149032 0.208306 2.0558 
1.08853 0.128139 0.235475 2.05403 
1.08302 0.157551 0.232815 2.04401 
1.08782 0.133666 0.219766 2.04949 
1.02053 0.125178 0.415431 1.94755 
0.989999 0.174534 0.444769 1.89564 
1.01665 0.187964 0.395262 1.93726 
1.00785 0.176335 0.425531 1.93013 
1.08612 0.100757 0.261325 2.05154 
1.07979 0.0669354 0.294352 2.04357 
1.07188 0.117819 0.304049 2.02978 
1.08087 0.0781376 0.280782 2.04169 
1.0077 -0.00702968 0.443246 1.92893 
0.979158 0.0372465 0.475033 1.87667 
1.01976 0.0560689 0.426771 1.94602 
0.99961 0.0318408 0.464653 1.92094 
0.879942 0.244762 0.515722 1.70986 
0.837762 0.305246 0.506048 1.6337 
0.869897 0.30775 0.497227 1.69429 
0.854225 0.294208 0.508838 1.66675 
1.06282 0.242214 0.227043 2.01218 
1.05202 0.254134 0.261436 1.99611 
1.04795 0.293633 0.232642 1.9911 
1.05464 0.250091 0.226619 1.99326 
1.08107 0.213382 0.149772 2.0388 
1.07858 0.211339 0.164595 2.03381 
1.07638 0.231274 0.162022 2.03246 
1.07816 0.216026 0.164944 2.03412 
1.07394 0.179457 0.233082 2.02565 
1.0607 0.20967 0.251269 2.00324 
1.069 0.206829 0.219305 2.01696 
1.06796 0.209845 0.243279 2.01978 
1.08906 0.152513 0.196143 2.05064 
1.08271 0.161463 0.211461 2.03953 
1.08527 0.171751 0.188396 2.04375 
1.08553 0.169396 0.204125 2.0465 
1.09104 0.172725 0.173146 2.05499 
1.09079 0.163683 0.187832 2.05513 
1.08727 0.176529 0.183663 2.04883 
1.08993 0.16563 0.178422 2.05194 
1.10253 0.148455 0.159117 2.07593 
1.10692 0.137417 0.144437 2.08328 
1.10457 0.121914 0.166034 2.0793 
1.10466 0.146343 0.154161 2.08034 
0.943493 0.118091 0.509048 1.82038 
0.910324 0.16995 0.520487 1.75985 
0.948298 0.179546 0.49606 1.82913 
0.929669 0.159473 0.516262 1.79987 
1.07911 0.184664 0.221284 2.03714 
1.0747 0.205412 0.214544 2.03025 
1.08252 0.187385 0.194522 2.04175 
1.07891 0.181859 0.205163 2.03359 
1.01545 0.112302 0.444232 1.95029 
0.975648 0.100099 0.493123 1.88562 
0.981295 0.166253 0.484473 1.89842 
0.990788 0.112726 0.466115 1.90189 
1.08349 0.193157 0.156224 2.04148 
1.08089 0.200351 0.167458 2.03796 
1.08183 0.202885 0.152208 2.03898 
1.08207 0.20171 0.154 2.03917 
1.06309 0.106046 0.319526 2.01108 
1.07135 0.0387233 0.320756 2.02951 
1.04874 0.0763554 0.362809 1.98947 
1.0593 0.0893878 0.345311 2.01072 
1.07908 0.197586 0.17431 2.03335 
1.08233 0.183881 0.180079 2.03895 
1.07517 0.200468 0.194258 2.02709 
1.07908 0.201307 0.187989 2.03611 
1.07189 0.235402 0.181588 2.02514 
1.07649 0.213149 0.180839 2.03141 
1.07108 0.222739 0.203344 2.02378 
1.07328 0.221072 0.178418 2.02447 
1.08373 0.192664 0.158892 2.04194 
1.08386 0.187098 0.173455 2.04232 
1.08132 0.198398 0.170081 2.03855 
1.0826 0.187824 0.170582 2.03989 
1.08587 0.19351 0.138235 2.04581 
1.08453 0.193929 0.146544 2.04293 
1.08423 0.202358 0.143748 2.0439 
1.08436 0.193693 0.144852 2.04273 
1.08588 0.187547 0.139078 2.04485 
1.08659 0.18439 0.141893 2.04582 
1.08541 0.187607 0.147771 2.04417 
1.08606 0.188667 0.141014 2.04517 
1.09434 0.100971 0.218237 2.0619 
1.09442 0.13206 0.1978 2.0612 
1.10055 0.108339 0.189812 2.0722 
1.0964 0.127157 0.202854 2.0664 
1.10331 0.022796 0.218399 2.08189 
1.09063 0.0220499 0.263841 2.06069 
1.0934 0.0691547 0.240376 2.06226 
1.09486 0.0576971 0.244891 2.06726 
1.07195 0.127934 0.278126 2.02317 
1.0784 0.148705 0.242194 2.03308 
1.08408 0.109264 0.250666 2.04433 
1.07776 0.140695 0.265529 2.03617 
1.09038 0.183593 0.151155 2.05301 
1.0904 0.188381 0.145833 2.05317 
1.0936 0.187661 0.149437 2.05936 
1.09097 0.186832 0.149424 2.05465 
1.08632 0.176936 0.133994 2.04433 
1.08735 0.185881 0.138708 2.04725 
1.08704 0.177785 0.132023 2.04585 
1.08658 0.177075 0.132669 2.04462 
1.03773 -0.0105061 0.418753 1.99266 
1.04491 0.0563182 0.409551 2.00111 
1.0701 0.018736 0.348853 2.03902 
1.05125 0.0110583 0.365436 1.99733 
1.11356 0.0393541 0.138752 2.09457 
1.11503 0.073662 0.116561 2.09626 
1.11832 0.0395751 0.0883278 2.10158 
1.11588 0.0441076 0.136456 2.1 
1.08744 -0.0743544 0.301455 2.07591 
1.08209 -0.0228163 0.2929 2.05031 
1.10216 -0.0824205 0.242211 2.09657 
1.08141 -0.0454087 0.277777 2.04955 
1.10702 0.0902026 0.179126 2.0852 
1.11224 0.078507 0.152968 2.09361 
1.1096 0.045689 0.18251 2.09084 
1.10994 0.0855684 0.161232 2.0896 
1.10549 0.0636876 0.198861 2.08406 
1.09705 0.09328 0.226741 2.07 
1.1037 0.103487 0.190839 2.07998 
1.10233 0.0694615 0.207422 2.07757 
1.09977 -0.0478953 0.216187 2.07962 
1.09177 0.00268526 0.278771 2.07029 
1.10617 0.0142658 0.20888 2.08905 
1.10035 -0.038931 0.224486 2.07959 
1.06246 -0.089299 0.322289 2.01934 
1.04172 -0.068004 0.364516 1.9803 
1.07344 -0.0317274 0.298685 2.03033 
1.05705 -0.0655819 0.355047 2.01552 
1.09617 0.148916 0.18744 2.06583 
1.09999 0.15406 0.165416 2.07169 
1.10145 0.132289 0.1766 2.07447 
1.09938 0.135053 0.175741 2.06949 
1.09019 0.191864 0.142685 2.05279 
1.08918 0.195594 0.142152 2.0511 
1.09182 0.204492 0.144757 2.05668 
1.08996 0.195506 0.140867 2.05245 
1.09384 0.194024 0.146755 2.06049 
1.09079 0.191324 0.144475 2.05427 
1.09277 0.203942 0.143028 2.0587 
1.09279 0.19489 0.146541 2.05806 
1.08742 0.181025 0.13827 2.04679 
1.087 0.179589 0.132873 2.04585 
1.08858 0.184679 0.13908 2.04943 
1.08751 0.180642 0.138505 2.04699 
1.0858 0.186268 0.148235 2.04461 
1.08682 0.183397 0.142012 2.04601 
1.08771 0.182839 0.150451 2.04803 
1.0866 0.182252 0.148948 2.04602 
1.08709 0.178111 0.134062 2.04598 
1.08782 0.185925 0.137424 2.04785 
1.08854 0.184751 0.139069 2.04932 
1.08814 0.184658 0.137909 2.04862 
1.09079 0.181154 0.156123 2.05436 
1.09451 0.18514 0.153538 2.06186 
1.09269 0.177663 0.162339 2.05843 
1.09253 0.180567 0.155758 2.0575 
1.08738 0.177232 0.170776 2.04761 
1.08906 0.178641 0.158316 2.05017 
1.09058 0.173538 0.165478 2.05301 
1.08913 0.177938 0.169007 2.0517 
1.08719 0.187303 0.13504 2.04777 
1.08749 0.181747 0.132469 2.04741 
1.08733 0.184742 0.137822 2.04728 
1.08713 0.181643 0.135028 2.04663 
1.08029 0.217249 0.153148 2.03549 
1.07744 0.196079 0.150468 2.02766 
1.07686 0.221603 0.160178 2.02914 
1.07881 0.217017 0.160497 2.03343 
1.08809 0.220018 0.153273 2.05114 
1.08785 0.199708 0.14422 2.049 
1.08644 0.202813 0.148011 2.04672 
1.08681 0.20251 0.143468 2.04652 
1.09765 0.228326 0.111252 2.06697 
1.09816 0.215573 0.123241 2.06785 
1.09546 0.229256 0.127927 2.06372 
1.09733 0.231455 0.119556 2.06808 
1.10048 0.235754 0.0793568 2.07294 
1.10325 0.21741 0.0834598 2.07702 
1.10038 0.227941 0.0948393 2.07229 
1.10179 0.231323 0.0803283 2.07561 
1.10518 0.194845 0.104357 2.08041 
1.1083 0.178489 0.0950239 2.08535 
1.10527 0.180826 0.11577 2.08027 
1.10614 0.175875 0.107734 2.08042 
1.09086 0.210626 0.142171 2.05483 
1.08841 0.199368 0.140815 2.04946 
1.08863 0.218893 0.145226 2.05098 
1.08995 0.211819 0.147791 2.05372 
1.09606 0.194095 0.144676 2.06428 
1.09454 0.206556 0.143147 2.06214 
1.0977 0.204563 0.135628 2.0675 
1.09588 0.206086 0.140005 2.06503 
1.08874 0.184494 0.142997 2.04999 
1.08852 0.182074 0.150074 2.04982 
1.08732 0.180909 0.142437 2.04691 
1.08824 0.182599 0.144002 2.04869 
1.10418 0.176075 0.13469 2.07974 
1.10627 0.160424 0.133854 2.08297 
1.10263 0.166443 0.150279 2.07727 
1.1047 0.16055 0.141394 2.07985 
1.08752 0.180796 0.15953 2.04834 
1.08566 0.181008 0.172889 2.04567 
1.08514 0.184267 0.15897 2.044 
1.08624 0.183722 0.160042 2.0458 
1.09774 0.169632 0.154262 2.06658 
1.09404 0.176291 0.162379 2.06093 
1.09556 0.183773 0.151524 2.06334 
1.09578 0.172764 0.159628 2.0634 
1.09796 0.156222 0.16337 2.06665 
1.09433 0.151734 0.18017 2.06055 
1.09365 0.166995 0.169237 2.05958 
1.09511 0.165155 0.170094 2.06272 
1.09407 0.231464 0.134445 2.06236 
1.09653 0.218499 0.130957 2.06618 
1.09388 0.216994 0.139669 2.06164 
1.09506 0.21878 0.138579 2.06339 
1.08819 0.252242 0.144772 2.05287 
1.09124 0.242476 0.137557 2.05754 
1.08871 0.237789 0.1458 2.0531 
1.08961 0.244479 0.147272 2.05523 
1.08533 0.239968 0.159626 2.04851 
1.08743 0.253574 0.154941 2.05284 
1.08783 0.238543 0.153956 2.05255 
1.0865 0.240432 0.15372 2.04952 
1.08749 0.268325 0.131454 2.05149 
1.09062 0.258643 0.125676 2.0566 
1.0883 0.260485 0.138775 2.05297 
1.08852 0.258435 0.134271 2.05217 
1.09391 0.24762 0.111104 2.06098 
1.09367 0.255732 0.0969231 2.0608 
1.09666 0.240418 0.102475 2.06578 
1.09504 0.249609 0.0986358 2.06324 
1.08937 0.251002 0.141365 2.05396 
1.09159 0.250175 0.127988 2.05746 
1.09239 0.241802 0.134519 2.05889 
1.09148 0.251548 0.131706 2.05828 
1.08503 0.277058 0.126496 2.04669 
1.08222 0.286548 0.125205 2.0417 
1.08588 0.276924 0.114106 2.04741 
1.0846 0.280618 0.12652 2.04638 
1.10744 0.200751 0.0737297 2.08462 
1.11045 0.186284 0.0586602 2.08954 
1.10993 0.182512 0.077646 2.08878 
1.10926 0.184081 0.0760682 2.08695 
1.09485 0.258082 0.086434 2.06359 
1.09824 0.246882 0.0778501 2.06934 
1.0982 0.242468 0.0919339 2.06935 
1.09712 0.244324 0.0888743 2.06664 
1.10675 0.211942 0.0593372 2.08386 
1.10952 0.189183 0.0584109 2.08742 
1.10694 0.203003 0.0731141 2.08352 
1.10797 0.20768 0.0577961 2.08631 
1.1206 0.0768736 0.031981 2.10571 
1.12031 0.0546521 0.0539692 2.10485 
1.11874 0.0940575 0.0593929 2.10218 
1.12015 0.0778729 0.0675475 2.10561 
1.12345 -0.00714852 0.00916812 2.11467 
1.12085 -0.0480729 0.0484648 2.11059 
1.12121 0.0105691 0.0521117 2.10777 
1.12136 -0.00719134 0.0624897 2.11018 
1.10905 -0.0284962 0.156777 2.08711 
1.11535 -0.075149 0.127162 2.10546 
1.11005 -0.0831901 0.163763 2.09812 
1.1076 -0.0546024 0.164007 2.08895 
1.08483 0.177498 0.136679 2.04126 
1.08249 0.180987 0.140877 2.03658 
1.0848 0.191475 0.14452 2.04294 
1.08403 0.180048 0.13667 2.03961 
1.07783 0.323063 0.101557 2.03809 
1.07714 0.31936 0.114097 2.0365 
1.07475 0.330498 0.110854 2.03333 
1.07634 0.322296 0.112486 2.03509 
1.09641 0.242331 0.108278 2.06622 
1.09459 0.242611 0.124989 2.06361 
1.09345 0.251391 0.117927 2.06143 
1.09466 0.240488 0.120253 2.06248 
1.07535 0.30289 0.156481 2.03263 
1.07283 0.307719 0.162657 2.02858 
1.07336 0.31132 0.151789 2.02921 
1.07376 0.304965 0.154932 2.02899 
1.07828 0.297733 0.135015 2.03574 
1.07633 0.300194 0.146416 2.03299 
1.0743 0.308758 0.142975 2.02968 
1.07623 0.301361 0.145246 2.03283 
1.08037 0.290217 0.136835 2.03929 
1.08102 0.28422 0.148796 2.04112 
1.07848 0.292677 0.148438 2.03673 
1.08016 0.292691 0.145463 2.04059 
1.08652 0.259893 0.148202 2.04951 
1.08317 0.272213 0.150762 2.04399 
1.08562 0.267947 0.13984 2.04763 
1.08538 0.271766 0.146765 2.04896 
1.08034 0.267306 0.167695 2.03937 
1.07662 0.280021 0.172644 2.03333 
1.08007 0.277331 0.160983 2.03902 
1.07955 0.279879 0.166072 2.0397 
1.08582 0.263511 0.154599 2.04988 
1.08308 0.267043 0.162977 2.04555 
1.08268 0.276528 0.157911 2.045 
1.08346 0.264232 0.157495 2.04444 
1.08622 0.255789 0.154296 2.05017 
1.08395 0.240485 0.16056 2.04525 
1.08369 0.256985 0.162258 2.04602 
1.08518 0.25608 0.161559 2.04951 
1.0923 0.217651 0.144613 2.05838 
1.08979 0.228162 0.148891 2.0545 
1.09235 0.232028 0.141108 2.05889 
1.0913 0.227844 0.141136 2.05715 
1.08511 0.204151 0.148765 2.04343 
1.08409 0.219288 0.156074 2.04291 
1.08688 0.224013 0.152006 2.04832 
1.08561 0.221594 0.151999 2.04673 
1.08568 0.177295 0.134441 2.04279 
1.08568 0.191245 0.141112 2.04423 
1.08685 0.188925 0.138083 2.04614 
1.08632 0.188904 0.141364 2.04567 
1.0816 0.187204 0.139956 2.0352 
1.08249 0.209941 0.147573 2.03941 
1.08371 0.197731 0.143591 2.0408 
1.08302 0.196664 0.149793 2.03966 
1.08002 0.187018 0.145681 2.03184 
1.07822 0.191705 0.150605 2.02893 
1.08148 0.208734 0.15533 2.03762 
1.07971 0.192113 0.144989 2.03182 
1.07564 0.196004 0.155509 2.02459 
1.07259 0.200399 0.164239 2.01912 
1.07533 0.221354 0.169878 2.02736 
1.07396 0.199855 0.155497 2.02098 
1.06238 0.25152 0.192299 2.00415 
1.05604 0.223462 0.185134 1.98575 
1.04355 0.250101 0.196969 1.9623 
1.05793 0.243422 0.189271 1.99528 
1.08127 0.239203 0.163609 2.04078 
1.07795 0.243772 0.170078 2.03486 
1.0813 0.257796 0.170066 2.04244 
1.07981 0.24278 0.16354 2.03759 
1.06824 0.206784 0.174441 2.01147 
1.06378 0.214641 0.183875 2.00343 
1.06689 0.241944 0.19449 2.01441 
1.06542 0.212241 0.173608 2.00517 
1.1117 0.157195 0.0969157 2.09151 
1.11284 0.143587 0.102698 2.09364 
1.11087 0.143993 0.116308 2.0902 
1.1121 0.144819 0.102125 2.09185 
1.10561 0.194905 0.10093 2.08106 
1.10626 0.199376 0.086316 2.08213 
1.10851 0.180851 0.0932208 2.08585 
1.10686 0.19588 0.0874436 2.08344 
1.10028 0.19976 0.125324 2.0711 
1.10303 0.193534 0.113365 2.07546 
1.10274 0.180266 0.12385 2.07451 
1.10215 0.199403 0.121838 2.07548 
1.09994 0.225564 0.0967657 2.07105 
1.10328 0.212213 0.083042 2.07633 
1.10286 0.208687 0.0966352 2.07594 
1.10235 0.215012 0.099287 2.07565 
1.11646 0.138522 -0.0136585 2.10094 
1.11394 0.161511 -0.00813084 2.09673 
1.11389 0.151025 -0.0346087 2.09781 
1.1149 0.138689 -0.0197102 2.09701 
1.12097 0.0957609 0.012981 2.10842 
1.11906 0.119176 -0.00194165 2.1055 
1.11985 0.0987463 -0.0168967 2.10793 
1.12014 0.0967508 -0.0132656 2.10691 
1.11701 0.126244 0.0248559 2.09906 
1.11504 0.148669 0.00670401 2.09679 
1.11719 0.122216 0.00431742 2.09984 
1.11684 0.142696 0.00487849 2.10093 
1.11189 0.145198 0.0724874 2.08897 
1.11508 0.131047 0.0479028 2.09477 
1.11536 0.12092 0.0616991 2.09526 
1.11475 0.141149 0.0706963 2.09604 
1.11322 0.180364 0.0343199 2.09538 
1.11393 0.167819 0.00817064 2.096 
1.11542 0.154532 0.0264123 2.09806 
1.11427 0.164619 0.0323421 2.09637 
1.11037 0.199208 0.014765 2.09089 
1.11301 0.175197 0.0120601 2.09452 
1.11236 0.183887 0.0350692 2.09359 
1.1122 0.192582 0.0122822 2.09458 
1.10227 0.234036 0.0380101 2.07565 
1.10602 0.224354 0.0266641 2.0838 
1.10514 0.222193 0.043767 2.08096 
1.10472 0.224316 0.0311186 2.07999 
1.10468 0.227816 -0.00452894 2.08302 
1.10684 0.20163 -0.0202131 2.08593 
1.10764 0.212846 0.00491483 2.08725 
1.10678 0.219358 -0.0151047 2.08695 
1.10591 0.164795 0.11852 2.08006 
1.10936 0.15884 0.0980663 2.08576 
1.10829 0.147487 0.11538 2.08384 
1.10794 0.167064 0.111699 2.08495 
1.09957 0.203777 0.131931 2.07172 
1.10146 0.188862 0.135569 2.0748 
1.09766 0.192847 0.144101 2.06807 
1.09985 0.189783 0.137987 2.07112 
1.10052 0.213298 0.123413 2.07352 
1.09981 0.227247 0.109712 2.07216 
1.10262 0.210719 0.111433 2.07697 
1.10112 0.211537 0.112429 2.07335 
1.11263 0.177479 0.0584123 2.094 
1.11485 0.151296 0.0565517 2.09665 
1.11198 0.164491 0.080056 2.0918 
1.11356 0.166185 0.0546467 2.09493 
1.10175 0.177045 0.141137 2.07441 
1.09996 0.16867 0.151321 2.07089 
1.0977 0.182668 0.149099 2.06718 
1.09983 0.181124 0.145288 2.07161 
1.11619 0.110411 0.0787121 2.09758 
1.11484 0.0970877 0.0999161 2.09488 
1.11391 0.123786 0.0939275 2.09374 
1.11513 0.109933 0.103192 2.09646 
1.11176 0.108067 0.137427 2.0922 
1.10737 0.11912 0.162954 2.08575 
1.10956 0.135406 0.136094 2.08882 
1.10986 0.109415 0.14925 2.08891 
1.11248 0.123984 0.11013 2.09139 
1.11285 0.0975778 0.123236 2.09194 
1.11019 0.126033 0.123869 2.08742 
1.11185 0.125264 0.11399 2.09058 
1.11938 0.0148291 0.104191 2.10605 
1.11569 -0.043498 0.127329 2.10353 
1.11357 0.00357884 0.163269 2.09875 
1.11739 -0.00294196 0.100726 2.1013 
1.06638 0.271571 0.184335 2.01414 
1.06606 0.302993 0.185973 2.01739 
1.07159 0.290539 0.180318 2.02619 
1.06868 0.29521 0.190046 2.02259 
1.07427 0.251212 0.178781 2.02857 
1.06959 0.260628 0.188329 2.02059 
1.07359 0.279637 0.185163 2.02968 
1.07158 0.259143 0.176482 2.02292 
1.04595 0.291721 0.191285 1.97702 
1.05696 0.338659 0.176827 2.00415 
1.05926 0.315063 0.188108 2.00525 
1.05444 0.319818 0.196383 1.99635 
1.06277 0.320542 0.183538 2.01131 
1.06138 0.334756 0.172158 2.00997 
1.06598 0.327117 0.167471 2.01784 
1.06375 0.333021 0.172862 2.01542 
1.11778 0.0953803 0.0884547 2.10133 
1.11914 0.056186 0.0938574 2.10389 
1.11606 0.0771038 0.114167 2.09824 
1.1177 0.075207 0.0809682 2.09979 
1.11124 0.156558 0.0977129 2.09041 
1.11476 0.133343 0.0890791 2.09657 
1.1128 0.142886 0.102847 2.09355 
1.11278 0.136198 0.0889826 2.09157 
1.12208 0.06889 0.0344097 2.10981 
1.12272 0.030724 0.0242595 2.11199 
1.12186 0.037706 0.062691 2.10932 
1.12246 0.0382743 0.0214892 2.11019 
1.11749 0.123182 0.0495571 2.10053 
1.11974 0.0989076 0.0450534 2.10483 
1.11816 0.108298 0.0665227 2.10181 
1.11855 0.108149 0.0414821 2.10193 
1.11756 0.123495 0.025961 2.10027 
1.11824 0.116982 0.00232158 2.10211 
1.11973 0.0993979 0.0143728 2.10457 
1.11861 0.116248 0.0264423 2.10293 
1.12177 0.0702365 -0.030175 2.1117 
1.12346 0.03355 -0.0154809 2.1146 
1.12182 0.0699606 9.62759e-05 2.10949 
1.12187 0.0667509 -0.000685092 2.11089 
1.06937 0.340639 0.126148 2.02452 
1.07214 0.335494 0.118341 2.02901 
1.07121 0.332016 0.128079 2.02673 
1.07075 0.337109 0.127242 2.027 
1.10079 0.241173 -0.0128843 2.07613 
1.09698 0.256169 -0.0169156 2.0703 
1.09811 0.241925 -0.0282128 2.07192 
1.09883 0.248885 -0.0251413 2.07359 
1.09334 0.270095 -0.0172338 2.06368 
1.09129 0.278473 -0.0111915 2.05967 
1.09083 0.275056 -0.0242861 2.05994 
1.09198 0.271367 -0.0190059 2.06054 
1.0967 0.248723 -0.0362201 2.0701 
1.09489 0.261863 -0.0249916 2.06665 
1.09255 0.265375 -0.032569 2.06311 
1.09409 0.259851 -0.0268435 2.06554 
1.10064 0.249842 -0.00926089 2.07605 
1.098 0.258233 -0.000808094 2.07023 
1.0973 0.261785 -0.0136473 2.07067 
1.0983 0.253967 -0.00363638 2.07089 
1.10722 0.210454 -0.037432 2.08932 
1.10318 0.233558 -0.0206167 2.08083 
1.10224 0.232565 -0.0361562 2.0808 
1.10258 0.22539 -0.0242381 2.0797 
1.09569 0.268809 0.015611 2.0662 
1.09496 0.273196 0.0284102 2.06517 
1.09255 0.282826 0.019386 2.0614 
1.09477 0.280822 0.0192267 2.06657 
1.1007 0.234959 0.0585605 2.07216 
1.10114 0.235562 0.040398 2.07287 
1.1033 0.221812 0.0467561 2.07603 
1.10209 0.238801 0.0524404 2.07644 
1.10477 0.220269 0.07312 2.08085 
1.10174 0.238146 0.0708506 2.07618 
1.10463 0.225192 0.0602168 2.08072 
1.10371 0.221606 0.0710666 2.07817 
1.09384 0.258998 0.0810859 2.06079 
1.09386 0.26654 0.066368 2.06174 
1.09701 0.246317 0.0706918 2.06559 
1.09535 0.264858 0.0701437 2.06541 
1.08889 0.294607 0.0763136 2.05647 
1.09187 0.284772 0.0666097 2.06104 
1.09212 0.279108 0.0807541 2.06108 
1.09074 0.279917 0.0763864 2.05744 
1.08112 0.319548 0.0798831 2.04368 
1.08421 0.30615 0.0822282 2.04799 
1.08082 0.31603 0.0913841 2.04276 
1.08244 0.318774 0.0824551 2.04703 
1.08227 0.322537 0.0715876 2.04696 
1.08471 0.3151 0.0610331 2.05055 
1.08559 0.309765 0.0721456 2.05188 
1.08395 0.311278 0.070526 2.048 
1.08796 0.299483 0.00275881 2.0548 
1.08734 0.295772 -0.00826582 2.05364 
1.08966 0.2898 -0.00415314 2.05726 
1.08818 0.291093 -0.00262069 2.05382 
1.0535 0.340733 0.173826 1.99587 
1.02869 0.304857 0.196811 1.93969 
1.01909 0.348642 0.161527 1.92217 
1.04167 0.3348 0.175118 1.97568 
1.1056 0.228423 0.0101109 2.08355 
1.10223 0.237568 0.0233434 2.07609 
1.10334 0.238024 0.00151286 2.07993 
1.10392 0.233921 0.0173171 2.08039 
1.1083 0.212183 0.0164466 2.08757 
1.11034 0.196552 0.0362793 2.0902 
1.10715 0.21808 0.0416674 2.08551 
1.10851 0.203318 0.0404197 2.08666 
1.11295 0.151509 -0.0431966 2.09576 
1.11264 0.15985 -0.0266223 2.09385 
1.10931 0.174489 -0.0423943 2.08955 
1.11169 0.172592 -0.0337535 2.09513 
1.11568 0.130956 -0.0433301 2.10106 
1.11918 0.101294 -0.0383959 2.10719 
1.11791 0.120589 -0.0225144 2.10339 
1.11723 0.127763 -0.0276021 2.10411 
1.07467 0.338376 0.0723631 2.03238 
1.07734 0.327941 0.0751875 2.03621 
1.07385 0.336517 0.0841593 2.03054 
1.07582 0.339484 0.0768168 2.03594 
1.08179 0.327361 0.039377 2.04589 
1.08374 0.320344 0.0480349 2.04904 
1.08088 0.330292 0.0486574 2.04463 
1.0818 0.321909 0.0469838 2.04452 
1.08725 0.291382 0.0840596 2.05193 
1.09011 0.275773 0.0892569 2.0557 
1.0862 0.289241 0.0979167 2.04979 
1.08827 0.292311 0.0896713 2.05522 
1.08139 0.316673 0.0953071 2.04474 
1.08508 0.305761 0.0850768 2.05032 
1.08409 0.304365 0.0985292 2.0485 
1.08328 0.303506 0.0946087 2.04585 
1.09054 0.289297 0.0461582 2.05811 
1.09331 0.272666 0.0422882 2.06104 
1.09251 0.275615 0.0549968 2.06 
1.09247 0.282021 0.0427904 2.0611 
1.08418 0.310828 0.0151372 2.04755 
1.08592 0.303755 0.011171 2.05013 
1.08534 0.307623 0.0221661 2.04939 
1.08533 0.30999 0.0172473 2.05027 
1.08067 0.325044 0.0114901 2.04296 
1.08252 0.319376 0.0143008 2.04586 
1.08081 0.324972 0.0183923 2.04297 
1.08116 0.320676 0.0157714 2.04281 
1.08411 0.312046 0.00200074 2.04868 
1.08611 0.307251 0.00651977 2.0519 
1.08437 0.314357 0.0106508 2.04925 
1.08478 0.308206 0.006115 2.04879 
1.09887 0.253167 0.0475457 2.07096 
1.09869 0.249333 0.0642298 2.07026 
1.09501 0.268307 0.0617631 2.06494 
1.09746 0.248991 0.055523 2.06662 
1.10797 0.192165 -0.034065 2.08755 
1.11131 0.184658 -0.0135208 2.09306 
1.10886 0.206042 -0.0039738 2.08929 
1.1094 0.185682 -0.015188 2.08828 
1.08727 0.30277 0.0136029 2.0533 
1.0888 0.29739 0.0193741 2.05565 
1.08643 0.306829 0.0254345 2.05201 
1.08736 0.2985 0.0197463 2.05229 
1.08917 0.299953 0.0471683 2.05732 
1.09107 0.291549 0.0554023 2.06021 
1.0873 0.307464 0.0540133 2.05476 
1.08875 0.294465 0.0537324 2.05498 
1.08814 0.280709 0.108308 2.05354 
1.086 0.291803 0.104726 2.05052 
1.09003 0.278259 0.0961286 2.05665 
1.0878 0.277731 0.102108 2.05135 
1.09239 0.256276 0.107409 2.05864 
1.08999 0.268074 0.105978 2.05499 
1.09235 0.264043 0.0936524 2.05901 
1.09142 0.264573 0.106893 2.0579 
1.09067 0.257786 0.122278 2.05607 
1.08734 0.268849 0.129005 2.05085 
1.08843 0.268918 0.116214 2.05219 
1.08887 0.267665 0.118365 2.05332 
1.07535 0.315521 0.126262 2.03216 
1.07359 0.314789 0.136761 2.02878 
1.07225 0.323468 0.132496 2.02736 
1.07354 0.316395 0.134932 2.02885 
1.08592 0.280527 0.113216 2.04831 
1.08259 0.288146 0.12324 2.04279 
1.08395 0.291609 0.109356 2.04571 
1.08464 0.289391 0.111459 2.04714 
1.08487 0.279595 0.137882 2.04825 
1.08282 0.282863 0.148578 2.0453 
1.08189 0.289224 0.136366 2.04284 
1.08314 0.280383 0.139085 2.04419 
1.0742 0.33162 0.108022 2.03197 
1.07365 0.337726 0.0979887 2.03153 
1.07693 0.326609 0.100161 2.03669 
1.0752 0.332142 0.0986933 2.03384 
1.07553 0.31876 0.124521 2.03334 
1.07266 0.325536 0.130471 2.02874 
1.07345 0.329831 0.120306 2.03082 
1.07416 0.325528 0.121933 2.03157 
1.08203 0.302775 0.106799 2.04355 
1.07884 0.310177 0.116003 2.03839 
1.07955 0.315148 0.102866 2.0403 
1.0806 0.311706 0.104835 2.04221 
1.08221 0.299533 0.108291 2.04326 
1.08087 0.297661 0.121573 2.04074 
1.07871 0.308409 0.118332 2.0378 
1.08036 0.29958 0.119936 2.03974 
1.06876 0.348217 0.107986 2.02343 
1.07164 0.343078 0.0970318 2.02804 
1.07191 0.337571 0.106622 2.02789 
1.07096 0.345786 0.107472 2.02811 
1.08952 0.275935 -0.0223534 2.05677 
1.08997 0.279415 -0.0101916 2.05653 
1.0874 0.287213 -0.0138246 2.05282 
1.08923 0.285956 -0.0159568 2.05722 
1.07332 0.325704 0.0814927 2.02942 
1.03448 0.357846 0.0666763 1.95467 
1.06913 0.328873 0.0214916 2.02857 
1.06013 0.357655 0.0524095 2.01729 
1.07479 0.322357 0.14758 2.03623 
1.07214 0.313203 0.168699 2.02967 
1.07048 0.325134 0.158501 2.0273 
1.07274 0.313125 0.155005 2.02918 
1.07554 0.278171 0.175171 2.03255 
1.07911 0.26441 0.168922 2.03804 
1.0756 0.250429 0.16912 2.03004 
1.07744 0.265671 0.178093 2.03563 
1.07019 0.205088 0.164556 2.0139 
1.06795 0.239807 0.178993 2.01355 
1.0729 0.230027 0.167934 2.02216 
1.07155 0.231959 0.180042 2.0215 
1.0728 0.304005 0.165748 2.02813 
1.07555 0.297886 0.159092 2.0323 
1.07464 0.294606 0.170831 2.03139 
1.07453 0.301385 0.167828 2.03207 
1.06798 0.310032 0.185723 2.02173 
1.07094 0.308672 0.175108 2.02634 
1.07273 0.298939 0.180827 2.02963 
1.07041 0.30552 0.176796 2.02491 
1.05006 0.280462 0.200452 1.98612 
1.06244 0.307591 0.193794 2.01213 
1.06321 0.273709 0.193395 2.01079 
1.0585 0.277926 0.193453 2 
1.06776 0.325857 0.166687 2.0218 
1.06943 0.315676 0.169879 2.02368 
1.06631 0.318033 0.179671 2.01878 
1.06758 0.31699 0.173729 2.02004 
1.06641 0.333962 0.159588 2.01971 
1.06666 0.332727 0.16215 2.02039 
1.06405 0.341683 0.164211 2.01726 
1.06618 0.333082 0.160901 2.0191 
1.06707 0.327653 0.155692 2.01876 
1.06797 0.326042 0.15176 2.01991 
1.06794 0.324394 0.15658 2.0201 
1.06751 0.327234 0.154095 2.01952 
1.07668 0.293399 0.17007 2.03608 
1.07721 0.296924 0.158416 2.03613 
1.07974 0.288067 0.158948 2.04046 
1.07767 0.288902 0.160508 2.03567 
1.06762 0.342469 0.133978 2.02161 
1.06925 0.334055 0.13756 2.02359 
1.06577 0.343573 0.141898 2.01835 
1.06773 0.341967 0.135462 2.02196 
1.05768 0.360886 0.153262 2.00539 
1.05891 0.362198 0.146648 2.00791 
1.06173 0.354022 0.14634 2.01221 
1.05908 0.355938 0.146743 2.00631 
1.06821 0.350749 0.118064 2.02386 
1.07133 0.34037 0.117919 2.02842 
1.06883 0.344308 0.125421 2.0242 
1.06931 0.342069 0.118113 2.02389 
1.07116 0.346683 0.00653361 2.02727 
1.07195 0.344143 0.00508772 2.02856 
1.07248 0.345057 0.00787306 2.02935 
1.07188 0.346097 0.00701922 2.02887 
1.06872 0.347782 0.00604749 2.02282 
1.06986 0.348603 0.00720446 2.02527 
1.06935 0.350766 0.00838398 2.02449 
1.06934 0.349058 0.0065835 2.02409 
1.0701 0.342858 0.00329285 2.02494 
1.0713 0.343224 0.00451825 2.02744 
1.07052 0.345998 0.00599675 2.02624 
1.07062 0.343922 0.00382099 2.02598 
1.08167 0.303084 -0.0189263 2.04376 
1.08363 0.296632 -0.0228136 2.04717 
1.08466 0.295011 -0.0181324 2.04827 
1.08365 0.301705 -0.0193438 2.04844 
1.07286 0.354737 0.0496434 2.03185 
1.0705 0.361031 0.0523241 2.02802 
1.07179 0.358025 0.0445001 2.03005 
1.07175 0.355885 0.0498644 2.02943 
1.07914 0.330743 0.068811 2.04123 
1.07611 0.340898 0.0667953 2.0365 
1.07878 0.334131 0.0582712 2.04079 
1.07778 0.330571 0.0647571 2.03748 
1.09014 0.286189 0.0624271 2.05672 
1.08772 0.295228 0.0711396 2.05331 
1.08659 0.302963 0.0598217 2.05192 
1.08871 0.301129 0.0629733 2.05701 
1.07826 0.32791 0.0920866 2.03975 
1.07478 0.338981 0.0906839 2.03418 
1.07855 0.329874 0.0811233 2.04027 
1.07718 0.3284 0.0899547 2.03699 
1.06966 0.3563 0.0689359 2.02514 
1.06984 0.358013 0.0590878 2.02564 
1.07238 0.349218 0.0645897 2.02952 
1.07099 0.358308 0.0659672 2.029 
1.0663 0.358868 0.0921059 2.01921 
1.06827 0.356399 0.0810932 2.0225 
1.07024 0.348306 0.0884157 2.02543 
1.06865 0.358726 0.089508 2.02484 
1.06773 0.354844 0.108631 2.02302 
1.06625 0.361834 0.101463 2.02087 
1.07034 0.351224 0.0983329 2.02744 
1.06778 0.35211 0.100449 2.02149 
1.05699 0.379524 0.096426 2.0033 
1.05546 0.384355 0.0885635 2.00052 
1.05899 0.377486 0.0860729 2.00669 
1.0569 0.376975 0.089284 2.00158 
1.05895 0.37389 0.0733901 2.00447 
1.0558 0.380848 0.0768863 1.99925 
1.05753 0.379727 0.0644232 2.00238 
1.05787 0.382147 0.0739422 2.00467 
1.06603 0.362401 0.0726382 2.01825 
1.06213 0.36944 0.0753134 2.01099 
1.06376 0.367787 0.0651418 2.0139 
1.06423 0.368999 0.0732067 2.01597 
1.06214 0.36643 0.0937263 2.01142 
1.05817 0.374447 0.097155 2.00455 
1.06036 0.371474 0.0861581 2.00804 
1.06075 0.374917 0.0934078 2.01081 
1.06518 0.356441 0.109688 2.01725 
1.06181 0.366475 0.112079 2.01239 
1.06415 0.363253 0.10241 2.01618 
1.06415 0.366495 0.109205 2.01794 
1.0484 0.395762 0.101251 1.98828 
1.0473 0.403307 0.0937 1.98763 
1.05145 0.392628 0.0904386 1.9937 
1.0485 0.392603 0.0952268 1.9868 
1.07141 0.349912 0.0115732 2.02793 
1.07112 0.348834 0.0087395 2.02764 
1.07233 0.347232 0.0101816 2.02955 
1.07159 0.34793 0.00960173 2.02788 
1.09505 0.275574 0.00760856 2.06645 
1.09214 0.288085 0.0132225 2.06184 
1.09243 0.283786 0.000259031 2.06217 
1.09295 0.277272 0.00790715 2.06149 
1.10052 0.238738 0.0220613 2.07189 
1.09847 0.251018 0.00886539 2.06959 
1.10135 0.240614 0.00326546 2.07535 
1.10046 0.248565 0.00748447 2.07416 
1.09975 0.257773 0.0281741 2.07392 
1.09676 0.271936 0.029537 2.06951 
1.09786 0.266452 0.0146861 2.07121 
1.09798 0.258334 0.0250205 2.06943 
1.07754 0.336538 0.0223622 2.03791 
1.07723 0.335587 0.016057 2.0371 
1.07911 0.330398 0.0197902 2.04011 
1.07776 0.331392 0.0197313 2.037 
1.07419 0.350006 0.0280963 2.03341 
1.07442 0.348035 0.0234534 2.03348 
1.07591 0.343931 0.0255721 2.03593 
1.07463 0.345071 0.0263804 2.03306 
1.07316 0.346114 0.0196773 2.0299 
1.0718 0.349518 0.0186674 2.02766 
1.07281 0.345618 0.0168729 2.02909 
1.07279 0.34873 0.0181884 2.02989 
1.09599 0.260219 0.000292415 2.06555 
1.09304 0.272441 -0.00572276 2.06157 
1.09512 0.264141 -0.0116079 2.06562 
1.09496 0.270172 -0.008221 2.06596 
1.09029 0.294979 0.0370328 2.05877 
1.09104 0.288976 0.0223588 2.05907 
1.09319 0.279648 0.0312934 2.06224 
1.09135 0.282169 0.0328645 2.05821 
1.09744 0.253165 0.0376285 2.06696 
1.09403 0.267929 0.0517738 2.0619 
1.09475 0.266431 0.0391142 2.06314 
1.09574 0.266536 0.0468624 2.06595 
1.08438 0.311338 0.0252947 2.04804 
1.08167 0.320695 0.0221661 2.04383 
1.08345 0.314404 0.0186567 2.04674 
1.08331 0.316875 0.0196052 2.04687 
1.08536 0.309345 0.0445133 2.04996 
1.08542 0.307785 0.032174 2.04953 
1.08684 0.30202 0.0378856 2.05165 
1.08615 0.30684 0.0414827 2.05136 
1.08469 0.312039 0.0460374 2.04909 
1.08254 0.320925 0.0375551 2.04597 
1.08464 0.311199 0.0345181 2.04856 
1.08409 0.317578 0.0362046 2.04889 
1.08853 0.295412 0.00776625 2.05483 
1.09048 0.285436 0.00130894 2.05763 
1.09047 0.289362 0.0132052 2.0579 
1.09003 0.294167 0.00702304 2.0583 
1.08854 0.296288 0.0359854 2.05459 
1.08683 0.303673 0.0298013 2.05211 
1.08928 0.292438 0.0258676 2.05555 
1.08864 0.301198 0.0281933 2.05605 
1.08698 0.293058 -0.018477 2.05353 
1.08721 0.294168 -0.023781 2.05566 
1.09024 0.283965 -0.0271674 2.06088 
1.08677 0.287575 -0.0201083 2.05264 
1.08433 0.305489 -0.00282483 2.04795 
1.08584 0.296907 -0.00806572 2.05011 
1.08658 0.30044 0.00171493 2.05156 
1.08581 0.304409 -0.00265956 2.05141 
1.08336 0.309596 -0.00702086 2.04748 
1.08167 0.308071 -0.0153878 2.04441 
1.08465 0.30212 -0.0131756 2.04943 
1.08304 0.303518 -0.0115315 2.04569 
1.08043 0.322196 -0.000581074 2.04302 
1.08224 0.31757 0.000649534 2.0459 
1.08071 0.324434 0.00631786 2.04335 
1.08088 0.318405 0.00262041 2.04269 
1.07769 0.331705 0.00255113 2.0386 
1.0771 0.329919 -0.00143891 2.03753 
1.07874 0.326342 -0.0020262 2.0403 
1.07756 0.327037 0.000346359 2.03752 
1.07725 0.3344 0.0128043 2.03717 
1.07758 0.333225 0.0081596 2.03818 
1.07897 0.329515 0.0100194 2.04022 
1.07783 0.330449 0.00980077 2.03763 
1.07519 0.33943 0.00635434 2.03459 
1.07472 0.337134 0.00285337 2.03356 
1.07642 0.335728 0.00473318 2.0366 
1.07538 0.336751 0.00372278 2.03432 
1.07811 0.318924 -0.0110516 2.0384 
1.08004 0.312591 -0.0140408 2.04156 
1.07935 0.318412 -0.00778384 2.04035 
1.07869 0.316221 -0.00915777 2.03903 
1.08015 0.315866 -0.00493215 2.04154 
1.08051 0.309651 -0.011775 2.04187 
1.08207 0.311176 -0.00390041 2.04464 
1.08114 0.31454 -0.00791311 2.04369 
1.07571 0.326311 -0.00537062 2.03381 
1.07448 0.327256 -0.00668038 2.03157 
1.07589 0.322784 -0.00916951 2.0339 
1.07528 0.325836 -0.00600288 2.03318 
1.07949 0.325295 0.00643293 2.04053 
1.0779 0.328826 0.00450892 2.03804 
1.07908 0.323074 0.000160237 2.03986 
1.07901 0.328078 0.00416666 2.04061 
1.07423 0.333054 -0.000343674 2.03192 
1.074 0.329986 -0.00394518 2.03108 
1.07529 0.329223 -0.00242706 2.03352 
1.07448 0.330286 -0.00332343 2.03183 
1.07657 0.332726 0.00172397 2.03612 
1.07483 0.33445 0.000169554 2.03313 
1.07592 0.330874 -0.00194816 2.03487 
1.07582 0.333604 0.000798332 2.03534 
1.07423 0.340398 0.00530061 2.03251 
1.07273 0.341378 0.00363887 2.02984 
1.07377 0.338024 0.00200855 2.03148 
1.07362 0.340536 0.00447814 2.03178 
1.07218 0.340049 0.00308795 2.02877 
1.07191 0.336815 -1.50369e-05 2.02776 
1.07318 0.336726 0.00141687 2.03034 
1.07239 0.337677 0.000563721 2.02866 
1.07341 0.334153 -0.00132763 2.03024 
1.07223 0.334448 -0.00243908 2.02792 
1.0733 0.331017 -0.00445382 2.02965 
1.07294 0.333401 -0.00193877 2.0294 
1.07079 0.350605 0.0107937 2.02661 
1.06994 0.351403 0.00912884 2.02535 
1.07049 0.349535 0.00797922 2.02627 
1.07036 0.350879 0.00982326 2.02624 
1.07031 0.340721 0.00117142 2.02489 
1.07129 0.337742 -0.000544628 2.02649 
1.07144 0.340965 0.00218869 2.02723 
1.07097 0.339833 0.00159039 2.02628 
1.0667 0.354588 0.00923957 2.01956 
1.06623 0.354038 0.00871517 2.01855 
1.0667 0.352523 0.00772667 2.01926 
1.06648 0.353455 0.00896477 2.01898 
1.06756 0.360332 0.015812 2.02122 
1.06732 0.36177 0.0174911 2.0208 
1.06696 0.361359 0.0154039 2.0203 
1.06724 0.36056 0.0162331 2.02049 
1.06821 0.35447 0.0108287 2.02234 
1.06883 0.355285 0.0127588 2.02336 
1.06795 0.356376 0.0123744 2.02194 
1.06837 0.356076 0.0120503 2.0229 
1.06851 0.35846 0.017818 2.02254 
1.06776 0.360799 0.0182816 2.02142 
1.06801 0.359275 0.0166353 2.02184 
1.06814 0.359497 0.016937 2.02196 
1.06331 0.36688 0.0163391 2.01445 
1.06386 0.367328 0.0168039 2.01545 
1.06348 0.368262 0.0172351 2.01482 
1.06357 0.367661 0.016556 2.01489 
1.06378 0.361905 0.0131624 2.01476 
1.06372 0.363573 0.0141178 2.01485 
1.06345 0.362935 0.0135475 2.01427 
1.06355 0.362445 0.0138501 2.01436 
1.06457 0.363404 0.0141348 2.01642 
1.0648 0.364667 0.0151303 2.01686 
1.06421 0.36439 0.0146651 2.01584 
1.0645 0.364102 0.0149095 2.01643 
1.06437 0.359825 0.0121654 2.01562 
1.06438 0.361359 0.0130673 2.01584 
1.06405 0.360787 0.0126504 2.01511 
1.0642 0.36041 0.0128533 2.01537 
1.0664 0.364819 0.0182597 2.01965 
1.06702 0.364235 0.0192337 2.02069 
1.06638 0.366752 0.020008 2.0198 
1.06657 0.364786 0.0186085 2.01974 
1.06552 0.366999 0.0181685 2.0181 
1.066 0.365438 0.0175754 2.01883 
1.06603 0.367361 0.0192457 2.01912 
1.06582 0.366474 0.0188271 2.01869 
1.06529 0.364458 0.0155657 2.01761 
1.06557 0.363388 0.0149053 2.01809 
1.06592 0.363909 0.0160284 2.01852 
1.06559 0.364229 0.0157037 2.01828 
1.06714 0.364748 0.01953 2.02086 
1.0671 0.366756 0.0216323 2.02118 
1.06645 0.367229 0.0202736 2.01989 
1.06695 0.366713 0.0210928 2.02098 
1.06752 0.358321 0.0134885 2.02134 
1.06772 0.359254 0.0148284 2.02154 
1.06703 0.360158 0.0144206 2.02051 
1.06746 0.359812 0.0145257 2.02149 
1.0686 0.363562 0.0219591 2.02392 
1.0677 0.366162 0.0224777 2.02251 
1.06774 0.364154 0.020352 2.02219 
1.06794 0.364261 0.020931 2.02248 
1.06308 0.370651 0.0187586 2.01415 
1.06362 0.371049 0.019243 2.01507 
1.06324 0.371437 0.0194032 2.01444 
1.06331 0.371214 0.019081 2.01454 
1.02909 0.274625 0.343858 1.95783 
1.04932 0.219005 0.330729 1.99128 
1.01108 0.262395 0.382857 1.92735 
1.02976 0.268594 0.358825 1.96501 
1.06437 0.363571 0.0231135 2.01591 
1.06468 0.362968 0.0228543 2.01644 
1.0644 0.362591 0.0237271 2.01585 
1.0645 0.363296 0.0234272 2.01616 
1.06378 0.365147 0.0229847 2.01499 
1.06402 0.364373 0.0230336 2.01536 
1.06374 0.364271 0.0236273 2.01483 
1.06387 0.364595 0.0234793 2.01508 
1.06395 0.365491 0.0227534 2.01523 
1.0643 0.365907 0.0220942 2.0159 
1.06419 0.364669 0.0227828 2.0156 
1.06414 0.365338 0.0222788 2.01563 
1.0659 0.357855 0.0117341 2.01843 
1.06547 0.358757 0.0122183 2.01769 
1.0653 0.357294 0.0110663 2.01716 
1.06556 0.358202 0.0114476 2.01775 
1.06658 0.35559 0.0104411 2.01947 
1.06626 0.356908 0.0112563 2.019 
1.06608 0.355069 0.00990138 2.0184 
1.06633 0.355964 0.0100826 2.01898 
1.06692 0.356302 0.0105818 2.02017 
1.06734 0.357416 0.0118202 2.02094 
1.06659 0.35768 0.0113907 2.01967 
1.06695 0.357412 0.0115474 2.02047 
1.06489 0.37503 0.0242744 2.01832 
1.06508 0.372849 0.0227316 2.01825 
1.06541 0.373553 0.0242758 2.01912 
1.06516 0.374178 0.0232758 2.0187 
1.06314 0.370433 0.018424 2.01422 
1.06342 0.369794 0.0179633 2.01467 
1.0637 0.370816 0.0189115 2.01518 
1.06337 0.370231 0.0185863 2.0147 
1.06272 0.371533 0.0192281 2.01346 
1.06288 0.370798 0.0187587 2.01371 
1.06304 0.371612 0.0193414 2.014 
1.06288 0.371392 0.0192743 2.01382 
1.06259 0.368465 0.0173939 2.01323 
1.06315 0.369049 0.017704 2.01429 
1.06286 0.369748 0.0181985 2.01382 
1.06289 0.369248 0.0176009 2.01376 
1.06394 0.363139 0.0144785 2.01524 
1.0639 0.361431 0.01343 2.01492 
1.06429 0.362041 0.0139486 2.01578 
1.06407 0.362444 0.0136176 2.01538 
1.06478 0.375724 0.0127204 2.01795 
1.06408 0.37781 0.0146201 2.01689 
1.06404 0.37838 0.0117359 2.01688 
1.06434 0.377277 0.0120974 2.01735 
1.06547 0.367258 0.0194143 2.01831 
1.0654 0.369095 0.0183373 2.01834 
1.06581 0.367515 0.0183224 2.01895 
1.06558 0.367832 0.0191974 2.01851 
1.06435 0.375664 0.0177387 2.01724 
1.0641 0.377496 0.0164025 2.017 
1.06466 0.375307 0.0164869 2.0178 
1.06434 0.375392 0.0170155 2.01704 
1.06367 0.369478 0.0215399 2.01514 
1.06331 0.369566 0.0219634 2.01448 
1.06351 0.370756 0.0214411 2.01495 
1.06346 0.369571 0.0218033 2.01464 
1.06323 0.365568 0.0235417 2.01401 
1.06339 0.366402 0.0229026 2.01439 
1.06356 0.365796 0.0230093 2.01464 
1.06342 0.365924 0.0233484 2.01434 
1.06267 0.368478 0.0227576 2.01321 
1.06272 0.36952 0.0224671 2.0134 
1.06294 0.369118 0.0224297 2.01376 
1.06279 0.369287 0.0226551 2.01352 
1.06301 0.37967 0.0199846 2.01511 
1.06284 0.38098 0.0204067 2.01504 
1.06291 0.380827 0.0191777 2.01512 
1.06297 0.381204 0.0198431 2.01543 
1.06322 0.377002 0.0203419 2.01508 
1.0632 0.378458 0.0200341 2.01531 
1.06338 0.37767 0.0195228 2.01553 
1.06326 0.377741 0.0203209 2.01526 
1.06309 0.377075 0.0209646 2.01481 
1.06297 0.378336 0.0211741 2.01478 
1.06308 0.378527 0.0206974 2.01505 
1.06307 0.378322 0.0207264 2.01502 
1.06428 0.376814 0.0238713 2.0173 
1.0639 0.377887 0.0242717 2.01666 
1.06384 0.377347 0.0231207 2.01648 
1.06397 0.376988 0.0236901 2.01659 
1.06224 0.383037 0.0203114 2.01407 
1.06259 0.381983 0.0210358 2.0147 
1.06248 0.382504 0.0218578 2.01458 
1.06248 0.38285 0.0208089 2.01468 
1.06343 0.37991 0.0164644 2.01601 
1.06301 0.381069 0.0178635 2.01536 
1.06278 0.381831 0.016251 2.01496 
1.06304 0.380566 0.0163123 2.01523 
1.06355 0.378821 0.0165466 2.01602 
1.06348 0.378244 0.0181691 2.01582 
1.06314 0.38008 0.0178965 2.01542 
1.0634 0.379288 0.0181275 2.01586 
1.06464 0.375877 0.0276715 2.01773 
1.0646 0.376021 0.0251205 2.01777 
1.06509 0.374752 0.0251806 2.01857 
1.06485 0.375538 0.0262515 2.01824 
1.06245 0.379512 0.0371128 2.0135 
1.06394 0.379405 0.0328686 2.01716 
1.0646 0.377787 0.0355683 2.0183 
1.06379 0.378283 0.0353181 2.01646 
1.06363 0.378023 0.0240268 2.01602 
1.0633 0.378623 0.0231972 2.01547 
1.06359 0.37748 0.0229354 2.0159 
1.06355 0.378502 0.0234632 2.01607 
1.06328 0.381597 0.0288131 2.01623 
1.06382 0.37969 0.0268322 2.01702 
1.06426 0.379225 0.0293298 2.01791 
1.06369 0.379619 0.027732 2.0166 
1.06188 0.379835 0.0348702 2.01213 
1.06244 0.381258 0.0303599 2.014 
1.06332 0.379763 0.0308605 2.0157 
1.06281 0.381049 0.0319407 2.01489 
1.06128 0.382681 0.0270376 2.01146 
1.06156 0.383602 0.02452 2.0125 
1.06211 0.382448 0.027055 2.01352 
1.0616 0.382654 0.0266874 2.0123 
1.06253 0.382633 0.0243292 2.01473 
1.06193 0.383658 0.0237544 2.01351 
1.0624 0.382962 0.023126 2.01452 
1.06226 0.382815 0.0234891 2.01409 
1.06154 0.369532 0.0191883 2.01127 
1.0612 0.368817 0.019237 2.01048 
1.06126 0.368625 0.0187941 2.01059 
1.06132 0.368819 0.0191012 2.01079 
1.06166 0.369977 0.0196642 2.01158 
1.06169 0.370445 0.0200548 2.01168 
1.06134 0.369191 0.0197044 2.01087 
1.06159 0.370029 0.0196396 2.01142 
1.06234 0.371234 0.0191942 2.01285 
1.06193 0.370456 0.0191466 2.01207 
1.06204 0.3701 0.0187037 2.01225 
1.06205 0.370404 0.0190964 2.01236 
1.06244 0.37173 0.0197611 2.01312 
1.06242 0.372302 0.0201946 2.0131 
1.06203 0.370928 0.0196859 2.01235 
1.06234 0.371825 0.0196712 2.0129 
1.06235 0.368608 0.0174428 2.0127 
1.06263 0.369923 0.0181528 2.01331 
1.06215 0.369399 0.0181283 2.01241 
1.06237 0.369278 0.0180664 2.0129 
1.0631 0.372554 0.0200759 2.0143 
1.06309 0.373682 0.0207132 2.01442 
1.06283 0.37247 0.0199335 2.01381 
1.06297 0.372652 0.0199919 2.01402 
1.06235 0.373324 0.020867 2.01302 
1.06228 0.373277 0.0210346 2.01287 
1.06207 0.372432 0.0208686 2.01245 
1.06226 0.373248 0.0209841 2.01284 
1.06204 0.367311 0.0167753 2.01197 
1.06158 0.367358 0.0170354 2.01104 
1.06174 0.366936 0.0163579 2.0113 
1.06183 0.367306 0.0167484 2.01164 
1.06296 0.374096 0.0208798 2.01422 
1.06282 0.374474 0.0210901 2.01399 
1.06266 0.373321 0.0205688 2.01356 
1.06285 0.374228 0.0207444 2.01399 
1.06134 0.3683 0.0182797 2.01069 
1.06145 0.367966 0.0177187 2.01088 
1.06173 0.368795 0.0182137 2.01155 
1.06151 0.368268 0.0181204 2.01111 
1.06319 0.379346 0.0200767 2.01546 
1.0631 0.38043 0.0192983 2.01548 
1.06339 0.378617 0.019508 2.01575 
1.0632 0.379102 0.019254 2.01539 
1.03958 0.434576 0.0187368 1.97738 
1.03339 0.4463 0.0190861 1.96718 
1.03775 0.439968 0.0114698 1.97516 
1.03717 0.436717 0.0151317 1.97233 
1.05583 0.394337 0.0231352 2.00197 
1.0565 0.391708 0.0297853 2.00281 
1.05338 0.401407 0.0287339 1.99861 
1.05507 0.39211 0.0265216 1.99932 
1.0419 0.42337 0.0423252 1.97898 
1.03893 0.428695 0.0517582 1.97414 
1.03751 0.434767 0.0399716 1.97272 
1.04038 0.432935 0.0425168 1.9791 
1.04825 0.418483 0.0139771 1.99222 
1.04984 0.414337 0.0229532 1.99457 
1.04495 0.425861 0.0204315 1.98701 
1.04748 0.415164 0.0187251 1.989 
1.04396 0.420355 0.053453 1.9833 
1.0398 0.429437 0.0557598 1.97676 
1.04313 0.423203 0.0453325 1.98206 
1.04256 0.422956 0.0537925 1.9809 
1.08058 0.32824 0.00944805 2.04344 
1.0794 0.332426 -0.00184701 2.04138 
1.08279 0.322208 0.00255004 2.04718 
1.08102 0.323482 0.00271471 2.04307 
1.07574 0.339738 0.0165917 2.03514 
1.07598 0.341206 0.0107686 2.03579 
1.07774 0.335255 0.0132725 2.03859 
1.07641 0.336162 0.0136861 2.03553 
1.07307 0.349202 0.0119244 2.03094 
1.07255 0.352219 0.00863919 2.03028 
1.07428 0.346528 0.00960307 2.03299 
1.0732 0.347414 0.0105949 2.03056 
1.07609 0.343244 -0.0057638 2.03605 
1.07446 0.347472 -0.0019809 2.03318 
1.07298 0.352083 -0.00729657 2.03081 
1.07445 0.345336 -0.00677753 2.03253 
1.02075 0.465522 -0.036849 1.94689 
1.02245 0.4627 -0.0312039 1.94931 
1.01863 0.469588 -0.0305491 1.94343 
1.02119 0.468677 -0.0331475 1.94927 
1.02259 0.459469 -0.0541767 1.9497 
1.02683 0.453053 -0.0584757 1.95719 
1.02762 0.454537 -0.0504537 1.95916 
1.02595 0.456444 -0.0532916 1.95633 
1.02397 0.452519 -0.0904459 1.95348 
1.02708 0.449582 -0.0830523 1.9587 
1.02163 0.457502 -0.0850039 1.9496 
1.02444 0.455958 -0.0865319 1.95583 
1.03256 0.44025 -0.0865471 1.96826 
1.03524 0.434939 -0.0833134 1.97203 
1.03142 0.443513 -0.0800423 1.96619 
1.03313 0.438244 -0.0852045 1.96849 
1.02589 0.451381 -0.0913547 1.95767 
1.02987 0.445385 -0.0905166 1.96438 
1.02881 0.448515 -0.0833678 1.96243 
1.02779 0.44687 -0.0873667 1.95971 
1.01585 0.457942 -0.0938345 1.94024 
1.0211 0.459901 -0.0935931 1.9511 
1.01857 0.464597 -0.0876718 1.94672 
1.01851 0.461165 -0.0927112 1.94547 
1.02332 0.451615 -0.104819 1.95424 
1.02766 0.446135 -0.104461 1.96163 
1.02455 0.453466 -0.097248 1.95649 
1.02465 0.447492 -0.102294 1.95468 
1.04454 0.414382 -0.0781253 1.9858 
1.04644 0.410187 -0.0704744 1.98804 
1.04129 0.421964 -0.0719261 1.98026 
1.04461 0.416075 -0.076582 1.98637 
1.03544 0.440381 -0.0524239 1.972 
1.03777 0.435453 -0.046802 1.97517 
1.03211 0.447174 -0.0465482 1.96648 
1.03564 0.443449 -0.0507855 1.97368 
1.03093 0.445686 -0.0650311 1.96454 
1.03145 0.444362 -0.0722741 1.96592 
1.03569 0.436296 -0.0695491 1.97242 
1.03219 0.439019 -0.0699099 1.96505 
1.02972 0.45151 -0.0479914 1.96272 
1.02966 0.450384 -0.0568332 1.96272 
1.0332 0.444857 -0.054388 1.96866 
1.03057 0.446242 -0.0534741 1.96278 
1.02456 0.455015 -0.0693639 1.95377 
1.02812 0.448321 -0.0741895 1.95972 
1.02805 0.448722 -0.0662109 1.95896 
1.0269 0.452508 -0.0686216 1.95825 
1.03955 0.431654 -0.0382273 1.97752 
1.04214 0.426788 -0.0319424 1.98152 
1.03665 0.438681 -0.0318009 1.97311 
1.03969 0.43183 -0.0366791 1.97779 
1.04167 0.430452 -0.0573843 1.98332 
1.03986 0.432826 -0.0503197 1.97936 
1.03766 0.437546 -0.05637 1.97642 
1.03949 0.434689 -0.0531247 1.97951 
1.04488 0.426346 -0.0535788 1.98929 
1.04802 0.419214 -0.0486309 1.99377 
1.04267 0.429352 -0.0474406 1.98465 
1.045 0.421645 -0.0505733 1.98739 
1.06175 0.38276 -0.000558483 2.01247 
1.0595 0.387703 0.00316555 2.00857 
1.06019 0.385855 -0.00457574 2.00968 
1.06076 0.387448 0.000499502 2.01166 
1.06545 0.372511 0.0135987 2.01874 
1.06609 0.370051 0.01512 2.01975 
1.06524 0.372727 0.0155446 2.01841 
1.06559 0.372179 0.0140244 2.01908 
1.06758 0.367691 0.00128921 2.02214 
1.06833 0.364229 0.00524429 2.02305 
1.06685 0.369575 0.00501574 2.02096 
1.06767 0.369227 0.00426886 2.02292 
1.07035 0.355356 0.0142913 2.02617 
1.07071 0.35306 0.0164451 2.02666 
1.06987 0.355774 0.0165945 2.02539 
1.07029 0.354874 0.0149008 2.02611 
1.06915 0.361618 0.0100022 2.02452 
1.06985 0.35795 0.0122991 2.02542 
1.06892 0.360842 0.0131124 2.02398 
1.06929 0.359986 0.0106923 2.0246 
1.07175 0.352952 0.010041 2.02853 
1.0722 0.349903 0.0126808 2.02899 
1.07099 0.354248 0.0124066 2.02721 
1.0717 0.35347 0.0108174 2.02873 
1.06963 0.361065 0.00820974 2.02555 
1.07108 0.356353 0.00852467 2.02781 
1.07041 0.3574 0.0109734 2.02664 
1.0704 0.357005 0.0100543 2.02635 
1.07493 0.345454 -0.00136894 2.0339 
1.07678 0.339499 -0.00506542 2.03681 
1.07586 0.342061 0.00327108 2.03541 
1.07573 0.340919 0.00136914 2.03457 
1.07124 0.357245 0.00100295 2.02812 
1.07304 0.351705 0.000765479 2.03102 
1.07202 0.35387 0.00493443 2.02925 
1.07202 0.352311 0.00301352 2.02864 
1.07129 0.355544 -0.0015363 2.02765 
1.07211 0.353789 -0.00813806 2.02912 
1.07319 0.348927 -0.00260119 2.03042 
1.07241 0.355569 -0.00512126 2.03048 
1.06151 0.385423 0.00874857 2.01282 
1.05995 0.389049 0.00739009 2.01018 
1.06204 0.384442 0.00421918 2.01379 
1.06105 0.3846 0.0062957 2.01136 
1.06259 0.382467 0.0138883 2.01459 
1.06221 0.383155 0.0109654 2.0138 
1.06323 0.38085 0.0113534 2.01561 
1.06265 0.381826 0.0112261 2.01448 
1.06192 0.383244 0.0140183 2.01317 
1.06084 0.385011 0.0147398 2.01106 
1.0614 0.383946 0.0112314 2.01206 
1.0615 0.384714 0.0140798 2.01259 
1.06587 0.363161 0.0150345 2.01876 
1.06644 0.362388 0.0149721 2.01964 
1.06623 0.363675 0.0161622 2.01921 
1.06611 0.36258 0.0154207 2.01889 
1.06483 0.363131 0.0143937 2.01695 
1.06533 0.363252 0.0147368 2.01782 
1.06505 0.364386 0.0153836 2.01737 
1.06508 0.363508 0.0145389 2.0173 
1.0656 0.360694 0.0132079 2.01814 
1.06624 0.36129 0.014184 2.0193 
1.06566 0.361938 0.01424 2.01831 
1.06584 0.361655 0.0138015 2.01865 
1.06505 0.357617 0.0109401 2.01663 
1.06516 0.359096 0.0119297 2.01706 
1.0647 0.358671 0.0115628 2.01608 
1.06495 0.358342 0.0116998 2.0166 
1.06549 0.35671 0.0103735 2.01745 
1.06591 0.355491 0.00962965 2.01812 
1.06601 0.357254 0.0109184 2.01853 
1.06573 0.356268 0.0105979 2.01789 
1.06537 0.368115 0.0195866 2.01803 
1.06586 0.368571 0.0207143 2.01904 
1.0653 0.370408 0.0211633 2.01824 
1.06556 0.36928 0.0199123 2.01854 
1.06438 0.367566 0.017434 2.01634 
1.06499 0.367723 0.0182848 2.01737 
1.06453 0.368806 0.0186093 2.01662 
1.06466 0.368189 0.0178072 2.01674 
1.06637 0.362991 0.0166583 2.01913 
1.06665 0.361564 0.0155308 2.01959 
1.06698 0.362001 0.0173858 2.02003 
1.06672 0.362754 0.0166327 2.01993 
1.06449 0.366973 0.0166332 2.01642 
1.06493 0.36595 0.0161991 2.01713 
1.06511 0.367068 0.0174016 2.01745 
1.06481 0.366572 0.0170311 2.01705 
1.06465 0.360999 0.0133118 2.01636 
1.06458 0.359405 0.0123516 2.01601 
1.06506 0.359883 0.0127959 2.01705 
1.06476 0.360261 0.012541 2.01645 
1.06291 0.376951 0.0212497 2.01446 
1.06292 0.377996 0.0210711 2.01462 
1.06304 0.376951 0.0209979 2.01471 
1.06293 0.377025 0.021226 2.01447 
1.06289 0.379566 0.0214005 2.01488 
1.0629 0.380005 0.02185 2.01502 
1.06281 0.381042 0.0212999 2.01504 
1.06285 0.380088 0.0212322 2.01491 
1.06302 0.379891 0.0204639 2.01524 
1.06294 0.379622 0.0209671 2.01503 
1.06287 0.381116 0.0207812 2.0152 
1.06292 0.379844 0.0209659 2.015 
1.06283 0.377004 0.0214824 2.0143 
1.06279 0.377534 0.0215647 2.01429 
1.06286 0.378038 0.0213348 2.01449 
1.06282 0.377471 0.0212607 2.01433 
1.06247 0.374528 0.021088 2.01331 
1.06273 0.375657 0.0212121 2.0139 
1.06259 0.375151 0.0213008 2.01361 
1.06261 0.375156 0.0214091 2.01365 
1.06288 0.377531 0.0215526 2.01452 
1.06293 0.378683 0.0217676 2.01479 
1.06286 0.37792 0.0216203 2.01452 
1.06287 0.377835 0.0218119 2.01453 
1.06267 0.375687 0.0216163 2.01384 
1.0628 0.376439 0.0216947 2.0142 
1.06281 0.37707 0.0217427 2.01429 
1.06277 0.376542 0.0214672 2.01415 
1.06261 0.375514 0.0216504 2.01371 
1.06263 0.375639 0.021649 2.01377 
1.06276 0.377 0.0217813 2.0142 
1.06262 0.375619 0.0215644 2.01372 
1.06248 0.374531 0.0215292 2.01335 
1.06227 0.373452 0.0214922 2.01289 
1.06251 0.374744 0.0215007 2.01343 
1.06247 0.374563 0.0216471 2.01334 
1.06226 0.373466 0.0215516 2.01288 
1.06235 0.373977 0.0214296 2.01307 
1.06251 0.374746 0.0215314 2.01343 
1.06237 0.373937 0.0212693 2.01308 
1.06181 0.37128 0.0215859 2.01193 
1.06206 0.372352 0.0214963 2.01243 
1.06207 0.372193 0.0216439 2.01244 
1.06202 0.372206 0.0216508 2.01235 
1.06165 0.371238 0.0209318 2.01164 
1.06151 0.370529 0.0206962 2.01132 
1.06181 0.371773 0.020846 2.01196 
1.06167 0.37122 0.0210238 2.01168 
1.06213 0.372992 0.0212336 2.0126 
1.06184 0.371914 0.0211695 2.01202 
1.06195 0.372246 0.0210235 2.01223 
1.06195 0.372235 0.0209497 2.01221 
1.06153 0.370399 0.0214018 2.01135 
1.0613 0.369754 0.0212322 2.01082 
1.06154 0.370644 0.0211547 2.0114 
1.06149 0.370416 0.0213703 2.01126 
1.06154 0.370642 0.0211287 2.01138 
1.06129 0.369742 0.0211307 2.01078 
1.06142 0.37021 0.0208036 2.01113 
1.06141 0.37023 0.0209143 2.0111 
1.06324 0.375271 0.0213236 2.01486 
1.06349 0.376272 0.0221029 2.0155 
1.06321 0.376557 0.0218679 2.01499 
1.06335 0.376438 0.0218221 2.01531 
1.06377 0.375983 0.0223383 2.01607 
1.06372 0.374683 0.0215555 2.01575 
1.06401 0.374799 0.0219019 2.01633 
1.06382 0.374985 0.0216322 2.01594 
1.06249 0.374536 0.0212143 2.01336 
1.06256 0.374509 0.0210945 2.0135 
1.06275 0.375671 0.02138 2.01395 
1.06254 0.374561 0.0211864 2.01345 
1.06427 0.366328 0.0163413 2.01613 
1.06412 0.365008 0.0153744 2.0158 
1.06471 0.365321 0.0158981 2.01685 
1.06438 0.365687 0.0156172 2.0162 
1.06369 0.368939 0.0174739 2.01511 
1.06407 0.367967 0.0170571 2.01573 
1.06422 0.369245 0.0181513 2.01603 
1.06397 0.368577 0.0178285 2.01565 
1.06341 0.366232 0.0155901 2.0145 
1.06381 0.365322 0.0151352 2.01516 
1.06396 0.366685 0.0160653 2.01551 
1.0637 0.365931 0.0158253 2.01509 
1.06655 0.371675 0.0268499 2.02118 
1.06598 0.372207 0.0247985 2.02001 
1.06686 0.368999 0.0242355 2.02118 
1.06654 0.371598 0.0261178 2.02123 
1.06667 0.371897 0.0328689 2.02146 
1.06667 0.371297 0.0295344 2.02132 
1.06763 0.368793 0.029437 2.02287 
1.06699 0.370446 0.0313444 2.02186 
1.06494 0.375263 0.0291362 2.0183 
1.06544 0.374176 0.0264015 2.01926 
1.06585 0.373063 0.0281303 2.01987 
1.06539 0.37342 0.027579 2.01882 
1.06386 0.377262 0.0251419 2.0163 
1.0643 0.376134 0.0247858 2.01706 
1.06426 0.375994 0.0271535 2.01682 
1.06421 0.377138 0.025561 2.01713 
1.06282 0.382035 0.0240544 2.01528 
1.06263 0.382133 0.0228857 2.01487 
1.06301 0.380456 0.0232575 2.01532 
1.06287 0.381968 0.0238199 2.01542 
1.06359 0.380082 0.0250224 2.01658 
1.06307 0.381867 0.0248242 2.01584 
1.06327 0.380277 0.0239696 2.01592 
1.06324 0.38032 0.0242414 2.01578 
1.06248 0.381829 0.0266956 2.01425 
1.06185 0.383246 0.0242496 2.01314 
1.06247 0.382025 0.0249212 2.01433 
1.06237 0.383394 0.0250612 2.01452 
1.06332 0.380048 0.0256023 2.01587 
1.06282 0.381931 0.0272979 2.01518 
1.06275 0.381949 0.025313 2.01504 
1.06305 0.381717 0.0265899 2.01574 
1.06022 0.385992 0.0250253 2.00995 
1.06119 0.384034 0.0244403 2.0117 
1.06087 0.384079 0.0276851 2.01095 
1.06072 0.385009 0.0248734 2.01085 
1.0601 0.386747 0.0218597 2.00989 
1.06042 0.386479 0.0184532 2.01054 
1.06108 0.384682 0.0217519 2.01163 
1.06053 0.385714 0.0216626 2.0106 
1.06268 0.38152 0.0212265 2.01485 
1.06282 0.38039 0.0218064 2.0149 
1.06263 0.381997 0.0219687 2.01485 
1.06272 0.38135 0.0220674 2.01491 
1.06296 0.378973 0.0219801 2.01487 
1.06313 0.377958 0.0220462 2.01506 
1.06313 0.378939 0.0225512 2.01519 
1.0631 0.37888 0.0224228 2.01521 
1.06386 0.376176 0.022449 2.01623 
1.06414 0.374779 0.0220406 2.01653 
1.06435 0.375738 0.0231893 2.01719 
1.06416 0.376025 0.0227448 2.01694 
1.0648 0.37237 0.0212734 2.01765 
1.0644 0.373696 0.0216398 2.01706 
1.06418 0.371905 0.0203824 2.0163 
1.06445 0.372681 0.0207312 2.01686 
1.06569 0.37262 0.023182 2.01951 
1.0653 0.371927 0.0215669 2.01849 
1.06585 0.370288 0.021166 2.01932 
1.0656 0.371337 0.0224933 2.01906 
1.06467 0.375574 0.0234679 2.01793 
1.06443 0.374602 0.0221521 2.0172 
1.06483 0.373434 0.021879 2.01781 
1.0646 0.374136 0.0228859 2.01747 
1.06329 0.377856 0.0223777 2.01543 
1.06355 0.377663 0.0226786 2.01593 
1.0633 0.378825 0.0229246 2.0156 
1.06334 0.377792 0.0225337 2.01545 
1.06294 0.377394 0.0217856 2.01463 
1.06309 0.377678 0.0220374 2.01498 
1.06296 0.378556 0.0220325 2.01482 
1.06299 0.377835 0.0217229 2.01478 
1.06288 0.376474 0.021248 2.01431 
1.06293 0.375822 0.0211494 2.0143 
1.06305 0.376827 0.0214947 2.01471 
1.06296 0.376412 0.0215074 2.01449 
1.06333 0.375148 0.0211303 2.01504 
1.06355 0.374879 0.0212181 2.01544 
1.06359 0.376175 0.0220185 2.01571 
1.06346 0.375021 0.0214124 2.01526 
1.06372 0.373651 0.0208297 2.01555 
1.06385 0.372133 0.0201506 2.01555 
1.06408 0.373925 0.0212749 2.01633 
1.06392 0.373506 0.0211231 2.01601 
1.06328 0.372638 0.0201308 2.01465 
1.06353 0.373823 0.020722 2.01527 
1.06328 0.373991 0.0206532 2.01481 
1.06342 0.373894 0.0206141 2.01513 
1.06415 0.370928 0.0194352 2.01595 
1.0644 0.369999 0.018982 2.01629 
1.06479 0.371196 0.0201466 2.01724 
1.06443 0.370751 0.0197085 2.01658 
1.06344 0.372522 0.0199432 2.01499 
1.0638 0.372296 0.01987 2.01565 
1.0637 0.373697 0.0206076 2.01566 
1.0636 0.37244 0.0200498 2.01519 
1.06464 0.369839 0.0191588 2.01686 
1.06508 0.368814 0.0188941 2.01758 
1.06505 0.371029 0.0205193 2.01784 
1.06485 0.369262 0.0197825 2.01714 
1.06363 0.369567 0.0182133 2.01511 
1.06412 0.369797 0.0187613 2.01592 
1.0639 0.370588 0.0191798 2.01559 
1.06394 0.370021 0.0184792 2.01553 
1.06208 0.366836 0.01604 2.0121 
1.06236 0.366123 0.0153539 2.01257 
1.06226 0.367229 0.0164281 2.01246 
1.0621 0.366401 0.0161781 2.01201 
1.06315 0.365108 0.0153381 2.01393 
1.06319 0.363477 0.0142569 2.0138 
1.06356 0.36408 0.0148823 2.01458 
1.06335 0.364561 0.0145233 2.01426 
1.06265 0.367933 0.0167839 2.01322 
1.06302 0.367136 0.0161943 2.01386 
1.06321 0.36851 0.0170909 2.01429 
1.06293 0.367712 0.0168751 2.01381 
1.0627 0.365114 0.0145274 2.0131 
1.06311 0.364094 0.0139523 2.01379 
1.06295 0.365573 0.0150384 2.0136 
1.06279 0.36462 0.014757 2.01314 
1.0622 0.370009 0.018676 2.01262 
1.06264 0.370517 0.0186797 2.01343 
1.0625 0.371149 0.0191719 2.01319 
1.06246 0.370632 0.0187044 2.01303 
1.06167 0.3679 0.0175544 2.01141 
1.06211 0.368026 0.0173707 2.01228 
1.06192 0.368721 0.0180843 2.012 
1.06187 0.368125 0.0175991 2.01173 
1.0624 0.366876 0.0165663 2.01266 
1.06243 0.365598 0.0154749 2.01258 
1.06277 0.366002 0.0159545 2.01327 
1.06259 0.366464 0.0157262 2.01303 
1.06166 0.369506 0.019076 2.01155 
1.06141 0.368598 0.0186716 2.01094 
1.06176 0.369153 0.0186115 2.01172 
1.06162 0.369199 0.0187333 2.0114 
1.06176 0.371289 0.0215693 2.01183 
1.06179 0.371605 0.0213413 2.01191 
1.06201 0.372345 0.0214462 2.01234 
1.06183 0.371577 0.0213133 2.01197 
1.06125 0.369274 0.0198083 2.01067 
1.0614 0.36995 0.0203401 2.01106 
1.06123 0.369423 0.0202541 2.01065 
1.06126 0.369359 0.0202466 2.01071 
1.06185 0.3719 0.0211 2.01202 
1.06212 0.372976 0.021103 2.01256 
1.06205 0.37259 0.021253 2.01241 
1.06204 0.37261 0.0213334 2.0124 
1.06179 0.371155 0.0205137 2.01192 
1.06186 0.371737 0.0208824 2.01208 
1.06155 0.370503 0.0206735 2.01141 
1.06174 0.371187 0.0205312 2.0118 
1.06199 0.372036 0.0203697 2.01231 
1.06236 0.373214 0.020672 2.01303 
1.06206 0.37238 0.0207666 2.01244 
1.06209 0.372358 0.0207661 2.0125 
1.06194 0.371016 0.0195924 2.01216 
1.06232 0.372406 0.0200582 2.0129 
1.06196 0.371527 0.0199627 2.01222 
1.06203 0.371446 0.0200799 2.01237 
1.06278 0.375113 0.0212619 2.01394 
1.06278 0.375693 0.0213723 2.014 
1.06262 0.374493 0.021126 2.01359 
1.06275 0.375236 0.0210365 2.01391 
1.06256 0.373447 0.0204392 2.01337 
1.06273 0.374639 0.020862 2.01382 
1.06255 0.37399 0.0206707 2.01341 
1.0626 0.373863 0.0208773 2.0135 
1.06205 0.371964 0.0204448 2.01242 
1.06237 0.372774 0.0204557 2.01303 
1.06239 0.373173 0.0207219 2.01309 
1.06232 0.372842 0.0203805 2.01292 
1.06273 0.37258 0.0197975 2.01359 
1.06301 0.373805 0.0204845 2.01425 
1.06268 0.373093 0.0202289 2.01355 
1.06278 0.37299 0.0203521 2.01376 
1.06315 0.375484 0.021147 2.01473 
1.06317 0.376744 0.0216769 2.01496 
1.06302 0.375756 0.0213083 2.0145 
1.06306 0.375619 0.0214405 2.01455 
1.06164 0.370477 0.0200834 2.01156 
1.06143 0.369971 0.0203238 2.01111 
1.06127 0.369226 0.0198077 2.01071 
1.06146 0.369954 0.0202709 2.01119 
1.06134 0.369931 0.020644 2.01093 
1.06114 0.369449 0.020931 2.01043 
1.06114 0.369394 0.0205339 2.01043 
1.06122 0.369482 0.020654 2.01063 
1.06181 0.370932 0.0219315 2.01188 
1.06179 0.371126 0.0217403 2.01186 
1.06205 0.372023 0.0218105 2.01238 
1.06183 0.371113 0.021744 2.01195 
1.06254 0.373494 0.0217494 2.01334 
1.0623 0.372254 0.0219169 2.01282 
1.06228 0.372731 0.0218165 2.01283 
1.06234 0.372711 0.021657 2.01296 
1.06178 0.369594 0.0222539 2.01171 
1.06155 0.369189 0.0222697 2.01122 
1.06168 0.369874 0.0220553 2.01156 
1.06168 0.369643 0.0222705 2.01152 
1.06131 0.369557 0.0216679 2.01075 
1.06126 0.369651 0.0213441 2.01068 
1.06151 0.370251 0.0215691 2.01128 
1.06135 0.369676 0.0215399 2.01091 
1.06161 0.3699 0.0220498 2.01141 
1.06143 0.369231 0.022182 2.01095 
1.06136 0.369411 0.0219406 2.01082 
1.06147 0.369384 0.0220461 2.01109 
1.03688 0.414651 -0.135196 1.9762 
1.04136 0.408792 -0.127766 1.98286 
1.03771 0.417851 -0.1239 1.97684 
1.03861 0.410467 -0.12886 1.97688 
1.04163 0.396989 -0.15682 1.98721 
1.0362 0.407524 -0.15042 1.97548 
1.03547 0.411285 -0.161295 1.97834 
1.03582 0.40492 -0.153214 1.97533 
1.04322 0.394686 -0.141117 1.98554 
1.04281 0.401349 -0.132184 1.9843 
1.03867 0.405145 -0.140606 1.97794 
1.04156 0.403308 -0.136702 1.98381 
1.05014 0.374608 -0.148831 1.99917 
1.04591 0.385531 -0.147134 1.99113 
1.04595 0.384682 -0.153177 1.99301 
1.046 0.379842 -0.147056 1.9904 
1.05212 0.369 -0.142621 2.00121 
1.05563 0.365424 -0.135534 2.00653 
1.05255 0.37555 -0.135984 2.0016 
1.05305 0.366416 -0.137929 2.00076 
1.0628 0.376099 0.0215395 2.01416 
1.06269 0.374835 0.0216038 2.01378 
1.06264 0.375181 0.0215932 2.01373 
1.06268 0.375108 0.0214292 2.01379 
1.06176 0.368692 0.0226659 2.01155 
1.06188 0.369336 0.0224396 2.01189 
1.06199 0.368924 0.0225554 2.01204 
1.06188 0.369006 0.0226701 2.0118 
1.06162 0.368766 0.0225901 2.01124 
1.06152 0.369016 0.0223946 2.01108 
1.06179 0.369385 0.0224414 2.01169 
1.06166 0.368953 0.0224585 2.01138 
1.06158 0.370255 0.021659 2.01142 
1.06161 0.370063 0.0218737 2.01145 
1.0614 0.369546 0.0218066 2.01098 
1.06155 0.370082 0.0218545 2.01132 
1.06222 0.371324 0.0220341 2.01266 
1.06235 0.37119 0.0220577 2.01287 
1.06208 0.370318 0.0222287 2.01232 
1.06225 0.37121 0.0221382 2.01269 
1.06251 0.374358 0.0215031 2.0134 
1.06256 0.373942 0.0215134 2.01345 
1.06232 0.373127 0.0216008 2.01296 
1.0625 0.374007 0.0216986 2.01332 
1.0629 0.376092 0.0213777 2.01432 
1.06303 0.376067 0.0211355 2.01457 
1.06283 0.374897 0.0215478 2.01404 
1.06296 0.376065 0.0213352 2.01447 
1.05663 0.370596 -0.126862 2.00665 
1.05367 0.373434 -0.131784 2.00186 
1.0567 0.363559 -0.131488 2.00685 
1.05592 0.372329 -0.129906 2.00683 
1.06217 0.368272 0.022796 2.01225 
1.06238 0.367784 0.0229734 2.01259 
1.06222 0.367438 0.0231749 2.01224 
1.06229 0.367993 0.0231356 2.01248 
1.06172 0.368487 0.022768 2.01138 
1.06202 0.368627 0.0227435 2.01201 
1.06184 0.368153 0.0229069 2.01155 
1.06188 0.368395 0.0227911 2.01174 
1.06267 0.37215 0.0218381 2.01354 
1.06294 0.373473 0.0214924 2.01413 
1.06294 0.372375 0.0216467 2.01405 
1.06283 0.372392 0.0218279 2.01379 
1.06209 0.370052 0.0224744 2.01229 
1.06236 0.370883 0.0223362 2.01284 
1.06217 0.369684 0.0225753 2.01242 
1.06216 0.369968 0.0223193 2.01244 
1.06209 0.37155 0.0218457 2.01243 
1.06185 0.370884 0.0218527 2.01197 
1.06208 0.371972 0.021701 2.01245 
1.06204 0.371613 0.0219781 2.01234 
1.0625 0.372098 0.0219686 2.01321 
1.06238 0.372174 0.0219634 2.013 
1.0626 0.373422 0.0217892 2.0135 
1.06244 0.372166 0.0219108 2.01307 
1.06195 0.370338 0.02226 2.01208 
1.06186 0.370643 0.0220714 2.01194 
1.06211 0.371323 0.0220332 2.01244 
1.06194 0.37059 0.0220262 2.01211 
1.05819 0.355029 -0.134889 2.01001 
1.05855 0.353605 -0.138559 2.01237 
1.06096 0.346856 -0.135528 2.01592 
1.0582 0.350006 -0.134407 2.00972 
1.06184 0.347079 -0.126013 2.01435 
1.05882 0.3519 -0.130072 2.00978 
1.0606 0.343578 -0.131659 2.01342 
1.06071 0.349946 -0.130988 2.01399 
1.0622 0.358605 -0.125191 2.01715 
1.05912 0.369227 -0.125447 2.01223 
1.05913 0.362375 -0.129209 2.01225 
1.05979 0.360033 -0.125963 2.01169 
1.06407 0.37574 0.0181913 2.01658 
1.06371 0.37705 0.0186717 2.01606 
1.06383 0.377513 0.0170624 2.01634 
1.06392 0.377057 0.0175536 2.01656 
1.06491 0.370681 0.0180983 2.01735 
1.06441 0.373173 0.018425 2.01675 
1.06479 0.373008 0.0171253 2.0175 
1.06477 0.373 0.0174551 2.01758 
1.06597 0.369673 0.0153794 2.0195 
1.06536 0.370461 0.0171769 2.01838 
1.0652 0.37283 0.0159835 2.01845 
1.0654 0.369954 0.0165972 2.01818 
1.06507 0.367096 0.0202335 2.01753 
1.06467 0.367334 0.0210756 2.0168 
1.06466 0.36901 0.0202654 2.01696 
1.06476 0.367375 0.0208841 2.01684 
1.06304 0.371315 0.0220457 2.01413 
1.06305 0.36981 0.0223334 2.01401 
1.06282 0.370127 0.0223888 2.01363 
1.06291 0.369971 0.0221923 2.01371 
1.06429 0.373151 0.0195497 2.01662 
1.06447 0.370956 0.0201362 2.01674 
1.0642 0.371899 0.0203322 2.01632 
1.06425 0.371571 0.0195666 2.01631 
1.06364 0.368387 0.0218642 2.01488 
1.06341 0.367436 0.0224275 2.01438 
1.06326 0.368559 0.0222691 2.01421 
1.06346 0.368472 0.0221018 2.01467 
1.06392 0.371291 0.0208539 2.01572 
1.06387 0.369909 0.021535 2.01552 
1.06368 0.371034 0.0213842 2.01525 
1.06383 0.370874 0.0209394 2.01556 
1.06419 0.366576 0.0216706 2.01577 
1.06384 0.366164 0.0223067 2.01513 
1.06388 0.36768 0.0216781 2.01529 
1.064 0.366877 0.0222319 2.01541 
1.06406 0.371112 0.0203545 2.01601 
1.06429 0.370072 0.0202377 2.01633 
1.06401 0.369723 0.0209988 2.0158 
1.06413 0.370293 0.0208993 2.016 
1.06489 0.370827 0.0185309 2.01751 
1.06459 0.370672 0.0194005 2.01694 
1.06439 0.372829 0.0186066 2.01676 
1.06466 0.371203 0.0193624 2.01709 
1.06517 0.369414 0.0191877 2.01788 
1.06524 0.367557 0.0201395 2.01783 
1.06483 0.369283 0.0201078 2.01723 
1.06509 0.368984 0.0193555 2.01777 
1.06642 0.365574 0.0188527 2.02 
1.06575 0.366844 0.0196302 2.01888 
1.06614 0.367081 0.0185126 2.01964 
1.06609 0.365935 0.0187759 2.01929 
1.06552 0.363742 0.0215742 2.01809 
1.06516 0.36378 0.0220605 2.01742 
1.06548 0.365051 0.0207819 2.01815 
1.06537 0.363841 0.0215977 2.01775 
1.06373 0.366402 0.0228525 2.01495 
1.06357 0.36703 0.0227975 2.0147 
1.06379 0.367921 0.0222922 2.01517 
1.06364 0.366822 0.022366 2.0148 
1.06469 0.364054 0.0225478 2.01656 
1.0644 0.364518 0.022854 2.01607 
1.06449 0.365777 0.0221145 2.01632 
1.06447 0.364212 0.0224916 2.01606 
1.06345 0.375261 0.0204004 2.01524 
1.06326 0.376238 0.020659 2.01501 
1.06344 0.376758 0.0198881 2.01545 
1.0634 0.376212 0.0199932 2.01534 
1.06313 0.371162 0.0218488 2.01421 
1.06335 0.370827 0.021651 2.01456 
1.06315 0.369641 0.0221253 2.01412 
1.06327 0.371036 0.0219144 2.01452 
1.0626 0.371236 0.0221433 2.01325 
1.06289 0.371475 0.0219472 2.01381 
1.06266 0.370285 0.0222922 2.01328 
1.06273 0.371187 0.0219768 2.01355 
1.06309 0.373672 0.0213658 2.01438 
1.06333 0.373868 0.0208782 2.01485 
1.06314 0.372593 0.0215076 2.01437 
1.06321 0.373683 0.0210861 2.01468 
1.06314 0.375918 0.0207378 2.01478 
1.06331 0.374914 0.0205222 2.01498 
1.0631 0.374631 0.021031 2.01455 
1.06317 0.375065 0.0210548 2.0147 
1.06409 0.368797 0.021638 2.01579 
1.06442 0.369223 0.0207923 2.01645 
1.06441 0.36756 0.0215977 2.01625 
1.06431 0.368514 0.0209451 2.01621 
1.06353 0.373494 0.0203899 2.01523 
1.06379 0.372265 0.0203232 2.01557 
1.06356 0.371909 0.0208821 2.01513 
1.06365 0.372538 0.0209186 2.01534 
1.0637 0.373841 0.0201909 2.01551 
1.06406 0.373822 0.0190166 2.0162 
1.06396 0.372391 0.0199955 2.0158 
1.06394 0.37386 0.0194706 2.01611 
1.0625 0.370027 0.0223522 2.01306 
1.06225 0.369604 0.0224426 2.01259 
1.06244 0.370782 0.0221155 2.013 
1.06241 0.370122 0.0225296 2.01289 
1.06347 0.373711 0.0209654 2.01515 
1.06349 0.372116 0.0213973 2.01502 
1.06328 0.372426 0.0216179 2.01467 
1.06337 0.372279 0.021259 2.01477 
1.06361 0.376776 0.0190365 2.01586 
1.06394 0.375338 0.0185381 2.01632 
1.06366 0.375223 0.0197419 2.01573 
1.0637 0.375356 0.0194854 2.01574 
1.06327 0.367514 0.0226838 2.01426 
1.06303 0.367378 0.0229514 2.01382 
1.06312 0.36858 0.0224865 2.01408 
1.06314 0.367656 0.0229537 2.01399 
1.0625 0.368632 0.0229479 2.01291 
1.0623 0.369184 0.0227712 2.0126 
1.06256 0.369661 0.0226217 2.01313 
1.06244 0.369036 0.0226429 2.01287 
1.06228 0.367187 0.0234277 2.01232 
1.06249 0.367525 0.0232739 2.01281 
1.06247 0.366761 0.0235766 2.01263 
1.06242 0.366999 0.023327 2.01258 
1.06212 0.367623 0.0232766 2.01207 
1.06197 0.367957 0.0231231 2.01182 
1.06212 0.368476 0.0229899 2.01222 
1.06206 0.367782 0.0230362 2.01197 
1.07217 0.334096 -0.112039 2.03198 
1.07526 0.328644 -0.105694 2.03692 
1.07293 0.336823 -0.103007 2.03282 
1.07331 0.330934 -0.1048 2.03262 
1.06405 0.341288 -0.130986 2.02129 
1.06662 0.334246 -0.12801 2.02536 
1.06396 0.344967 -0.12688 2.01907 
1.06356 0.338157 -0.126535 2.01846 
1.06873 0.325609 -0.125704 2.02808 
1.07142 0.31778 -0.123085 2.03246 
1.06984 0.328885 -0.120617 2.02841 
1.06903 0.323145 -0.120935 2.02751 
1.08731 0.277985 -0.0940527 2.05686 
1.08384 0.289848 -0.0995847 2.05108 
1.08365 0.273819 -0.101662 2.05122 
1.08516 0.27972 -0.102592 2.0528 
1.08513 0.313229 -0.0232494 2.05072 
1.08533 0.312401 -0.0335952 2.05127 
1.08866 0.299497 -0.0252585 2.05621 
1.08646 0.313951 -0.0291692 2.05447 
1.08324 0.312407 -0.0898017 2.05068 
1.08379 0.304381 -0.0966743 2.05167 
1.08614 0.303477 -0.0861577 2.05553 
1.08423 0.302885 -0.0918449 2.05097 
1.08298 0.311046 -0.0731525 2.04742 
1.0825 0.310331 -0.083898 2.04725 
1.08533 0.302401 -0.0806128 2.05213 
1.08373 0.310654 -0.0774019 2.04995 
1.07761 0.326423 -0.088956 2.03973 
1.07776 0.323117 -0.0978442 2.04053 
1.07998 0.318369 -0.0905083 2.04385 
1.07825 0.319969 -0.0903252 2.03992 
1.06106 0.364094 -0.11394 2.01294 
1.05882 0.36655 -0.121083 2.00953 
1.06221 0.356719 -0.121543 2.01506 
1.06082 0.365506 -0.11797 2.0138 
1.05211 0.400294 -0.0818364 1.99927 
1.0544 0.395304 -0.0745001 2.00239 
1.05054 0.404341 -0.0708287 1.9959 
1.05224 0.39662 -0.0759326 1.99762 
1.04566 0.399524 -0.129272 1.99028 
1.04613 0.392796 -0.136838 1.99144 
1.04934 0.387766 -0.132858 1.99628 
1.04678 0.389464 -0.132083 1.99047 
1.06836 0.334277 -0.117473 2.02561 
1.06498 0.342528 -0.121794 2.02008 
1.06648 0.330836 -0.123592 2.02337 
1.06713 0.337115 -0.124325 2.02439 
1.06752 0.345922 -0.114948 2.02377 
1.06586 0.347018 -0.12205 2.02157 
1.06939 0.338421 -0.117629 2.02712 
1.06745 0.344231 -0.115599 2.02376 
1.07102 0.338781 -0.102532 2.02859 
1.06854 0.343508 -0.108637 2.02482 
1.07039 0.336099 -0.111344 2.02804 
1.07016 0.341493 -0.10957 2.02834 
1.06668 0.364418 -0.09109 2.02397 
1.06847 0.362202 -0.0836981 2.02685 
1.06414 0.37332 -0.0875902 2.02011 
1.06655 0.364461 -0.0897022 2.02334 
1.06629 0.353333 -0.108285 2.02176 
1.06613 0.358367 -0.100961 2.0217 
1.06341 0.362358 -0.107536 2.0172 
1.06555 0.361332 -0.106234 2.02209 
1.07048 0.346377 -0.0950737 2.02819 
1.06945 0.353218 -0.0865987 2.02666 
1.06769 0.355254 -0.0943058 2.02379 
1.06941 0.354804 -0.0921589 2.02778 
1.0752 0.34182 -0.0730437 2.03636 
1.07176 0.350499 -0.0782231 2.03082 
1.07523 0.339885 -0.0805065 2.03662 
1.07457 0.344096 -0.0804507 2.03607 
1.06469 0.367336 -0.0977222 2.0207 
1.06209 0.376344 -0.0937687 2.01674 
1.06202 0.371065 -0.104358 2.01614 
1.0628 0.368963 -0.0973122 2.0165 
1.06321 0.38092 -0.0298183 2.01612 
1.06038 0.387537 -0.0375761 2.01174 
1.06381 0.378407 -0.0391139 2.0172 
1.06266 0.382402 -0.0386003 2.01562 
1.06181 0.384115 -0.0122724 2.01323 
1.06303 0.380492 -0.0207579 2.01522 
1.06428 0.377896 -0.0150042 2.01729 
1.06325 0.381472 -0.0139762 2.01598 
1.05877 0.391488 -0.0258746 2.00864 
1.05886 0.38982 -0.0358773 2.00867 
1.0616 0.383604 -0.0286785 2.01299 
1.05977 0.388819 -0.0272054 2.01025 
1.08201 0.325505 -0.0349318 2.0465 
1.082 0.32625 -0.02509 2.04639 
1.07894 0.337372 -0.0270566 2.0418 
1.08103 0.326705 -0.0261156 2.04407 
1.08213 0.322806 -0.0609192 2.04746 
1.08298 0.322007 -0.0483567 2.04857 
1.08005 0.331482 -0.051828 2.044 
1.08149 0.320502 -0.0527461 2.04458 
1.08366 0.311067 -0.0621149 2.04818 
1.08639 0.301901 -0.0563709 2.05238 
1.08448 0.310935 -0.0492435 2.04939 
1.08529 0.313581 -0.0557575 2.05268 
1.09315 0.286916 -0.0173456 2.06453 
1.09747 0.270949 -0.0152035 2.07209 
1.09478 0.277907 0.00405756 2.06664 
1.09555 0.271472 -0.0126109 2.06721 
1.05065 0.408256 -0.0642544 1.99703 
1.05469 0.400605 -0.0589924 2.00371 
1.05115 0.408801 -0.0536257 1.99766 
1.05184 0.404138 -0.0565969 1.99786 
1.0522 0.400638 -0.0666947 1.9982 
1.05563 0.39054 -0.0693213 2.0032 
1.05653 0.391198 -0.0612699 2.00496 
1.05528 0.39696 -0.0683291 2.00456 
1.04145 0.424013 -0.0703586 1.98118 
1.04631 0.414589 -0.0693491 1.9892 
1.044 0.420609 -0.0639202 1.98544 
1.04378 0.41979 -0.0655763 1.98482 
1.04633 0.409396 -0.083198 1.98861 
1.04983 0.401932 -0.0853867 1.99455 
1.04837 0.405889 -0.0742456 1.99139 
1.04824 0.408045 -0.0803619 1.99257 
1.05458 0.392479 -0.0865479 2.00295 
1.059 0.38229 -0.0862305 2.01021 
1.057 0.389204 -0.0784177 2.00691 
1.05695 0.390923 -0.0823459 2.00791 
1.05581 0.355886 -0.137787 2.00483 
1.05299 0.360829 -0.144128 2.00155 
1.0555 0.355234 -0.141515 2.00566 
1.05485 0.359941 -0.140856 2.00544 
1.05953 0.373039 -0.110312 2.01155 
1.05657 0.382243 -0.108295 2.00701 
1.05726 0.375463 -0.117318 2.00793 
1.05767 0.373887 -0.112137 2.00741 
1.06564 0.354281 -0.111506 2.02112 
1.06265 0.363325 -0.110676 2.0163 
1.06387 0.355871 -0.118439 2.01859 
1.06411 0.355053 -0.114461 2.01788 
1.06034 0.376968 -0.095186 2.01273 
1.05718 0.380805 -0.103937 2.00731 
1.0601 0.371762 -0.105886 2.01174 
1.05946 0.379801 -0.102554 2.01252 
1.04991 0.377489 -0.1356 1.99568 
1.04664 0.381845 -0.139988 1.99045 
1.04957 0.370605 -0.142951 1.99546 
1.04901 0.37989 -0.14091 1.99575 
1.05244 0.387987 -0.122234 2.00106 
1.05253 0.382868 -0.129483 2.00128 
1.05552 0.378761 -0.124676 2.00602 
1.05328 0.380189 -0.124785 2.00098 
1.05018 0.389782 -0.120922 1.99596 
1.04643 0.396015 -0.124761 1.98986 
1.05009 0.384673 -0.128614 1.99575 
1.04937 0.393749 -0.126287 1.99646 
1.06304 0.366523 0.0234024 2.01371 
1.06328 0.366507 0.0231919 2.01415 
1.06313 0.36566 0.0237868 2.0138 
1.06316 0.366447 0.0233296 2.01398 
1.06257 0.367325 0.0230859 2.01292 
1.06274 0.366806 0.0231928 2.01317 
1.0626 0.366551 0.023448 2.01287 
1.06267 0.367034 0.0234183 2.01308 
1.06273 0.368086 0.0230588 2.01327 
1.063 0.368715 0.0227414 2.01382 
1.0629 0.367509 0.0231419 2.01352 
1.06285 0.367938 0.022786 2.0135 
1.08124 0.309686 -0.105803 2.04818 
1.07857 0.321278 -0.105294 2.04352 
1.07776 0.316981 -0.110767 2.04253 
1.07861 0.31294 -0.104535 2.04225 
1.07012 0.364008 -0.0093519 2.02733 
1.06831 0.368564 -0.00434415 2.0242 
1.06736 0.370432 -0.0098937 2.02243 
1.06852 0.366904 -0.00975728 2.02421 
1.07378 0.317102 -0.112952 2.03467 
1.07119 0.327073 -0.11404 2.0303 
1.07164 0.315242 -0.117925 2.03165 
1.07255 0.318411 -0.11792 2.03252 
1.07626 0.296444 -0.118576 2.03958 
1.07491 0.309145 -0.116478 2.03663 
1.073 0.306517 -0.121293 2.03414 
1.07394 0.303599 -0.116013 2.03508 
1.0762 0.3223 -0.106985 2.03799 
1.07274 0.327868 -0.113174 2.03258 
1.07526 0.318145 -0.112378 2.03672 
1.07516 0.326663 -0.111818 2.03819 
1.08129 0.313147 -0.0915937 2.04609 
1.07881 0.317475 -0.0989294 2.04214 
1.08165 0.305333 -0.0983371 2.04665 
1.08093 0.316405 -0.097618 2.0471 
1.07601 0.328078 -0.0885373 2.03613 
1.07374 0.333261 -0.0947634 2.03273 
1.07606 0.325039 -0.0970945 2.03674 
1.0755 0.331176 -0.0956926 2.03662 
1.06267 0.366282 0.0237231 2.01297 
1.06286 0.366533 0.0234936 2.01339 
1.0629 0.365714 0.0238361 2.01334 
1.06281 0.366014 0.0235469 2.0132 
1.08268 0.276599 -0.109112 2.05023 
1.08193 0.291501 -0.107215 2.04778 
1.07981 0.286957 -0.113842 2.04565 
1.0805 0.284406 -0.106595 2.04596 
1.06322 0.365193 0.0237912 2.01385 
1.06362 0.365375 0.023417 2.01468 
1.06346 0.364532 0.0238526 2.01421 
1.06348 0.364958 0.0235692 2.01439 
1.08507 0.262221 -0.104919 2.05336 
1.08863 0.247608 -0.100829 2.05936 
1.08849 0.266098 -0.0979137 2.05808 
1.08675 0.259657 -0.097534 2.05634 
1.06575 0.371996 0.0111857 2.01918 
1.06616 0.371533 0.00764565 2.01994 
1.06671 0.368517 0.0102191 2.0205 
1.06632 0.371997 0.0089575 2.02058 
1.06403 0.376613 0.0147181 2.01648 
1.06476 0.374389 0.0128611 2.01756 
1.06463 0.374371 0.0147781 2.01739 
1.06455 0.375656 0.0148315 2.01752 
1.06433 0.378049 0.00920959 2.01748 
1.06542 0.375056 0.00672437 2.0192 
1.06519 0.375317 0.0102704 2.01881 
1.06494 0.375538 0.00977765 2.0182 
1.06682 0.362596 0.019721 2.02034 
1.06713 0.359929 0.0206115 2.02064 
1.06658 0.361321 0.0208456 2.01975 
1.06675 0.360555 0.0199388 2.01986 
1.06665 0.366091 0.0164355 2.02025 
1.06682 0.364887 0.0180011 2.0206 
1.06641 0.366044 0.017664 2.01986 
1.06661 0.36589 0.0170474 2.02029 
1.06759 0.36056 0.0179482 2.02142 
1.06736 0.359092 0.0196036 2.02084 
1.067 0.361885 0.018786 2.02046 
1.0674 0.361443 0.0190989 2.02134 
1.06906 0.352189 0.0223735 2.02357 
1.06864 0.353229 0.0226915 2.02288 
1.0687 0.354465 0.021453 2.02312 
1.06872 0.352523 0.0219159 2.02281 
1.06617 0.358893 0.0230063 2.0188 
1.06582 0.358987 0.0238757 2.01814 
1.06574 0.359998 0.0231266 2.01813 
1.06591 0.359389 0.0236801 2.01837 
1.06535 0.361017 0.0232093 2.01751 
1.06504 0.361001 0.0238045 2.01691 
1.065 0.362148 0.0229266 2.01697 
1.06516 0.361336 0.0236591 2.01716 
1.0651 0.360406 0.0242435 2.01687 
1.06553 0.360431 0.0237411 2.01779 
1.06549 0.359431 0.0243205 2.01751 
1.06544 0.359994 0.0239056 2.01755 
1.06473 0.361343 0.0240689 2.01624 
1.06443 0.362186 0.0240588 2.01579 
1.06482 0.362486 0.0234442 2.01665 
1.06469 0.36182 0.0236835 2.01631 
1.09826 0.20056 -0.0903059 2.07581 
1.09764 0.228836 -0.0841229 2.07256 
1.09267 0.227032 -0.0962398 2.06596 
1.09548 0.223288 -0.0848748 2.07143 
1.06589 0.360436 0.0229006 2.01836 
1.06624 0.36101 0.0218724 2.01908 
1.06632 0.359358 0.0227532 2.01905 
1.06612 0.359956 0.0221608 2.01871 
1.10821 0.169599 -0.0546595 2.08885 
1.10419 0.163635 -0.081252 2.0864 
1.11132 0.109378 -0.0629407 2.09956 
1.10653 0.157113 -0.0523113 2.08928 
1.10162 0.238709 -0.0413423 2.07712 
1.10055 0.233991 -0.0651194 2.07601 
1.10467 0.216392 -0.0511456 2.08256 
1.10273 0.23826 -0.0466858 2.08134 
1.09021 0.296162 -0.0486895 2.06056 
1.09312 0.281182 -0.0502216 2.06471 
1.09189 0.289299 -0.0334213 2.06237 
1.09194 0.288338 -0.0501251 2.06306 
1.08641 0.313923 -0.041669 2.05479 
1.08884 0.304345 -0.0489257 2.05894 
1.09033 0.301157 -0.0354211 2.06128 
1.08818 0.30186 -0.038661 2.05606 
1.08418 0.311545 -0.0658515 2.0501 
1.08676 0.302796 -0.0729105 2.0553 
1.08722 0.303085 -0.0606438 2.05532 
1.08609 0.302221 -0.0682182 2.05268 
1.08931 0.291701 -0.0789753 2.06013 
1.09069 0.280676 -0.0836792 2.06246 
1.0929 0.28129 -0.0689496 2.06596 
1.0908 0.281166 -0.0810911 2.0615 
1.09121 0.26425 -0.0876287 2.06315 
1.09073 0.244508 -0.0918134 2.06321 
1.09577 0.247498 -0.0790588 2.07055 
1.09271 0.249599 -0.0916165 2.06465 
1.09462 0.269152 -0.0713655 2.06766 
1.09198 0.267885 -0.0866253 2.06313 
1.09637 0.252146 -0.0778895 2.07006 
1.0947 0.267994 -0.0743786 2.069 
1.0873 0.291819 -0.0884558 2.05583 
1.08471 0.292786 -0.0990656 2.05162 
1.08826 0.281034 -0.0933146 2.05728 
1.08704 0.292278 -0.0910548 2.05661 
1.06569 0.362477 0.0215763 2.01817 
1.06607 0.361611 0.0212551 2.01881 
1.06573 0.360958 0.0223661 2.0181 
1.06586 0.362008 0.0220224 2.01845 
1.06674 0.355857 0.024379 2.01939 
1.06729 0.355517 0.02359 2.0205 
1.06722 0.354479 0.0244057 2.02015 
1.06718 0.355327 0.0238455 2.02031 
1.09979 0.24445 -0.00954806 2.07247 
1.10225 0.226331 0.0171971 2.07609 
1.09609 0.259176 0.0103401 2.06603 
1.09955 0.256234 0.00944397 2.07431 
1.09484 0.272893 -0.0519354 2.06726 
1.09734 0.265862 -0.0371018 2.07136 
1.09342 0.282841 -0.0340513 2.06474 
1.09535 0.276431 -0.035019 2.06857 
1.10781 0.222725 -0.0245104 2.09054 
1.10688 0.224429 0.011944 2.0877 
1.10285 0.245447 -0.0177291 2.08079 
1.10605 0.217311 -0.00870731 2.08417 
1.10069 0.196688 -0.0728202 2.07993 
1.10521 0.201179 -0.0471979 2.08422 
1.10049 0.227039 -0.0653801 2.07737 
1.10285 0.202506 -0.071874 2.08044 
1.11035 0.104643 -0.00526034 2.09293 
1.10741 0.156726 0.0315619 2.08073 
1.10864 0.168339 -0.0123761 2.08677 
1.11076 0.155882 -0.0157864 2.09148 
1.06948 0.351818 0.0201025 2.02412 
1.06918 0.351358 0.0214267 2.02354 
1.06882 0.353475 0.0203016 2.02302 
1.06926 0.352777 0.0210906 2.02395 
1.07236 0.34514 0.0203022 2.02907 
1.07195 0.344309 0.0225639 2.02819 
1.07169 0.346164 0.0209884 2.02789 
1.07205 0.345906 0.0212899 2.02872 
1.0705 0.345364 0.0248065 2.02535 
1.06992 0.346892 0.0246813 2.02439 
1.0706 0.34609 0.0239922 2.02572 
1.07048 0.346324 0.0242442 2.02561 
1.06769 0.353938 0.0239003 2.02113 
1.06759 0.355011 0.0228295 2.02105 
1.06805 0.35364 0.0227937 2.02177 
1.06779 0.354141 0.0236191 2.02132 
1.06347 0.379535 0.0115267 2.01583 
1.06356 0.379199 0.0141812 2.01605 
1.06282 0.381192 0.0139893 2.01479 
1.06332 0.380324 0.0140429 2.01576 
1.06593 0.362811 0.0210587 2.01875 
1.06554 0.363678 0.0214063 2.01812 
1.06544 0.365035 0.0207035 2.01803 
1.06556 0.363065 0.021018 2.01791 
1.06635 0.363213 0.0193057 2.01933 
1.06611 0.361933 0.0203592 2.01874 
1.06564 0.364353 0.0201026 2.01812 
1.06614 0.364028 0.0199657 2.01926 
1.0683 0.356857 0.0200141 2.02252 
1.06773 0.358423 0.02035 2.02159 
1.06797 0.359739 0.0188542 2.02216 
1.06789 0.357615 0.0191668 2.02169 
1.06727 0.356609 0.0225862 2.02051 
1.06678 0.35798 0.0226388 2.01973 
1.06724 0.358187 0.0215309 2.02062 
1.0671 0.357514 0.0218208 2.02033 
1.06635 0.358179 0.0236514 2.01903 
1.06629 0.357159 0.0243615 2.01872 
1.06587 0.358331 0.0243281 2.01806 
1.06624 0.357864 0.0238705 2.01881 
1.06702 0.359066 0.0208516 2.02033 
1.06658 0.358842 0.0219479 2.01947 
1.06649 0.36049 0.0210514 2.01949 
1.06671 0.359657 0.0217228 2.01978 
1.0671 0.356345 0.0228893 2.02026 
1.06669 0.356655 0.0238612 2.01953 
1.06661 0.357691 0.0229245 2.01949 
1.0668 0.356869 0.0236299 2.01972 
1.06415 0.363858 0.0235268 2.01553 
1.06408 0.362941 0.0240544 2.01522 
1.06376 0.363795 0.0239925 2.01471 
1.06404 0.363452 0.0236847 2.01529 
1.06517 0.365237 0.0209167 2.01742 
1.06491 0.363924 0.0221665 2.01686 
1.06471 0.365635 0.0216953 2.01662 
1.06498 0.365493 0.021517 2.01724 
1.06548 0.362845 0.0222716 2.0178 
1.06547 0.361358 0.0230596 2.01765 
1.06513 0.362732 0.0228337 2.01715 
1.06537 0.362431 0.0223585 2.01762 
1.07151 0.348218 0.0196718 2.02787 
1.07132 0.350173 0.0176301 2.02768 
1.07214 0.34726 0.018896 2.02898 
1.07166 0.347719 0.0191875 2.02791 
1.07299 0.34281 0.0234243 2.03019 
1.07225 0.344082 0.0232917 2.02887 
1.07275 0.344846 0.0209905 2.02997 
1.07261 0.343112 0.0223903 2.0293 
1.07003 0.349653 0.0220119 2.02509 
1.06955 0.350768 0.0221184 2.02431 
1.0699 0.351232 0.0207044 2.025 
1.0698 0.350155 0.0212691 2.02465 
1.07085 0.34847 0.0203029 2.02654 
1.0703 0.349139 0.02124 2.02558 
1.07015 0.350734 0.0199272 2.02545 
1.07041 0.349074 0.0209794 2.02565 
1.07055 0.347095 0.0231366 2.02589 
1.07 0.347961 0.023963 2.02492 
1.07024 0.348271 0.0224756 2.02542 
1.07026 0.347286 0.0232542 2.02522 
1.06883 0.356724 0.0174399 2.02339 
1.06849 0.356089 0.0188887 2.02272 
1.06815 0.35885 0.0174926 2.02229 
1.06861 0.357586 0.0186898 2.02315 
1.07108 0.348639 0.0199853 2.02694 
1.07036 0.350996 0.01965 2.02583 
1.07089 0.35069 0.0182205 2.02677 
1.07075 0.350263 0.0185882 2.02654 
1.07103 0.347169 0.0210156 2.02668 
1.0708 0.34653 0.0224889 2.02618 
1.07048 0.34789 0.0219042 2.02572 
1.07078 0.347704 0.0216913 2.02641 
1.06888 0.35026 0.0245924 2.02289 
1.0693 0.350268 0.0236585 2.02379 
1.06938 0.348847 0.0246132 2.02368 
1.06922 0.34956 0.0239563 2.0235 
1.06825 0.353578 0.0223121 2.02201 
1.06779 0.354999 0.0223768 2.0213 
1.06833 0.354821 0.0210286 2.02228 
1.06814 0.354717 0.0215062 2.02207 
1.06877 0.350885 0.0239894 2.02281 
1.0686 0.352126 0.0230043 2.02265 
1.06904 0.350965 0.0227462 2.02334 
1.06883 0.351622 0.0236392 2.02307 
1.06834 0.351569 0.0245654 2.02198 
1.06778 0.353119 0.0245344 2.02111 
1.06829 0.352732 0.0236655 2.02211 
1.06821 0.352447 0.0239174 2.02193 
1.10191 0.149017 0.176347 2.0827 
1.10618 0.18994 0.0884325 2.08418 
1.10731 0.08746 0.144409 2.09288 
1.10585 0.102028 0.0969156 2.07962 
1.08528 0.308448 0.0273526 2.05058 
1.08615 0.309692 0.00935068 2.05245 
1.08991 0.295422 0.0192696 2.05865 
1.08732 0.298799 0.0153244 2.05289 
1.08734 0.282278 0.0530339 2.0508 
1.08485 0.299596 0.0334305 2.04749 
1.09081 0.277613 0.0276604 2.05703 
1.08758 0.293812 0.0448166 2.05341 
1.07772 0.330118 0.0290511 2.0379 
1.0796 0.328416 0.019535 2.04154 
1.08116 0.321157 0.0288371 2.04384 
1.07957 0.323825 0.0232345 2.04043 
1.09986 0.257706 -0.0378634 2.0765 
1.09653 0.270512 -0.0550866 2.07177 
1.09894 0.253232 -0.0608495 2.07551 
1.09848 0.255124 -0.0578539 2.07346 
1.11591 0.0334587 0.0316805 2.11263 
1.10818 0.165265 0.044045 2.08461 
1.11926 0.0823995 -0.00617699 2.11882 
1.11198 0.114195 0.071557 2.09818 
1.05852 0.0285343 0.292374 2.00603 
1.09039 0.0980718 0.187929 2.05092 
1.10624 -0.0296067 0.164927 2.10068 
1.07708 0.0523878 0.267969 2.04873 
1.06309 0.322841 0.124777 2.00789 
1.06569 0.338556 0.0810114 2.01398 
1.07649 0.300456 0.0968898 2.03157 
1.06821 0.338469 0.0996851 2.02233 
1.06951 0.34951 0.0227959 2.02401 
1.06995 0.348458 0.0226552 2.02475 
1.06974 0.348132 0.0240374 2.02433 
1.0698 0.349133 0.0234679 2.02464 
1.06674 0.365918 0.0327506 2.02307 
1.06261 0.366457 0.0539254 2.01379 
1.05953 0.394132 0.0406363 2.01614 
1.06103 0.374108 0.0505047 2.0125 
1.0717 0.339676 0.0390061 2.02662 
1.0732 0.331008 0.0496194 2.02807 
1.06959 0.342041 0.0551391 2.02292 
1.07165 0.34375 0.0511425 2.0284 
1.07096 0.346473 0.0270894 2.02685 
1.07087 0.345474 0.0312631 2.0263 
1.06972 0.35157 0.0287167 2.02546 
1.07023 0.348514 0.030719 2.02577 
1.07118 0.345122 0.0279792 2.02699 
1.07181 0.343619 0.0279185 2.02802 
1.07149 0.344811 0.0312852 2.02766 
1.07151 0.343593 0.0283621 2.02726 
1.08602 0.312959 -0.00599973 2.05284 
1.08512 0.316019 -0.0185236 2.05142 
1.08885 0.3039 -0.018172 2.05775 
1.08656 0.30547 -0.016409 2.05228 
1.09134 0.283092 0.00136239 2.0591 
1.08717 0.301071 -0.00331334 2.0527 
1.09047 0.288586 -0.0156457 2.05805 
1.08978 0.297518 -0.00201397 2.05845 
1.09136 0.273875 0.0690791 2.06007 
1.09472 0.273355 0.0310939 2.06607 
1.10024 0.24815 0.049374 2.07596 
1.09624 0.25344 0.0432212 2.06655 
1.08243 0.302328 0.0720706 2.04468 
1.07799 0.320832 0.0551308 2.03734 
1.08215 0.310949 0.0446211 2.0442 
1.08096 0.311744 0.0481922 2.04184 
1.07887 0.329824 0.00791412 2.03957 
1.07673 0.337066 0.00658464 2.0362 
1.07798 0.33337 -0.00139856 2.03807 
1.07801 0.336505 0.0032141 2.03926 
1.0831 0.312558 0.0201727 2.046 
1.08086 0.322208 0.0129881 2.04268 
1.08388 0.312251 0.00704386 2.04737 
1.08265 0.319971 0.0157893 2.0466 
1.07421 0.343297 0.0182027 2.03257 
1.07316 0.345672 0.0186437 2.03079 
1.07318 0.347434 0.0154782 2.03103 
1.07342 0.343819 0.017196 2.03073 
1.0766 0.332384 0.02359 2.03561 
1.07582 0.336616 0.0187423 2.0346 
1.07818 0.330307 0.0163593 2.03845 
1.07682 0.335384 0.0209837 2.03679 
1.07523 0.337067 0.0273525 2.03386 
1.07382 0.340666 0.0249031 2.0315 
1.07487 0.339953 0.0217746 2.0335 
1.07458 0.33828 0.023232 2.03251 
1.01762 0.327085 0.358176 1.97155 
1.07579 0.220203 0.275506 2.05486 
1.0111 0.227415 0.415126 1.99158 
1.04425 0.224075 0.300705 1.98329 
0.740676 0.393163 0.343016 1.41743 
0.937347 0.369615 0.364017 1.80206 
0.854547 0.304694 0.419921 1.6443 
0.877636 0.370645 0.398063 1.71983 
1.06995 0.324645 0.166712 2.03284 
1.08343 0.29767 0.112356 2.05019 
1.08249 0.268555 0.175406 2.05246 
1.0799 0.268619 0.140602 2.03818 
1.07292 0.340168 0.0310061 2.02951 
1.07338 0.339517 0.0261206 2.03019 
1.07457 0.336033 0.0290067 2.03208 
1.07377 0.33911 0.0304391 2.03117 
1.08797 0.245898 0.0854244 2.04689 
1.09921 0.199523 0.0707902 2.06632 
1.09336 0.168759 0.122978 2.05373 
1.0948 0.238713 0.0936293 2.0637 
1.07448 0.33144 0.056036 2.03177 
1.07781 0.317274 0.074544 2.03737 
1.06926 0.344966 0.0688573 2.02402 
1.07339 0.321789 0.070456 2.02715 
1.07702 0.326714 0.0401454 2.03581 
1.07659 0.329641 0.0309686 2.0351 
1.08024 0.316503 0.0326755 2.04041 
1.07775 0.326915 0.0384485 2.03751 
1.07198 0.343135 0.026107 2.02828 
1.07165 0.34315 0.0254211 2.02752 
1.07183 0.343655 0.0245771 2.028 
1.07182 0.342983 0.0252871 2.0278 
1.06782 0.356072 0.037305 2.02247 
1.07051 0.348558 0.0395308 2.02672 
1.06704 0.359233 0.0559525 2.02251 
1.06861 0.352225 0.0382788 2.0231 
1.05896 0.372823 0.0795967 2.00901 
1.05088 0.376565 0.125465 1.99616 
1.04506 0.410999 0.0791124 1.98998 
1.05295 0.372693 0.0859747 1.99446 
0.716397 0.578193 0.164256 1.40787 
0.383153 0.477433 0.195792 0.817176 
0.628789 0.574903 0.123522 1.24267 
0.553383 0.580599 0.13808 1.12704 
0.861632 0.562775 0.251997 1.70033 
0.930464 0.462794 0.320562 1.8149 
0.829479 0.479628 0.289105 1.62068 
0.860417 0.497346 0.298706 1.66969 
0.964303 0.433812 0.145941 1.84348 
0.981588 0.45233 0.196576 1.88117 
0.927046 0.509016 0.199664 1.7877 
0.96671 0.489555 0.185347 1.86596 
0.967096 0.413553 0.0140735 1.83376 
0.960327 0.422656 0.0601103 1.82883 
0.94474 0.465442 0.0438146 1.80539 
0.960391 0.42416 0.0524612 1.82479 
0.976936 0.385606 0.0137882 1.8479 
0.996544 0.319909 0.0275178 1.87928 
0.974264 0.373828 0.0720052 1.84432 
0.982835 0.374073 0.0223118 1.86149 
1.03501 0.40956 0.0910892 1.96562 
1.04031 0.366131 0.148476 1.96971 
1.01578 0.411889 0.15931 1.93002 
1.03111 0.414777 0.141371 1.96584 
1.05657 0.313708 0.187842 1.99978 
1.06928 0.224779 0.222867 2.02029 
1.02465 0.316012 0.270439 1.94539 
1.05164 0.313253 0.25077 2.00644 
0.915795 0.538331 0.230923 1.78785 
0.987901 0.453072 0.212785 1.8946 
0.966948 0.439782 0.268066 1.85818 
0.96944 0.477685 0.262972 1.88008 
0.796597 0.589742 -0.0265017 1.55723 
0.817089 0.58458 0.025601 1.59541 
0.775955 0.59031 0.0026759 1.51618 
0.786928 0.580242 -0.00195907 1.52903 
0.925724 0.490433 0.0826296 1.77901 
0.944236 0.456264 0.123769 1.81026 
0.903663 0.514583 0.176649 1.74702 
0.920282 0.474133 0.112513 1.76197 
0.748136 0.560535 -0.118773 1.45477 
0.686344 0.565861 -0.0991028 1.34007 
0.725554 0.541589 -0.137534 1.40493 
0.735641 0.561209 -0.125701 1.43655 
0.709299 0.595118 -0.0108717 1.39526 
0.651122 0.585291 0.0155853 1.28242 
0.667379 0.577223 -0.0452541 1.30796 
0.695696 0.596652 -0.0180175 1.37444 
0.750554 0.578313 -0.101144 1.46919 
0.735486 0.602152 -0.0432835 1.45275 
0.705725 0.585344 -0.0822674 1.38959 
0.715901 0.581355 -0.0782435 1.40214 
0.863766 0.560531 0.0846981 1.68191 
0.907286 0.50371 0.0713257 1.74291 
0.864677 0.541266 0.140751 1.67427 
0.888763 0.543391 0.106576 1.72703 
0.763464 0.57818 0.0327481 1.48113 
0.816801 0.568937 0.054738 1.58362 
0.798469 0.561366 0.0995018 1.54309 
0.803697 0.57823 0.0657673 1.56475 
0.811404 0.586351 -0.0562839 1.58464 
0.829131 0.576836 -0.0876571 1.61572 
0.844166 0.571459 -0.0607 1.6357 
0.831366 0.580598 -0.0680275 1.62066 
0.931326 0.512029 -0.0443747 1.78287 
0.930376 0.508613 -0.0532003 1.77991 
0.933898 0.499123 -0.0452475 1.78431 
0.932991 0.509533 -0.0453078 1.7861 
0.931236 0.510508 -0.016495 1.78344 
0.931875 0.514985 -0.033929 1.78548 
0.936003 0.502002 -0.0323874 1.7904 
0.932709 0.505268 -0.0316225 1.7841 
0.92354 0.536859 -0.0401893 1.77359 
0.923385 0.543607 -0.0467641 1.77433 
0.92541 0.534289 -0.0465778 1.77612 
0.923266 0.534662 -0.0444693 1.77134 
0.752408 0.607802 0.0347329 1.48874 
0.785789 0.599336 0.109054 1.55358 
0.718195 0.602693 0.0624311 1.42313 
0.732784 0.595685 0.0604833 1.44109 
0.94471 0.480575 -0.00545745 1.80455 
0.935026 0.49276 0.023606 1.79067 
0.931304 0.505559 -0.00339915 1.78407 
0.935397 0.482991 0.00433984 1.78391 
0.938545 0.488612 -0.0311732 1.791 
0.942978 0.47557 -0.0177726 1.79685 
0.933411 0.499379 -0.0136491 1.7843 
0.94092 0.496398 -0.0182406 1.80062 
0.97218 0.394244 -0.0342844 1.8383 
0.961282 0.394709 -0.0701193 1.81411 
0.976253 0.343287 -0.053255 1.83304 
0.975371 0.381487 -0.0405226 1.84235 
0.945418 0.463772 -0.0485622 1.7998 
0.949737 0.445784 -0.0496175 1.80364 
0.949891 0.458846 -0.028995 1.80731 
0.948517 0.462157 -0.0470661 1.80635 
0.939913 0.468208 -0.0618334 1.78987 
0.933852 0.469315 -0.0726236 1.77818 
0.942503 0.451847 -0.0661925 1.79043 
0.939884 0.465453 -0.0633491 1.7899 
1.01821 0.42249 0.21955 1.95442 
1.047 0.370995 0.201669 1.99917 
1.01458 0.388859 0.284209 1.95274 
1.02652 0.375822 0.214354 1.95299 
0.984934 0.42175 0.113931 1.8844 
1.01818 0.395138 0.0869129 1.9422 
1.00507 0.442275 0.151899 1.92442 
0.999165 0.401807 0.118303 1.9016 
0.951594 0.456278 -4.67448e-05 1.81072 
0.961936 0.4264 0.0111543 1.82512 
0.943431 0.46012 0.0335863 1.79621 
0.95402 0.455234 0.00725597 1.81798 
0.952958 0.45616 -0.0269564 1.81373 
0.953358 0.437636 -0.0517578 1.80893 
0.961305 0.427767 -0.0276229 1.82341 
0.957154 0.433411 -0.0284324 1.81555 
0.964931 0.409526 -0.030585 1.82638 
0.953898 0.432257 -0.0558472 1.80979 
0.959523 0.415105 -0.0645109 1.81741 
0.958941 0.420621 -0.0602914 1.81729 
1.06887 0.351115 0.00904312 2.0234 
1.06825 0.351839 0.00913401 2.02227 
1.06826 0.34812 0.00673847 2.02177 
1.06858 0.351587 0.00848679 2.02303 
1.06767 0.353152 0.0092057 2.02129 
1.067 0.354021 0.00964877 2.02009 
1.06694 0.351992 0.00794232 2.01968 
1.06725 0.353641 0.00881927 2.02058 
1.06829 0.349227 0.00597932 2.02222 
1.06807 0.352646 0.00832083 2.02213 
1.06757 0.351339 0.00712879 2.02105 
1.06769 0.350282 0.00770158 2.02102 
1.06915 0.353313 0.0103544 2.02413 
1.06916 0.355048 0.0124617 2.02411 
1.06853 0.35424 0.0105163 2.02306 
1.06887 0.353625 0.0112242 2.02355 
1.07157 0.353992 0.0205491 2.02835 
1.07286 0.351258 0.0218245 2.03065 
1.07158 0.356166 0.0240347 2.02888 
1.07182 0.352022 0.0222181 2.02828 
1.07277 0.345204 0.0112941 2.02962 
1.07288 0.346397 0.0140324 2.02982 
1.07179 0.348602 0.012458 2.02807 
1.07261 0.347935 0.0131117 2.02995 
1.07395 0.34431 0.0118092 2.0323 
1.07568 0.340792 0.0140474 2.03515 
1.07406 0.345452 0.0148675 2.03252 
1.07429 0.342064 0.0126103 2.03206 
1.0664 0.361 0.0136937 2.0196 
1.06576 0.360427 0.0127676 2.01843 
1.06619 0.3596 0.0123243 2.01919 
1.06606 0.360075 0.0131434 2.019 
1.06729 0.358814 0.0131531 2.02119 
1.06679 0.360516 0.0141306 2.02034 
1.0666 0.359154 0.0127243 2.01999 
1.06688 0.359197 0.0129669 2.02027 
0.999721 0.495275 0.0695737 1.91012 
0.999751 0.495276 0.0697475 1.9102 
0.999596 0.49546 0.0698769 1.90994 
0.999674 0.495403 0.0696846 1.91008 
0.87042 0.524454 0.136759 1.67115 
0.834334 0.53277 0.138346 1.60062 
0.863173 0.509897 0.121423 1.6479 
0.865275 0.523714 0.132268 1.66173 
0.908495 0.474977 0.0954349 1.72937 
0.889139 0.517142 0.12634 1.70765 
0.886663 0.499913 0.107295 1.69332 
0.891673 0.483934 0.110681 1.69691 
0.893076 0.497618 0.174141 1.7084 
0.894863 0.515503 0.197093 1.71974 
0.874203 0.533956 0.180995 1.68336 
0.893037 0.526123 0.191833 1.72266 
0.818023 0.585196 0.242625 1.60228 
0.828804 0.582154 0.226695 1.61843 
0.835209 0.582468 0.239625 1.63294 
0.831197 0.58529 0.237716 1.62774 
0.806608 0.576489 0.203747 1.57591 
0.798131 0.57246 0.188034 1.55928 
0.835623 0.563207 0.186835 1.62289 
0.806239 0.570481 0.190625 1.56821 
0.839044 0.554683 0.176631 1.62316 
0.793634 0.565917 0.182219 1.54435 
0.814619 0.553175 0.16621 1.57616 
0.822069 0.562664 0.175463 1.59965 
0.81362 0.583723 0.238477 1.59308 
0.808762 0.579741 0.22077 1.58062 
0.824694 0.579852 0.220918 1.60958 
0.812514 0.580086 0.225316 1.58607 
0.79876 0.581636 0.245443 1.56386 
0.774063 0.577745 0.25013 1.51806 
0.791043 0.578893 0.227825 1.54632 
0.792645 0.581086 0.241467 1.55441 
0.782833 0.576281 0.212754 1.53067 
0.744746 0.574465 0.222182 1.46418 
0.76845 0.571528 0.200714 1.50264 
0.773894 0.577214 0.21024 1.51988 
0.915877 0.497885 0.323975 1.77504 
0.933476 0.488972 0.309779 1.80387 
0.939511 0.476152 0.322257 1.8152 
0.931096 0.491229 0.319314 1.80348 
0.998893 0.496498 0.0704652 1.90883 
0.998785 0.497008 0.0695871 1.90876 
0.999256 0.49603 0.0699851 1.90942 
0.999009 0.496423 0.0702502 1.90905 
0.999771 0.495326 0.0707636 1.91035 
0.999306 0.495848 0.0710424 1.90952 
0.999438 0.495715 0.070282 1.90972 
0.999459 0.49574 0.0706069 1.9098 
1.00388 0.488723 0.0773137 1.91739 
1.00408 0.489579 0.0738865 1.918 
1.00618 0.486248 0.0752638 1.9215 
1.00469 0.486988 0.0756451 1.91834 
1.00017 0.49389 0.0743048 1.91085 
1.00053 0.490622 0.0767502 1.9103 
0.999764 0.496007 0.0772043 1.91116 
1.00013 0.493542 0.0772644 1.91082 
1.00045 0.492572 0.0741981 1.91086 
1.00196 0.490637 0.0742218 1.91349 
1.00126 0.490139 0.0760609 1.91174 
1.00134 0.491812 0.0746135 1.91262 
0.998893 0.496697 0.0719727 1.90903 
0.999249 0.495736 0.0732241 1.90949 
0.998158 0.497335 0.072694 1.90766 
0.998723 0.497017 0.0728008 1.90885 
1.00161 0.492873 0.069957 1.91346 
1.00147 0.493437 0.0689445 1.91333 
1.00215 0.492653 0.0688942 1.91455 
1.00187 0.492611 0.0692204 1.91388 
1.00014 0.49448 0.071011 1.91084 
1.00069 0.493493 0.0712976 1.91165 
1.0003 0.493555 0.0721911 1.91084 
1.00039 0.49435 0.0714693 1.91139 
1.00039 0.494709 0.0706239 1.9115 
1.00062 0.494498 0.0700197 1.91189 
1.00084 0.494167 0.0706266 1.9123 
1.00062 0.494288 0.0703563 1.91183 
0.995668 0.500865 0.0685519 1.90325 
0.996216 0.501162 0.0714343 1.90489 
0.994398 0.504846 0.0709876 1.90245 
0.995055 0.501131 0.0693951 1.90199 
0.999812 0.495271 0.0698556 1.91036 
0.999845 0.49526 0.0703482 1.91046 
0.99962 0.495611 0.070108 1.91009 
0.999764 0.495327 0.0702163 1.91029 
1.0007 0.494407 0.0695446 1.91201 
1.00069 0.494558 0.069168 1.91203 
1.001 0.494107 0.0690963 1.91255 
1.00077 0.49417 0.0692641 1.91204 
1.00026 0.494928 0.069801 1.91124 
1.00043 0.494598 0.0699082 1.91149 
1.00025 0.494795 0.0702473 1.9112 
1.00032 0.494881 0.0700682 1.91137 
1.00029 0.494978 0.0697098 1.91134 
1.00028 0.494996 0.0695535 1.91131 
1.00043 0.494818 0.0697173 1.91158 
1.00034 0.494868 0.0696244 1.91139 
0.92433 0.531609 0.230736 1.78283 
0.914104 0.542386 0.227045 1.76564 
0.927404 0.530856 0.219784 1.78638 
0.924263 0.538535 0.227215 1.78592 
0.899679 0.55905 0.224555 1.74403 
0.890566 0.563627 0.230229 1.72882 
0.886629 0.570997 0.218656 1.72209 
0.892919 0.562818 0.224909 1.73187 
0.953955 0.509164 0.201626 1.82994 
0.952098 0.506418 0.217077 1.82782 
0.941218 0.520444 0.211926 1.80959 
0.95135 0.515462 0.21305 1.83012 
0.904082 0.543982 0.250828 1.75138 
0.895117 0.550983 0.257053 1.73829 
0.891922 0.557462 0.243733 1.73155 
0.897872 0.548139 0.251361 1.74062 
0.935637 0.516053 0.24774 1.80379 
0.920627 0.528615 0.251632 1.7786 
0.928499 0.526175 0.239504 1.79139 
0.927233 0.522939 0.24477 1.78809 
0.936163 0.511556 0.251529 1.80344 
0.933732 0.50812 0.263442 1.79956 
0.920202 0.525658 0.256021 1.77717 
0.933469 0.518081 0.260474 1.8037 
0.874348 0.567351 0.244075 1.70086 
0.870737 0.57275 0.238626 1.69534 
0.881314 0.563484 0.239252 1.71151 
0.877451 0.570276 0.240941 1.70852 
0.954889 0.53376 0.151022 1.836 
0.949952 0.542455 0.140529 1.82811 
0.960898 0.530062 0.133042 1.84483 
0.956229 0.537466 0.144304 1.84009 
0.970494 0.514998 0.173651 1.86546 
0.962165 0.530433 0.165102 1.85315 
0.972289 0.518224 0.162059 1.86916 
0.969372 0.521432 0.169712 1.86555 
0.933067 0.555244 0.177864 1.80438 
0.919434 0.567578 0.173068 1.7808 
0.925387 0.566501 0.161143 1.79094 
0.922819 0.563893 0.169374 1.78526 
0.899231 0.585033 0.148453 1.7435 
0.918444 0.569968 0.15389 1.77651 
0.909827 0.571914 0.165456 1.76099 
0.912654 0.579277 0.158992 1.77078 
0.918429 0.57598 0.115225 1.77489 
0.93483 0.555631 0.129098 1.80021 
0.925366 0.563983 0.1374 1.78559 
0.928476 0.564938 0.132372 1.79227 
0.900015 0.592816 0.135588 1.74854 
0.909495 0.585564 0.115573 1.76151 
0.917244 0.577209 0.142324 1.77681 
0.904166 0.581155 0.128105 1.7486 
0.882388 0.597268 0.173125 1.72032 
0.890869 0.597375 0.154302 1.73489 
0.903204 0.584453 0.173103 1.75621 
0.888511 0.588946 0.164879 1.72584 
0.783902 0.648345 0.0494687 1.54556 
0.766239 0.652303 0.0656649 1.51601 
0.762513 0.654008 0.0557997 1.51075 
0.764618 0.64777 0.0579667 1.50875 
0.815314 0.638273 0.0322294 1.59751 
0.799499 0.642979 0.0409633 1.57073 
0.800015 0.642184 0.0313269 1.57117 
0.805513 0.64225 0.0362154 1.5819 
0.801271 0.640244 0.0690706 1.57255 
0.814325 0.636049 0.0833916 1.59586 
0.79417 0.640707 0.0926962 1.56112 
0.808811 0.643687 0.0824336 1.59123 
0.81811 0.637644 0.0351791 1.60244 
0.808036 0.64085 0.0504014 1.58548 
0.801831 0.642681 0.0434663 1.57487 
0.804896 0.637253 0.0438038 1.57613 
0.824482 0.633233 0.0383134 1.61168 
0.832728 0.629911 0.0500886 1.62592 
0.8145 0.636424 0.0535128 1.59475 
0.82748 0.636269 0.0470312 1.62039 
0.858645 0.620675 0.0953957 1.67518 
0.845312 0.626911 0.116358 1.65485 
0.834987 0.631117 0.0968735 1.63474 
0.845069 0.630729 0.10452 1.65593 
0.774133 0.639848 0.105646 1.52344 
0.753961 0.641942 0.119128 1.48937 
0.754483 0.644102 0.089812 1.48851 
0.768279 0.647861 0.106834 1.51957 
0.795957 0.643262 0.065406 1.56448 
0.78784 0.645886 0.0916939 1.55315 
0.774832 0.648815 0.0758346 1.52948 
0.778751 0.64061 0.0764449 1.52988 
0.832848 0.618294 0.170158 1.63243 
0.854659 0.604637 0.179695 1.66881 
0.828808 0.615123 0.182511 1.62443 
0.835349 0.613889 0.175747 1.63515 
0.76709 0.639629 0.175502 1.52326 
0.770465 0.642417 0.15892 1.52815 
0.795092 0.630638 0.178696 1.56928 
0.773617 0.635916 0.168451 1.53032 
0.846306 0.621776 0.145415 1.65748 
0.858519 0.613025 0.16978 1.68084 
0.837396 0.626907 0.159434 1.6461 
0.841483 0.616995 0.154406 1.64567 
0.969599 0.531604 0.0590833 1.8585 
0.974008 0.528429 0.0502055 1.86658 
0.978113 0.523185 0.0659811 1.87378 
0.973339 0.528225 0.0587056 1.86529 
0.878415 0.565088 0.248943 1.70931 
0.885861 0.561127 0.24273 1.72061 
0.888174 0.55582 0.25697 1.72642 
0.882151 0.562333 0.2488 1.71538 
0.904161 0.575937 0.181341 1.75419 
0.89845 0.571322 0.193181 1.74141 
0.882138 0.585277 0.183879 1.71359 
0.898851 0.579767 0.187262 1.74665 
0.91951 0.570373 0.18263 1.78461 
0.934334 0.554839 0.187792 1.80892 
0.915829 0.565094 0.195041 1.77591 
0.92016 0.560275 0.18799 1.78068 
1.03629 0.438372 0.0527087 1.97169 
1.03163 0.449617 0.050025 1.96488 
1.03491 0.442656 0.0416851 1.96969 
1.03368 0.439561 0.0496921 1.96566 
1.04219 0.420876 0.0709063 1.9801 
1.03959 0.429031 0.063151 1.97647 
1.04407 0.419749 0.061395 1.98371 
1.04203 0.41986 0.0635239 1.97887 
1.03235 0.439294 0.0765842 1.96383 
1.02945 0.449111 0.0706304 1.96047 
1.03472 0.43747 0.0655209 1.96812 
1.03169 0.436983 0.0710284 1.96088 
1.00955 0.481499 0.0592261 1.92627 
1.00776 0.484156 0.062226 1.92341 
1.00635 0.487361 0.0595946 1.92146 
1.00834 0.486328 0.0600996 1.92574 
1.01298 0.475249 0.0756814 1.93265 
1.01257 0.474905 0.0792415 1.93179 
1.01038 0.480704 0.0752598 1.92891 
1.01212 0.475995 0.0777508 1.93108 
1.0187 0.461693 0.0819497 1.94077 
1.01505 0.468296 0.0811973 1.93486 
1.0187 0.462805 0.0763299 1.9408 
1.01795 0.466717 0.0807553 1.94108 
1.01171 0.474234 0.0894667 1.93031 
1.00863 0.479819 0.0898459 1.92557 
1.01177 0.473658 0.084796 1.92974 
1.01126 0.476672 0.0868007 1.93012 
1.00467 0.482852 0.0994738 1.91847 
1.00633 0.480147 0.0941157 1.92062 
1.00762 0.477754 0.100592 1.92321 
1.00596 0.477962 0.0973355 1.91902 
1.00297 0.488932 0.0868121 1.91613 
1.00564 0.482431 0.083446 1.91908 
1.00532 0.483914 0.087262 1.91937 
1.00483 0.4848 0.0847705 1.91839 
1.0024 0.489803 0.084521 1.91499 
1.00256 0.488409 0.0797607 1.91429 
1.00402 0.483724 0.0817244 1.91568 
1.00305 0.487015 0.0835515 1.91508 
1.00001 0.492104 0.0838974 1.91039 
0.999067 0.496028 0.0799353 1.90974 
1.001 0.490054 0.0795242 1.91134 
1.00003 0.492615 0.0795563 1.91032 
0.998003 0.498432 0.074059 1.90795 
0.999726 0.496255 0.0744726 1.91098 
0.998741 0.498479 0.0766456 1.90992 
0.998727 0.496923 0.074452 1.90894 
0.994062 0.502334 0.0743734 1.90062 
0.996275 0.499324 0.0735816 1.90426 
0.996191 0.499695 0.0773116 1.90454 
0.995556 0.501494 0.0758385 1.90383 
0.999557 0.496386 0.0718516 1.91044 
1.00003 0.495343 0.0710883 1.911 
0.999915 0.495605 0.0723822 1.91095 
0.999835 0.495227 0.071826 1.91053 
0.994289 0.506073 0.080023 1.90354 
0.99317 0.504604 0.0754668 1.89976 
0.996544 0.501611 0.079302 1.90651 
0.994354 0.502736 0.077211 1.90174 
1.001 0.493934 0.0687674 1.91244 
1.00073 0.49448 0.0689716 1.91208 
1.00089 0.494608 0.0687415 1.9125 
1.00092 0.494497 0.0687412 1.91252 
1.00092 0.494599 0.0679882 1.91253 
1.00121 0.494144 0.0682484 1.91301 
1.00095 0.494749 0.0684708 1.9127 
1.00098 0.494335 0.0683114 1.91257 
1.00251 0.490508 0.068786 1.91436 
1.00261 0.489844 0.0705098 1.91439 
1.0015 0.492235 0.0703407 1.91291 
1.00227 0.491735 0.0702498 1.91448 
1.00649 0.482237 0.0705261 1.92001 
1.00415 0.487209 0.0710899 1.91683 
1.00621 0.484368 0.0674082 1.92014 
1.00589 0.48662 0.0701147 1.92064 
1.00107 0.493392 0.0698327 1.91242 
1.00071 0.494144 0.0696505 1.91193 
1.00111 0.493536 0.0691621 1.91253 
1.00098 0.493976 0.0696602 1.91247 
0.997799 0.497459 0.0801093 1.90747 
0.997912 0.493909 0.0844372 1.90635 
0.996008 0.501991 0.0825544 1.90573 
0.997304 0.498174 0.0841043 1.90699 
1.00646 0.483626 0.0765381 1.92102 
1.0052 0.482619 0.0797084 1.91781 
1.00327 0.487028 0.0787736 1.91522 
1.00524 0.485759 0.0778843 1.91925 
1.0159 0.470024 0.0653669 1.93658 
1.01386 0.475656 0.0607398 1.93398 
1.01753 0.471166 0.0581539 1.94064 
1.01621 0.470075 0.0602097 1.93705 
1.01516 0.472539 0.079753 1.93693 
1.01579 0.47418 0.0743502 1.93881 
1.01829 0.469278 0.0752819 1.94264 
1.01664 0.470337 0.075539 1.93918 
1.00996 0.477704 0.0694622 1.92611 
1.01212 0.475521 0.06276 1.92984 
1.01264 0.470889 0.0672962 1.92927 
1.01194 0.477946 0.067291 1.93084 
0.88149 0.533455 0.302636 1.71348 
0.901436 0.521493 0.295954 1.74646 
0.891973 0.518363 0.315425 1.73145 
0.895074 0.52786 0.308096 1.74121 
0.863714 0.517748 0.346815 1.68477 
0.854322 0.537276 0.329475 1.67049 
0.882041 0.518543 0.331799 1.71743 
0.871918 0.527146 0.339118 1.70459 
0.874019 0.565428 0.264033 1.70536 
0.876434 0.567485 0.253297 1.70823 
0.886045 0.557225 0.262745 1.72468 
0.8773 0.561337 0.259287 1.70777 
0.850119 0.570789 0.281279 1.66624 
0.863923 0.565388 0.27704 1.68876 
0.86869 0.556237 0.292959 1.69814 
0.857512 0.562793 0.281932 1.67545 
0.846651 0.57818 0.270442 1.66076 
0.856191 0.579229 0.256235 1.67599 
0.859834 0.57245 0.267156 1.6819 
0.853832 0.575279 0.26384 1.67063 
0.886234 0.544033 0.293359 1.72702 
0.892969 0.545502 0.277038 1.73647 
0.903364 0.532987 0.287875 1.75489 
0.891246 0.53777 0.283278 1.73 
0.867664 0.577029 0.239809 1.6925 
0.869445 0.573783 0.24523 1.69544 
0.863918 0.577884 0.246379 1.68762 
0.866548 0.574971 0.243467 1.68978 
0.872352 0.576294 0.235572 1.7003 
0.874497 0.57634 0.229893 1.70302 
0.883489 0.568604 0.234873 1.71834 
0.874137 0.572188 0.232772 1.70024 
0.893989 0.5549 0.238583 1.73278 
0.903895 0.549822 0.232948 1.74951 
0.905762 0.54317 0.245719 1.753 
0.900994 0.551571 0.239278 1.74609 
1.032 0.444488 0.0391232 1.96326 
1.02986 0.450645 0.04728 1.96089 
1.02665 0.458716 0.0391757 1.9564 
1.0305 0.455815 0.0402258 1.96449 
1.03861 0.432153 0.0219074 1.97398 
1.03598 0.437968 0.0300353 1.97005 
1.03309 0.444244 0.0216034 1.96554 
1.03665 0.442677 0.02472 1.97363 
1.04156 0.43134 0.0273346 1.981 
1.04336 0.426518 0.0364564 1.98366 
1.03833 0.437501 0.0353016 1.97573 
1.04072 0.427539 0.0334356 1.97751 
1.05895 0.379348 0.0517203 2.00519 
1.0602 0.379276 0.0417014 2.00794 
1.06161 0.3756 0.0454027 2.0103 
1.06087 0.379841 0.0476416 2.01003 
1.05549 0.39032 0.0415847 2.00007 
1.05699 0.388406 0.035648 2.00298 
1.0589 0.383968 0.0387239 2.00625 
1.05729 0.387776 0.0400436 2.00363 
1.04692 0.416297 0.0438248 1.98859 
1.05115 0.406027 0.0473777 1.99527 
1.0478 0.41308 0.0526676 1.98987 
1.04917 0.415029 0.0468496 1.99379 
1.05124 0.401732 0.0203033 1.99326 
1.04982 0.405659 0.0109314 1.99118 
1.05261 0.397822 0.011681 1.99514 
1.05162 0.405527 0.013148 1.99561 
1.04793 0.418348 0.0387176 1.99174 
1.05092 0.412038 0.0325108 1.99654 
1.0523 0.408568 0.0411464 1.99887 
1.05001 0.409558 0.0383122 1.99348 
1.04593 0.418299 0.0343298 1.98664 
1.04419 0.422757 0.0248121 1.98393 
1.04865 0.411832 0.0271924 1.99072 
1.04677 0.422207 0.0285421 1.99016 
1.05707 0.390895 0.0216635 2.00378 
1.05859 0.388288 0.0235714 2.00668 
1.05769 0.389409 0.0283373 2.00489 
1.05796 0.391778 0.024551 2.00638 
1.0537 0.398685 0.0143507 1.9982 
1.05487 0.395136 0.0181285 1.99981 
1.05235 0.402294 0.0227413 1.99627 
1.05404 0.398238 0.0200713 1.99895 
1.05307 0.402153 -0.00046541 1.99795 
1.05344 0.399984 0.00759872 1.99802 
1.0501 0.407702 0.00689559 1.99266 
1.0521 0.40011 0.00404032 1.99472 
1.0553 0.396518 -0.00241901 2.00136 
1.0576 0.391304 0.00383702 2.00514 
1.05542 0.396273 0.00620345 2.00153 
1.05626 0.396187 0.00471298 2.00361 
1.06226 0.38276 0.0185742 2.014 
1.06239 0.382254 0.0163636 2.01412 
1.06268 0.381504 0.0178581 2.01468 
1.06251 0.38301 0.0178821 2.01471 
1.0579 0.3908 0.0203957 2.00578 
1.05964 0.38829 0.0188338 2.00924 
1.05925 0.388486 0.0223196 2.00838 
1.05888 0.388472 0.0198483 2.00741 
1.05991 0.388482 0.00962032 2.00987 
1.06115 0.385005 0.0107599 2.01177 
1.06067 0.386211 0.0143736 2.01101 
1.06077 0.387078 0.0103088 2.01153 
1.04265 0.414414 0.0954681 1.98059 
1.03853 0.420641 0.104294 1.97378 
1.03845 0.422772 0.0958981 1.97359 
1.03941 0.415571 0.0980596 1.97333 
1.01591 0.444915 0.171034 1.93808 
1.01348 0.445781 0.181931 1.9346 
1.00963 0.452974 0.179888 1.92816 
1.01233 0.446477 0.175938 1.93104 
1.02558 0.431129 0.146928 1.95174 
1.02683 0.426569 0.156733 1.95439 
1.02239 0.435061 0.158798 1.94748 
1.02457 0.427869 0.152635 1.94882 
1.01432 0.457046 0.128939 1.93314 
1.01902 0.448791 0.122025 1.93993 
1.01708 0.449972 0.134329 1.93743 
1.01675 0.454087 0.126852 1.93741 
1.02837 0.43684 0.127717 1.95821 
1.03173 0.429495 0.131121 1.96379 
1.02829 0.436965 0.137099 1.95935 
1.02945 0.43137 0.132647 1.95922 
1.02304 0.423867 0.190019 1.94995 
1.02389 0.416074 0.203337 1.95149 
1.01763 0.432582 0.204806 1.94345 
1.02096 0.417429 0.197536 1.94375 
1.04374 0.378828 0.171462 1.97993 
1.03951 0.386227 0.17923 1.97353 
1.03926 0.392549 0.167185 1.97315 
1.04066 0.382082 0.174727 1.97406 
1.05243 0.366671 0.159456 1.99524 
1.04864 0.372167 0.166157 1.9888 
1.04803 0.378933 0.159784 1.98862 
1.04916 0.368844 0.162578 1.98834 
1.05698 0.372529 0.133916 2.00494 
1.06039 0.363202 0.132944 2.01015 
1.05854 0.364883 0.140047 2.00702 
1.05853 0.364113 0.136798 2.0063 
1.06938 0.326673 0.149714 2.0238 
1.06429 0.341825 0.155933 2.01708 
1.07137 0.325795 0.135378 2.02713 
1.06954 0.339253 0.145148 2.02781 
1.05707 0.356303 0.159327 2.00325 
1.06071 0.345693 0.157749 2.00867 
1.05784 0.349484 0.164543 2.0038 
1.0581 0.346858 0.160518 2.00296 
1.06923 0.32366 0.145721 2.02152 
1.07089 0.324103 0.139471 2.02498 
1.07183 0.315694 0.144269 2.02556 
1.07075 0.322829 0.141086 2.02449 
1.05777 0.318312 0.19947 2.00038 
1.06573 0.299641 0.185432 2.01265 
1.06283 0.293665 0.202914 2.00703 
1.06267 0.311209 0.203548 2.01134 
0.991382 0.464296 0.193914 1.89274 
0.984215 0.475386 0.195411 1.88145 
0.990469 0.47243 0.179421 1.89155 
0.989275 0.473773 0.193183 1.89214 
1.05514 0.363518 0.152628 1.99986 
1.05316 0.372855 0.147881 1.99742 
1.05638 0.364584 0.146318 2.00239 
1.05511 0.366457 0.151494 2.00058 
1.03966 0.389346 0.164142 1.97248 
1.04411 0.381454 0.160718 1.98001 
1.04409 0.375143 0.16766 1.97886 
1.04336 0.386849 0.164485 1.98069 
1.04059 0.399109 0.160252 1.97776 
1.04206 0.398707 0.151021 1.97982 
1.04458 0.391267 0.157065 1.98416 
1.04202 0.393647 0.154212 1.97831 
1.03026 0.411325 0.176372 1.95986 
1.02659 0.418011 0.178254 1.95392 
1.02835 0.418426 0.166779 1.95638 
1.02808 0.412225 0.173131 1.95435 
1.03003 0.398158 0.195374 1.95775 
1.03202 0.400109 0.18165 1.96074 
1.03486 0.390969 0.186731 1.96522 
1.03272 0.394255 0.190134 1.96181 
1.02664 0.401618 0.196659 1.95107 
1.0251 0.411881 0.184806 1.94904 
1.02916 0.403419 0.183892 1.95544 
1.02744 0.410908 0.188194 1.95497 
1.03753 0.379646 0.204913 1.97115 
1.03108 0.393878 0.203883 1.96039 
1.03655 0.387104 0.193265 1.96914 
1.03497 0.384838 0.196613 1.96509 
1.04856 0.369732 0.178242 1.98979 
1.05096 0.360649 0.186099 1.99405 
1.04842 0.367414 0.186284 1.99009 
1.04891 0.364156 0.180611 1.9892 
1.02421 0.375159 0.279647 1.95563 
1.01605 0.375705 0.306452 1.9444 
1.01216 0.398047 0.292838 1.93906 
1.01663 0.38008 0.284107 1.94043 
1.0201 0.399886 0.253902 1.94778 
1.02353 0.379202 0.262044 1.95052 
1.01385 0.40063 0.275475 1.93895 
1.02011 0.395528 0.271673 1.95095 
1.03418 0.368051 0.228882 1.96405 
1.03966 0.347824 0.23283 1.9715 
1.03251 0.361278 0.24715 1.96204 
1.03583 0.361872 0.243378 1.96938 
1.04914 0.333956 0.203997 1.98447 
1.04486 0.340291 0.217399 1.97854 
1.04222 0.354818 0.206637 1.9745 
1.04592 0.346705 0.215865 1.98286 
1.03592 0.327214 0.274471 1.96648 
1.02173 0.353917 0.295406 1.94687 
1.02931 0.355503 0.267286 1.95759 
1.03015 0.349078 0.289962 1.96403 
1.05616 0.293601 0.226018 1.99504 
1.04777 0.309715 0.250844 1.98436 
1.04713 0.325829 0.230721 1.98265 
1.05081 0.31437 0.247039 1.99225 
1.06867 0.25278 0.213378 2.01428 
1.0819 0.195807 0.183417 2.03334 
1.07082 0.212234 0.244751 2.01902 
1.07545 0.235849 0.239436 2.03381 
1.05444 0.326222 0.209976 1.99645 
1.05808 0.308473 0.222933 2.00312 
1.04936 0.33067 0.227459 1.98886 
1.05362 0.318339 0.212672 1.99268 
1.04667 0.364846 0.186889 1.98502 
1.04944 0.357392 0.188162 1.98959 
1.04434 0.368007 0.196874 1.98225 
1.04652 0.359044 0.190995 1.98343 
1.03926 0.379043 0.18679 1.97171 
1.04308 0.36708 0.186434 1.97687 
1.04107 0.370704 0.1981 1.97537 
1.0418 0.374817 0.194758 1.97794 
1.04076 0.380333 0.182634 1.97507 
1.04553 0.373348 0.174089 1.98286 
1.04462 0.371373 0.182444 1.98141 
1.04421 0.377436 0.178243 1.98177 
1.0612 0.341182 0.151377 2.00753 
1.05773 0.351734 0.15301 2.00246 
1.06191 0.34529 0.145986 2.00983 
1.06093 0.350003 0.151842 2.00971 
1.06663 0.331452 0.149349 2.01782 
1.06407 0.337075 0.152747 2.01361 
1.06469 0.340941 0.147588 2.0156 
1.06489 0.335144 0.147301 2.01431 
1.06916 0.330361 0.137523 2.02226 
1.0676 0.329644 0.143672 2.01895 
1.06571 0.339037 0.141413 2.01674 
1.06763 0.332662 0.143624 2.01991 
1.07117 0.318308 0.148096 2.02518 
1.06883 0.323693 0.155433 2.02198 
1.0687 0.325485 0.148728 2.02116 
1.06955 0.319519 0.151544 2.02194 
1.06595 0.332793 0.159864 2.01821 
1.06672 0.330586 0.161629 2.01981 
1.0649 0.333292 0.163217 2.01624 
1.0661 0.333237 0.162128 2.01906 
1.06183 0.334453 0.16302 2.00883 
1.05875 0.34244 0.165021 2.00391 
1.06165 0.338747 0.158116 2.00889 
1.06124 0.341755 0.162326 2.00948 
1.05196 0.357196 0.179562 1.99425 
1.04935 0.36671 0.172431 1.98974 
1.05383 0.35441 0.171192 1.99655 
1.05217 0.358524 0.177856 1.99487 
1.04447 0.35923 0.203984 1.98099 
1.05029 0.350786 0.192866 1.99038 
1.05104 0.344534 0.202079 1.99208 
1.04947 0.353286 0.196221 1.98986 
1.04965 0.36323 0.168154 1.98855 
1.05373 0.358129 0.161075 1.99584 
1.05407 0.351478 0.166955 1.99546 
1.05316 0.361315 0.164667 1.99607 
1.06758 0.167435 0.287414 2.01798 
1.10919 0.0759586 0.230192 2.11681 
1.0859 0.103156 0.301252 2.07799 
1.07597 0.124197 0.263272 2.03992 
1.07248 0.295572 0.183068 2.02811 
1.08057 0.265866 0.184763 2.04171 
1.0697 0.281848 0.2101 2.02264 
1.07454 0.271949 0.184048 2.02782 
1.07371 0.2897 0.162246 2.02655 
1.07807 0.289964 0.135195 2.03432 
1.08301 0.252403 0.140977 2.03938 
1.07889 0.293299 0.153496 2.03949 
1.01534 0.420601 0.219046 1.93604 
1.01461 0.429274 0.210057 1.9359 
1.02124 0.411379 0.209602 1.94449 
1.01751 0.425152 0.213336 1.94189 
1.0515 0.389886 0.116562 1.9954 
1.04919 0.39646 0.111034 1.99145 
1.05346 0.387006 0.107533 1.99824 
1.05116 0.388283 0.113212 1.99359 
1.05153 0.380019 0.141521 1.99503 
1.04924 0.388166 0.138118 1.99182 
1.05314 0.37943 0.134436 1.99789 
1.05146 0.383083 0.140773 1.99584 
1.04467 0.399549 0.124034 1.98292 
1.04697 0.39772 0.114624 1.98683 
1.04896 0.391347 0.121087 1.99014 
1.0472 0.397241 0.117767 1.9876 
1.03559 0.4067 0.160926 1.96852 
1.03091 0.416504 0.159493 1.9607 
1.03397 0.413378 0.151958 1.96576 
1.03324 0.411418 0.154649 1.96364 
1.03702 0.414748 0.126887 1.97026 
1.03738 0.416568 0.117877 1.97078 
1.04022 0.408323 0.12591 1.97551 
1.03802 0.412046 0.121607 1.97103 
1.03645 0.418835 0.140632 1.97234 
1.03594 0.421219 0.132066 1.97085 
1.03936 0.412985 0.131194 1.9759 
1.03713 0.415963 0.136582 1.97227 
1.02923 0.428559 0.121543 1.95611 
1.03399 0.420581 0.114688 1.96371 
1.033 0.419251 0.123301 1.96178 
1.03258 0.426896 0.120003 1.96343 
0.909108 0.511382 0.319786 1.76629 
0.914033 0.516347 0.298804 1.77206 
0.926705 0.500782 0.306966 1.79419 
0.914162 0.5061 0.305138 1.76867 
0.88061 0.507508 0.356276 1.7181 
0.896624 0.510449 0.337762 1.74627 
0.908628 0.488878 0.354017 1.76669 
0.890761 0.500613 0.348122 1.73218 
0.887217 0.52772 0.325855 1.73158 
0.863133 0.546043 0.321721 1.69131 
0.876249 0.542758 0.310116 1.71153 
0.870694 0.536589 0.315962 1.69828 
0.869489 0.570484 0.250234 1.69475 
0.865644 0.569343 0.260582 1.6894 
0.861028 0.575195 0.25179 1.68128 
0.865655 0.573319 0.254817 1.6904 
0.898808 0.466438 0.379386 1.74461 
0.876075 0.498442 0.36561 1.70744 
0.908276 0.477278 0.361925 1.76275 
0.901197 0.483899 0.374789 1.75709 
0.820147 0.480305 0.41688 1.61515 
0.862634 0.431685 0.443606 1.69072 
0.8079 0.448999 0.449311 1.60135 
0.823716 0.448767 0.428813 1.61058 
0.74823 0.54595 0.340913 1.48479 
0.776633 0.517351 0.384307 1.53709 
0.720505 0.531033 0.361123 1.44018 
0.734056 0.528952 0.354426 1.45161 
0.809613 0.534229 0.355086 1.59103 
0.83925 0.517366 0.364453 1.64252 
0.806499 0.510442 0.380167 1.58162 
0.826085 0.524388 0.365842 1.62216 
0.783312 0.579914 0.223101 1.5366 
0.765671 0.579641 0.247766 1.5082 
0.752415 0.578323 0.231741 1.48462 
0.760785 0.576783 0.233123 1.49297 
0.82483 0.575206 0.273632 1.61606 
0.802628 0.577726 0.282734 1.57807 
0.809829 0.583172 0.262569 1.5898 
0.817677 0.582114 0.274582 1.60847 
0.777427 0.571642 0.290262 1.52876 
0.74622 0.562091 0.302741 1.47097 
0.757769 0.572547 0.27488 1.49033 
0.76898 0.571618 0.29014 1.51646 
0.911674 0.375101 0.451015 1.7733 
0.957841 0.317391 0.437851 1.8487 
0.920767 0.319778 0.47125 1.79445 
0.932716 0.326082 0.450889 1.8008 
0.694137 0.507571 0.379491 1.3837 
0.774955 0.495981 0.398542 1.5257 
0.755199 0.468265 0.425287 1.49472 
0.756156 0.494054 0.412614 1.50751 
0.921362 0.431742 0.401653 1.7878 
0.953668 0.39217 0.399676 1.84179 
0.918042 0.408843 0.426935 1.78424 
0.925736 0.403857 0.402244 1.78451 
0.931807 0.45049 0.383517 1.81117 
0.934541 0.463657 0.366435 1.81574 
0.961233 0.43514 0.359871 1.85967 
0.936993 0.443194 0.365236 1.81031 
0.789138 0.51768 0.373215 1.55075 
0.757628 0.54457 0.334707 1.49299 
0.794121 0.539255 0.345319 1.5602 
0.782871 0.539543 0.355439 1.54621 
0.743125 0.573053 0.259795 1.46389 
0.703373 0.563669 0.271937 1.39455 
0.724342 0.569964 0.246814 1.4294 
0.733724 0.573016 0.257872 1.45302 
0.794309 0.578504 0.280035 1.56309 
0.77941 0.578746 0.264011 1.53296 
0.802462 0.582905 0.257728 1.57539 
0.786171 0.578592 0.266308 1.5429 
0.737181 0.563753 0.302487 1.46106 
0.716366 0.565475 0.284313 1.42444 
0.749413 0.57383 0.272364 1.48039 
0.725636 0.564136 0.284953 1.43333 
0.986075 0.445296 0.287618 1.8955 
0.978133 0.457809 0.280013 1.88041 
0.994176 0.439715 0.268666 1.9064 
0.985302 0.440655 0.275584 1.88788 
0.983938 0.418254 0.329956 1.89285 
0.987026 0.428222 0.306265 1.89604 
0.998971 0.410877 0.303625 1.9161 
0.988979 0.417406 0.306446 1.89613 
0.9601 0.460215 0.314053 1.85097 
0.967313 0.461104 0.291167 1.86029 
0.975401 0.448051 0.301684 1.87631 
0.967621 0.458946 0.301108 1.86333 
1.00073 0.494911 0.0683919 1.91226 
1.00083 0.49497 0.0686939 1.91256 
1.00061 0.495389 0.0688706 1.91225 
1.00077 0.49515 0.0685433 1.91247 
1.00024 0.495447 0.0677263 1.91147 
1.00056 0.495241 0.0679679 1.91199 
1.00027 0.495539 0.0682513 1.91152 
1.00039 0.495459 0.0679342 1.91172 
1.00139 0.494861 0.0648504 1.91361 
1.00012 0.495236 0.0644336 1.91131 
1.0008 0.495434 0.0624781 1.91268 
1.00082 0.49558 0.0637106 1.91288 
1.01265 0.462139 0.116211 1.9298 
1.01727 0.452618 0.116755 1.93674 
1.01311 0.460829 0.123115 1.93117 
1.01426 0.459811 0.121085 1.93319 
1.00361 0.477485 0.118706 1.91555 
1.00848 0.470124 0.118645 1.92374 
1.00771 0.469467 0.125071 1.92242 
1.00718 0.472045 0.119325 1.9216 
1.0104 0.468003 0.104147 1.92569 
1.01501 0.459545 0.103747 1.9329 
1.01196 0.463428 0.10965 1.92795 
1.01258 0.466414 0.107133 1.93052 
1.02689 0.43929 0.104736 1.95299 
1.0267 0.43596 0.117135 1.95251 
1.02344 0.443818 0.113858 1.94751 
1.02596 0.442199 0.111161 1.95265 
1.00566 0.468693 0.127144 1.91742 
1.001 0.477848 0.127815 1.91072 
1.00207 0.478472 0.11947 1.91247 
1.00252 0.477129 0.126908 1.91386 
1.03857 0.414739 0.113267 1.97247 
1.04366 0.403433 0.112881 1.98063 
1.04165 0.406257 0.121083 1.97768 
1.04156 0.406035 0.118084 1.97701 
1.04607 0.38756 0.152185 1.98574 
1.04353 0.396928 0.148505 1.98241 
1.04644 0.392266 0.144105 1.98721 
1.04562 0.395491 0.149039 1.98707 
1.00134 0.494321 0.067137 1.91333 
1.00135 0.493677 0.0680762 1.91311 
1.00095 0.494647 0.0677738 1.91261 
1.00135 0.494208 0.0674278 1.91331 
1.0044 0.488691 0.0702109 1.91809 
1.00368 0.490365 0.0678999 1.91702 
1.00537 0.4886 0.0677176 1.92017 
1.00484 0.488304 0.068538 1.91882 
1.0022 0.491962 0.0729257 1.91462 
1.00112 0.493161 0.0731645 1.91266 
1.0014 0.493134 0.0714263 1.91319 
1.00162 0.492246 0.0724703 1.91335 
0.972611 0.263552 0.437638 1.86554 
0.984594 0.203479 0.447749 1.89733 
0.935765 0.259494 0.472806 1.809 
0.960241 0.248044 0.461064 1.85701 
0.977074 0.454144 0.269239 1.87295 
0.984945 0.451714 0.25517 1.88627 
0.992272 0.436517 0.25835 1.89759 
0.9858 0.453092 0.262728 1.89107 
0.945532 0.483595 0.30248 1.82572 
0.960568 0.468963 0.290381 1.84841 
0.951576 0.470954 0.312257 1.83635 
0.952881 0.473178 0.30473 1.83768 
0.945431 0.490302 0.295295 1.82646 
0.945201 0.492915 0.279217 1.82199 
0.95933 0.476414 0.285035 1.84754 
0.947002 0.48401 0.282341 1.82243 
1.04868 0.208934 0.343029 1.99714 
1.01615 0.190752 0.417737 1.95732 
1.00713 0.258448 0.413093 1.93509 
1.02505 0.195137 0.378725 1.94976 
1.05234 0.248567 0.291394 1.99186 
1.03612 0.290569 0.318079 1.97036 
1.04477 0.297396 0.27979 1.98132 
1.04493 0.277654 0.311933 1.98649 
1.09807 0.114504 0.18082 2.07316 
1.07491 0.198974 0.261344 2.03296 
1.0934 0.193257 0.154627 2.05862 
1.09348 0.124539 0.186869 2.05771 
1.05646 0.0821454 0.338697 2.01294 
1.025 0.11342 0.384138 1.95312 
1.05615 0.133104 0.305318 1.99074 
1.04445 0.11724 0.368392 1.9964 
0.931132 0.424391 0.384297 1.79693 
0.963795 0.409626 0.357724 1.85284 
0.959576 0.388956 0.379753 1.84394 
0.957514 0.413434 0.38181 1.85088 
1.0347 0.371111 0.209498 1.96212 
1.03074 0.374254 0.217548 1.95525 
1.02813 0.387472 0.207941 1.95162 
1.03201 0.382162 0.214312 1.96049 
