1.00028 0.494879 0.0693927 1.91124 
1.00047 0.494652 0.0692313 1.91157 
1.00048 0.494563 0.0694735 1.91156 
1.00043 0.494792 0.0694004 1.91155 
0.985026 0.503301 0.1423 1.8877 
0.987 0.496955 0.152345 1.89067 
0.979356 0.50654 0.153772 1.87793 
0.984531 0.505503 0.150501 1.88898 
0.989998 0.502134 0.139358 1.89836 
0.996252 0.493284 0.137239 1.90832 
0.992828 0.496504 0.147075 1.90334 
0.992629 0.494063 0.13953 1.90048 
0.985037 0.505946 0.120245 1.88601 
0.983096 0.50392 0.129801 1.88171 
0.976778 0.517603 0.125029 1.87357 
0.98245 0.510794 0.128467 1.8836 
0.987508 0.503201 0.121359 1.89053 
0.991664 0.49379 0.130366 1.89678 
0.986243 0.501051 0.130607 1.88773 
0.988482 0.500765 0.127748 1.89245 
0.991294 0.502084 0.118711 1.89854 
0.998871 0.489563 0.118412 1.91014 
0.996287 0.492605 0.12636 1.90656 
0.995649 0.490888 0.119593 1.9033 
1.01462 0.460732 0.113726 1.9336 
1.01783 0.457198 0.106293 1.93892 
1.01902 0.453807 0.113518 1.94109 
1.01718 0.455975 0.10971 1.9372 
0.996131 0.500127 0.10112 1.9069 
0.999932 0.489975 0.101409 1.91088 
0.998551 0.490761 0.109481 1.9089 
0.998221 0.490866 0.102103 1.90733 
1.02279 0.451831 0.0833541 1.94641 
1.02621 0.449381 0.0746525 1.95298 
1.02758 0.440471 0.0807758 1.95302 
1.02637 0.451205 0.0783949 1.95443 
1.01178 0.470173 0.101574 1.92975 
1.0136 0.467574 0.0948995 1.93227 
1.01595 0.463218 0.100677 1.93651 
1.0135 0.464756 0.097955 1.93103 
1.02234 0.461189 0.0656796 1.94815 
1.02134 0.466259 0.0561342 1.94752 
1.0255 0.45818 0.0571055 1.95403 
1.02404 0.462729 0.0571618 1.95251 
1.01526 0.47224 0.091266 1.93806 
1.01457 0.472139 0.0855522 1.93581 
1.01815 0.467316 0.0883493 1.94247 
1.01566 0.468664 0.0879169 1.93707 
1.01121 0.475884 0.0809529 1.9291 
1.00905 0.479398 0.0808669 1.92556 
1.00966 0.481301 0.076836 1.92759 
1.01015 0.478055 0.0786394 1.9274 
1.03376 0.436306 0.0603864 1.965 
1.02886 0.447317 0.0652458 1.95792 
1.02985 0.448038 0.055634 1.96011 
1.0315 0.448283 0.0595637 1.96444 
1.04874 0.408958 0.0753348 1.9919 
1.04644 0.411093 0.0863362 1.98787 
1.04389 0.420141 0.0794482 1.98458 
1.04596 0.408589 0.0800884 1.98523 
1.02488 0.447946 0.0989921 1.9512 
1.02108 0.454217 0.10004 1.94481 
1.02179 0.45755 0.0925645 1.94728 
1.02248 0.451251 0.095505 1.9465 
1.03428 0.430679 0.0950723 1.96652 
1.03017 0.438713 0.0970187 1.95998 
1.03214 0.439785 0.0881794 1.96443 
1.03271 0.436766 0.0912841 1.96486 
1.03883 0.428095 0.0822678 1.97555 
1.03705 0.429577 0.0907198 1.97247 
1.03423 0.438956 0.085092 1.96894 
1.03639 0.428914 0.0874878 1.97029 
1.03683 0.430277 0.0648722 1.9703 
1.0384 0.422852 0.0726479 1.97169 
1.03406 0.43368 0.0765966 1.9657 
1.03717 0.434403 0.072145 1.9733 
1.04567 0.413195 0.0607776 1.98506 
1.04782 0.405586 0.0667944 1.9878 
1.0433 0.416756 0.0715661 1.98126 
1.04623 0.416315 0.0681199 1.98808 
1.03375 0.423448 0.104809 1.96327 
1.02938 0.434265 0.0999266 1.95649 
1.03384 0.425054 0.0976054 1.96341 
1.03302 0.429487 0.103627 1.96377 
1.0438 0.397232 0.105096 1.97784 
1.03875 0.410004 0.106835 1.97041 
1.04347 0.404321 0.097339 1.97892 
1.0429 0.408763 0.102838 1.97974 
1.02976 0.434022 0.118436 1.9593 
1.02905 0.437964 0.105427 1.95774 
1.03368 0.427757 0.111638 1.96551 
1.0305 0.429608 0.11164 1.95851 
1.02647 0.445572 0.0943358 1.95364 
1.02301 0.455655 0.0886216 1.94906 
1.02786 0.445042 0.0874097 1.95617 
1.02611 0.447695 0.0927239 1.9535 
1.02146 0.449593 0.109516 1.94473 
1.01967 0.453848 0.102936 1.94155 
1.02406 0.444493 0.101717 1.94801 
1.02178 0.449292 0.107291 1.9451 
1.02533 0.438762 0.136607 1.95286 
1.02148 0.445566 0.138129 1.94667 
1.0256 0.438843 0.128606 1.95244 
1.02423 0.440649 0.133214 1.95054 
1.00965 0.471557 0.113431 1.92657 
1.00522 0.478659 0.113531 1.91933 
1.00892 0.473471 0.106876 1.92498 
1.00802 0.471849 0.110496 1.92246 
1.02409 0.440859 0.125545 1.94924 
1.02041 0.447676 0.134093 1.94441 
1.02148 0.446702 0.1207 1.94481 
1.02242 0.442534 0.127137 1.94611 
1.01263 0.456744 0.139319 1.93037 
1.00765 0.4679 0.141884 1.9239 
1.01067 0.463264 0.133026 1.92773 
1.01031 0.459767 0.139707 1.92622 
1.01024 0.475926 0.0833656 1.92699 
1.00812 0.48205 0.0874972 1.92518 
1.00784 0.480727 0.0830217 1.92349 
1.00864 0.478115 0.085756 1.9244 
1.01769 0.458158 0.0964481 1.93804 
1.01493 0.466082 0.0933593 1.93464 
1.01863 0.460679 0.0903693 1.94085 
1.01741 0.46447 0.0941112 1.93994 
1.00876 0.47206 0.0979764 1.92301 
1.00701 0.476896 0.0925265 1.92055 
1.01015 0.469568 0.0929931 1.92472 
1.00902 0.475546 0.0959275 1.92506 
1.06175 0.248276 0.28391 2.01323 
1.05125 0.294351 0.274165 1.99497 
1.06238 0.278757 0.244407 2.01105 
1.05828 0.270688 0.24986 2.00021 
0.983491 0.355325 0.383685 1.88917 
1.01245 0.314195 0.36241 1.93567 
0.992558 0.315469 0.401932 1.90671 
0.995315 0.316814 0.373027 1.89947 
1.02115 0.349988 0.315692 1.95068 
1.03814 0.321323 0.295099 1.97622 
1.02893 0.318941 0.329934 1.96458 
1.02863 0.325552 0.300928 1.95606 
1.00076 0.468247 0.151051 1.90901 
0.995508 0.473799 0.163997 1.90135 
0.995031 0.477822 0.153977 1.90041 
0.996557 0.472844 0.153206 1.90154 
1.01238 0.479047 0.0484946 1.93147 
1.01657 0.473025 0.0509245 1.93884 
1.01287 0.477249 0.0549963 1.93206 
1.01409 0.477405 0.0523767 1.93499 
1.03549 0.441366 -0.017028 1.97088 
1.02983 0.452448 -0.0166217 1.96197 
1.03315 0.444583 -0.0238054 1.96683 
1.03336 0.447623 -0.0217202 1.96851 
1.01704 0.473549 0.00981461 1.94006 
1.01969 0.468583 0.00293651 1.94421 
1.02171 0.465469 0.00821355 1.94745 
1.02016 0.471367 0.00562736 1.94655 
1.01531 0.477754 0.0083878 1.93803 
1.01331 0.480098 0.00202883 1.93459 
1.01761 0.474282 0.000624764 1.94203 
1.01461 0.475253 0.00417606 1.93525 
1.01286 0.482602 0.024335 1.93428 
1.01512 0.477887 0.0178397 1.93747 
1.01738 0.475673 0.0220366 1.94169 
1.01568 0.480426 0.0202012 1.93993 
1.00932 0.486564 0.0240011 1.92789 
1.00539 0.489433 0.0240125 1.92043 
1.00791 0.486394 0.0194868 1.92469 
1.00809 0.488363 0.022984 1.92616 
1.00396 0.480616 0.00752201 1.91658 
1.00522 0.476989 -0.00117378 1.91831 
1.00886 0.483567 0.00235787 1.92628 
1.00634 0.481117 0.00262888 1.92224 
1.01448 0.479168 -0.019823 1.9377 
1.0119 0.478961 -0.0245993 1.93235 
1.0155 0.47659 -0.0256063 1.9392 
1.01381 0.477438 -0.0234384 1.93549 
1.01085 0.481302 0.0637621 1.92956 
1.00968 0.480944 0.0691064 1.92693 
1.00827 0.484234 0.0656277 1.92488 
1.00973 0.480281 0.0660967 1.92654 
1.00952 0.48515 0.0548963 1.9278 
1.0104 0.481878 0.0579083 1.92844 
1.00622 0.487822 0.0590574 1.92135 
1.00929 0.483243 0.0565827 1.92637 
1.01905 0.468874 0.0577167 1.94324 
1.0195 0.467089 0.0660901 1.944 
1.01655 0.472667 0.0675324 1.9395 
1.01846 0.47058 0.0662128 1.94307 
1.02667 0.461111 0.0497783 1.95786 
1.02156 0.468682 0.0511007 1.94891 
1.02391 0.466346 0.0420678 1.95324 
1.02361 0.46309 0.0489011 1.95129 
1.02521 0.457596 0.0731087 1.95401 
1.02266 0.459724 0.0808554 1.94934 
1.02187 0.462083 0.0738864 1.94793 
1.02328 0.457497 0.0756206 1.94946 
1.06876 0.360118 0.0136839 2.02363 
1.06968 0.357193 0.0130142 2.02502 
1.0693 0.357466 0.0154063 2.02442 
1.06929 0.358327 0.0150123 2.02445 
1.06691 0.364766 0.0148992 2.02043 
1.06786 0.362313 0.0144075 2.02203 
1.06768 0.362316 0.0159506 2.02183 
1.06765 0.363452 0.0157767 2.02192 
1.06946 0.359676 0.00654439 2.02456 
1.07029 0.357794 0.00336906 2.02594 
1.07098 0.354519 0.00654059 2.02687 
1.07035 0.359177 0.00496762 2.02661 
1.06775 0.366125 0.0105132 2.02244 
1.06858 0.363553 0.00862161 2.02367 
1.06839 0.362567 0.0118484 2.02314 
1.06826 0.364902 0.0113375 2.02335 
1.06746 0.367939 0.0101956 2.02218 
1.06684 0.370948 0.00756709 2.02144 
1.06825 0.365922 0.00818166 2.02348 
1.06744 0.366638 0.00803094 2.02167 
1.07466 0.340556 0.0159588 2.03267 
1.07351 0.345318 0.0135981 2.03102 
1.07485 0.341952 0.0115707 2.0332 
1.07446 0.344633 0.013865 2.0332 
1.07161 0.344922 0.0232173 2.02767 
1.0711 0.346203 0.0231263 2.02684 
1.07134 0.346805 0.0217624 2.02737 
1.07127 0.345361 0.0223297 2.02695 
1.07226 0.342124 0.0258041 2.0285 
1.07204 0.342995 0.0242229 2.0281 
1.07273 0.34145 0.0246502 2.0292 
1.07238 0.342866 0.0251599 2.02895 
1.07258 0.341379 0.0313639 2.02917 
1.07242 0.342026 0.0279083 2.02892 
1.07306 0.341225 0.0271108 2.03002 
1.07264 0.341323 0.0276381 2.02918 
1.07148 0.344051 0.0261064 2.02739 
1.07158 0.343091 0.0255655 2.02733 
1.07178 0.343062 0.0264722 2.02777 
1.07162 0.343454 0.0264321 2.02756 
1.07135 0.3433 0.0250967 2.02681 
1.07098 0.344202 0.0248745 2.02617 
1.07154 0.343858 0.0244293 2.02733 
1.07136 0.343832 0.0246793 2.02699 
1.07158 0.349594 0.0169105 2.0279 
1.07246 0.347946 0.015207 2.02936 
1.07245 0.346162 0.0179626 2.02917 
1.07224 0.349077 0.0162165 2.02937 
1.06966 0.354985 0.0169647 2.0249 
1.07046 0.352405 0.0169005 2.02614 
1.06996 0.352549 0.0184558 2.02524 
1.07007 0.353395 0.0182156 2.02551 
1.06896 0.355186 0.0198488 2.02364 
1.06936 0.355863 0.018224 2.02448 
1.06964 0.353431 0.0196721 2.02474 
1.06927 0.354287 0.0186833 2.02406 
1.06828 0.360774 0.0172574 2.02292 
1.06851 0.361022 0.0153718 2.0233 
1.06899 0.358444 0.0171791 2.024 
1.06855 0.359889 0.0157782 2.02328 
1.06762 0.356138 0.0216651 2.0212 
1.06756 0.357739 0.0206114 2.02124 
1.06812 0.356017 0.0203072 2.02212 
1.06775 0.356579 0.0214004 2.02139 
1.06707 0.364685 0.0182687 2.02116 
1.06684 0.365957 0.016514 2.02067 
1.06759 0.363406 0.0173976 2.02199 
1.06712 0.363771 0.0171723 2.02092 
1.07087 0.35468 0.0130641 2.02725 
1.07204 0.350915 0.0136033 2.02912 
1.07124 0.352427 0.0154132 2.02779 
1.07135 0.351701 0.0147036 2.02763 
1.06698 0.367205 0.0149222 2.02111 
1.06735 0.367271 0.0125984 2.02187 
1.06794 0.363873 0.0142399 2.02249 
1.0674 0.366168 0.0128923 2.0218 
1.06547 0.368546 0.0175135 2.01815 
1.06616 0.367339 0.0157948 2.01929 
1.06588 0.366665 0.0173379 2.01867 
1.06588 0.368552 0.0168933 2.01916 
1.06925 0.363673 0.00491899 2.02519 
1.06854 0.367394 0.000323307 2.02445 
1.06991 0.362619 0.00162032 2.02644 
1.0693 0.362834 0.00219712 2.02497 
1.06646 0.369512 0.0136554 2.02047 
1.06577 0.371981 0.0120377 2.01935 
1.06671 0.369257 0.0115721 2.02088 
1.06635 0.369828 0.0131617 2.02018 
1.06421 0.377974 0.00835825 2.01707 
1.06387 0.378609 0.00379582 2.01637 
1.06529 0.375208 0.00579259 2.01886 
1.06459 0.377957 0.00480686 2.01799 
1.06433 0.378703 0.00192208 2.01756 
1.06646 0.37378 0.000680028 2.02127 
1.06592 0.37506 0.0044318 2.02038 
1.06562 0.373999 0.00240474 2.01923 
1.06231 0.382527 0.00791569 2.0138 
1.06296 0.3808 0.00341427 2.01484 
1.06342 0.380069 0.00781652 2.01578 
1.06292 0.38163 0.00769914 2.01503 
1.06203 0.384931 -0.00650366 2.01398 
1.06447 0.378896 -0.00828799 2.01802 
1.06352 0.381225 -0.00165587 2.01638 
1.06327 0.379916 -0.00695041 2.01532 
1.05646 0.39565 -0.00359183 2.00396 
1.05927 0.389392 -0.00420621 2.00865 
1.05876 0.389998 0.00318744 2.00754 
1.05836 0.391042 -0.00380353 2.00697 
1.06777 0.368409 -0.0314938 2.02336 
1.06482 0.377443 -0.0302159 2.01896 
1.06562 0.373506 -0.0401428 2.02008 
1.06607 0.37282 -0.0307183 2.02057 
1.056 0.397427 -0.00915683 2.00353 
1.05757 0.394718 -0.0171657 2.00661 
1.05921 0.391041 -0.0103537 2.0092 
1.05753 0.39294 -0.0102908 2.00572 
1.06332 0.378137 -0.0705437 2.01808 
1.0593 0.387686 -0.0742163 2.01177 
1.06145 0.380649 -0.0810305 2.0153 
1.06122 0.379767 -0.0775293 2.01394 
1.06834 0.352505 -0.106619 2.02647 
1.07075 0.348527 -0.100631 2.03035 
1.068 0.357516 -0.099716 2.02599 
1.06878 0.34975 -0.101158 2.02584 
1.07456 0.342196 -0.0865956 2.03627 
1.07123 0.352861 -0.0840953 2.03081 
1.07244 0.345878 -0.0925868 2.03274 
1.07268 0.343797 -0.0862665 2.03201 
1.08087 0.314635 -0.0826342 2.04421 
1.08135 0.315357 -0.0723072 2.04441 
1.0783 0.323453 -0.0822278 2.03986 
1.08043 0.319322 -0.082649 2.04411 
1.07714 0.343172 -0.0545046 2.04026 
1.0732 0.354596 -0.059011 2.03413 
1.07581 0.345601 -0.0644034 2.03834 
1.07528 0.343178 -0.0595033 2.03586 
1.06496 0.369685 -0.0742282 2.01947 
1.06313 0.372441 -0.0848052 2.01688 
1.06717 0.363418 -0.0818375 2.02367 
1.06527 0.371308 -0.0785719 2.02134 
1.06991 0.360933 -0.0534261 2.02748 
1.07114 0.35809 -0.0440049 2.02913 
1.06732 0.369588 -0.0450905 2.02331 
1.06932 0.358383 -0.0465113 2.02477 
1.07392 0.345778 -0.0726332 2.03421 
1.07162 0.354635 -0.0666818 2.03065 
1.07067 0.354064 -0.0775078 2.02905 
1.07229 0.353992 -0.0699029 2.03255 
1.07612 0.341698 -0.0503297 2.03695 
1.07371 0.351514 -0.0452936 2.03356 
1.0725 0.352849 -0.0549408 2.0315 
1.07434 0.353536 -0.0500925 2.03613 
1.08032 0.322188 -0.0643903 2.04289 
1.07853 0.330398 -0.0556275 2.04003 
1.07718 0.332715 -0.0660119 2.03803 
1.07901 0.332876 -0.0632783 2.04256 
1.07759 0.333011 -0.0834669 2.04075 
1.08068 0.325814 -0.0738604 2.0456 
1.07738 0.3363 -0.074968 2.04033 
1.07817 0.328693 -0.0741469 2.04009 
1.08865 0.291749 -0.0760242 2.05767 
1.09208 0.280928 -0.0654894 2.06295 
1.08931 0.295903 -0.0621726 2.059 
1.09011 0.291561 -0.0629935 2.06039 
1.0774 0.34534 -0.032086 2.04046 
1.07499 0.352677 -0.0402925 2.03696 
1.07768 0.343265 -0.0438774 2.04106 
1.07655 0.342662 -0.0403382 2.03777 
1.079 0.334446 -0.0106905 2.04084 
1.07827 0.338165 -0.0208855 2.04018 
1.08111 0.327323 -0.0173829 2.04426 
1.07973 0.331859 -0.019723 2.04208 
1.08298 0.316371 -0.00687478 2.04606 
1.07949 0.327743 -0.00953388 2.04028 
1.08214 0.318027 -0.0167707 2.04437 
1.08179 0.323818 -0.00767253 2.045 
1.07453 0.343432 0.00734429 2.03251 
1.07266 0.349775 0.00679018 2.02966 
1.07382 0.346686 0.00288627 2.0315 
1.0738 0.348915 0.00480669 2.03226 
1.06191 0.383009 -0.0203719 2.01331 
1.06088 0.386774 -0.0116267 2.01185 
1.05937 0.39076 -0.0188689 2.0097 
1.06068 0.387554 -0.0195936 2.01179 
1.07453 0.348376 -0.0206805 2.03377 
1.0724 0.355775 -0.0138536 2.03052 
1.07118 0.359876 -0.0221987 2.0289 
1.07276 0.354036 -0.0223169 2.03106 
1.06632 0.371193 -0.00441533 2.02005 
1.06411 0.37665 -0.00229757 2.0163 
1.06535 0.372825 -0.0092991 2.01817 
1.06552 0.375526 -0.00392868 2.01949 
1.04773 0.410614 -0.0635123 1.9907 
1.04868 0.410652 -0.0533501 1.99225 
1.04543 0.416966 -0.0590757 1.98717 
1.04753 0.414952 -0.0603337 1.99162 
1.06889 0.362621 -0.074215 2.02711 
1.06984 0.361041 -0.0645041 2.02811 
1.06649 0.368977 -0.067531 2.02258 
1.06841 0.361497 -0.0701434 2.02507 
1.05694 0.395039 -0.0427099 2.00617 
1.05254 0.404835 -0.0469796 1.99918 
1.05616 0.396175 -0.0509885 2.00518 
1.05569 0.398075 -0.0496528 2.00456 
1.06306 0.380063 -0.0480321 2.01634 
1.05936 0.389137 -0.0447384 2.0101 
1.05908 0.38841 -0.0543436 2.00975 
1.06028 0.386568 -0.0461635 2.01162 
1.06372 0.377062 -0.0597177 2.01783 
1.06447 0.376799 -0.0492061 2.01886 
1.06036 0.386645 -0.0562543 2.01252 
1.063 0.378681 -0.0580778 2.01638 
1.0706 0.355598 -0.0374998 2.02663 
1.06954 0.360982 -0.030523 2.02536 
1.06734 0.367541 -0.0400083 2.0224 
1.06968 0.363621 -0.039431 2.02696 
1.06512 0.36821 -0.0631878 2.0185 
1.06817 0.360223 -0.0601429 2.02327 
1.06584 0.368661 -0.0519107 2.01963 
1.06681 0.368783 -0.0570976 2.02255 
1.07047 0.360508 -0.00971851 2.02715 
1.07003 0.361599 -0.00316196 2.0264 
1.06853 0.366489 -0.00434362 2.02414 
1.06965 0.36228 -0.00360783 2.02562 
1.06909 0.364313 -0.0225041 2.02504 
1.07036 0.362236 -0.0159927 2.02744 
1.06741 0.369069 -0.0154 2.02219 
1.06909 0.365942 -0.0157863 2.02543 
1.06512 0.376901 -0.0219689 2.01925 
1.06776 0.368035 -0.0222861 2.02292 
1.06643 0.372557 -0.0151501 2.0209 
1.06655 0.372631 -0.0225908 2.0214 
1.07251 0.352663 -0.0361866 2.0305 
1.07469 0.346808 -0.0292874 2.03395 
1.07114 0.35876 -0.0289884 2.02864 
1.07274 0.353815 -0.0283586 2.03117 
1.07555 0.342025 -0.0211986 2.03445 
1.07639 0.340378 -0.0133658 2.03603 
1.07312 0.349564 -0.0142954 2.03045 
1.07527 0.344944 -0.013378 2.03452 
1.05687 0.394927 -0.0248655 2.00514 
1.05377 0.401045 -0.02772 1.99982 
1.05662 0.396326 -0.0332934 2.0054 
1.05585 0.395612 -0.0300268 2.00302 
1.08097 0.321025 -0.0409311 2.04279 
1.07827 0.33297 -0.0325848 2.03892 
1.0786 0.330272 -0.0448641 2.03955 
1.0798 0.333417 -0.0401279 2.04333 
1.071 0.345662 0.0234407 2.02654 
1.07145 0.344657 0.0235389 2.02731 
1.07099 0.34487 0.0243545 2.02639 
1.07112 0.345075 0.0240622 2.02668 
1.07418 0.340866 0.0195987 2.032 
1.07338 0.341477 0.0223212 2.0306 
1.0731 0.343543 0.0197545 2.03027 
1.07363 0.342886 0.0212837 2.03142 
1.07526 0.335603 0.033933 2.03385 
1.07488 0.335466 0.0440797 2.03338 
1.07296 0.340195 0.0369344 2.02985 
1.07436 0.335795 0.0354561 2.0318 
1.07812 0.337812 0.0480097 2.03981 
1.07563 0.34526 0.0477802 2.03577 
1.0768 0.342492 0.040784 2.0377 
1.07655 0.33848 0.0460822 2.03597 
1.08077 0.321503 0.0666481 2.04253 
1.0803 0.32565 0.0559352 2.04205 
1.08297 0.314742 0.0568686 2.04577 
1.08176 0.325831 0.0591177 2.04598 
1.07481 0.340115 0.0613943 2.03265 
1.07476 0.342339 0.0525146 2.03283 
1.07724 0.333912 0.0539327 2.0366 
1.07597 0.34271 0.0564662 2.03618 
1.06571 0.367965 0.0629159 2.01871 
1.06855 0.364257 0.0602374 2.0245 
1.06824 0.362991 0.0697798 2.02381 
1.06733 0.362813 0.0629041 2.02106 
1.05958 0.380198 0.0591131 2.00741 
1.06242 0.376121 0.0515989 2.01277 
1.06278 0.373875 0.0594162 2.01326 
1.06149 0.373921 0.05683 2.0099 
1.06232 0.378098 0.0397488 2.01277 
1.06476 0.376327 0.0382197 2.01825 
1.06387 0.375023 0.043305 2.01569 
1.0638 0.376506 0.039673 2.01591 
1.04842 0.41353 0.0567073 1.99178 
1.05222 0.405167 0.0500183 1.99771 
1.05094 0.405756 0.062543 1.99535 
1.05007 0.403421 0.0554715 1.99194 
1.06173 0.383677 0.0195529 2.01292 
1.06149 0.383847 0.0216398 2.01238 
1.0609 0.385038 0.0184497 2.01125 
1.06148 0.384854 0.0194021 2.01269 
1.07052 0.356731 0.019185 2.02666 
1.06952 0.360716 0.021308 2.02531 
1.06948 0.359239 0.0187764 2.02495 
1.06966 0.357362 0.0200735 2.02471 
1.07244 0.348289 0.0155686 2.02916 
1.07145 0.35138 0.0176281 2.02753 
1.07145 0.351006 0.014299 2.02778 
1.07168 0.348809 0.0156257 2.02743 
1.07064 0.356804 0.0238739 2.02673 
1.06963 0.359041 0.022534 2.02499 
1.07064 0.35465 0.0206827 2.02623 
1.07046 0.358466 0.0224495 2.02689 
1.07301 0.350829 0.0278851 2.03067 
1.07177 0.35413 0.0257749 2.02867 
1.07313 0.348998 0.0237481 2.03055 
1.07284 0.353362 0.0256576 2.0311 
1.07316 0.353723 0.038226 2.03195 
1.07373 0.35169 0.0324697 2.03271 
1.07525 0.347212 0.0362226 2.03516 
1.07385 0.348412 0.0364064 2.03202 
1.07188 0.354462 0.0372079 2.02894 
1.07064 0.358321 0.0333793 2.02701 
1.07239 0.352677 0.0322909 2.02964 
1.07189 0.357519 0.0339953 2.02992 
1.0744 0.346145 0.0469313 2.0329 
1.07314 0.350752 0.0419637 2.03106 
1.07529 0.343722 0.0405158 2.03425 
1.07452 0.34962 0.0422922 2.03418 
1.07993 0.328539 0.0381531 2.04147 
1.0792 0.330609 0.0460044 2.04035 
1.07767 0.336716 0.0389027 2.03815 
1.07932 0.335706 0.0399847 2.04205 
1.07777 0.339166 0.0277552 2.03912 
1.07976 0.333486 0.0328429 2.04247 
1.07753 0.340876 0.0344285 2.03902 
1.07808 0.334722 0.0323804 2.03856 
1.08124 0.324108 0.0233857 2.04353 
1.08376 0.316193 0.0267418 2.04763 
1.08181 0.325151 0.0309311 2.04521 
1.08218 0.32002 0.0294289 2.04477 
1.07387 0.348973 0.0631539 2.03312 
1.07092 0.358516 0.0575865 2.02847 
1.07365 0.351932 0.0551464 2.03315 
1.07296 0.350622 0.0568203 2.03103 
1.06857 0.365836 0.0515875 2.02468 
1.06546 0.371862 0.0478264 2.01875 
1.06785 0.369285 0.0453164 2.02382 
1.0673 0.367234 0.0473237 2.0218 
1.07231 0.355129 0.0300112 2.03024 
1.07066 0.360053 0.03163 2.02764 
1.07123 0.358006 0.0277385 2.02846 
1.07124 0.355859 0.0298057 2.02778 
1.06249 0.374403 0.0216342 2.01336 
1.06228 0.37318 0.0217055 2.01288 
1.06226 0.373348 0.0215884 2.01287 
1.06229 0.373342 0.0215579 2.01292 
1.06275 0.376394 0.0214031 2.01408 
1.06262 0.375456 0.021447 2.01369 
1.06274 0.37692 0.021472 2.01411 
1.06274 0.376495 0.0216761 2.01409 
1.06282 0.378689 0.0215464 2.01452 
1.0628 0.37843 0.0211984 2.01443 
1.06278 0.377904 0.0214065 2.01433 
1.06282 0.378542 0.0215474 2.01452 
1.0631 0.376001 0.0211587 2.01472 
1.06303 0.374733 0.0214515 2.01443 
1.06289 0.374839 0.0215716 2.01417 
1.06297 0.374841 0.0213794 2.01432 
1.0627 0.373512 0.0217868 2.01365 
1.06285 0.373483 0.0216892 2.01392 
1.0626 0.372179 0.0219599 2.01337 
1.06277 0.373464 0.0217689 2.01382 
1.06172 0.370018 0.119279 2.01414 
1.06518 0.359981 0.117545 2.01925 
1.06307 0.362317 0.125972 2.01571 
1.06296 0.360319 0.120837 2.01417 
1.05338 0.386906 0.123154 1.99973 
1.05749 0.378086 0.120214 2.00649 
1.05568 0.381543 0.128436 2.00422 
1.05541 0.379667 0.125256 2.00245 
1.05819 0.379283 0.106067 2.0071 
1.06235 0.370821 0.102742 2.01425 
1.06032 0.373746 0.112044 2.01111 
1.05998 0.371067 0.106778 2.00881 
1.05457 0.388696 0.0776113 1.99904 
1.05274 0.398246 0.071022 1.99752 
1.05637 0.387363 0.06541 2.00225 
1.05408 0.385933 0.0697224 1.99629 
1.0495 0.389199 0.102163 1.98868 
1.05269 0.38491 0.0910117 1.99403 
1.05356 0.380655 0.0987953 1.9954 
1.05263 0.3894 0.0975997 1.99608 
1.04767 0.399405 0.0862018 1.98648 
1.05033 0.397585 0.0747115 1.99153 
1.05149 0.38812 0.081687 1.99147 
1.05051 0.40067 0.0814659 1.99362 
1.07039 0.357234 0.07795 2.02787 
1.0735 0.349884 0.0739421 2.03311 
1.07276 0.348752 0.0852481 2.03166 
1.07204 0.347902 0.0776399 2.02903 
1.06979 0.360657 0.0307649 2.02562 
1.06904 0.362629 0.0284933 2.02441 
1.07026 0.358675 0.0272169 2.02622 
1.06981 0.362097 0.0292192 2.02619 
1.06913 0.365943 0.0401064 2.0258 
1.06992 0.363689 0.0352688 2.02697 
1.07104 0.360636 0.0392674 2.02886 
1.06986 0.361318 0.0384947 2.02609 
1.06826 0.366683 0.0394777 2.02382 
1.067 0.370418 0.0357612 2.02184 
1.06893 0.36472 0.0354587 2.02484 
1.06836 0.369385 0.0363958 2.02491 
1.06911 0.364022 0.0271271 2.02507 
1.06935 0.362453 0.0242541 2.02527 
1.07026 0.360365 0.025648 2.02684 
1.06945 0.360916 0.0255982 2.02497 
1.06504 0.374539 0.0301098 2.01826 
1.06596 0.371787 0.0294173 2.01969 
1.06584 0.372385 0.0324703 2.01955 
1.06573 0.374153 0.0305008 2.01988 
1.06774 0.365828 0.0232203 2.02233 
1.06864 0.363162 0.022796 2.02372 
1.06847 0.364715 0.0255048 2.02366 
1.06838 0.365189 0.0245076 2.02374 
1.06627 0.369582 0.0221923 2.02015 
1.06688 0.369103 0.0235786 2.02136 
1.06605 0.371923 0.0242967 2.02019 
1.06636 0.369715 0.0226801 2.02027 
1.0659 0.365127 0.017217 2.01881 
1.06544 0.366644 0.0178528 2.01808 
1.06528 0.365528 0.0166131 2.01783 
1.06553 0.365541 0.0168663 2.01802 
1.07436 0.345189 0.0192734 2.03262 
1.07398 0.344642 0.0160088 2.03173 
1.07556 0.340299 0.0154212 2.03435 
1.07437 0.342244 0.0182828 2.03196 
1.06944 0.356295 0.0174448 2.02419 
1.06965 0.355156 0.0154026 2.02468 
1.07046 0.353698 0.017733 2.02583 
1.06982 0.355181 0.0160757 2.02475 
1.06786 0.362147 0.0186199 2.02185 
1.06865 0.35991 0.0181047 2.02308 
1.06877 0.361463 0.0201373 2.02366 
1.06853 0.361537 0.0195221 2.02334 
1.0682 0.358907 0.0148562 2.02264 
1.06802 0.357939 0.013596 2.02248 
1.06888 0.356987 0.0140957 2.02386 
1.06829 0.35749 0.0138707 2.02255 
1.06987 0.346703 0.00521796 2.02487 
1.06878 0.345973 0.00424103 2.02256 
1.06959 0.343606 0.00283911 2.02388 
1.06934 0.345275 0.00458113 2.02376 
1.06969 0.354097 0.0132605 2.02498 
1.06972 0.352581 0.010935 2.02514 
1.07053 0.351776 0.0125332 2.0263 
1.07004 0.352863 0.0115032 2.02547 
1.0708 0.352437 0.0160411 2.02623 
1.06991 0.354101 0.0139225 2.02496 
1.07073 0.351916 0.0131922 2.02629 
1.07053 0.353264 0.0150261 2.02622 
1.06886 0.357215 0.0165289 2.02304 
1.06833 0.358105 0.0152857 2.02226 
1.06904 0.35605 0.0145997 2.02345 
1.06874 0.357396 0.0160367 2.02307 
1.06771 0.357158 0.0119046 2.02179 
1.06728 0.356056 0.0106791 2.02098 
1.06794 0.355259 0.0103227 2.02217 
1.06754 0.355512 0.0110317 2.02124 
1.0811 0.321192 0.00902967 2.04317 
1.08281 0.31323 0.00417999 2.04572 
1.0831 0.31541 0.0117745 2.04635 
1.08263 0.319948 0.00771204 2.04668 
1.07752 0.332074 0.014102 2.03695 
1.07934 0.326049 0.0117765 2.03989 
1.07955 0.325777 0.017414 2.04 
1.07913 0.330951 0.0143167 2.04067 
1.07637 0.337945 0.0235427 2.03539 
1.07477 0.342827 0.0215161 2.03292 
1.0761 0.337259 0.0182434 2.03478 
1.07597 0.341316 0.0199899 2.03546 
1.08041 0.326267 0.0304551 2.04199 
1.07827 0.332916 0.0256123 2.03856 
1.07989 0.325678 0.0237861 2.04057 
1.07971 0.331452 0.0255037 2.04177 
1.07609 0.342107 0.0343612 2.03574 
1.07442 0.347309 0.030712 2.03315 
1.07624 0.340784 0.0285792 2.03577 
1.07584 0.345939 0.0302596 2.03628 
1.07839 0.320522 -0.00479458 2.03852 
1.07671 0.324607 -0.00398217 2.03577 
1.07673 0.321232 -0.00835968 2.03556 
1.0773 0.322824 -0.00695673 2.03673 
1.07397 0.34137 0.00960321 2.03149 
1.07479 0.338868 0.00803194 2.03285 
1.07572 0.336585 0.0109998 2.03397 
1.07484 0.340726 0.00942114 2.03348 
1.0732 0.344438 0.00851124 2.03096 
1.07263 0.343567 0.00571575 2.03008 
1.074 0.342104 0.00697437 2.03235 
1.0733 0.342659 0.00661719 2.03077 
1.07639 0.336089 0.0108967 2.03552 
1.0754 0.338359 0.00762241 2.03424 
1.07658 0.335074 0.00615312 2.03624 
1.07604 0.336968 0.00931866 2.03542 
1.0654 0.362358 0.0139141 2.01784 
1.06489 0.362157 0.0135034 2.01691 
1.06533 0.361017 0.01299 2.01763 
1.06521 0.361786 0.0137502 2.01753 
1.04154 0.420148 0.0827308 1.97904 
1.04338 0.411579 0.089666 1.98077 
1.03946 0.421002 0.0917527 1.975 
1.042 0.42105 0.0872361 1.9809 
1.05416 0.393173 0.0404681 1.99776 
1.05271 0.399813 0.0317182 1.99639 
1.05569 0.38918 0.0334562 1.99994 
1.05474 0.397537 0.0335256 2.00065 
1.06249 0.370925 0.0843188 2.01302 
1.06661 0.363745 0.0819259 2.02077 
1.06487 0.365196 0.0921107 2.01769 
1.06459 0.363655 0.0844407 2.01588 
1.05923 0.377984 0.0635967 2.00598 
1.06244 0.371294 0.064486 2.01176 
1.06127 0.37057 0.072925 2.00907 
1.06155 0.372525 0.0647776 2.00998 
1.05383 0.393108 0.0477502 1.99715 
1.05583 0.383994 0.0553105 1.99917 
1.05235 0.394784 0.0609131 1.99468 
1.05463 0.39598 0.0569914 2.0006 
1.05567 0.38967 0.0470436 2.00048 
1.05946 0.383121 0.0436947 2.00749 
1.0581 0.382906 0.0531944 2.00437 
1.0576 0.383681 0.0458973 2.00312 
1.06464 0.370625 0.0495375 2.01631 
1.0675 0.364365 0.0536782 2.02158 
1.06513 0.367864 0.0572927 2.01693 
1.06597 0.370188 0.0546053 2.01972 
1.05762 0.374576 0.114943 2.005 
1.05366 0.382928 0.117855 1.9984 
1.05587 0.380046 0.108375 2.00184 
1.05617 0.382373 0.112861 2.00388 
1.06082 0.362762 0.128985 2.0106 
1.05758 0.372315 0.130337 2.00593 
1.05966 0.370601 0.121526 2.00946 
1.05976 0.372031 0.126343 2.01079 
1.06673 0.346462 0.1251 2.01959 
1.06412 0.354425 0.126607 2.0158 
1.06633 0.352454 0.118108 2.01972 
1.06605 0.354589 0.123973 2.02038 
1.06651 0.349021 0.13198 2.02066 
1.06483 0.350989 0.139551 2.01806 
1.0638 0.356298 0.132344 2.01629 
1.06488 0.349377 0.134735 2.01704 
1.05376 0.382996 0.133029 2.00051 
1.05014 0.390351 0.136217 1.99459 
1.05159 0.388207 0.126766 1.99619 
1.05191 0.387971 0.129928 1.99733 
1.01957 0.429721 0.165597 1.93952 
1.02458 0.420351 0.16383 1.94754 
1.02238 0.419966 0.173652 1.94372 
1.02275 0.427306 0.167138 1.94647 
1.05121 0.375054 0.152297 1.99397 
1.05286 0.366032 0.157391 1.99575 
1.04862 0.377292 0.157388 1.98912 
1.05103 0.375271 0.154036 1.99389 
1.05533 0.373343 0.137017 2.00152 
1.05675 0.365778 0.143471 2.00333 
1.05365 0.373367 0.144637 1.99836 
1.05536 0.372219 0.139952 2.0016 
1.06215 0.356767 0.134683 2.01262 
1.06304 0.35154 0.141965 2.01409 
1.06029 0.358942 0.141872 2.00962 
1.06205 0.358408 0.139357 2.0135 
1.06655 0.329321 0.150099 2.01711 
1.0659 0.329336 0.155009 2.01624 
1.06411 0.33441 0.153411 2.01303 
1.0659 0.331348 0.154736 2.01677 
1.07687 0.308632 0.128354 2.03428 
1.07872 0.297998 0.132696 2.03663 
1.07497 0.306743 0.139668 2.03036 
1.07721 0.305848 0.130072 2.03462 
1.07072 0.310572 0.160423 2.02374 
1.06908 0.318847 0.15788 2.02156 
1.07194 0.313377 0.15003 2.02598 
1.07072 0.31808 0.156688 2.02528 
1.09224 0.165718 0.117541 2.04834 
1.10935 0.0911379 -0.00238949 2.10004 
1.11026 0.0207774 0.0809386 2.10028 
1.10369 0.170764 0.0879335 2.07903 
1.05914 0.339974 0.181141 2.00686 
1.05497 0.349216 0.184092 1.99989 
1.05698 0.347788 0.174363 2.00275 
1.05697 0.346534 0.177232 2.00286 
1.06806 0.315685 0.170944 2.02047 
1.06415 0.326952 0.174021 2.01426 
1.06786 0.321873 0.162652 2.02032 
1.06691 0.324362 0.173025 2.02025 
1.056 0.339708 0.195116 2.00157 
1.05414 0.347039 0.186619 1.99761 
1.05894 0.335257 0.182324 2.00515 
1.05641 0.338425 0.191141 2.00133 
1.08204 0.315622 0.10929 2.04978 
1.09039 0.303366 0.0388614 2.07545 
1.09225 0.250407 0.133216 2.06162 
1.0923 0.249509 0.0937219 2.05876 
1.06762 0.335295 0.156479 2.02285 
1.06655 0.333887 0.15882 2.01993 
1.06485 0.340767 0.157538 2.01793 
1.06595 0.336584 0.159548 2.01954 
1.05865 0.331872 0.199366 2.00653 
1.06188 0.330407 0.183782 2.01122 
1.06547 0.320653 0.186916 2.01797 
1.06228 0.325897 0.185383 2.01128 
1.06423 0.333025 0.162353 2.01429 
1.06378 0.336473 0.158969 2.01364 
1.06575 0.330577 0.158513 2.01675 
1.06426 0.331659 0.158573 2.01336 
1.06379 0.333673 0.175401 2.01557 
1.06431 0.334733 0.167861 2.01591 
1.06689 0.331274 0.166005 2.02113 
1.0649 0.331527 0.167851 2.01649 
1.06092 0.338016 0.174988 2.00968 
1.0587 0.346144 0.170399 2.00586 
1.06194 0.337524 0.168041 2.01089 
1.06061 0.339045 0.173213 2.00887 
1.06013 0.353826 0.155187 2.01201 
1.0464 0.377763 0.129926 1.99326 
1.06846 0.349449 0.125808 2.02874 
1.05792 0.349468 0.13868 2.00397 
0.988551 0.499213 0.161095 1.89695 
0.980484 0.506423 0.174964 1.88436 
0.979812 0.510895 0.164019 1.88305 
0.981707 0.501387 0.163959 1.88249 
0.990052 0.47792 0.157714 1.88929 
0.989177 0.473126 0.168937 1.88689 
0.982488 0.48482 0.172628 1.87754 
0.9882 0.482604 0.170182 1.88944 
0.971584 0.523682 0.130528 1.86561 
0.981187 0.50958 0.137185 1.88128 
0.974848 0.517592 0.147097 1.87232 
0.975198 0.512323 0.137246 1.86875 
1.01223 0.457884 0.16085 1.93328 
1.01626 0.452129 0.149561 1.93856 
1.01691 0.448612 0.160827 1.94037 
1.01473 0.448877 0.155541 1.93441 
0.997131 0.472114 0.170356 1.90551 
1.00513 0.460592 0.164603 1.91817 
1.00278 0.461919 0.175063 1.91503 
1.00164 0.460779 0.167883 1.91047 
1.00596 0.465815 0.147319 1.91971 
1.01227 0.453643 0.14512 1.92901 
1.00774 0.459273 0.154371 1.92211 
1.00877 0.4624 0.147807 1.92496 
0.997798 0.476475 0.134904 1.90342 
0.999775 0.468426 0.14228 1.9054 
0.995278 0.477369 0.145253 1.89939 
0.997942 0.477114 0.143264 1.90529 
1.00106 0.476331 0.132326 1.91074 
1.00667 0.466557 0.131927 1.9195 
1.00347 0.470109 0.138246 1.91443 
1.00392 0.471618 0.132946 1.91543 
1.00887 0.456692 0.164671 1.92532 
1.01387 0.446106 0.165786 1.9328 
1.00785 0.454013 0.173948 1.92328 
1.0103 0.456272 0.169809 1.92944 
1.00164 0.493743 0.0663914 1.91372 
1.00219 0.493014 0.0672912 1.91471 
1.00154 0.493587 0.0681985 1.91351 
1.00178 0.493427 0.0674202 1.91395 
1.00027 0.495402 0.0672781 1.91148 
1.00095 0.495058 0.0667338 1.91277 
1.00073 0.495123 0.0675499 1.91232 
1.0006 0.49527 0.0671801 1.91206 
1.00003 0.495406 0.0671313 1.91122 
1.0002 0.494983 0.0657992 1.91148 
1.00096 0.494879 0.0661119 1.9127 
1.00045 0.495333 0.0662498 1.91212 
1.00048 0.495581 0.0687799 1.91203 
1.00034 0.495479 0.0684053 1.91161 
1.00059 0.495213 0.0682358 1.91207 
1.00044 0.495313 0.0684694 1.91177 
1.04278 0.39268 -0.142825 1.98507 
1.03788 0.403913 -0.143143 1.97703 
1.04148 0.392155 -0.150026 1.98391 
1.04147 0.395463 -0.148749 1.98378 
1.03252 0.42591 -0.141043 1.97199 
1.0271 0.437476 -0.132037 1.96188 
1.02664 0.43742 -0.140676 1.96331 
1.02752 0.428353 -0.135391 1.96005 
1.07683 0.306529 -0.109862 2.03976 
1.07728 0.293052 -0.112159 2.04054 
1.0805 0.297652 -0.104576 2.04542 
1.07841 0.300314 -0.11251 2.04245 
1.04012 0.425375 -0.0943879 1.9812 
1.04322 0.42028 -0.086498 1.98576 
1.03937 0.428481 -0.0857239 1.97963 
1.0409 0.423043 -0.0905546 1.98156 
1.03248 0.440137 -0.10342 1.97024 
1.03701 0.43324 -0.100687 1.97774 
1.03328 0.440763 -0.0958857 1.97129 
1.03375 0.435115 -0.0997753 1.97044 
1.026 0.448928 -0.0947883 1.95739 
1.02902 0.442008 -0.10178 1.96243 
1.03038 0.442283 -0.0942157 1.96471 
1.02895 0.447534 -0.0973653 1.96419 
1.02833 0.437311 -0.122255 1.96249 
1.03435 0.428418 -0.118969 1.97221 
1.03073 0.43743 -0.112532 1.96627 
1.0305 0.430797 -0.116777 1.96354 
1.03973 0.421692 -0.114153 1.98162 
1.0447 0.415338 -0.108021 1.99017 
1.04078 0.424363 -0.10544 1.98383 
1.0413 0.417279 -0.109155 1.9827 
1.049 0.397237 -0.118037 1.99529 
1.04696 0.405964 -0.111614 1.99251 
1.04533 0.403262 -0.121726 1.98916 
1.04678 0.400163 -0.11531 1.99063 
1.05124 0.393735 -0.112143 1.99875 
1.05366 0.391434 -0.105756 2.00285 
1.04919 0.402585 -0.106452 1.99603 
1.05149 0.394008 -0.110381 1.99892 
1.05164 0.402124 -0.00705556 1.99444 
1.0485 0.407812 0.000619157 1.98876 
1.04772 0.410023 -0.0099118 1.98782 
1.04971 0.40959 -0.00421049 1.9925 
1.05186 0.40867 -0.0209608 1.99781 
1.05346 0.404147 -0.0113243 1.99979 
1.04923 0.41284 -0.0145119 1.99276 
1.0513 0.405037 -0.0164531 1.99488 
1.05781 0.391433 0.0103257 2.0057 
1.05686 0.392994 0.0163348 2.00395 
1.05595 0.39617 0.0121442 2.00284 
1.05676 0.39327 0.0111734 2.00376 
1.06058 0.385925 0.0315697 2.01096 
1.06096 0.384355 0.0362244 2.01147 
1.05885 0.388666 0.0334755 2.00764 
1.06009 0.385117 0.0328897 2.00945 
1.05925 0.389001 0.0258203 2.00863 
1.05999 0.387112 0.0285392 2.00985 
1.05843 0.38982 0.0301561 2.00692 
1.05931 0.388139 0.0289563 2.00854 
1.05865 0.389913 0.0102788 2.00725 
1.05951 0.388314 0.0146357 2.00886 
1.05767 0.390877 0.0158933 2.00519 
1.05874 0.389924 0.0148346 2.00752 
1.06239 0.383243 0.0196336 2.01453 
1.06278 0.38212 0.0191059 2.01518 
1.06272 0.3822 0.020382 2.01509 
1.06258 0.381978 0.0197351 2.01463 
1.0617 0.383902 0.0222043 2.01298 
1.0619 0.383864 0.0202804 2.01349 
1.06224 0.383143 0.0218608 2.01416 
1.06198 0.38372 0.0219037 2.01366 
1.06117 0.385541 0.0173137 2.01209 
1.0621 0.383833 0.0164554 2.01386 
1.062 0.383984 0.018725 2.0137 
1.06173 0.383644 0.0172505 2.01288 
1.06275 0.38178 0.0228304 2.01508 
1.06294 0.380211 0.0224507 2.01514 
1.06308 0.3803 0.0231309 2.01547 
1.0629 0.380516 0.0224696 2.01508 
1.05062 0.409088 -0.0302732 1.99523 
1.04635 0.418289 -0.0328147 1.98844 
1.04926 0.412673 -0.0396436 1.99372 
1.04887 0.411517 -0.0363424 1.99207 
1.0493 0.410459 -0.0275659 1.99237 
1.04705 0.414351 -0.0198156 1.98808 
1.04541 0.417846 -0.0296343 1.98577 
1.04748 0.416409 -0.0242141 1.99014 
1.05524 0.397684 -0.040963 2.00278 
1.05238 0.402321 -0.0341052 1.9971 
1.05127 0.405168 -0.0444142 1.99596 
1.0531 0.403619 -0.0380554 1.99961 
1.05577 0.393671 -0.0218975 2.00184 
1.05457 0.396091 -0.0139191 1.99954 
1.05314 0.39942 -0.0243059 1.99752 
1.05501 0.400138 -0.0201353 2.00235 
1.02471 0.46623 0.0148147 1.95498 
1.02774 0.459532 0.0187449 1.95923 
1.02205 0.46985 0.0206431 1.95014 
1.02474 0.462447 0.0166532 1.95323 
1.02618 0.455386 -0.0109273 1.95421 
1.02813 0.454123 -0.00407626 1.95809 
1.02283 0.462903 -0.00502851 1.94934 
1.02642 0.460339 -0.00778865 1.9569 
1.01847 0.472349 -0.0144253 1.94362 
1.02404 0.463866 -0.0148538 1.95303 
1.02078 0.468926 -0.00745492 1.94732 
1.02029 0.465749 -0.0113587 1.94476 
1.03584 0.439989 -0.029505 1.97155 
1.04085 0.430918 -0.0296693 1.97995 
1.03813 0.437414 -0.0213623 1.9757 
1.03805 0.436259 -0.0246922 1.97521 
1.02622 0.459442 -0.0270551 1.95672 
1.0309 0.451192 -0.0277884 1.96439 
1.02759 0.457647 -0.0193642 1.95894 
1.02744 0.453794 -0.0230063 1.957 
1.02652 0.456876 -0.0303215 1.95645 
1.02891 0.451502 -0.0379361 1.96019 
1.03148 0.447415 -0.0313923 1.9643 
1.02954 0.453575 -0.0352782 1.96248 
1.03527 0.44449 0.00563599 1.97103 
1.03141 0.450009 0.0142648 1.96392 
1.0313 0.45124 0.00402454 1.96431 
1.03242 0.447944 0.00921631 1.9656 
1.04681 0.4187 0.00518651 1.9888 
1.04183 0.430189 0.0028308 1.98115 
1.04561 0.421787 -0.00399272 1.9872 
1.0449 0.420448 -0.000539589 1.9848 
1.04555 0.419621 0.00737479 1.98597 
1.04243 0.426941 0.0147702 1.98119 
1.04088 0.429716 0.00554629 1.97853 
1.04332 0.428656 0.0106816 1.98411 
1.06875 0.363923 0.0432057 2.02425 
1.07072 0.358195 0.0428883 2.02735 
1.06946 0.360796 0.0498557 2.02522 
1.06994 0.363747 0.0449712 2.02723 
1.06571 0.374757 0.0371557 2.02008 
1.06691 0.371635 0.0409124 2.02211 
1.06485 0.374046 0.0433287 2.01781 
1.06589 0.372954 0.0415722 2.02003 
1.06706 0.3709 0.0349702 2.02216 
1.06824 0.367612 0.0316188 2.02405 
1.06888 0.36593 0.0340791 2.02511 
1.06806 0.366613 0.0330418 2.02327 
1.06099 0.38172 0.0297717 2.01046 
1.06201 0.38133 0.0298795 2.01293 
1.06127 0.380014 0.0343205 2.01066 
1.06149 0.381793 0.0305736 2.01176 
1.06718 0.371016 0.0282287 2.02256 
1.06754 0.368343 0.025415 2.02266 
1.06825 0.367729 0.0280456 2.02415 
1.06758 0.368547 0.0263054 2.02271 
1.03272 0.448397 0.0342872 1.9666 
1.02668 0.461445 0.0360647 1.95762 
1.0299 0.454925 0.0268553 1.96245 
1.02938 0.450186 0.0323521 1.95918 
1.01669 0.477566 0.0251413 1.94083 
1.01563 0.479364 0.0314313 1.93911 
1.01281 0.482476 0.0262781 1.93395 
1.01504 0.479707 0.0282171 1.93798 
1.00944 0.483405 0.0142743 1.92692 
1.01095 0.480335 0.00662849 1.92907 
1.01314 0.478207 0.0116542 1.93305 
1.01187 0.482971 0.010406 1.93249 
1.02627 0.457943 0.0213821 1.95488 
1.02426 0.463789 0.0303871 1.95267 
1.02119 0.467295 0.022891 1.94683 
1.02451 0.464839 0.0263209 1.95383 
0.991158 0.448357 0.00769964 1.88396 
0.991364 0.456142 -0.000691702 1.88435 
0.989595 0.431486 4.5775e-05 1.88048 
0.991564 0.449059 -0.00155847 1.88514 
0.984783 0.496804 -0.0180463 1.88019 
0.985756 0.49072 -0.0272867 1.88077 
0.988621 0.486412 -0.0202406 1.88571 
0.986572 0.488979 -0.0205033 1.88173 
0.972901 0.518414 -0.0262111 1.86253 
0.96742 0.526723 -0.021704 1.85346 
0.967119 0.525217 -0.0313785 1.85288 
0.968271 0.520776 -0.0261045 1.85298 
0.973058 0.50793 -0.0392626 1.85916 
0.973885 0.512214 -0.0291683 1.8622 
0.967691 0.519241 -0.0351329 1.85169 
0.972123 0.516555 -0.0353504 1.86063 
0.982037 0.505008 -0.0148136 1.87666 
0.977967 0.51269 -0.00920329 1.87008 
0.97801 0.509972 -0.0193289 1.86972 
0.979446 0.507531 -0.0139147 1.87177 
0.978991 0.513036 0.0105114 1.87125 
0.979818 0.510919 0.000637779 1.87276 
0.984835 0.505245 0.00379052 1.88198 
0.980729 0.508749 0.00478962 1.87384 
0.97609 0.517492 0.0143058 1.86658 
0.969016 0.523939 0.00706603 1.85376 
0.975231 0.514564 0.00263504 1.86369 
0.974654 0.521518 0.00846917 1.86562 
0.947616 0.547632 -0.0301551 1.82023 
0.940447 0.553437 -0.0331608 1.80759 
0.94684 0.544043 -0.039208 1.81721 
0.946296 0.55108 -0.0336975 1.81955 
0.952958 0.544357 -0.0130493 1.82881 
0.953448 0.54346 -0.021989 1.83033 
0.960886 0.534633 -0.0171737 1.84214 
0.954254 0.53751 -0.0176426 1.82846 
0.947644 0.54655 -0.0126912 1.81789 
0.939624 0.554451 -0.0142694 1.80461 
0.946627 0.546271 -0.0212565 1.81629 
0.94624 0.551911 -0.0159103 1.8182 
0.98547 0.398805 -0.0499649 1.86936 
0.984414 0.408407 -0.0578519 1.86857 
0.983694 0.380814 -0.0544019 1.86365 
0.984975 0.399273 -0.0584889 1.86875 
0.989356 0.442503 -0.0420367 1.88007 
0.98732 0.442077 -0.0521239 1.87647 
0.989398 0.420507 -0.0498587 1.87883 
0.990138 0.44272 -0.047571 1.88336 
0.989614 0.43679 -0.0363472 1.87948 
0.988145 0.43501 -0.0425538 1.87648 
0.988094 0.397921 -0.0404985 1.87399 
0.990393 0.435348 -0.0381825 1.88196 
0.993563 0.422069 -0.00766313 1.88925 
0.987845 0.410363 -0.00458821 1.87708 
0.98709 0.402573 -0.0135839 1.8739 
0.989852 0.40942 -0.00704573 1.88162 
0.989115 0.471173 -0.0198736 1.88205 
0.985707 0.47743 -0.0282877 1.87651 
0.990404 0.460772 -0.0265692 1.88323 
0.989502 0.474412 -0.0266738 1.88462 
0.984576 0.480986 -0.0389196 1.87583 
0.983829 0.476511 -0.0489011 1.87373 
0.988138 0.46579 -0.0432667 1.88102 
0.986309 0.47576 -0.0415913 1.87901 
0.981341 0.472998 -0.0577657 1.86822 
0.98094 0.464611 -0.0653328 1.86647 
0.984219 0.45804 -0.0592694 1.87221 
0.982097 0.463211 -0.0584259 1.86821 
0.944375 0.36165 -0.163279 1.7881 
0.939807 0.396916 -0.163416 1.78625 
0.937845 0.369018 -0.171032 1.77693 
0.93926 0.366263 -0.161679 1.77713 
0.969989 0.454456 -0.100171 1.84771 
0.969424 0.468016 -0.0924544 1.84702 
0.963525 0.467822 -0.104826 1.83708 
0.968943 0.466501 -0.0971395 1.84857 
0.975655 0.405677 -0.0990865 1.85274 
0.973147 0.432427 -0.103428 1.85249 
0.972799 0.407784 -0.10763 1.84789 
0.972592 0.406547 -0.101483 1.84576 
0.978723 0.450319 -0.086566 1.86447 
0.974023 0.46658 -0.0895383 1.85701 
0.97476 0.453383 -0.0958248 1.85822 
0.974517 0.45129 -0.0904395 1.85515 
0.923211 0.449024 -0.159033 1.76377 
0.916231 0.43697 -0.167751 1.7473 
0.922218 0.420536 -0.169859 1.75581 
0.919991 0.43545 -0.162585 1.7546 
0.94064 0.445115 -0.140806 1.79295 
0.929677 0.448532 -0.148754 1.77297 
0.936044 0.421254 -0.149845 1.77988 
0.937214 0.445446 -0.146517 1.78897 
0.957556 0.46815 -0.116955 1.82834 
0.952187 0.456387 -0.129121 1.8168 
0.959636 0.449124 -0.122319 1.82978 
0.956358 0.453452 -0.12065 1.82374 
0.952653 0.473025 -0.11598 1.81898 
0.941761 0.479628 -0.125093 1.80001 
0.946436 0.462547 -0.127479 1.80589 
0.947753 0.476643 -0.124183 1.81246 
0.942241 0.4653 -0.137639 1.8015 
0.937015 0.48271 -0.13411 1.79413 
0.932545 0.471823 -0.144706 1.78488 
0.935834 0.468427 -0.138216 1.78806 
0.968871 0.409094 -0.110135 1.83907 
0.969544 0.434531 -0.104342 1.84472 
0.964459 0.428081 -0.115037 1.83389 
0.968955 0.428681 -0.107042 1.84414 
0.846113 0.565124 -0.111536 1.64466 
0.868209 0.548819 -0.125127 1.68059 
0.866017 0.555936 -0.106843 1.67388 
0.860092 0.555367 -0.112971 1.66503 
0.934631 0.552188 -0.0593977 1.79766 
0.942038 0.546 -0.0597316 1.81036 
0.937291 0.553392 -0.0520146 1.80281 
0.936806 0.548025 -0.0568887 1.79944 
0.924252 0.535193 -0.0905034 1.77194 
0.929873 0.540165 -0.0811137 1.78448 
0.919189 0.5458 -0.0798842 1.76506 
0.925758 0.543431 -0.0835006 1.77884 
0.932507 0.531746 -0.092883 1.78899 
0.941363 0.526737 -0.0903965 1.80485 
0.936352 0.53746 -0.0838753 1.79792 
0.935301 0.529335 -0.0897311 1.79235 
0.916662 0.512543 -0.131969 1.76194 
0.92983 0.500295 -0.12964 1.78358 
0.922717 0.515096 -0.122213 1.77134 
0.920977 0.505398 -0.126419 1.76547 
0.944093 0.520554 -0.0834691 1.80607 
0.950539 0.521021 -0.0767682 1.81922 
0.939361 0.531545 -0.0786901 1.80011 
0.944917 0.527859 -0.0809492 1.81102 
0.940024 0.509835 -0.104609 1.79757 
0.941371 0.51822 -0.0955168 1.80148 
0.931891 0.523165 -0.0990137 1.78447 
0.939394 0.519877 -0.0989423 1.79986 
0.927381 0.520897 -0.113283 1.77995 
0.937442 0.513067 -0.10941 1.79645 
0.92894 0.528462 -0.103826 1.78354 
0.929234 0.516699 -0.109515 1.77958 
0.956121 0.48164 -0.107369 1.82472 
0.9573 0.492072 -0.0966701 1.8273 
0.948809 0.496192 -0.105612 1.81272 
0.955653 0.493605 -0.10243 1.82703 
0.961883 0.497778 -0.0812778 1.83621 
0.967419 0.497454 -0.0711458 1.84658 
0.959306 0.509603 -0.0743733 1.83378 
0.9622 0.501514 -0.0781142 1.83693 
0.930871 0.55353 -0.0554286 1.78968 
0.933661 0.554728 -0.0492765 1.79522 
0.928651 0.558164 -0.0496969 1.78668 
0.931618 0.557191 -0.0513423 1.79289 
0.923823 0.557326 -0.0494811 1.77736 
0.924058 0.556413 -0.0511751 1.77769 
0.925715 0.558496 -0.0495133 1.78116 
0.924398 0.557229 -0.0499439 1.77862 
0.935673 0.540995 -0.0705655 1.79571 
0.941226 0.541596 -0.0633161 1.8067 
0.932829 0.548672 -0.0629747 1.7924 
0.937052 0.546429 -0.0661167 1.80092 
1.04492 0.406996 -0.11242 1.98798 
1.03971 0.413335 -0.118895 1.97883 
1.04289 0.40456 -0.122487 1.98372 
1.04281 0.41141 -0.118948 1.9857 
1.05326 0.393471 -0.104299 2.0022 
1.05207 0.398361 -0.0957911 1.99992 
1.04901 0.402707 -0.104228 1.99515 
1.0516 0.400829 -0.10013 2.00042 
1.04739 0.410518 -0.0991463 1.99358 
1.05041 0.405259 -0.0914116 1.998 
1.04668 0.413211 -0.0891596 1.99163 
1.04806 0.406793 -0.0935974 1.99298 
1.05526 0.376387 -0.119495 2.00354 
1.05472 0.383093 -0.11027 2.00293 
1.05229 0.385325 -0.116991 1.99882 
1.05422 0.384382 -0.115327 2.00311 
1.05948 0.385865 -0.0912273 2.01335 
1.05488 0.396315 -0.0915144 2.00572 
1.05635 0.391198 -0.0993223 2.00851 
1.05667 0.3876 -0.0947274 2.00729 
1.05836 0.387461 -0.0704995 2.00893 
1.06207 0.37953 -0.0672775 2.01511 
1.05893 0.388631 -0.0619649 2.01003 
1.05949 0.385542 -0.0640567 2.0106 
1.03626 0.433349 -0.0674154 1.97215 
1.03507 0.438234 -0.0601052 1.97071 
1.03143 0.443029 -0.063228 1.96425 
1.03445 0.440327 -0.0620154 1.97037 
1.03573 0.429459 -0.0819 1.97068 
1.03654 0.428336 -0.075913 1.97157 
1.03212 0.437045 -0.0784444 1.96483 
1.03552 0.434495 -0.0782036 1.97202 
1.03745 0.42749 -0.0961164 1.9757 
1.03686 0.430482 -0.0874642 1.97446 
1.0338 0.435159 -0.0918601 1.96955 
1.03616 0.43349 -0.0911105 1.97456 
1.04276 0.419598 -0.0821161 1.98385 
1.03933 0.42595 -0.0743456 1.97728 
1.0391 0.426895 -0.0813224 1.97781 
1.03958 0.422652 -0.0769563 1.97688 
1.04194 0.426311 -0.0593219 1.98244 
1.03759 0.43563 -0.0583457 1.97565 
1.03906 0.430267 -0.0651856 1.97758 
1.03958 0.42997 -0.0631107 1.97842 
1.01964 0.465774 -0.0424588 1.94479 
1.01562 0.470239 -0.0416124 1.93761 
1.0186 0.464892 -0.0479958 1.94239 
1.01862 0.468474 -0.0434394 1.94392 
1.02251 0.445948 -0.110276 1.9505 
1.02411 0.439795 -0.118258 1.95282 
1.02744 0.439366 -0.110297 1.95882 
1.02526 0.444338 -0.113903 1.95687 
1.01595 0.454876 -0.097898 1.93957 
1.02032 0.453219 -0.104582 1.94831 
1.02164 0.455984 -0.098726 1.95114 
1.02 0.455655 -0.101004 1.94827 
1.00897 0.44821 -0.0753504 1.92362 
1.01132 0.453469 -0.0843989 1.9293 
1.01537 0.46422 -0.0840621 1.93937 
1.01224 0.453442 -0.0834068 1.93144 
1.00073 0.398615 -0.0714479 1.89957 
0.989408 0.329075 -0.0619702 1.86956 
1.00306 0.413947 -0.0807547 1.90665 
0.999712 0.401154 -0.0669907 1.89773 
0.992079 0.358697 -0.0692391 1.87825 
0.982176 0.256975 -0.0558708 1.84771 
0.988034 0.308674 -0.057347 1.86574 
0.985567 0.303088 -0.0782097 1.85971 
1.01921 0.440165 -0.123458 1.94486 
1.0081 0.41935 -0.105749 1.91952 
1.00729 0.404221 -0.110408 1.91731 
1.00907 0.417915 -0.108347 1.9216 
1.00356 0.414605 -0.0784368 1.90794 
0.990121 0.332644 -0.0518759 1.87188 
0.998598 0.388981 -0.0723515 1.89453 
0.999795 0.385011 -0.0832308 1.89702 
0.985787 0.31301 -0.0485398 1.86097 
0.994919 0.379614 -0.0537563 1.88583 
0.983239 0.297623 -0.0470559 1.85361 
0.984429 0.309779 -0.0573811 1.85714 
0.977117 0.24914 -0.0763029 1.8333 
0.977696 0.229908 -0.0624083 1.83277 
0.977466 0.23788 -0.0583902 1.83311 
0.976834 0.232774 -0.0668647 1.83136 
0.978706 0.31392 -0.0835642 1.84514 
0.978068 0.281868 -0.0825636 1.83926 
0.978786 0.283806 -0.0766691 1.8408 
0.977819 0.28304 -0.0787738 1.83812 
0.968349 0.301945 -0.116121 1.82298 
0.967995 0.270367 -0.117763 1.81806 
0.971196 0.275004 -0.104513 1.82466 
0.968533 0.271353 -0.112533 1.81774 
1.01071 0.4277 -0.103014 1.92583 
1.02101 0.443831 -0.120523 1.94977 
1.01998 0.44913 -0.111691 1.94796 
1.01828 0.446835 -0.113983 1.94371 
1.01328 0.445032 -0.0984553 1.93306 
1.01019 0.42876 -0.100888 1.92477 
1.01838 0.451927 -0.106183 1.94473 
1.01385 0.444374 -0.0993792 1.93426 
0.975804 0.206861 -0.085421 1.82692 
0.975499 0.199935 -0.0946283 1.82619 
0.976812 0.205111 -0.0820539 1.83037 
0.976434 0.204898 -0.0848533 1.82883 
1.04191 0.424852 -0.0438679 1.98068 
1.04689 0.415383 -0.0449388 1.98919 
1.04435 0.420444 -0.0367324 1.98449 
1.04432 0.422525 -0.0402949 1.98552 
1.03413 0.444357 -0.0361685 1.96958 
1.03159 0.447965 -0.0443195 1.9654 
1.03686 0.438549 -0.04403 1.97412 
1.0337 0.442075 -0.0394588 1.96774 
1.0348 0.41963 -0.123691 1.97037 
1.02823 0.429311 -0.127281 1.95976 
1.03342 0.416773 -0.135051 1.96853 
1.03284 0.426548 -0.129727 1.9702 
1.04435 0.414887 -0.0916392 1.98678 
1.04117 0.419827 -0.0998389 1.98202 
1.04478 0.412458 -0.102574 1.98826 
1.04336 0.418271 -0.0976202 1.98657 
1.03745 0.426348 -0.105339 1.97646 
1.03247 0.432786 -0.108641 1.96772 
1.03594 0.423935 -0.114226 1.97325 
1.03574 0.430739 -0.110078 1.97501 
1.00531 0.491747 0.0281306 1.92121 
1.00879 0.488596 0.0284301 1.92758 
1.0071 0.490911 0.0344095 1.92471 
1.00669 0.48927 0.0299897 1.92294 
0.992202 0.484955 0.03215 1.89315 
0.9929 0.473857 0.0293201 1.89433 
0.993178 0.473561 0.0406219 1.89549 
0.990621 0.472614 0.0337099 1.88845 
1.00982 0.485769 0.0181951 1.92884 
1.01308 0.481971 0.0167779 1.93463 
1.01112 0.485347 0.0238542 1.93154 
1.01064 0.482526 0.0196425 1.92909 
1.0046 0.483683 0.0164597 1.9183 
1.00672 0.487409 0.0189975 1.92276 
1.00423 0.488936 0.0232872 1.91844 
1.00587 0.488882 0.0187864 1.92225 
1.00532 0.484282 0.0107653 1.92023 
1.00949 0.485793 0.00570575 1.92864 
1.00823 0.487599 0.0135796 1.92638 
1.00729 0.485627 0.0103331 1.92334 
1.01208 0.479232 -0.0151811 1.93215 
1.00673 0.474802 -0.010113 1.92123 
1.0081 0.476573 -0.0154187 1.92371 
1.0093 0.476832 -0.0140133 1.92665 
0.991048 0.485119 -0.0066569 1.88996 
0.987644 0.495078 0.000370316 1.88507 
0.98632 0.495516 -0.0095034 1.88264 
0.98944 0.494822 -0.00372197 1.88968 
0.991099 0.45175 -0.0284665 1.88435 
0.991061 0.438902 -0.0242977 1.88374 
0.989872 0.46264 -0.0223315 1.88254 
0.990879 0.450905 -0.0219644 1.88337 
0.992705 0.474927 0.00416372 1.89245 
0.988929 0.492803 0.00135078 1.88763 
0.991818 0.482129 -0.004117 1.89178 
0.990144 0.479383 0.00159814 1.8865 
0.991369 0.453893 0.0206275 1.88829 
0.992792 0.448757 0.0148277 1.8906 
0.997127 0.467884 0.0252738 1.90224 
0.992468 0.450961 0.0211124 1.89076 
0.99444 0.47061 0.0416337 1.89741 
0.991288 0.456272 0.0324582 1.88916 
0.996248 0.470521 0.0336935 1.9009 
0.994549 0.468431 0.0349568 1.89723 
0.993297 0.489392 0.0323596 1.8948 
0.992 0.490173 0.0238002 1.8922 
0.994511 0.477644 0.0255212 1.8956 
0.994639 0.490508 0.0283427 1.89878 
0.990461 0.492847 0.0142944 1.89003 
0.989577 0.492644 0.00554903 1.88834 
0.993421 0.478218 0.00569371 1.89385 
0.992553 0.49177 0.0101893 1.89505 
0.985379 0.458191 -0.0518624 1.87471 
0.987061 0.458653 -0.0421314 1.87768 
0.98276 0.473018 -0.050868 1.87128 
0.984561 0.459129 -0.0503709 1.87221 
0.99115 0.434096 -0.0177098 1.88344 
0.991055 0.431491 -0.00868324 1.88399 
0.991668 0.457026 -0.0112102 1.88545 
0.99 0.433468 -0.0102289 1.88035 
0.989794 0.400343 -0.0256512 1.87891 
0.989152 0.419959 -0.019291 1.87852 
0.990871 0.438366 -0.0263948 1.88304 
0.988951 0.417596 -0.0299643 1.87713 
0.988754 0.391913 -0.0215791 1.87813 
0.994609 0.4213 -0.00603097 1.89146 
0.987508 0.403116 -0.0212908 1.87522 
0.985914 0.393892 -0.016815 1.87182 
0.974173 0.513562 -0.017985 1.8625 
0.975121 0.515778 -0.00771892 1.86494 
0.969438 0.521803 -0.0143553 1.85515 
0.973541 0.519862 -0.013707 1.86368 
0.990408 0.483985 -0.00896521 1.88883 
0.986014 0.496645 -0.0134799 1.88302 
0.988808 0.486552 -0.0155967 1.8863 
0.987925 0.48509 -0.013141 1.88333 
0.985154 0.502055 0.00180965 1.88204 
0.979797 0.511187 -0.0030886 1.87359 
0.983394 0.503569 -0.00739379 1.8791 
0.982262 0.504167 -0.00484041 1.87626 
0.997932 0.467599 0.0259661 1.90325 
0.993247 0.444048 0.0173839 1.89103 
0.996312 0.454427 0.0206273 1.8986 
0.996171 0.456689 0.0176209 1.89927 
0.994727 0.478375 0.0215937 1.89741 
0.992574 0.492562 0.0184121 1.89505 
0.995552 0.478709 0.0142741 1.89956 
0.993074 0.478618 0.0175001 1.89326 
0.994388 0.486598 0.042053 1.89621 
0.992907 0.484967 0.0360456 1.89312 
0.993607 0.478481 0.0387151 1.89599 
0.994952 0.484591 0.0393741 1.89795 
0.994081 0.494856 0.0453062 1.89739 
0.989971 0.499416 0.0395146 1.88978 
0.992281 0.492956 0.0396871 1.89289 
0.992394 0.498402 0.0408691 1.89511 
0.98317 0.510744 0.031259 1.8789 
0.974684 0.523298 0.0346447 1.86531 
0.977663 0.520167 0.0255241 1.87115 
0.977361 0.515034 0.0285848 1.86741 
0.99236 0.49642 0.033689 1.89478 
0.988787 0.504407 0.031912 1.88939 
0.990672 0.499307 0.025841 1.89219 
0.989613 0.497041 0.0296269 1.88844 
0.993182 0.500107 0.0455056 1.89721 
0.986989 0.512374 0.0434505 1.88818 
0.988562 0.507188 0.0398245 1.88966 
0.988103 0.503171 0.041724 1.88653 
0.973719 0.52009 -0.00527805 1.86346 
0.966947 0.530193 -0.0010579 1.85263 
0.968015 0.527334 -0.0110139 1.85424 
0.968283 0.522513 -0.0060906 1.85208 
1.01864 0.468825 -0.0180621 1.94251 
1.02289 0.461331 -0.0244382 1.94945 
1.02465 0.459588 -0.0189692 1.95267 
1.02317 0.466352 -0.0204686 1.95237 
1.01755 0.474955 -0.0183173 1.94291 
1.01848 0.473948 -0.0247048 1.94495 
1.02176 0.467856 -0.0247184 1.94986 
1.01895 0.469947 -0.0239529 1.94404 
1.01308 0.477542 -0.00197004 1.93298 
1.01512 0.473548 -0.00956449 1.93606 
1.01782 0.470181 -0.00453474 1.94072 
1.01603 0.476481 -0.00597112 1.93957 
1.01103 0.484013 -0.00293914 1.93163 
1.00708 0.478213 -0.00660772 1.92288 
1.0127 0.481776 -0.0107941 1.93469 
1.01009 0.481948 -0.00697547 1.92849 
0.990788 0.438158 -0.0170652 1.88191 
0.991406 0.461231 -0.00963541 1.88494 
0.990109 0.461895 -0.0164479 1.8823 
0.991954 0.461488 -0.0147463 1.88674 
0.996413 0.446327 0.0103658 1.89767 
0.989173 0.420331 0.004207 1.88208 
0.995652 0.43608 0.00202587 1.89546 
0.993744 0.436155 0.00372324 1.89112 
0.991909 0.441966 0.0104344 1.88944 
0.989662 0.435731 0.00439424 1.88076 
0.98884 0.427157 0.000707856 1.88058 
0.988039 0.428952 0.00397275 1.87944 
1.00653 0.451398 -0.0286382 1.91797 
1.01176 0.474223 -0.0330989 1.93224 
1.01013 0.471167 -0.0273795 1.92807 
1.00964 0.470291 -0.0292378 1.92669 
1.0231 0.464695 -0.0393901 1.95229 
1.02682 0.458483 -0.0414371 1.95846 
1.02474 0.461601 -0.032452 1.95441 
1.02408 0.459827 -0.0364347 1.95225 
1.01576 0.473773 -0.0370914 1.93937 
1.01927 0.46962 -0.0380136 1.94547 
1.01726 0.473298 -0.0315033 1.9421 
1.017 0.470137 -0.0357634 1.94016 
1.01171 0.476171 -0.027386 1.93122 
1.01353 0.473353 -0.0330263 1.93401 
1.01527 0.473653 -0.0291142 1.93752 
1.01419 0.476025 -0.0295286 1.93674 
1.00536 0.452421 -0.027167 1.91592 
1.00942 0.467117 -0.0395608 1.92624 
1.01165 0.471867 -0.0375775 1.93111 
1.01003 0.467469 -0.0381554 1.92783 
1.02035 0.462813 -0.0697175 1.94751 
1.01587 0.46818 -0.0687356 1.93985 
1.01826 0.463893 -0.0762779 1.94394 
1.01865 0.467465 -0.071356 1.94617 
1.01737 0.467786 -0.0551291 1.94155 
1.01302 0.472027 -0.0524622 1.93418 
1.01401 0.470167 -0.0601344 1.93582 
1.01531 0.47218 -0.0562512 1.93962 
1.0265 0.45204 -0.0601988 1.9563 
1.02215 0.461164 -0.0553916 1.94979 
1.02334 0.458397 -0.0625938 1.95192 
1.02409 0.457593 -0.0615776 1.9532 
1.01466 0.475133 -0.0419329 1.93823 
1.01364 0.474685 -0.047132 1.93665 
1.01755 0.471401 -0.0485857 1.94337 
1.01478 0.472399 -0.0465694 1.93743 
0.99974 0.427999 -0.0303715 1.90181 
0.996027 0.4022 -0.0353642 1.89109 
1.00637 0.456944 -0.0408564 1.91926 
1.00015 0.427533 -0.0311837 1.90265 
0.986609 0.35424 -0.0219889 1.86633 
0.989518 0.381475 -0.0175774 1.87503 
0.981776 0.327708 -0.0246308 1.85413 
0.986151 0.35759 -0.0306224 1.86675 
0.979504 0.297611 -0.0428705 1.84491 
0.982187 0.332019 -0.0355825 1.85584 
0.978466 0.30809 -0.0409348 1.84373 
0.978888 0.302418 -0.0378707 1.84452 
0.979894 0.288884 -0.0444409 1.84467 
0.981114 0.290924 -0.0450563 1.84819 
0.987417 0.341088 -0.0394067 1.86672 
0.980108 0.291138 -0.0462399 1.84576 
1.02546 0.458532 0.00836692 1.9533 
1.02852 0.452894 0.00420193 1.95826 
1.02874 0.451346 0.0130471 1.95799 
1.02818 0.456812 0.0075106 1.95911 
1.0171 0.475996 0.012675 1.94124 
1.02134 0.470576 0.0121203 1.94886 
1.01936 0.473985 0.0182497 1.94559 
1.01896 0.472723 0.0151387 1.94415 
1.02268 0.466386 -0.00187886 1.95042 
1.0275 0.458784 -0.000644754 1.95854 
1.02432 0.463622 0.00475901 1.9529 
1.02423 0.461003 0.0018325 1.9516 
0.99581 0.402619 -0.0343443 1.89068 
0.998304 0.414642 -0.0413404 1.89714 
1.00584 0.456518 -0.0436653 1.91789 
0.998486 0.413832 -0.0433147 1.89722 
1.01964 0.473611 0.0285303 1.94611 
1.0222 0.468762 0.033903 1.95004 
1.01775 0.475962 0.0344104 1.94265 
1.01979 0.471351 0.0310005 1.94533 
1.03624 0.439066 -0.00753081 1.97147 
1.0378 0.43749 0.00138776 1.97436 
1.03308 0.447636 -0.000132441 1.96722 
1.03609 0.442247 -0.00478278 1.97225 
1.02907 0.453189 -0.0136983 1.96029 
1.0341 0.444666 -0.0136946 1.96875 
1.03104 0.452273 -0.00495978 1.96435 
1.03097 0.448624 -0.00896664 1.96282 
1.04356 0.426211 -0.0234709 1.98447 
1.04558 0.42209 -0.0146315 1.98747 
1.04047 0.433525 -0.0164325 1.97968 
1.04337 0.425752 -0.0208542 1.98369 
1.03878 0.433678 -0.0128463 1.97545 
1.04327 0.425197 -0.0113861 1.98295 
1.04005 0.432764 -0.00274704 1.97788 
1.04056 0.431016 -0.00693388 1.97861 
1.02505 0.456681 0.0657855 1.95276 
1.02197 0.461209 0.0677001 1.94739 
1.02577 0.455973 0.0574132 1.95375 
1.02443 0.457822 0.0657101 1.95174 
1.01986 0.468623 0.0445229 1.9445 
1.01769 0.473508 0.0364806 1.94133 
1.02121 0.467007 0.0367 1.94683 
1.02057 0.472427 0.0395535 1.9479 
0.999423 0.495241 0.0680211 1.90935 
0.999576 0.494738 0.0680299 1.90963 
0.999621 0.495059 0.0685404 1.90973 
0.999598 0.495134 0.0682465 1.90973 
0.998734 0.496447 0.0683329 1.90828 
0.999145 0.495989 0.0680715 1.909 
0.99912 0.496162 0.0684908 1.90906 
0.999095 0.496223 0.0683746 1.90902 
0.998995 0.495021 0.0662886 1.90837 
0.999485 0.494068 0.0669108 1.90957 
0.999232 0.49517 0.0673171 1.90892 
0.999411 0.494748 0.0669137 1.90927 
1.01018 0.486043 0.0464299 1.92955 
1.00654 0.492098 0.048421 1.92404 
1.00801 0.489977 0.0426919 1.92633 
1.00867 0.490732 0.0447491 1.92827 
1.00361 0.490883 0.0666826 1.91703 
1.00437 0.491009 0.0626136 1.91866 
1.00516 0.489598 0.0651446 1.92 
1.00428 0.490143 0.0651187 1.91818 
1.00265 0.494296 0.0565646 1.91607 
1.00398 0.492782 0.0531127 1.9183 
1.00442 0.490961 0.0567106 1.91848 
1.00414 0.493966 0.0553418 1.91937 
1.00166 0.49425 0.0652823 1.91398 
1.00189 0.495335 0.0619345 1.91493 
1.00296 0.493388 0.0627884 1.91652 
1.00196 0.493712 0.0633133 1.91432 
0.998841 0.49457 0.0657841 1.90806 
0.99907 0.493113 0.0656097 1.90875 
0.999266 0.493276 0.0671092 1.90916 
0.998747 0.492967 0.0659884 1.90794 
0.998408 0.494869 0.0643759 1.90683 
0.997797 0.494053 0.0617502 1.90539 
0.998721 0.492526 0.0631713 1.90774 
0.998609 0.493561 0.0632488 1.90717 
0.996256 0.491636 0.0559273 1.90157 
0.996003 0.490377 0.0517736 1.90138 
0.998891 0.490712 0.0569677 1.90858 
0.99691 0.489859 0.0543298 1.90343 
0.99829 0.497345 0.0682286 1.90766 
0.997575 0.498279 0.0670585 1.90637 
0.998476 0.497381 0.0664353 1.90801 
0.998097 0.497615 0.0672371 1.90728 
0.995649 0.488012 0.0507335 1.90118 
0.997323 0.486205 0.0515311 1.90513 
0.999215 0.49068 0.0573277 1.90926 
0.996208 0.486384 0.0523452 1.9026 
1.00005 0.495286 0.0684342 1.91103 
0.999693 0.494745 0.0682947 1.91014 
0.99987 0.494902 0.0680362 1.9106 
0.999843 0.494916 0.0681955 1.91055 
1.00513 0.490477 0.0383598 1.92016 
0.999832 0.489498 0.0436319 1.91003 
1.0024 0.488921 0.035346 1.91448 
1.00329 0.491046 0.0384349 1.9177 
1.0141 0.480686 0.0340067 1.93616 
1.00977 0.487276 0.0354208 1.92915 
1.01151 0.483883 0.0300239 1.93162 
1.01205 0.485428 0.0320873 1.93359 
1.00445 0.494856 0.048072 1.92064 
1.00113 0.492075 0.0460327 1.91309 
1.00554 0.493003 0.041998 1.92226 
1.00342 0.493626 0.0450544 1.91765 
1.0033 0.491066 0.0661773 1.91634 
1.00209 0.493688 0.0654731 1.9147 
1.00354 0.491951 0.0638647 1.91723 
1.00341 0.492611 0.0646026 1.91726 
0.998659 0.490951 0.0606492 1.90834 
0.998299 0.490622 0.0632809 1.90726 
0.997208 0.491265 0.0606192 1.90395 
0.997973 0.490714 0.0614642 1.90644 
1.00314 0.495268 0.0527209 1.91786 
1.00173 0.496256 0.0564704 1.91518 
1.00137 0.492674 0.0516726 1.91387 
1.0026 0.496039 0.0527677 1.91701 
0.994522 0.499074 0.0913228 1.90158 
0.99381 0.503551 0.0850953 1.90156 
0.997237 0.494844 0.0879601 1.90554 
0.99491 0.498118 0.0867525 1.90157 
0.950073 0.558673 0.126556 1.83616 
0.949105 0.556032 0.109952 1.83008 
0.960526 0.543729 0.123249 1.85052 
0.951702 0.546759 0.117942 1.83141 
0.967315 0.521332 0.153318 1.85791 
0.959208 0.529869 0.154428 1.84422 
0.964481 0.527101 0.135216 1.85173 
0.963402 0.52774 0.149162 1.8518 
0.92261 0.582202 0.0944543 1.7858 
0.93184 0.577745 0.0745331 1.80165 
0.940253 0.566775 0.0928939 1.81499 
0.930522 0.572482 0.0880654 1.79637 
0.985082 0.519142 0.0774667 1.88864 
0.990584 0.50835 0.0826712 1.89622 
0.986582 0.512752 0.0854246 1.88945 
0.987471 0.511499 0.0839338 1.89067 
0.983735 0.510424 0.0336913 1.87966 
0.982492 0.514884 0.041703 1.87882 
0.976009 0.520696 0.037666 1.86681 
0.982125 0.517155 0.0389862 1.8793 
0.997707 0.49852 0.0712075 1.90708 
0.998355 0.497458 0.0695934 1.90797 
0.998429 0.497359 0.0709966 1.90819 
0.997939 0.497581 0.0702794 1.90709 
0.986287 0.513322 0.0760209 1.88817 
0.990553 0.506101 0.074533 1.89429 
0.990077 0.509215 0.0809122 1.89531 
0.988507 0.512144 0.0769783 1.89284 
0.98849 0.506567 0.0473304 1.88862 
0.993951 0.500806 0.0470034 1.89883 
0.990894 0.5048 0.0529776 1.8934 
0.991105 0.503775 0.0493573 1.89349 
0.999513 0.495522 0.0688678 1.9097 
0.999267 0.496004 0.0686881 1.90934 
0.999372 0.495754 0.0683635 1.90945 
0.999342 0.495758 0.0684994 1.90939 
0.998951 0.496674 0.0689581 1.90895 
0.999159 0.496291 0.0687328 1.90923 
0.999247 0.496221 0.0689783 1.90942 
0.999102 0.496272 0.0688358 1.90909 
0.999254 0.495986 0.0698143 1.90938 
0.99893 0.496417 0.0694442 1.9088 
0.999286 0.496024 0.0692948 1.90944 
0.999152 0.496246 0.0694944 1.90925 
0.999711 0.495437 0.069399 1.91016 
0.999499 0.495748 0.0696359 1.90983 
0.999513 0.49584 0.0692551 1.90988 
0.999565 0.495582 0.0695039 1.9099 
0.999943 0.495163 0.0698283 1.91061 
1.00015 0.495056 0.0698095 1.91106 
1.00006 0.495086 0.0702955 1.91088 
1.00005 0.49509 0.0698891 1.91083 
0.970709 0.525793 0.0335898 1.85735 
0.964959 0.534226 0.0254308 1.84897 
0.973968 0.524566 0.0199521 1.86469 
0.969902 0.529808 0.0272684 1.8581 
0.981438 0.520938 0.0472685 1.8796 
0.980045 0.525852 0.0599485 1.87936 
0.976802 0.528784 0.0470953 1.87312 
0.977533 0.522159 0.0489683 1.8712 
0.99289 0.503986 0.0644978 1.89807 
0.995416 0.500954 0.0677827 1.90265 
0.992586 0.505104 0.0689392 1.89817 
0.993578 0.504891 0.0675298 1.90031 
0.996219 0.496444 0.058426 1.90221 
0.992673 0.501665 0.0571271 1.89626 
0.995135 0.496627 0.0539071 1.89994 
0.994431 0.498801 0.0557864 1.899 
0.99681 0.499677 0.0602543 1.90497 
0.995782 0.500209 0.0651479 1.90298 
0.994409 0.502393 0.0607036 1.90065 
0.995624 0.500696 0.0618144 1.90274 
0.996995 0.498659 0.0689898 1.90531 
0.998187 0.497452 0.0692739 1.90754 
0.996958 0.498768 0.0706608 1.90539 
0.997304 0.498824 0.0700502 1.90619 
0.985952 0.516302 0.0664303 1.88835 
0.990237 0.510617 0.0614052 1.89511 
0.99036 0.507966 0.0685736 1.89439 
0.988473 0.510115 0.0660545 1.89098 
0.997353 0.497399 0.0636337 1.90533 
0.998265 0.496717 0.0656131 1.90716 
0.99668 0.49915 0.0658884 1.90463 
0.997078 0.497958 0.0646903 1.90491 
0.953342 0.55613 0.0866769 1.8375 
0.958234 0.548838 0.0694632 1.84279 
0.963754 0.540585 0.0859414 1.8519 
0.957675 0.542221 0.0811553 1.8385 
0.92297 0.575096 0.110776 1.78353 
0.939814 0.560901 0.107003 1.81169 
0.936375 0.564547 0.124278 1.80845 
0.932601 0.571559 0.114571 1.80323 
0.938195 0.56648 0.0706065 1.80834 
0.95243 0.551656 0.0660343 1.83101 
0.944272 0.562122 0.0845428 1.82032 
0.942303 0.564344 0.0729649 1.81641 
0.905054 0.586701 0.0598995 1.74753 
0.921278 0.578624 0.0652403 1.77803 
0.908922 0.584628 0.0842984 1.75622 
0.912959 0.588577 0.0703539 1.76671 
0.903548 0.596713 0.0337056 1.7502 
0.901067 0.597729 0.0185319 1.74565 
0.913893 0.5852 0.0153523 1.76526 
0.903176 0.588004 0.0202455 1.74359 
0.928911 0.487093 -0.133445 1.77741 
0.915079 0.498426 -0.137149 1.75326 
0.923209 0.476766 -0.144248 1.76553 
0.924961 0.49258 -0.139879 1.77335 
0.945082 0.500553 -0.112649 1.80973 
0.942354 0.492024 -0.12245 1.80461 
0.952734 0.483964 -0.113885 1.82173 
0.944761 0.487219 -0.116149 1.80498 
0.938555 0.503667 -0.112426 1.79621 
0.927672 0.510817 -0.117321 1.77757 
0.934448 0.495544 -0.123165 1.78816 
0.935255 0.507304 -0.117839 1.7932 
0.955871 0.501511 -0.0935479 1.82689 
0.947446 0.515441 -0.0930996 1.81375 
0.947384 0.506389 -0.101534 1.81244 
0.948838 0.50491 -0.0975377 1.81268 
0.907696 0.54857 -0.0340009 1.74766 
0.911707 0.549608 -0.045134 1.75423 
0.917404 0.540415 -0.0361333 1.76312 
0.91058 0.542841 -0.0387392 1.7492 
0.919962 0.556088 -0.0566539 1.77048 
0.91428 0.554423 -0.0563049 1.75957 
0.915972 0.555175 -0.0674379 1.76346 
0.916908 0.55516 -0.0584802 1.76487 
0.923622 0.551546 -0.0524241 1.77634 
0.92409 0.55204 -0.0493673 1.77737 
0.923411 0.556329 -0.0506929 1.77677 
0.923168 0.551476 -0.0510012 1.77501 
0.925873 0.52718 -0.0533082 1.7752 
0.923938 0.524824 -0.0586882 1.77103 
0.926609 0.516045 -0.0570674 1.77408 
0.926431 0.525056 -0.0552525 1.77668 
0.924255 0.527654 -0.0369529 1.77183 
0.92595 0.526989 -0.04478 1.77486 
0.927369 0.518022 -0.03892 1.77538 
0.926998 0.527735 -0.040925 1.77832 
0.923034 0.541238 -0.0544219 1.77309 
0.923559 0.533002 -0.0574425 1.77274 
0.925196 0.534019 -0.0528141 1.77579 
0.923146 0.534104 -0.0557729 1.77132 
0.920385 0.556611 -0.0532864 1.77068 
0.921861 0.551583 -0.0538649 1.77244 
0.922487 0.556449 -0.0512984 1.77478 
0.922061 0.556287 -0.0524012 1.77421 
0.927709 0.527961 -0.049934 1.77968 
0.929486 0.516548 -0.0531164 1.78077 
0.930199 0.518921 -0.0453831 1.78267 
0.928168 0.517425 -0.0504113 1.77738 
0.888395 0.548675 0.0245882 1.71885 
0.913914 0.524734 0.0499004 1.76618 
0.879185 0.572898 0.0576498 1.72156 
0.887007 0.53547 0.0382093 1.71055 
0.99943 0.495021 0.067783 1.90935 
0.999438 0.494036 0.0674445 1.90948 
0.999522 0.49433 0.0679388 1.90955 
0.999433 0.494412 0.0675808 1.90935 
0.998596 0.497149 0.0681909 1.90829 
0.998772 0.496567 0.0672841 1.90837 
0.999126 0.496085 0.067874 1.909 
0.998708 0.496609 0.0675442 1.90824 
0.983519 0.5108 0.0524799 1.87922 
0.988555 0.508652 0.0577805 1.88999 
0.981606 0.516796 0.0619342 1.87821 
0.984374 0.5153 0.0573014 1.88366 
0.979109 0.344697 -0.0308369 1.85026 
0.98123 0.333597 -0.0328566 1.85371 
0.985986 0.380994 -0.0239111 1.86983 
0.980334 0.33975 -0.0279044 1.85319 
0.998471 0.430839 -0.0102999 1.89846 
0.986787 0.378354 -0.0105717 1.87068 
0.998445 0.438379 -0.013501 1.89929 
0.997213 0.431318 -0.00872362 1.89595 
0.991212 0.464399 -0.0346953 1.88703 
0.986748 0.480638 -0.0358872 1.88073 
0.989515 0.465759 -0.0404386 1.8842 
0.988807 0.465052 -0.0373013 1.88164 
0.988063 0.42107 -0.055099 1.878 
0.986611 0.442968 -0.0574075 1.87669 
0.986299 0.430399 -0.0628086 1.87591 
0.985883 0.42731 -0.0547481 1.87316 
0.981057 0.36306 -0.0311617 1.85625 
0.984081 0.384334 -0.039989 1.86486 
0.98235 0.346 -0.0346161 1.85683 
0.982103 0.360485 -0.0396115 1.85798 
0.987449 0.397034 -0.0431283 1.87407 
0.98781 0.434221 -0.0447924 1.87675 
0.987899 0.413025 -0.0502925 1.87646 
0.986432 0.410296 -0.0396668 1.87144 
0.96818 0.50488 -0.0687319 1.85046 
0.963576 0.516906 -0.0615443 1.84403 
0.960753 0.514418 -0.0709668 1.83802 
0.963751 0.510527 -0.0654418 1.84261 
0.982381 0.497583 -0.0345878 1.87606 
0.977211 0.508132 -0.0308255 1.86808 
0.977513 0.503683 -0.0404528 1.86765 
0.978794 0.500937 -0.0341693 1.86908 
0.951731 0.527721 -0.073886 1.82484 
0.946217 0.538263 -0.0671075 1.8165 
0.941549 0.536987 -0.0753979 1.80724 
0.945345 0.531345 -0.0714641 1.81196 
0.957697 0.501505 -0.0892286 1.82901 
0.955428 0.512737 -0.080467 1.82688 
0.94964 0.512461 -0.0877088 1.81535 
0.954603 0.50921 -0.084133 1.82484 
0.958753 0.522922 -0.0579963 1.83563 
0.949647 0.532252 -0.0618956 1.82027 
0.954957 0.521118 -0.067026 1.82767 
0.955309 0.528873 -0.0633525 1.83155 
0.966202 0.523975 -0.0422736 1.85111 
0.965951 0.519889 -0.0514369 1.84948 
0.971879 0.5129 -0.0476029 1.85944 
0.967192 0.515873 -0.0463381 1.84998 
0.982891 0.494775 -0.02643 1.87565 
0.982505 0.499661 -0.0176538 1.87606 
0.978321 0.505202 -0.0233988 1.86902 
0.981393 0.502162 -0.0237356 1.87481 
0.962296 0.529786 -0.0200806 1.8432 
0.954508 0.538502 -0.0255423 1.83046 
0.961003 0.528575 -0.0302686 1.84048 
0.960627 0.535813 -0.0254783 1.84306 
0.951557 0.539977 -0.0496668 1.82677 
0.95029 0.537595 -0.0585556 1.82383 
0.958421 0.529201 -0.0552865 1.83752 
0.951877 0.532198 -0.0542501 1.82402 
0.970425 0.500469 -0.0603602 1.85282 
0.97249 0.505403 -0.0504472 1.85813 
0.966157 0.51297 -0.0549843 1.84752 
0.969878 0.509205 -0.0566309 1.85437 
0.970301 0.479315 -0.0832829 1.84922 
0.969915 0.489801 -0.0733675 1.8496 
0.964829 0.489223 -0.0841856 1.84005 
0.969433 0.487909 -0.0792612 1.84984 
0.962409 0.479721 -0.101449 1.83796 
0.968251 0.478167 -0.0898066 1.84731 
0.962374 0.490522 -0.0921516 1.83798 
0.963218 0.479515 -0.0956908 1.83661 
0.979205 0.448324 -0.080496 1.86276 
0.979042 0.46173 -0.0737474 1.86318 
0.974659 0.464048 -0.0831788 1.85553 
0.979057 0.463402 -0.0790682 1.8654 
0.979886 0.489684 -0.0553677 1.86961 
0.975751 0.50199 -0.0514987 1.86418 
0.974605 0.496231 -0.0616308 1.86068 
0.976637 0.492975 -0.0545518 1.86341 
0.983631 0.435561 -0.0637975 1.86983 
0.98384 0.447219 -0.0586203 1.8704 
0.980707 0.455073 -0.0661654 1.86503 
0.983894 0.449149 -0.0658827 1.87179 
0.982862 0.490732 -0.0360449 1.8751 
0.977636 0.499191 -0.0431244 1.86686 
0.98149 0.486718 -0.0457324 1.87153 
0.980641 0.493688 -0.0441879 1.87159 
0.909372 0.541435 -0.0975847 1.74922 
0.920507 0.536904 -0.0950843 1.76817 
0.915269 0.548122 -0.0826536 1.76099 
0.913752 0.539719 -0.0935117 1.75438 
0.962923 0.447775 -0.112884 1.83595 
0.967979 0.450237 -0.102957 1.84535 
0.961224 0.466631 -0.109532 1.83549 
0.963348 0.452318 -0.111605 1.83611 
0.978071 0.4709 -0.0637297 1.86146 
0.979146 0.478335 -0.0565448 1.8646 
0.973775 0.484514 -0.0636156 1.85529 
0.977911 0.481647 -0.0628705 1.86378 
1.01342 0.481786 0.0461348 1.93521 
1.01645 0.480628 0.0419205 1.94187 
1.01861 0.474409 0.0480016 1.9443 
1.01615 0.47713 0.0442517 1.93951 
1.00549 0.492232 0.0523546 1.92158 
1.00793 0.488845 0.052693 1.92573 
1.00547 0.489858 0.0578695 1.9205 
1.00576 0.489739 0.0543701 1.92106 
1.00953 0.48889 0.0385792 1.92926 
1.01314 0.484704 0.0388213 1.93582 
1.01147 0.485174 0.043808 1.9321 
1.01113 0.486252 0.0409125 1.93183 
0.974821 0.314069 -0.0940098 1.83664 
0.97636 0.281386 -0.0851379 1.83488 
0.976883 0.31408 -0.0855771 1.84064 
0.97696 0.313836 -0.0914608 1.84192 
0.972833 0.385439 -0.105436 1.84452 
0.974424 0.356964 -0.101971 1.84375 
0.975714 0.383342 -0.0967925 1.84946 
0.975322 0.383955 -0.104382 1.85005 
0.981711 0.402951 -0.0835304 1.8635 
0.980795 0.43021 -0.0863534 1.86573 
0.979968 0.404641 -0.0915908 1.86058 
0.979821 0.404414 -0.0843884 1.85922 
0.949339 0.384655 -0.143772 1.79994 
0.941691 0.393567 -0.152357 1.78694 
0.946121 0.358825 -0.151807 1.78869 
0.947035 0.38808 -0.153976 1.79791 
0.960783 0.42103 -0.127336 1.82709 
0.957056 0.396597 -0.136774 1.81659 
0.962465 0.387754 -0.129319 1.82558 
0.959242 0.394705 -0.126278 1.81971 
0.957316 0.428576 -0.124109 1.82106 
0.949206 0.436204 -0.132321 1.80707 
0.952646 0.404716 -0.133473 1.80844 
0.954444 0.431617 -0.13308 1.81764 
0.970138 0.305472 -0.11212 1.82646 
0.973011 0.281001 -0.105173 1.82878 
0.972534 0.315107 -0.102541 1.83264 
0.972801 0.308804 -0.103459 1.83331 
0.974861 0.250154 -0.0927058 1.82835 
0.975574 0.226172 -0.0842951 1.82714 
0.97597 0.251903 -0.0840439 1.83051 
0.97606 0.250918 -0.0905667 1.8316 
0.974573 0.249034 -0.0983688 1.82853 
0.975255 0.221006 -0.0999423 1.82772 
0.975933 0.22491 -0.089794 1.8288 
0.974577 0.222514 -0.0939315 1.8251 
0.974438 0.314104 -0.101025 1.83712 
0.97508 0.281691 -0.101327 1.83397 
0.976385 0.281296 -0.0914935 1.83603 
0.974448 0.281505 -0.0941657 1.83125 
0.96926 0.245754 -0.115703 1.81701 
0.972774 0.218049 -0.105875 1.82128 
0.972292 0.248821 -0.101215 1.82292 
0.972348 0.248364 -0.109291 1.82479 
0.960215 0.299354 -0.131624 1.80516 
0.964391 0.268912 -0.123921 1.80933 
0.965294 0.299988 -0.122182 1.81544 
0.964282 0.29934 -0.127064 1.81471 
0.962429 0.236163 -0.143208 1.80426 
0.966423 0.213326 -0.134482 1.80964 
0.966099 0.246341 -0.134004 1.81243 
0.965309 0.239169 -0.132505 1.81087 
0.948972 0.327371 -0.152773 1.7894 
0.950393 0.292919 -0.153337 1.78702 
0.955319 0.314489 -0.142313 1.79962 
0.951948 0.31509 -0.156843 1.79371 
0.962996 0.196435 -0.14445 1.80219 
0.965747 0.206494 -0.134819 1.80874 
0.961323 0.228296 -0.14268 1.80232 
0.964043 0.205401 -0.148675 1.80601 
0.971719 0.187437 -0.124217 1.81862 
0.976513 0.150862 -0.114369 1.82514 
0.974718 0.188063 -0.108171 1.82395 
0.974519 0.188097 -0.120034 1.8254 
0.968582 0.247285 -0.129064 1.81831 
0.969305 0.214407 -0.12857 1.81644 
0.972186 0.217376 -0.114144 1.82183 
0.969575 0.214521 -0.12269 1.8155 
0.96525 0.178285 -0.149049 1.80537 
0.972306 0.154798 -0.133977 1.81765 
0.969588 0.189485 -0.139192 1.81614 
0.969428 0.173357 -0.129632 1.81257 
0.981776 0.444392 -0.0797449 1.86855 
0.984158 0.437472 -0.0720303 1.87243 
0.980892 0.457177 -0.0743548 1.86695 
0.981171 0.442544 -0.0726094 1.86579 
0.973434 0.48831 -0.0723622 1.85708 
0.974453 0.477794 -0.0814383 1.85816 
0.978473 0.474329 -0.0727196 1.86482 
0.974456 0.475461 -0.075422 1.85602 
0.974912 0.432041 -0.0959499 1.85424 
0.977128 0.406445 -0.0928715 1.85423 
0.97858 0.432652 -0.0865223 1.86113 
0.978325 0.432301 -0.0924714 1.86228 
0.968521 0.373343 -0.120086 1.83579 
0.97303 0.357934 -0.110108 1.84227 
0.971149 0.386748 -0.113017 1.84237 
0.970445 0.371466 -0.108249 1.83857 
0.979519 0.318243 -0.0661767 1.84641 
0.979494 0.301147 -0.0562757 1.84432 
0.980559 0.339991 -0.0617444 1.85154 
0.980095 0.322111 -0.0539091 1.84852 
0.980141 0.347509 -0.0842379 1.85356 
0.980701 0.342548 -0.0751878 1.85372 
0.98083 0.374442 -0.0813644 1.85812 
0.979691 0.347565 -0.0746789 1.85171 
0.976731 0.354877 -0.101235 1.84888 
0.978848 0.352523 -0.0925504 1.8523 
0.977871 0.381157 -0.0964137 1.85413 
0.976891 0.354462 -0.0932302 1.8479 
0.978083 0.284757 -0.0671671 1.83853 
0.978902 0.309313 -0.0648232 1.8437 
0.978184 0.314746 -0.0740559 1.84324 
0.978939 0.308913 -0.0746007 1.8444 
0.977626 0.273271 -0.0694901 1.83642 
0.9779 0.265061 -0.0604413 1.83654 
0.977938 0.29351 -0.0683341 1.83945 
0.977551 0.276454 -0.0587927 1.83654 
0.975555 0.206358 -0.0816323 1.82733 
0.977139 0.208342 -0.0690888 1.82968 
0.976017 0.209884 -0.0781193 1.82747 
0.976609 0.204389 -0.0791921 1.82823 
0.993984 0.411804 -0.0105186 1.88816 
0.998362 0.438287 -0.0120692 1.89933 
0.987714 0.376816 -0.0114497 1.87302 
0.994212 0.411317 -0.0215285 1.88892 
0.94304 0.415146 -0.15188 1.79429 
0.950264 0.407223 -0.144403 1.8066 
0.946614 0.439512 -0.143073 1.80496 
0.945101 0.411861 -0.142924 1.79588 
0.925986 0.419365 -0.165744 1.76353 
0.933915 0.420633 -0.15786 1.77912 
0.926995 0.447766 -0.155943 1.77159 
0.927946 0.422943 -0.162178 1.76664 
0.961927 0.33406 -0.134036 1.81672 
0.966901 0.331351 -0.12476 1.82586 
0.964905 0.359913 -0.12607 1.82678 
0.963953 0.333598 -0.125309 1.81939 
0.980972 0.374985 -0.0689528 1.85787 
0.980402 0.343328 -0.0630278 1.85252 
0.981628 0.362071 -0.0591216 1.85739 
0.981338 0.361745 -0.0694825 1.85712 
0.981183 0.430049 -0.0764094 1.86588 
0.981534 0.403116 -0.0731339 1.86241 
0.98296 0.419735 -0.0674449 1.86757 
0.982303 0.420059 -0.0775461 1.86675 
0.978424 0.380786 -0.0885596 1.85407 
0.979084 0.35238 -0.0836301 1.85152 
0.980127 0.379396 -0.0803492 1.85695 
0.980152 0.379446 -0.0874448 1.8581 
0.976204 0.223538 -0.0845595 1.82869 
0.97652 0.22371 -0.0764267 1.82944 
0.976513 0.246019 -0.0859486 1.83132 
0.975886 0.225405 -0.076908 1.82769 
0.960456 0.298236 -0.139759 1.80814 
0.960737 0.262692 -0.14201 1.80452 
0.964555 0.268881 -0.133339 1.8124 
0.961751 0.267685 -0.141343 1.80609 
1.0194 0.432527 -0.129089 1.94483 
1.02033 0.437585 -0.129625 1.94724 
1.00661 0.406711 -0.104336 1.91586 
1.02015 0.431398 -0.130605 1.94638 
1.0095 0.386603 -0.119048 1.92049 
1.01472 0.425161 -0.12974 1.93305 
0.99659 0.369251 -0.106265 1.89354 
1.00705 0.387507 -0.121109 1.91453 
1.02717 0.41855 -0.159259 1.96062 
1.03206 0.413578 -0.145807 1.96712 
1.02398 0.430812 -0.145946 1.95536 
1.02799 0.421486 -0.155852 1.96256 
0.982682 0.362126 -0.0572813 1.85894 
0.981939 0.342469 -0.0502543 1.85495 
0.984 0.381416 -0.0527053 1.86385 
0.983139 0.36424 -0.0466085 1.86041 
0.982337 0.39278 -0.0744288 1.86305 
0.9834 0.3812 -0.0656222 1.86369 
0.983788 0.408979 -0.0688564 1.86791 
0.982855 0.392215 -0.0642022 1.86348 
0.979537 0.305568 -0.0439002 1.84533 
0.979318 0.322284 -0.0412589 1.84706 
0.980893 0.343844 -0.04998 1.85323 
0.979538 0.319155 -0.0497865 1.84684 
0.977886 0.26831 -0.0500556 1.83689 
0.978183 0.283375 -0.0465321 1.83912 
0.97802 0.297323 -0.0555592 1.84015 
0.978056 0.280441 -0.0563601 1.83838 
0.976836 0.243248 -0.0566942 1.83235 
0.976889 0.253042 -0.0526242 1.83321 
0.976713 0.260371 -0.0613487 1.83309 
0.9769 0.249892 -0.0611002 1.83287 
0.976628 0.25094 -0.0767502 1.83184 
0.977465 0.240374 -0.0630004 1.83362 
0.976817 0.256797 -0.0709613 1.83298 
0.977545 0.254056 -0.0683062 1.83455 
0.980523 0.25499 -0.0656367 1.84384 
0.991213 0.355861 -0.0788846 1.87659 
0.980287 0.27681 -0.0674108 1.84578 
0.982032 0.278972 -0.0575472 1.84978 
0.994765 0.377029 -0.0595235 1.88483 
0.992097 0.359747 -0.0532378 1.87768 
0.982968 0.29717 -0.0489839 1.85273 
0.992121 0.362147 -0.0479115 1.87835 
1.02341 0.461331 -0.0715873 1.95429 
1.02195 0.462343 -0.0788054 1.95212 
1.02706 0.454552 -0.0770205 1.96042 
1.02364 0.457064 -0.076588 1.95326 
1.02269 0.463544 -0.0430119 1.95109 
1.02193 0.462282 -0.0492853 1.94915 
1.02673 0.457382 -0.0458222 1.95807 
1.02346 0.461038 -0.0471434 1.95196 
1.00984 0.463928 -0.063289 1.92765 
1.00196 0.425952 -0.0533322 1.90625 
1.00471 0.437783 -0.0607443 1.91306 
1.00528 0.436551 -0.0625826 1.91404 
1.01923 0.46727 -0.057367 1.94587 
1.01615 0.470559 -0.0645825 1.94108 
1.02018 0.465307 -0.065164 1.94784 
1.01806 0.465795 -0.061907 1.94273 
1.00917 0.464555 -0.0516577 1.92649 
1.00223 0.427469 -0.0521988 1.90674 
1.01028 0.465678 -0.0593795 1.92907 
1.00845 0.462795 -0.0556816 1.92445 
0.979893 0.292281 -0.0387578 1.84522 
0.986978 0.340605 -0.0419182 1.86525 
0.984993 0.334814 -0.0356263 1.86088 
0.985382 0.333162 -0.0369173 1.86178 
1.00943 0.449363 -0.0731545 1.92492 
1.01582 0.467279 -0.0779173 1.94136 
1.01342 0.468655 -0.0696685 1.93644 
1.01308 0.46621 -0.0744903 1.93488 
0.946418 0.54255 -0.0468612 1.8163 
0.939225 0.548861 -0.0486007 1.80392 
0.94423 0.540621 -0.0553017 1.81145 
0.944432 0.546691 -0.0502483 1.81462 
0.918066 0.570477 -0.0458807 1.77003 
0.916152 0.574421 -0.0408238 1.76715 
0.913026 0.574697 -0.0455992 1.76156 
0.915228 0.572392 -0.0439765 1.7648 
0.915829 0.58659 -0.0127887 1.77164 
0.911515 0.585276 -0.0209324 1.76179 
0.919937 0.579394 -0.0227653 1.77667 
0.913889 0.581544 -0.0189443 1.76449 
0.880686 0.606335 -0.0151955 1.7092 
0.874633 0.611579 -0.00565184 1.69946 
0.870971 0.612002 -0.0154168 1.69287 
0.873438 0.60786 -0.0122916 1.69469 
0.899441 0.589045 -0.022663 1.73814 
0.888659 0.596762 -0.0199498 1.71987 
0.892539 0.59223 -0.0274052 1.7258 
0.894255 0.594163 -0.0237945 1.73043 
0.886687 0.599386 -0.00496689 1.7164 
0.876503 0.605696 -0.00286016 1.69902 
0.882368 0.600606 -0.0117819 1.70847 
0.883875 0.603993 -0.00664523 1.71371 
0.935342 0.401618 -0.160808 1.77702 
0.927048 0.397096 -0.169676 1.75954 
0.932723 0.37358 -0.169373 1.76602 
0.932788 0.395932 -0.164518 1.77193 
0.912739 0.367001 -0.187305 1.72555 
0.917235 0.392103 -0.177749 1.73858 
0.906597 0.388247 -0.186246 1.71707 
0.912884 0.386368 -0.182059 1.73044 
0.905106 0.323715 -0.205676 1.70377 
0.9091 0.344563 -0.200547 1.71602 
0.892642 0.347579 -0.211009 1.68362 
0.90539 0.340995 -0.204698 1.71016 
0.929883 0.323019 -0.182872 1.75192 
0.929721 0.349263 -0.17746 1.75532 
0.920148 0.345577 -0.188071 1.73637 
0.927397 0.342689 -0.178863 1.75112 
0.94339 0.340085 -0.161561 1.78114 
0.93649 0.347356 -0.169032 1.76883 
0.936958 0.320922 -0.171439 1.76543 
0.939034 0.34063 -0.171381 1.77305 
0.94656 0.29363 -0.168556 1.78038 
0.945424 0.328143 -0.166458 1.78322 
0.939374 0.308061 -0.176878 1.76845 
0.943517 0.306912 -0.163427 1.77579 
0.943059 0.238139 -0.175436 1.76576 
0.945583 0.264151 -0.174077 1.77548 
0.93582 0.257705 -0.184085 1.75425 
0.943168 0.254382 -0.173638 1.76963 
0.950214 0.234927 -0.163968 1.78091 
0.955024 0.246949 -0.149375 1.79133 
0.949346 0.26395 -0.160073 1.78252 
0.952191 0.246143 -0.165529 1.78646 
0.956313 0.339188 -0.147406 1.80671 
0.953029 0.375501 -0.14834 1.80653 
0.950533 0.349804 -0.156142 1.79721 
0.952208 0.347398 -0.143831 1.7986 
0.966415 0.359117 -0.114673 1.82891 
0.968191 0.330569 -0.110895 1.82728 
0.971274 0.339788 -0.101952 1.83476 
0.968575 0.341458 -0.115161 1.82996 
0.963394 0.420225 -0.11791 1.83196 
0.964639 0.387202 -0.11823 1.8294 
0.967862 0.400152 -0.111475 1.83724 
0.965519 0.400824 -0.121604 1.8329 
0.954809 0.37321 -0.135997 1.8081 
0.957738 0.337285 -0.1347 1.80758 
0.960686 0.362839 -0.126997 1.81762 
0.958752 0.365199 -0.139068 1.81548 
0.980853 0.177785 -0.0791636 1.83684 
0.97809 0.200535 -0.0743081 1.83223 
0.97687 0.196951 -0.0941909 1.82999 
0.977469 0.186005 -0.0891706 1.83012 
0.932042 0.546201 -0.0749572 1.79203 
0.929614 0.552187 -0.0652385 1.78842 
0.923234 0.55167 -0.0727383 1.77642 
0.927391 0.54785 -0.0711399 1.78214 
0.875214 0.403155 -0.215222 1.66447 
0.860705 0.39512 -0.217512 1.63155 
0.876659 0.371873 -0.217465 1.6589 
0.871541 0.387374 -0.213361 1.6523 
0.904155 0.433806 -0.177535 1.72189 
0.890966 0.437516 -0.181154 1.69577 
0.898199 0.40824 -0.185954 1.70337 
0.899893 0.432923 -0.181233 1.71438 
0.853043 0.450717 -0.201211 1.63051 
0.855029 0.412648 -0.212764 1.62504 
0.866519 0.421334 -0.206828 1.65009 
0.859695 0.426205 -0.212853 1.63804 
0.957558 0.261563 -0.150578 1.79745 
0.957059 0.297276 -0.147929 1.80052 
0.952564 0.276267 -0.15898 1.78933 
0.955409 0.278053 -0.145063 1.79495 
0.956999 0.199203 -0.155923 1.78921 
0.958214 0.228441 -0.155229 1.79626 
0.950453 0.219023 -0.166626 1.77846 
0.956631 0.21624 -0.152872 1.79117 
0.893909 0.40766 -0.192296 1.69736 
0.886399 0.437662 -0.187039 1.68878 
0.881809 0.414174 -0.19851 1.67578 
0.885184 0.412224 -0.191972 1.67892 
0.88744 0.367262 -0.211771 1.67888 
0.894412 0.389012 -0.196242 1.69513 
0.88237 0.39744 -0.204148 1.67426 
0.890111 0.391838 -0.206217 1.69049 
0.916945 0.410739 -0.173524 1.7429 
0.911278 0.431502 -0.173827 1.73682 
0.906525 0.405366 -0.181605 1.72088 
0.910791 0.412173 -0.178761 1.72993 
0.929621 0.299364 -0.189971 1.74939 
0.916683 0.299816 -0.199939 1.72279 
0.927101 0.276958 -0.19295 1.74001 
0.926881 0.294384 -0.192018 1.7443 
0.943292 0.281278 -0.169106 1.77322 
0.935732 0.29698 -0.178146 1.76101 
0.935902 0.272476 -0.182639 1.75808 
0.938396 0.282722 -0.182456 1.76431 
0.928547 0.367515 -0.173131 1.7576 
0.922915 0.390705 -0.173388 1.75077 
0.918989 0.365066 -0.183113 1.73899 
0.922842 0.369017 -0.177667 1.74526 
0.759162 0.566275 -0.0946688 1.47193 
0.774641 0.578112 -0.0600637 1.50591 
0.746841 0.574965 -0.0409363 1.44797 
0.767729 0.581304 -0.0633045 1.49616 
0.908451 0.518251 -0.125462 1.74544 
0.915746 0.519961 -0.116738 1.75739 
0.904949 0.532538 -0.111211 1.74011 
0.911573 0.525835 -0.120467 1.7525 
0.894685 0.503237 -0.149309 1.718 
0.901219 0.511874 -0.137643 1.72997 
0.884898 0.524437 -0.137891 1.70364 
0.896503 0.519119 -0.143028 1.72751 
0.842719 0.527503 -0.146151 1.62532 
0.863307 0.518768 -0.151324 1.6642 
0.868687 0.536356 -0.136642 1.67972 
0.859373 0.523457 -0.146505 1.65731 
0.8934 0.460855 -0.175608 1.70891 
0.906413 0.455591 -0.172935 1.73413 
0.90045 0.485073 -0.164667 1.73086 
0.897822 0.46036 -0.17121 1.71625 
0.907327 0.495529 -0.155907 1.74377 
0.919852 0.482449 -0.152963 1.76439 
0.911552 0.504778 -0.145215 1.7508 
0.909619 0.488581 -0.148636 1.74325 
0.897964 0.550841 -0.0420898 1.72756 
0.895174 0.555086 -0.061149 1.72382 
0.906325 0.550667 -0.0507824 1.74308 
0.901711 0.554793 -0.0496542 1.7374 
0.920031 0.52498 -0.0160348 1.76433 
0.907472 0.539459 -0.024594 1.7432 
0.918855 0.530438 -0.0294522 1.76217 
0.917389 0.535584 -0.0223923 1.76339 
0.875224 0.566432 -0.0531476 1.69263 
0.888345 0.559635 -0.0634558 1.71349 
0.892117 0.558815 -0.0400597 1.7216 
0.881151 0.558554 -0.0540558 1.69797 
0.828011 0.587983 -0.0296298 1.61847 
0.855572 0.571951 -0.0421914 1.65918 
0.865861 0.567106 -0.00545273 1.67919 
0.842628 0.570067 -0.0279179 1.63144 
0.781844 0.562687 -0.104234 1.51516 
0.813918 0.568495 -0.1019 1.58167 
0.791559 0.578806 -0.0724213 1.54076 
0.793006 0.572227 -0.092026 1.54173 
0.794001 0.550888 -0.120076 1.53508 
0.817951 0.53679 -0.141184 1.57929 
0.821496 0.558749 -0.116303 1.59344 
0.811301 0.546413 -0.126567 1.56861 
0.909309 0.534793 -0.105232 1.74614 
0.919576 0.524086 -0.111305 1.76369 
0.921962 0.531165 -0.100608 1.76883 
0.918218 0.530468 -0.10497 1.7634 
0.882145 0.557608 -0.0979717 1.7052 
0.895006 0.547439 -0.100515 1.72431 
0.890414 0.55782 -0.0832186 1.71858 
0.88671 0.549416 -0.095057 1.70668 
0.865315 0.563957 -0.0668909 1.67043 
0.871772 0.55838 -0.0876804 1.68192 
0.883084 0.557255 -0.0732751 1.70121 
0.875942 0.562447 -0.0754666 1.69234 
0.881826 0.541107 -0.121297 1.70102 
0.894237 0.542352 -0.106297 1.72194 
0.87852 0.551379 -0.106258 1.69576 
0.886605 0.548257 -0.111077 1.71238 
0.890962 0.535981 -0.129707 1.71959 
0.905061 0.524243 -0.130452 1.74263 
0.900522 0.538262 -0.114459 1.73465 
0.896215 0.529007 -0.124172 1.72449 
0.91724 0.34117 -0.191519 1.73251 
0.916718 0.317606 -0.198882 1.72825 
0.927077 0.318551 -0.186018 1.74805 
0.919921 0.321471 -0.195593 1.73357 
0.901029 0.386355 -0.193812 1.70916 
0.89444 0.364407 -0.209085 1.69375 
0.907802 0.36346 -0.194946 1.7183 
0.900344 0.36587 -0.19958 1.7024 
0.812239 0.453288 -0.203691 1.54625 
0.838377 0.421853 -0.212588 1.59124 
0.841646 0.456841 -0.203412 1.60839 
0.834913 0.442337 -0.206667 1.59177 
0.827639 0.507987 -0.170185 1.59437 
0.817675 0.475657 -0.192617 1.56728 
0.838595 0.477649 -0.188576 1.60849 
0.826974 0.4825 -0.187261 1.58511 
0.809553 0.514344 -0.165603 1.55801 
0.761015 0.515917 -0.160089 1.46252 
0.787619 0.486716 -0.181226 1.50564 
0.795039 0.505823 -0.173421 1.53077 
0.897892 0.551249 -0.0783457 1.72734 
0.90232 0.543624 -0.0941432 1.73432 
0.910359 0.549101 -0.0788781 1.75019 
0.904364 0.549819 -0.0824622 1.74121 
0.9092 0.555071 -0.0576792 1.75089 
0.901304 0.55595 -0.0677962 1.7367 
0.911018 0.553617 -0.0710007 1.7535 
0.905179 0.553594 -0.0667455 1.74167 
0.856594 0.570368 -0.0708549 1.66056 
0.843944 0.571079 -0.0944839 1.64149 
0.863872 0.560715 -0.0937836 1.67052 
0.852319 0.565239 -0.0885746 1.64987 
0.833629 0.533813 -0.141978 1.60854 
0.861734 0.541548 -0.1331 1.66689 
0.837213 0.555769 -0.1205 1.62348 
0.843214 0.548336 -0.131092 1.63355 
0.765577 0.533277 -0.154049 1.48168 
0.807196 0.531431 -0.15123 1.56 
0.77988 0.552405 -0.130569 1.51415 
0.778801 0.540703 -0.145013 1.50697 
0.857845 0.468783 -0.181531 1.64032 
0.876361 0.463652 -0.177876 1.67474 
0.866905 0.492045 -0.16763 1.66307 
0.864206 0.469161 -0.176587 1.64972 
0.904117 0.480643 -0.157399 1.73418 
0.909573 0.450721 -0.163021 1.73623 
0.918101 0.465471 -0.153788 1.75698 
0.911822 0.472364 -0.162317 1.74865 
0.873013 0.494264 -0.16421 1.67571 
0.882325 0.466741 -0.173505 1.68606 
0.890497 0.49053 -0.161901 1.71048 
0.884627 0.489105 -0.165507 1.69945 
0.880084 0.532275 -0.144146 1.70386 
0.8746 0.514512 -0.156897 1.68793 
0.890518 0.508679 -0.156353 1.71758 
0.878466 0.513521 -0.153594 1.69264 
0.831597 0.505506 -0.161104 1.59475 
0.842652 0.47564 -0.178307 1.60923 
0.854346 0.49766 -0.164277 1.63748 
0.846972 0.498587 -0.167595 1.6259 
0.856035 0.448272 -0.189715 1.62925 
0.869689 0.420795 -0.196469 1.6503 
0.875317 0.44368 -0.18465 1.66567 
0.869825 0.442132 -0.189491 1.6576 
0.897551 0.52789 0.0146843 1.72253 
0.920776 0.509335 0.00418346 1.76175 
0.918135 0.4996 0.0307744 1.75514 
0.916497 0.519702 0.0193237 1.76116 
0.817209 0.588969 -0.0179663 1.59854 
0.861902 0.556305 0.0112754 1.665 
0.837717 0.579804 0.0285432 1.63476 
0.848222 0.58854 0.0123976 1.66343 
0.867806 0.562673 -0.0399674 1.67545 
0.889894 0.551208 -0.0272189 1.71297 
0.87734 0.552953 -0.0119797 1.69058 
0.881966 0.560181 -0.0236012 1.70422 
0.988216 0.462505 0.219517 1.88999 
0.994791 0.458067 0.205158 1.90021 
0.995754 0.449232 0.216864 1.90106 
0.993334 0.458656 0.217988 1.89991 
0.969889 0.46699 0.269598 1.86251 
0.967411 0.476514 0.25514 1.85731 
0.978337 0.461148 0.255789 1.87541 
0.970693 0.464392 0.257227 1.85953 
0.919215 0.510247 0.287932 1.77612 
0.933158 0.498001 0.279094 1.79745 
0.931005 0.496365 0.295024 1.79706 
0.930492 0.504629 0.290985 1.79909 
0.90607 0.529261 0.276959 1.75471 
0.895726 0.540622 0.268513 1.73643 
0.906593 0.534418 0.260314 1.75368 
0.903403 0.537701 0.270722 1.75205 
0.982436 0.484896 0.193705 1.88164 
0.980228 0.490058 0.181317 1.87656 
0.988845 0.47789 0.178083 1.89012 
0.982714 0.479173 0.181665 1.87697 
0.96681 0.486612 0.242037 1.85754 
0.963442 0.494123 0.228163 1.85007 
0.975665 0.478528 0.230038 1.87093 
0.967277 0.482478 0.230537 1.85352 
0.964548 0.501301 0.191766 1.84799 
0.972167 0.493521 0.183035 1.85983 
0.973531 0.4887 0.195601 1.86312 
0.971266 0.496908 0.192708 1.86146 
0.94835 0.439448 -0.0721048 1.80067 
0.93965 0.444021 -0.0833843 1.78371 
0.949785 0.424774 -0.0799178 1.7991 
0.947998 0.437281 -0.0757225 1.7999 
0.924018 0.496757 -0.0701076 1.76547 
0.92791 0.481887 -0.0725721 1.76988 
0.928753 0.488525 -0.0676333 1.77267 
0.928049 0.491303 -0.0722461 1.77278 
0.925454 0.468841 -0.0863833 1.76233 
0.932218 0.458541 -0.0855469 1.77309 
0.930553 0.46922 -0.0807369 1.77281 
0.92995 0.464625 -0.0830049 1.77046 
0.942806 0.449286 -0.0688063 1.7916 
0.933648 0.465086 -0.0739557 1.77753 
0.937399 0.453791 -0.0807763 1.78265 
0.937954 0.455603 -0.0784586 1.78372 
0.940618 0.491048 -0.0397656 1.79772 
0.943348 0.477836 -0.0474754 1.80015 
0.946251 0.478209 -0.0284063 1.80639 
0.942268 0.474406 -0.0395637 1.79527 
0.923557 0.52838 -0.0327719 1.77184 
0.9289 0.519192 -0.0347674 1.7802 
0.92681 0.521929 -0.0216183 1.77826 
0.926296 0.520382 -0.0291041 1.77471 
0.898773 0.546492 -0.000957809 1.7344 
0.903487 0.547161 -0.0192949 1.74075 
0.918663 0.529654 -0.00750009 1.76647 
0.903794 0.535557 -0.0101023 1.73603 
0.923357 0.543195 -0.0487451 1.7735 
0.922691 0.541321 -0.0523253 1.7716 
0.924001 0.533662 -0.0495542 1.77227 
0.924189 0.542263 -0.0496311 1.77544 
0.931389 0.508444 -0.0556808 1.78305 
0.933336 0.495092 -0.0584735 1.78351 
0.935672 0.497433 -0.0475101 1.78847 
0.932504 0.49737 -0.056627 1.78148 
0.915766 0.547901 -0.0457164 1.76088 
0.921232 0.544222 -0.0452834 1.76973 
0.919597 0.538352 -0.0393111 1.76544 
0.920136 0.545553 -0.0425753 1.76921 
0.923996 0.523014 -0.061399 1.77184 
0.924054 0.512432 -0.0664404 1.76991 
0.92707 0.514365 -0.060582 1.77587 
0.924396 0.514787 -0.0639293 1.77015 
0.934051 0.487319 -0.063071 1.78411 
0.933284 0.480253 -0.0692188 1.78138 
0.938649 0.478438 -0.0592322 1.7912 
0.934546 0.478683 -0.0652496 1.78205 
0.937692 0.488498 -0.0473549 1.78977 
0.935019 0.486472 -0.0587566 1.78427 
0.939035 0.477035 -0.0534867 1.78984 
0.938426 0.487795 -0.0517084 1.79257 
0.92846 0.508707 -0.0618834 1.77676 
0.924855 0.504795 -0.0689761 1.76873 
0.929391 0.495653 -0.0659963 1.77507 
0.928389 0.503494 -0.0634155 1.77584 
0.758849 0.601441 -0.0107013 1.48393 
0.762004 0.604921 -0.00849505 1.49204 
0.753227 0.603523 -0.00631222 1.47444 
0.760088 0.603101 -0.00924792 1.48767 
0.926535 0.48498 -0.076944 1.76858 
0.922843 0.499463 -0.0740219 1.76446 
0.921042 0.492211 -0.0796141 1.75968 
0.922491 0.488983 -0.0750103 1.76091 
0.918129 0.557425 -0.0549029 1.76664 
0.915354 0.556146 -0.0583486 1.76131 
0.919698 0.552221 -0.0557111 1.76873 
0.917875 0.554155 -0.0556212 1.76557 
0.910078 0.555877 -0.0621089 1.75157 
0.905155 0.556553 -0.063908 1.74257 
0.908066 0.549209 -0.0654269 1.74628 
0.908629 0.555368 -0.0632651 1.74958 
0.913813 0.531865 -0.0683864 1.7537 
0.914869 0.540203 -0.0650715 1.75741 
0.911096 0.541155 -0.0670621 1.75064 
0.91415 0.540095 -0.0663193 1.75687 
0.903052 0.573138 -0.0536317 1.74183 
0.905829 0.575911 -0.0492 1.74788 
0.899799 0.579933 -0.0489743 1.73758 
0.903986 0.578074 -0.0507348 1.74572 
0.901561 0.563239 -0.0626956 1.73713 
0.902425 0.569556 -0.0587161 1.74028 
0.898232 0.570775 -0.0594783 1.73273 
0.901633 0.569612 -0.0598405 1.73955 
0.91152 0.569158 -0.0536325 1.75761 
0.909782 0.574244 -0.0500827 1.75564 
0.907291 0.57141 -0.0543461 1.75018 
0.908858 0.570314 -0.0529802 1.75237 
0.917125 0.559404 -0.0540606 1.76537 
0.913741 0.563726 -0.0543818 1.76003 
0.914072 0.558675 -0.0572041 1.75969 
0.914522 0.560602 -0.0557865 1.76037 
0.919998 0.568163 -0.0438108 1.77268 
0.923788 0.566824 -0.0402472 1.77931 
0.918433 0.571792 -0.0388795 1.77042 
0.92086 0.569323 -0.0413984 1.77443 
0.918134 0.561291 -0.0522855 1.76748 
0.918511 0.565657 -0.0488724 1.76929 
0.914946 0.564619 -0.0519761 1.76215 
0.917553 0.563479 -0.0507813 1.76722 
0.92021 0.560554 -0.052097 1.77168 
0.922476 0.559454 -0.0507149 1.77564 
0.920649 0.564818 -0.0492437 1.77359 
0.920446 0.560163 -0.0510245 1.77152 
0.924706 0.560445 -0.0480634 1.7797 
0.921047 0.563268 -0.0472376 1.77327 
0.922524 0.558552 -0.0491874 1.77495 
0.923227 0.561529 -0.0484099 1.77719 
0.910775 0.565031 -0.0560221 1.75431 
0.906406 0.567022 -0.0571659 1.74659 
0.910362 0.560332 -0.059271 1.75253 
0.910227 0.565658 -0.0571782 1.75425 
0.916746 0.568122 -0.0479843 1.76658 
0.911391 0.572364 -0.0478859 1.75757 
0.912879 0.56732 -0.0509105 1.75896 
0.913608 0.570343 -0.0493255 1.76132 
0.895152 0.583024 -0.0498522 1.72994 
0.889873 0.58421 -0.0513882 1.72014 
0.894662 0.577883 -0.0555931 1.72766 
0.894077 0.582813 -0.051838 1.72845 
0.90485 0.58319 -0.0405168 1.74821 
0.901417 0.584384 -0.0455397 1.74281 
0.907242 0.579769 -0.045969 1.75241 
0.903822 0.581632 -0.0438105 1.74594 
0.901407 0.585081 -0.0382361 1.74175 
0.894876 0.590474 -0.0357978 1.73091 
0.897401 0.58643 -0.0433529 1.7352 
0.898734 0.587714 -0.039447 1.73771 
0.895411 0.571025 -0.0603878 1.72791 
0.891951 0.567589 -0.0632094 1.7206 
0.89489 0.564008 -0.0646531 1.7254 
0.893695 0.566516 -0.0624038 1.72373 
0.925833 0.474899 -0.0778075 1.76424 
0.919922 0.483876 -0.080358 1.75522 
0.922948 0.474248 -0.0844705 1.75899 
0.923494 0.479277 -0.0832287 1.76153 
0.917452 0.523387 -0.0687839 1.75892 
0.92078 0.51325 -0.0692058 1.76301 
0.921064 0.523651 -0.0641512 1.76566 
0.920666 0.522563 -0.0665094 1.76565 
0.917507 0.539534 -0.0630181 1.76285 
0.917132 0.530864 -0.0664681 1.76054 
0.920486 0.531563 -0.0622091 1.76686 
0.917706 0.532201 -0.0649029 1.76107 
0.920921 0.541626 -0.0562685 1.76863 
0.917978 0.54001 -0.0602328 1.76282 
0.921004 0.533413 -0.0599852 1.7673 
0.920666 0.539335 -0.0579606 1.76838 
0.913547 0.554546 -0.0619594 1.75853 
0.911726 0.547841 -0.0650646 1.75366 
0.915405 0.546925 -0.0633614 1.76032 
0.912762 0.547844 -0.0639177 1.75495 
0.908893 0.525665 -0.0735252 1.74324 
0.911484 0.515637 -0.0748848 1.74579 
0.912931 0.524216 -0.0714617 1.75057 
0.912014 0.524479 -0.0729834 1.74962 
0.907978 0.499213 -0.0855606 1.73705 
0.906531 0.49599 -0.0870402 1.7329 
0.910436 0.491276 -0.087792 1.73941 
0.907795 0.49386 -0.0859299 1.73452 
0.912265 0.507912 -0.0783942 1.74647 
0.909683 0.503392 -0.0819159 1.74072 
0.914939 0.498219 -0.0806502 1.74952 
0.911576 0.5009 -0.0792971 1.74308 
0.915959 0.52308 -0.070839 1.75678 
0.914771 0.514244 -0.0746146 1.75252 
0.919234 0.5121 -0.0710973 1.76054 
0.915694 0.513266 -0.0724809 1.75316 
0.903585 0.51448 -0.0798841 1.73143 
0.90078 0.51248 -0.0814084 1.72571 
0.904822 0.507319 -0.0820751 1.73229 
0.902795 0.510714 -0.0801184 1.72916 
0.90771 0.525995 -0.0749032 1.74175 
0.906317 0.518403 -0.0776254 1.73742 
0.910217 0.515882 -0.0763945 1.74423 
0.907117 0.517311 -0.0761063 1.73793 
0.904781 0.527357 -0.0744578 1.73585 
0.900349 0.526397 -0.076068 1.7273 
0.903158 0.519915 -0.0770771 1.73104 
0.903343 0.5253 -0.0750851 1.73337 
0.901891 0.517681 -0.0780168 1.72897 
0.899109 0.523555 -0.0766968 1.72494 
0.899184 0.51574 -0.0792383 1.72349 
0.900191 0.518772 -0.0790287 1.7258 
0.90397 0.504715 -0.0825131 1.73045 
0.899792 0.510155 -0.0817946 1.72379 
0.899528 0.50612 -0.0843757 1.72218 
0.900446 0.506435 -0.0835862 1.72349 
0.910175 0.541468 -0.0685929 1.74997 
0.909205 0.533357 -0.0719006 1.74634 
0.912975 0.531896 -0.0700704 1.75308 
0.909867 0.533037 -0.0705982 1.74673 
0.91903 0.546946 -0.0559099 1.76605 
0.914402 0.552596 -0.0588114 1.75897 
0.916023 0.544706 -0.059407 1.76004 
0.916648 0.549816 -0.059346 1.76268 
0.900486 0.557188 -0.0655757 1.73455 
0.895916 0.556683 -0.0667367 1.72589 
0.89682 0.549566 -0.0691162 1.72606 
0.898334 0.555829 -0.0664805 1.73073 
0.894575 0.547865 -0.0698798 1.72205 
0.893602 0.554697 -0.0675429 1.72175 
0.890821 0.54771 -0.070557 1.71498 
0.892465 0.548671 -0.069903 1.71783 
0.89699 0.532706 -0.0752571 1.72316 
0.895856 0.541611 -0.0729085 1.7229 
0.8935 0.53471 -0.0753246 1.71709 
0.894603 0.534032 -0.0743537 1.71849 
0.903276 0.546493 -0.0683897 1.73794 
0.906918 0.547818 -0.0668989 1.74497 
0.903958 0.555366 -0.0651955 1.74116 
0.904341 0.548995 -0.0679457 1.73997 
0.898313 0.532584 -0.0746795 1.72515 
0.900354 0.540113 -0.0719496 1.73041 
0.897154 0.541294 -0.0722454 1.72475 
0.899428 0.540281 -0.0727367 1.72929 
0.90062 0.531743 -0.074142 1.72982 
0.904925 0.532253 -0.0727003 1.73787 
0.902509 0.539367 -0.0712638 1.73477 
0.902074 0.533294 -0.0733972 1.73209 
0.917401 0.495882 -0.0776321 1.75284 
0.91937 0.502925 -0.0724443 1.75796 
0.914368 0.506293 -0.0760929 1.74936 
0.917804 0.504735 -0.0757314 1.75639 
0.912066 0.48851 -0.085631 1.74126 
0.914242 0.490791 -0.0817387 1.74579 
0.908905 0.496751 -0.0828378 1.73717 
0.912532 0.494043 -0.0846253 1.74425 
0.914774 0.484697 -0.0871723 1.74568 
0.91985 0.477821 -0.087376 1.7539 
0.918191 0.486923 -0.0841398 1.75322 
0.917561 0.481823 -0.0853965 1.75044 
0.897732 0.516695 -0.0801778 1.72081 
0.897666 0.524546 -0.0778417 1.72234 
0.894954 0.519991 -0.0796498 1.71624 
0.896359 0.518814 -0.0785004 1.71861 
0.902817 0.498947 -0.0853551 1.72581 
0.904685 0.50162 -0.0836485 1.73056 
0.899307 0.503515 -0.0848187 1.72027 
0.903338 0.501813 -0.0846406 1.72851 
0.907173 0.505643 -0.0804343 1.73604 
0.909765 0.509945 -0.0772859 1.74174 
0.905719 0.513078 -0.0785231 1.73487 
0.907968 0.511445 -0.0792529 1.73916 
0.890941 0.520289 -0.0799622 1.7092 
0.888079 0.522661 -0.0794596 1.70435 
0.888 0.519069 -0.0812141 1.70319 
0.888826 0.521221 -0.0805209 1.7053 
0.886098 0.523515 -0.0799171 1.7007 
0.882812 0.522809 -0.0801195 1.69381 
0.885557 0.520003 -0.0811573 1.69841 
0.885347 0.521748 -0.0804061 1.69889 
0.890718 0.514437 -0.0826587 1.70676 
0.891677 0.518376 -0.0812734 1.70994 
0.888202 0.517357 -0.0818129 1.70271 
0.890677 0.516271 -0.0818985 1.70765 
0.880862 0.53138 -0.0760545 1.69272 
0.877985 0.53319 -0.0756761 1.68772 
0.877869 0.52952 -0.0773724 1.68649 
0.878814 0.532066 -0.076543 1.68897 
0.888646 0.530922 -0.0760689 1.70666 
0.884684 0.530619 -0.0764188 1.69917 
0.886616 0.52638 -0.0776908 1.70181 
0.887029 0.529748 -0.0763725 1.70392 
0.889141 0.534294 -0.0747181 1.70892 
0.887591 0.540183 -0.0728029 1.70729 
0.885237 0.534208 -0.0750484 1.70161 
0.886781 0.535222 -0.0746328 1.70417 
0.885537 0.525373 -0.0785415 1.70035 
0.883541 0.528877 -0.0770084 1.69739 
0.882889 0.524662 -0.0791169 1.69499 
0.883903 0.526096 -0.0787236 1.69711 
0.87651 0.536719 -0.0741141 1.68535 
0.878493 0.542193 -0.0727194 1.69037 
0.875002 0.541563 -0.0725118 1.68369 
0.877121 0.540766 -0.0726755 1.68794 
0.880365 0.525635 -0.0786035 1.68984 
0.881707 0.529685 -0.0772572 1.69377 
0.878142 0.528103 -0.077763 1.68629 
0.880441 0.527175 -0.0779487 1.69086 
0.883035 0.535068 -0.0749623 1.69718 
0.885387 0.541028 -0.0727398 1.70287 
0.881805 0.54141 -0.0729168 1.69629 
0.884026 0.540503 -0.0731786 1.70072 
0.876897 0.55733 -0.0667912 1.69098 
0.874013 0.561907 -0.0653532 1.68659 
0.872431 0.555091 -0.0671683 1.6824 
0.874034 0.558382 -0.06701 1.68536 
0.873841 0.547185 -0.0703856 1.68295 
0.876491 0.553267 -0.0683918 1.68908 
0.872278 0.551745 -0.0685617 1.68107 
0.874519 0.550972 -0.0685319 1.68554 
0.885736 0.558214 -0.0673686 1.70746 
0.887242 0.564635 -0.0648908 1.71173 
0.882351 0.559056 -0.0667416 1.70136 
0.884944 0.559084 -0.0666417 1.7062 
0.892107 0.559571 -0.0659116 1.71994 
0.889169 0.563853 -0.0645084 1.71546 
0.887798 0.557351 -0.0668864 1.71145 
0.889351 0.560701 -0.0664061 1.71457 
0.891118 0.536019 -0.0744271 1.71244 
0.893591 0.542885 -0.0719378 1.71852 
0.88961 0.542221 -0.07272 1.71096 
0.891969 0.541387 -0.0724166 1.71571 
0.900719 0.562835 -0.0638833 1.73634 
0.897354 0.570363 -0.0604831 1.73178 
0.896718 0.563355 -0.0646347 1.72905 
0.897596 0.563933 -0.0637025 1.73008 
0.873737 0.581644 -0.0580399 1.68988 
0.875245 0.586871 -0.0549276 1.69389 
0.870862 0.586808 -0.0549928 1.68581 
0.874078 0.585845 -0.0555498 1.69215 
0.868044 0.567496 -0.0626827 1.67667 
0.871954 0.574952 -0.060153 1.68561 
0.867063 0.572551 -0.0605705 1.67598 
0.869354 0.571846 -0.0604067 1.6805 
0.880483 0.573849 -0.0612147 1.70053 
0.883112 0.578731 -0.0584855 1.70648 
0.87727 0.577815 -0.0591337 1.69554 
0.880833 0.57671 -0.0592284 1.70259 
0.89306 0.573929 -0.058358 1.72411 
0.887941 0.576524 -0.0582254 1.71508 
0.889561 0.570299 -0.0614237 1.71649 
0.890796 0.575072 -0.0593015 1.72049 
0.898496 0.5767 -0.0567146 1.73541 
0.902395 0.574877 -0.0561377 1.74225 
0.899051 0.581861 -0.0513436 1.73783 
0.899071 0.575926 -0.0552565 1.73553 
0.872013 0.562652 -0.0657445 1.68271 
0.868598 0.561573 -0.0653105 1.67624 
0.870143 0.555946 -0.0674785 1.67793 
0.870824 0.560836 -0.0656343 1.68067 
0.88073 0.546854 -0.0708551 1.69557 
0.883657 0.552742 -0.0693665 1.70204 
0.880219 0.553097 -0.0687067 1.69584 
0.882096 0.5522 -0.0693404 1.69949 
0.876943 0.58047 -0.0577527 1.69604 
0.882899 0.581143 -0.0570468 1.70719 
0.878032 0.585837 -0.0545637 1.69922 
0.878541 0.582606 -0.056681 1.69865 
0.878271 0.559901 -0.0662522 1.69389 
0.879061 0.566337 -0.0638636 1.69685 
0.875229 0.563695 -0.0645486 1.68905 
0.877614 0.56269 -0.0643483 1.69364 
0.88797 0.570938 -0.0627925 1.71441 
0.886573 0.577346 -0.0595467 1.71322 
0.884077 0.572416 -0.0622454 1.70755 
0.885374 0.572073 -0.061666 1.70936 
0.909772 0.560779 -0.0607848 1.75262 
0.905783 0.568386 -0.0588406 1.747 
0.905159 0.561948 -0.0624139 1.74432 
0.905924 0.562184 -0.0612781 1.74493 
0.87797 0.594803 -0.0449781 1.70045 
0.884217 0.590496 -0.0485181 1.71113 
0.882725 0.595586 -0.04337 1.71012 
0.881501 0.593192 -0.0452617 1.70685 
0.860141 0.58799 -0.0527009 1.66651 
0.861589 0.582768 -0.0553001 1.66787 
0.865365 0.587633 -0.0536065 1.67608 
0.862892 0.58698 -0.053552 1.67179 
0.851117 0.585311 -0.0520116 1.64953 
0.853123 0.580892 -0.0546018 1.65221 
0.855803 0.58745 -0.0524633 1.6586 
0.853876 0.58453 -0.0524936 1.65494 
0.847046 0.572587 -0.0556299 1.63926 
0.848201 0.568081 -0.0576864 1.64023 
0.850689 0.573625 -0.0559671 1.6464 
0.849171 0.571927 -0.0558712 1.64342 
0.874274 0.56647 -0.0626915 1.68826 
0.878157 0.569389 -0.0621112 1.6961 
0.874936 0.573508 -0.0599084 1.69114 
0.875794 0.570481 -0.0622494 1.69165 
0.871365 0.602922 -0.0370078 1.69051 
0.873965 0.597615 -0.0424206 1.69359 
0.879136 0.598314 -0.040701 1.70406 
0.875211 0.600303 -0.0403573 1.69713 
0.875947 0.533891 -0.075978 1.68393 
0.872659 0.532864 -0.0759058 1.67712 
0.875279 0.530271 -0.0771293 1.68145 
0.87511 0.531957 -0.0763589 1.68202 
0.885449 0.552029 -0.0695194 1.70559 
0.882655 0.546033 -0.071182 1.69937 
0.886233 0.546141 -0.0710856 1.70597 
0.884292 0.546886 -0.0710733 1.7021 
0.891724 0.555374 -0.0676535 1.718 
0.887624 0.553581 -0.0686863 1.70986 
0.888777 0.548496 -0.0705382 1.7109 
0.889688 0.552909 -0.0682685 1.71401 
0.88609 0.565504 -0.0644255 1.7097 
0.882071 0.566453 -0.0638909 1.70244 
0.881224 0.559917 -0.0662721 1.69938 
0.883287 0.565499 -0.0645303 1.70456 
0.871822 0.540429 -0.0727196 1.67764 
0.868788 0.540422 -0.0725871 1.67189 
0.870638 0.535315 -0.0748969 1.67402 
0.870921 0.539657 -0.0730279 1.67619 
0.878798 0.552362 -0.0688025 1.69365 
0.87608 0.54629 -0.0708047 1.68739 
0.879436 0.546362 -0.0711312 1.69361 
0.87753 0.547144 -0.0707011 1.68983 
0.870798 0.550361 -0.0690858 1.67856 
0.869122 0.544727 -0.0706527 1.67409 
0.872232 0.545346 -0.0707816 1.68008 
0.870229 0.546058 -0.0706596 1.67607 
0.875585 0.535616 -0.0746 1.68398 
0.873938 0.539629 -0.0726548 1.68186 
0.872645 0.534561 -0.0750233 1.67804 
0.873842 0.536284 -0.0746189 1.6805 
0.865535 0.541451 -0.0713271 1.66591 
0.861418 0.541327 -0.0708244 1.65775 
0.864166 0.538797 -0.072112 1.66231 
0.864496 0.540319 -0.0715486 1.66394 
0.869169 0.534843 -0.074683 1.67115 
0.867843 0.540084 -0.0729404 1.67038 
0.866642 0.537191 -0.0734905 1.66693 
0.867426 0.53625 -0.0732625 1.66802 
0.863114 0.552597 -0.0672024 1.66435 
0.865331 0.559986 -0.0650657 1.67017 
0.861684 0.557008 -0.0654546 1.66272 
0.86353 0.556351 -0.0651855 1.66633 
0.86494 0.551967 -0.0671962 1.66797 
0.868868 0.553968 -0.0674258 1.67575 
0.867225 0.55935 -0.0651543 1.67392 
0.866547 0.554766 -0.067273 1.67113 
0.902666 0.556 -0.0661226 1.73873 
0.898972 0.548375 -0.0696765 1.7302 
0.902098 0.547128 -0.0695149 1.73576 
0.900597 0.548084 -0.0688673 1.73293 
0.880504 0.541202 -0.0734914 1.69431 
0.878654 0.535652 -0.074935 1.68956 
0.881566 0.534398 -0.0752804 1.69475 
0.879551 0.535409 -0.0745056 1.69079 
0.903898 0.541164 -0.0703841 1.73744 
0.906537 0.534394 -0.0719569 1.74091 
0.907714 0.542418 -0.0685698 1.74497 
0.906579 0.540159 -0.0694272 1.74282 
0.893165 0.522184 -0.0781731 1.71319 
0.895856 0.526921 -0.0763427 1.7193 
0.892285 0.529033 -0.0763321 1.71311 
0.894195 0.527671 -0.0772056 1.7167 
0.893587 0.51735 -0.0805173 1.71357 
0.893328 0.513261 -0.0827086 1.71199 
0.89646 0.51374 -0.081067 1.71814 
0.894285 0.514955 -0.0820633 1.71402 
0.888959 0.524932 -0.0787167 1.70633 
0.891837 0.522839 -0.0791842 1.71129 
0.890959 0.529489 -0.0771016 1.71111 
0.889984 0.524148 -0.0779993 1.70776 
0.893369 0.511146 -0.0834991 1.71096 
0.896404 0.507501 -0.0842218 1.71584 
0.897327 0.511325 -0.0825379 1.71894 
0.896352 0.509766 -0.0833783 1.71691 
0.853559 0.556237 -0.0632982 1.64705 
0.854657 0.563365 -0.0614411 1.65112 
0.851269 0.558019 -0.0619767 1.64318 
0.852864 0.557464 -0.0620282 1.64618 
0.859024 0.543924 -0.069132 1.65395 
0.860938 0.547407 -0.0681929 1.65876 
0.856605 0.546196 -0.0678905 1.65002 
0.859447 0.545319 -0.0685204 1.65571 
0.865756 0.563794 -0.0630465 1.67216 
0.864811 0.568954 -0.0611754 1.67158 
0.862253 0.561029 -0.0633599 1.665 
0.864049 0.56436 -0.0633036 1.66881 
0.864821 0.549112 -0.0686273 1.66662 
0.866898 0.545524 -0.070284 1.66964 
0.868633 0.551118 -0.0688576 1.67423 
0.867125 0.548305 -0.0687816 1.67121 
0.856954 0.547508 -0.0673498 1.65158 
0.86097 0.548954 -0.066943 1.65964 
0.859316 0.55283 -0.065036 1.65755 
0.858778 0.549695 -0.0669615 1.65529 
0.861923 0.542941 -0.0701116 1.65982 
0.865511 0.543177 -0.0703111 1.66679 
0.863333 0.546583 -0.0685941 1.66355 
0.863156 0.544006 -0.0699969 1.66207 
0.858189 0.566338 -0.0614731 1.65838 
0.859914 0.561803 -0.0635346 1.6604 
0.862599 0.56967 -0.0614481 1.66725 
0.860456 0.565591 -0.0613836 1.66282 
0.828053 0.603019 -0.0359019 1.61218 
0.826752 0.607684 -0.0325524 1.61116 
0.822719 0.600101 -0.0348117 1.60148 
0.825133 0.60368 -0.0351431 1.60655 
0.833567 0.597159 -0.0407129 1.62067 
0.830099 0.599935 -0.038387 1.61502 
0.827545 0.593093 -0.0401604 1.60849 
0.82986 0.598 -0.0399416 1.6135 
0.835365 0.60977 -0.0345438 1.62671 
0.828972 0.609503 -0.0324522 1.6149 
0.830313 0.60511 -0.0356999 1.61603 
0.831925 0.608624 -0.0337037 1.62045 
0.829177 0.588051 -0.0435671 1.60974 
0.83303 0.594949 -0.0421787 1.61868 
0.827099 0.590961 -0.0415213 1.60671 
0.829944 0.590302 -0.0418996 1.61225 
0.847877 0.608802 -0.0364438 1.64928 
0.850406 0.613344 -0.0315078 1.65539 
0.843692 0.611106 -0.0336627 1.64212 
0.847359 0.610149 -0.0342982 1.64905 
0.858715 0.569788 -0.0594721 1.66064 
0.863322 0.573307 -0.05938 1.66983 
0.861129 0.576658 -0.0577 1.66652 
0.860843 0.574105 -0.0593423 1.66497 
0.848295 0.557131 -0.0612011 1.63783 
0.847539 0.560452 -0.0594849 1.63733 
0.84531 0.554608 -0.0612121 1.6314 
0.846973 0.557563 -0.0611886 1.63524 
0.837753 0.560508 -0.0567406 1.61862 
0.833131 0.560118 -0.0561692 1.60924 
0.836169 0.557748 -0.0575957 1.61428 
0.836598 0.559171 -0.0569991 1.61611 
0.841625 0.554088 -0.0604557 1.62386 
0.840629 0.559039 -0.0585931 1.62404 
0.839074 0.55604 -0.0589989 1.61954 
0.840063 0.555381 -0.059129 1.62122 
0.839512 0.578702 -0.051044 1.62674 
0.841501 0.586956 -0.0480371 1.63235 
0.83745 0.582061 -0.0487082 1.62367 
0.839034 0.581457 -0.0487165 1.62664 
0.840885 0.56631 -0.056798 1.62613 
0.843736 0.571823 -0.05534 1.63272 
0.840057 0.572447 -0.0541337 1.62601 
0.842383 0.571497 -0.055149 1.63043 
0.866065 0.61276 -0.0127815 1.68294 
0.870147 0.612201 -0.00299484 1.69033 
0.861116 0.615686 -0.00616134 1.67429 
0.866547 0.614556 -0.00791819 1.68498 
0.869573 0.609338 -0.0193875 1.68815 
0.876569 0.604646 -0.0238486 1.69996 
0.879985 0.603839 -0.0185516 1.70609 
0.877104 0.607248 -0.0205083 1.70278 
0.851746 0.621242 -0.0163313 1.66044 
0.861227 0.617444 -0.0173427 1.67687 
0.856217 0.621223 -0.0110148 1.66867 
0.85469 0.618758 -0.0148737 1.66402 
0.869405 0.608307 -0.0301401 1.68943 
0.874571 0.607133 -0.0271712 1.69852 
0.86749 0.612099 -0.0228704 1.68681 
0.871127 0.60923 -0.027123 1.6927 
0.858507 0.613823 -0.0278778 1.67066 
0.866248 0.610118 -0.030134 1.68405 
0.864258 0.614186 -0.0230258 1.68151 
0.862034 0.611775 -0.0274247 1.67618 
0.853602 0.602045 -0.0433734 1.65795 
0.856979 0.606264 -0.0399833 1.66561 
0.850588 0.605542 -0.0400939 1.65335 
0.854462 0.604605 -0.0408747 1.66091 
0.863593 0.599583 -0.0448217 1.67575 
0.869068 0.598719 -0.0446212 1.6853 
0.862106 0.603479 -0.0405257 1.674 
0.864622 0.600727 -0.0439197 1.67764 
0.888292 0.584479 -0.0531958 1.71797 
0.888014 0.580142 -0.0569808 1.71657 
0.892988 0.577433 -0.0571644 1.7251 
0.88859 0.578693 -0.055698 1.71618 
0.892327 0.593358 -0.0374459 1.72738 
0.888242 0.594388 -0.0411513 1.72039 
0.894676 0.589051 -0.0447119 1.73112 
0.891145 0.592398 -0.0405713 1.72535 
0.879319 0.585495 -0.0528203 1.70071 
0.884314 0.581165 -0.055557 1.70906 
0.884763 0.585427 -0.0516833 1.71081 
0.883394 0.584026 -0.0531096 1.70862 
0.876092 0.593 -0.0465389 1.69696 
0.877396 0.588495 -0.0508362 1.69828 
0.882498 0.588363 -0.0501994 1.7075 
0.878508 0.590097 -0.0497832 1.70043 
0.863809 0.60395 -0.0390428 1.67678 
0.870712 0.599761 -0.0429502 1.6885 
0.868207 0.60468 -0.0371002 1.68513 
0.866753 0.602286 -0.0391808 1.68158 
0.865156 0.596564 -0.0468099 1.67768 
0.868551 0.591922 -0.0508856 1.68296 
0.871101 0.595407 -0.0461152 1.68832 
0.869312 0.59541 -0.0477217 1.68585 
0.869337 0.584327 -0.0554679 1.68306 
0.867668 0.576986 -0.0586568 1.6784 
0.872208 0.57897 -0.0585619 1.68714 
0.869356 0.579916 -0.0582776 1.68156 
0.874834 0.594349 -0.0476894 1.69573 
0.871999 0.590929 -0.051997 1.68978 
0.876347 0.589965 -0.0522677 1.69748 
0.873413 0.590818 -0.0510472 1.69164 
0.863492 0.597334 -0.0487034 1.67561 
0.861249 0.591967 -0.0511629 1.67 
0.866401 0.591311 -0.051944 1.67944 
0.862681 0.592477 -0.0507961 1.67218 
0.857249 0.601063 -0.0446225 1.66506 
0.862213 0.600931 -0.0457751 1.67436 
0.860625 0.605292 -0.0415799 1.67273 
0.859083 0.601789 -0.0444045 1.66822 
0.845891 0.59537 -0.0447492 1.64261 
0.851187 0.598648 -0.0445501 1.65319 
0.848276 0.602302 -0.0413673 1.64872 
0.848285 0.599428 -0.0439468 1.64756 
0.849019 0.581818 -0.051963 1.64559 
0.847463 0.576069 -0.0541456 1.64137 
0.851118 0.577266 -0.0546277 1.64835 
0.84864 0.577941 -0.0540631 1.64344 
0.845866 0.592869 -0.04699 1.64147 
0.848752 0.589576 -0.0496302 1.646 
0.851328 0.596491 -0.0465209 1.65249 
0.848867 0.591998 -0.047386 1.64727 
0.843056 0.586283 -0.0478988 1.63518 
0.84103 0.578122 -0.0511182 1.6296 
0.845933 0.583109 -0.050455 1.63977 
0.843743 0.583893 -0.0502422 1.63562 
0.874095 0.574134 -0.0605414 1.68977 
0.870082 0.56673 -0.062968 1.68064 
0.873456 0.567168 -0.0635002 1.68698 
0.871859 0.567832 -0.0630503 1.68388 
0.889995 0.598519 -0.0166677 1.72364 
0.900622 0.59073 -0.0194472 1.7415 
0.89327 0.59758 -0.00965823 1.72951 
0.892299 0.593178 -0.0145712 1.72484 
0.884147 0.597793 -0.0371823 1.71354 
0.888963 0.596513 -0.0335892 1.72192 
0.88161 0.601698 -0.0309731 1.7097 
0.885552 0.599543 -0.0342186 1.71688 
0.873116 0.605856 -0.0343898 1.69584 
0.880774 0.600865 -0.0382083 1.7088 
0.87813 0.604669 -0.0315273 1.70463 
0.876557 0.603424 -0.0342884 1.70129 
0.887787 0.588807 -0.0485382 1.71775 
0.892748 0.587857 -0.0472375 1.72706 
0.886186 0.594125 -0.0436643 1.71663 
0.888593 0.589922 -0.0473141 1.71938 
0.903636 0.583788 -0.0336428 1.74483 
0.904269 0.585622 -0.0253788 1.74662 
0.897405 0.588644 -0.0305101 1.7342 
0.902058 0.586245 -0.0301034 1.7428 
0.914511 0.574286 -0.0325687 1.76239 
0.918441 0.575542 -0.026886 1.77125 
0.909846 0.581036 -0.025478 1.75577 
0.915589 0.578734 -0.0283592 1.76714 
0.909737 0.576872 -0.0434329 1.75552 
0.913415 0.576507 -0.0383569 1.76225 
0.907477 0.580678 -0.0385482 1.75201 
0.910695 0.579053 -0.0400781 1.75816 
0.925322 0.566473 -0.037389 1.78188 
0.923033 0.572748 -0.0300986 1.77988 
0.920006 0.571174 -0.0357316 1.77282 
0.922114 0.56875 -0.0341752 1.77595 
0.926147 0.562315 -0.0465716 1.78301 
0.925734 0.56457 -0.0423408 1.78242 
0.922407 0.565921 -0.0455 1.7768 
0.924748 0.564248 -0.0445557 1.78092 
0.924628 0.556999 -0.0543685 1.77952 
0.92842 0.555711 -0.0573672 1.7866 
0.926922 0.558361 -0.0509576 1.78387 
0.926341 0.555725 -0.0539923 1.78171 
0.922881 0.552381 -0.0486566 1.77481 
0.922751 0.556253 -0.0511823 1.77575 
0.923294 0.556159 -0.0498016 1.77635 
0.923362 0.55557 -0.0494477 1.77662 
0.919937 0.552607 -0.0669382 1.76907 
0.926644 0.553122 -0.0613122 1.78198 
0.922142 0.555669 -0.0571049 1.77405 
0.923284 0.555533 -0.0617528 1.77687 
0.933107 0.558163 -0.0462341 1.79554 
0.928337 0.563314 -0.0420993 1.7875 
0.928406 0.561451 -0.0470377 1.7876 
0.929494 0.559522 -0.0453559 1.78816 
0.939053 0.553338 -0.0448892 1.80557 
0.945447 0.54786 -0.0433603 1.81666 
0.939051 0.556866 -0.0367572 1.80678 
0.940085 0.549911 -0.0421882 1.80558 
0.92784 0.568125 0.00647027 1.78534 
0.933883 0.561258 -0.00440128 1.79514 
0.939483 0.558929 0.00556014 1.80565 
0.935384 0.565612 0.00255893 1.80079 
0.907618 0.582769 -0.0360085 1.75305 
0.913302 0.578216 -0.036199 1.76257 
0.908376 0.584669 -0.0285375 1.75515 
0.908325 0.579599 -0.0337722 1.75233 
0.930067 0.560279 -0.0388721 1.78897 
0.935137 0.554617 -0.0429814 1.79735 
0.935322 0.558167 -0.0355469 1.79906 
0.933933 0.558393 -0.0386142 1.79656 
0.921972 0.551586 -0.047981 1.77344 
0.917645 0.553424 -0.0492932 1.76608 
0.921159 0.555812 -0.0517834 1.7727 
0.919673 0.552669 -0.0498661 1.769 
0.939212 0.559629 -0.0287817 1.80807 
0.945736 0.553686 -0.0263997 1.8191 
0.938629 0.563521 -0.0193064 1.80829 
0.939957 0.556043 -0.0258546 1.80732 
0.927388 0.564192 -0.0355127 1.78505 
0.932634 0.562462 -0.0320358 1.79533 
0.92527 0.570201 -0.0279757 1.78325 
0.92845 0.565392 -0.0329081 1.7877 
0.952927 0.541462 -0.0408018 1.82977 
0.959841 0.534539 -0.0369359 1.84155 
0.953025 0.545341 -0.0318812 1.83136 
0.953834 0.537096 -0.0369242 1.82912 
0.839863 0.598458 -0.0418827 1.63181 
0.843246 0.596079 -0.0442003 1.63747 
0.845454 0.603058 -0.0408507 1.64327 
0.84274 0.597648 -0.0423198 1.63727 
0.83293 0.603152 -0.0372763 1.62034 
0.83643 0.600733 -0.03971 1.62621 
0.837808 0.607729 -0.0362024 1.63061 
0.835405 0.602401 -0.0376769 1.62498 
0.831924 0.586743 -0.0449963 1.6147 
0.835169 0.585417 -0.0467368 1.62036 
0.835755 0.593664 -0.0435893 1.62359 
0.83344 0.58648 -0.0451806 1.61735 
0.829637 0.574288 -0.0496693 1.60734 
0.832177 0.572163 -0.0513076 1.61151 
0.833448 0.579049 -0.0493749 1.6156 
0.83157 0.573664 -0.0498781 1.611 
0.823146 0.578526 -0.0456101 1.59643 
0.826228 0.576191 -0.0477155 1.60152 
0.827111 0.582157 -0.0456968 1.60477 
0.825566 0.577926 -0.0461564 1.60108 
0.822147 0.568048 -0.0492589 1.59078 
0.825328 0.565882 -0.0511877 1.59616 
0.825759 0.569993 -0.0496959 1.59887 
0.824874 0.567446 -0.0502689 1.5962 
0.837946 0.572427 -0.0536859 1.62227 
0.834933 0.56927 -0.0537073 1.61587 
0.838409 0.566039 -0.0559395 1.62148 
0.836805 0.568526 -0.0538801 1.61932 
0.829639 0.581834 -0.0462857 1.6095 
0.828826 0.57584 -0.0483013 1.60643 
0.832862 0.580554 -0.0479707 1.61512 
0.83056 0.580781 -0.0473684 1.61079 
0.828291 0.563853 -0.052935 1.60121 
0.831042 0.561862 -0.0545553 1.60584 
0.83156 0.565636 -0.053188 1.60853 
0.830685 0.563261 -0.0537548 1.60596 
0.837109 0.592988 -0.0434405 1.62588 
0.8365 0.584756 -0.0465833 1.62262 
0.840618 0.590252 -0.0456894 1.63159 
0.838689 0.591067 -0.0456161 1.62817 
0.822811 0.580256 -0.0438678 1.59668 
0.826832 0.583795 -0.0440197 1.60508 
0.824799 0.586683 -0.0418847 1.6021 
0.824623 0.584393 -0.0436486 1.60081 
0.817569 0.583733 -0.0412444 1.58755 
0.820303 0.580941 -0.043462 1.59184 
0.822229 0.587337 -0.041366 1.59712 
0.820294 0.583017 -0.0417399 1.5928 
0.815859 0.572301 -0.0452605 1.58021 
0.819181 0.570183 -0.0472778 1.58586 
0.819539 0.574413 -0.0456222 1.58856 
0.818594 0.571736 -0.0463289 1.58563 
0.827822 0.569416 -0.0501848 1.60285 
0.827875 0.565285 -0.0521456 1.60124 
0.83047 0.567185 -0.0518301 1.6071 
0.828704 0.56782 -0.0516859 1.60381 
0.812629 0.574539 -0.0430504 1.57483 
0.81354 0.579218 -0.0413207 1.57881 
0.809155 0.576624 -0.0409973 1.56892 
0.812298 0.576005 -0.0421998 1.57512 
0.809013 0.578152 -0.0400061 1.56966 
0.812596 0.580666 -0.039654 1.57772 
0.809387 0.583088 -0.0373348 1.57249 
0.810409 0.58129 -0.0391978 1.57356 
0.816488 0.604866 -0.0308898 1.59082 
0.819151 0.600916 -0.0340812 1.59462 
0.823086 0.608482 -0.0315885 1.60411 
0.820253 0.604076 -0.0316599 1.59807 
0.821811 0.616091 -0.025109 1.60463 
0.817578 0.608164 -0.0284437 1.5943 
0.824058 0.61123 -0.0293147 1.60724 
0.820226 0.611994 -0.0282946 1.59986 
0.803238 0.600063 -0.0279129 1.56554 
0.80329 0.594772 -0.0307349 1.56435 
0.809076 0.600633 -0.0292989 1.57647 
0.805544 0.59932 -0.0284082 1.56976 
0.795415 0.608292 -0.0207773 1.553 
0.800224 0.605061 -0.0242887 1.5609 
0.803238 0.611965 -0.0215589 1.56833 
0.800606 0.607387 -0.0220909 1.56291 
0.799807 0.587059 -0.0326044 1.55569 
0.794698 0.584736 -0.0324528 1.54438 
0.79914 0.582432 -0.0348954 1.55199 
0.798426 0.5841 -0.0339511 1.55168 
0.787874 0.598413 -0.0238765 1.53703 
0.788776 0.604498 -0.0205634 1.53998 
0.781758 0.601488 -0.0200492 1.52678 
0.786711 0.600769 -0.0216166 1.53622 
0.790564 0.587032 -0.0302716 1.53752 
0.790167 0.59172 -0.0274537 1.53937 
0.785241 0.589427 -0.0273769 1.52828 
0.78886 0.588933 -0.0290487 1.53537 
0.802546 0.586702 -0.0335079 1.56088 
0.802466 0.581969 -0.0363239 1.55856 
0.806056 0.585068 -0.03565 1.56684 
0.803828 0.585461 -0.0351433 1.56273 
0.807435 0.583724 -0.0371083 1.56886 
0.802981 0.580592 -0.0369929 1.55867 
0.806145 0.578726 -0.038907 1.564 
0.805939 0.58005 -0.0381344 1.56448 
0.813637 0.598671 -0.0312361 1.58458 
0.811339 0.591184 -0.0345286 1.57847 
0.816385 0.595069 -0.0344399 1.5887 
0.813709 0.595695 -0.0338109 1.58356 
0.79736 0.5889 -0.0308039 1.55185 
0.792519 0.591235 -0.0280328 1.54367 
0.793557 0.58662 -0.0315462 1.54336 
0.794766 0.589528 -0.0302451 1.54714 
0.810975 0.599281 -0.0306412 1.57949 
0.80545 0.593427 -0.0319021 1.56791 
0.808885 0.591772 -0.033986 1.57376 
0.808025 0.592908 -0.032416 1.57271 
0.799151 0.599048 -0.0268482 1.55776 
0.794078 0.595905 -0.026882 1.54798 
0.798863 0.593714 -0.0295983 1.5561 
0.797428 0.595383 -0.027845 1.55427 
0.592559 0.609391 0.064539 1.19701 
0.60114 0.613455 0.0594394 1.21389 
0.56283 0.601318 0.070697 1.14427 
0.593484 0.610066 0.0653077 1.19919 
0.811258 0.638137 0.0162387 1.59035 
0.800552 0.641665 0.0232739 1.57246 
0.799997 0.640958 0.0153166 1.5716 
0.803862 0.640441 0.0191745 1.57798 
0.723192 0.615091 0.0481247 1.42736 
0.688137 0.615926 0.0529488 1.3636 
0.714636 0.6136 0.0499935 1.4103 
0.717553 0.612756 0.0524957 1.41512 
0.731262 0.616812 0.0268641 1.4419 
0.734897 0.620678 0.0303229 1.44901 
0.728446 0.616859 0.0316508 1.43705 
0.732224 0.617643 0.0293054 1.44451 
0.718973 0.620503 0.0510699 1.42017 
0.691306 0.61488 0.0586326 1.3686 
0.724615 0.616282 0.0491475 1.43053 
0.716684 0.617235 0.0476015 1.4163 
0.736531 0.622704 0.0429366 1.45331 
0.729403 0.621781 0.0461719 1.43988 
0.729987 0.618199 0.0451022 1.44159 
0.733023 0.620977 0.0457794 1.44603 
0.730861 0.617596 0.0345717 1.44238 
0.736937 0.621425 0.0330836 1.45362 
0.737078 0.622274 0.0379907 1.45414 
0.733881 0.621011 0.0349864 1.44755 
0.752523 0.638555 0.0361037 1.48548 
0.756669 0.645028 0.0398587 1.49684 
0.75004 0.638624 0.0423568 1.48119 
0.754381 0.639781 0.0391543 1.49012 
0.684277 0.633689 0.0565251 1.36059 
0.630242 0.622675 0.0662004 1.26338 
0.700542 0.627068 0.0519612 1.38705 
0.681647 0.628921 0.0490645 1.35468 
0.737791 0.653273 0.058742 1.46537 
0.690318 0.655392 0.0649934 1.38487 
0.732411 0.65463 0.0554838 1.45798 
0.733456 0.656431 0.058486 1.46162 
0.598968 0.617924 0.0725041 1.21299 
0.592435 0.615716 0.0853002 1.20217 
0.581728 0.610806 0.0798579 1.18263 
0.584261 0.612805 0.0792478 1.18618 
0.62204 0.630677 0.0832285 1.25652 
0.623118 0.630737 0.0955048 1.25913 
0.606079 0.621496 0.0916855 1.22621 
0.612168 0.627405 0.0882647 1.23843 
0.669849 0.63556 0.0560497 1.33712 
0.621265 0.63014 0.0731697 1.25362 
0.618825 0.624422 0.0676268 1.24647 
0.621943 0.62874 0.0706117 1.25314 
0.646781 0.645366 0.0774925 1.3058 
0.628812 0.635671 0.0918464 1.27094 
0.627283 0.635133 0.0799307 1.26693 
0.635253 0.637993 0.0859292 1.28282 
0.730468 0.64905 0.0513085 1.45171 
0.689326 0.649456 0.0606689 1.37943 
0.702837 0.642332 0.0539777 1.39846 
0.706774 0.647069 0.0605374 1.40803 
0.664331 0.6452 0.118635 1.33822 
0.683209 0.64662 0.133169 1.37258 
0.656657 0.640739 0.135023 1.32478 
0.674505 0.645991 0.126025 1.35709 
0.593647 0.614707 0.0977395 1.20458 
0.599165 0.615434 0.110628 1.21491 
0.583725 0.608831 0.103302 1.18697 
0.586823 0.611528 0.102153 1.19167 
0.683448 0.652176 0.107078 1.37468 
0.704524 0.653285 0.0983724 1.40941 
0.702657 0.651738 0.121555 1.40839 
0.687926 0.649627 0.108845 1.37907 
0.619385 0.625255 0.121692 1.25306 
0.629258 0.632673 0.112588 1.27267 
0.642118 0.635868 0.131356 1.29819 
0.625371 0.630101 0.118312 1.2649 
0.667156 0.652381 0.0814733 1.34453 
0.689423 0.652171 0.0903892 1.3814 
0.665591 0.650581 0.098516 1.34219 
0.685333 0.654647 0.0910007 1.37817 
0.601463 0.600045 0.151733 1.21688 
0.603693 0.597672 0.165386 1.22143 
0.586192 0.593058 0.15473 1.18668 
0.588616 0.595792 0.157404 1.19411 
0.618273 0.611384 0.148431 1.24747 
0.597503 0.602841 0.147849 1.2111 
0.59502 0.605014 0.136177 1.20656 
0.610494 0.607507 0.142612 1.23456 
0.6382 0.613548 0.156089 1.2834 
0.638543 0.607067 0.170541 1.28394 
0.618858 0.605749 0.156054 1.2495 
0.626856 0.607127 0.162117 1.26284 
0.725273 0.615106 0.0412968 1.43093 
0.72161 0.613167 0.0363463 1.42228 
0.725774 0.614924 0.0358627 1.43147 
0.723277 0.614263 0.0376269 1.42627 
0.853909 0.624478 0.0101423 1.66498 
0.86701 0.61773 0.00442181 1.68728 
0.861093 0.621634 0.0152273 1.67749 
0.858279 0.61918 0.0101833 1.66994 
0.833557 0.627953 -0.0134751 1.62938 
0.842248 0.624963 -0.0157449 1.64427 
0.83715 0.629197 -0.00724335 1.63625 
0.835349 0.625825 -0.0121672 1.63061 
0.815041 0.629959 -0.0106632 1.59589 
0.823811 0.628323 -0.0120139 1.6109 
0.817001 0.632404 -0.00394571 1.59958 
0.817031 0.628861 -0.00881442 1.59749 
0.814823 0.626971 -0.0138264 1.59385 
0.820188 0.62271 -0.0197603 1.6024 
0.823872 0.625847 -0.0146722 1.60977 
0.821463 0.625974 -0.0160114 1.60663 
0.839211 0.616971 -0.0277686 1.63562 
0.840575 0.61301 -0.0321238 1.6369 
0.847286 0.615256 -0.0299821 1.65015 
0.842714 0.61587 -0.0293967 1.64217 
0.840316 0.607012 -0.0364558 1.63514 
0.838922 0.600155 -0.0400698 1.6308 
0.844622 0.604712 -0.0390361 1.64247 
0.841456 0.605489 -0.0383728 1.63655 
0.82182 0.597311 -0.0368243 1.59857 
0.824289 0.593831 -0.0395761 1.6022 
0.827175 0.600578 -0.0377841 1.60938 
0.825017 0.596601 -0.0376255 1.60478 
0.815644 0.578573 -0.0417009 1.58281 
0.815494 0.573917 -0.0441289 1.5805 
0.818505 0.575997 -0.0438668 1.58732 
0.81657 0.576613 -0.0435348 1.58365 
0.819589 0.592628 -0.0369215 1.59404 
0.817466 0.585939 -0.0394853 1.58837 
0.822133 0.589328 -0.039752 1.59784 
0.819432 0.589976 -0.0391014 1.59261 
0.807792 0.611174 -0.0233366 1.57708 
0.804804 0.604235 -0.0260639 1.56971 
0.810668 0.605043 -0.0275993 1.58063 
0.806432 0.605839 -0.0260826 1.57247 
0.811777 0.589167 -0.0364632 1.57834 
0.814887 0.586575 -0.038917 1.58339 
0.816873 0.593235 -0.0362005 1.58877 
0.814614 0.588448 -0.0370408 1.58377 
0.821565 0.57389 -0.0460759 1.59242 
0.821711 0.569671 -0.0482824 1.59091 
0.824696 0.571621 -0.0481926 1.59758 
0.822598 0.572185 -0.0477391 1.59359 
0.739763 0.632899 0.196263 1.47413 
0.713674 0.636795 0.179904 1.42742 
0.736035 0.638422 0.179923 1.46712 
0.726029 0.636411 0.187949 1.45031 
0.69587 0.604125 0.224199 1.38777 
0.694215 0.615617 0.20959 1.38806 
0.722662 0.611673 0.227028 1.43891 
0.707584 0.61189 0.216806 1.41034 
0.658894 0.624531 0.162495 1.32355 
0.68586 0.632801 0.171162 1.37575 
0.681732 0.62503 0.181321 1.36574 
0.677961 0.627634 0.17592 1.36046 
0.71319 0.634552 0.0481457 1.41222 
0.723349 0.627073 0.0452877 1.42816 
0.739863 0.63337 0.0447805 1.46023 
0.725685 0.632834 0.0500462 1.43386 
0.71289 0.61152 0.0469285 1.40508 
0.71682 0.611886 0.0397123 1.41234 
0.721582 0.614105 0.0438951 1.42325 
0.71954 0.613321 0.0423226 1.41881 
0.61354 0.627365 0.100683 1.24153 
0.603226 0.619385 0.109306 1.22122 
0.597407 0.618242 0.0964401 1.21026 
0.607752 0.622167 0.104012 1.23017 
0.601299 0.620747 0.0725542 1.21611 
0.612141 0.627694 0.0765311 1.2374 
0.595466 0.618272 0.0845044 1.20593 
0.608699 0.623201 0.0777138 1.23044 
0.655345 0.643931 0.111589 1.32204 
0.647895 0.63847 0.127782 1.30824 
0.635428 0.636009 0.108683 1.28387 
0.646201 0.639961 0.117802 1.30531 
0.732282 0.64353 0.169378 1.46254 
0.710226 0.641624 0.169746 1.42344 
0.711396 0.648298 0.151619 1.42619 
0.719798 0.643594 0.161443 1.43868 
0.690331 0.636594 0.165192 1.38561 
0.662576 0.628183 0.156971 1.33197 
0.672279 0.638082 0.148467 1.35298 
0.669666 0.634974 0.153236 1.34661 
0.760313 0.650441 0.0428795 1.50601 
0.768316 0.65043 0.0434112 1.51947 
0.755015 0.652143 0.0485635 1.49746 
0.763179 0.652264 0.0458124 1.51282 
0.751432 0.626616 0.0226097 1.4793 
0.759754 0.633227 0.0215642 1.49633 
0.754234 0.633241 0.0283271 1.48654 
0.754725 0.631861 0.0245747 1.48621 
0.769787 0.638028 0.0182017 1.51633 
0.775136 0.636867 0.0124845 1.52557 
0.778873 0.642625 0.017259 1.53521 
0.775715 0.6382 0.0153982 1.52779 
0.859785 0.615884 -0.0203468 1.67318 
0.850185 0.619391 -0.0195548 1.65637 
0.853148 0.615714 -0.0252523 1.66064 
0.855464 0.618136 -0.0212459 1.66657 
0.850572 0.622506 0.00586757 1.6567 
0.854949 0.618913 -0.00261286 1.66345 
0.864204 0.615784 0.000360178 1.6801 
0.857577 0.621083 0.00128359 1.67035 
0.830007 0.629818 -0.00280589 1.62203 
0.819455 0.632913 -0.00172559 1.60398 
0.826263 0.628768 -0.00970756 1.615 
0.827404 0.632005 -0.00489752 1.61945 
0.847225 0.627566 0.00440478 1.65391 
0.841895 0.629188 -0.00144613 1.64495 
0.851882 0.624351 -0.00475516 1.66152 
0.844583 0.625248 -0.000481739 1.64699 
0.838172 0.628546 0.00978482 1.63597 
0.823847 0.634213 0.0122356 1.61186 
0.832148 0.630371 0.00352057 1.6258 
0.834126 0.632977 0.00837697 1.63179 
0.833433 0.630326 0.02686 1.62727 
0.842253 0.626306 0.0165307 1.64217 
0.851534 0.623131 0.0212544 1.65866 
0.8456 0.628812 0.0220131 1.65102 
0.820897 0.636382 0.00953123 1.60826 
0.819268 0.636171 0.00237274 1.60585 
0.829225 0.632454 0.000591099 1.62215 
0.821456 0.633144 0.00426495 1.60694 
0.800584 0.623733 -0.013459 1.567 
0.805835 0.619407 -0.0188324 1.57524 
0.80805 0.627023 -0.0140659 1.58197 
0.805709 0.623066 -0.0152277 1.57685 
0.785221 0.617409 -0.00892993 1.53768 
0.792617 0.622073 -0.00976679 1.55231 
0.788621 0.626321 -0.00383006 1.54631 
0.788324 0.622411 -0.0079618 1.54397 
0.779575 0.61998 -0.00368892 1.52765 
0.782771 0.617571 -0.0078443 1.5329 
0.786167 0.626498 -0.00283124 1.54158 
0.78221 0.619717 -0.00471651 1.53269 
0.770396 0.607776 -0.0110674 1.50804 
0.775528 0.604635 -0.0160123 1.51637 
0.777771 0.610863 -0.0123409 1.52172 
0.775363 0.607348 -0.0131176 1.51766 
0.78239 0.610265 -0.0138285 1.53053 
0.78072 0.603901 -0.017652 1.52629 
0.788025 0.606672 -0.0183084 1.53984 
0.782992 0.607331 -0.0165389 1.53015 
0.874621 0.615715 0.03465 1.7015 
0.869336 0.61914 0.0238825 1.69291 
0.887067 0.606464 0.0193968 1.7214 
0.872825 0.611357 0.0256896 1.69449 
0.875504 0.610668 0.0703095 1.70124 
0.874474 0.609627 0.0508451 1.6973 
0.890222 0.5998 0.0514241 1.72395 
0.879428 0.612028 0.057318 1.70985 
0.848289 0.627528 0.0449295 1.65574 
0.85843 0.622901 0.0285522 1.6729 
0.865466 0.619437 0.0396204 1.68497 
0.860922 0.626762 0.0377966 1.68114 
0.862929 0.617985 0.0847816 1.68132 
0.839371 0.628258 0.0849948 1.64056 
0.846422 0.627534 0.0672156 1.65315 
0.851271 0.628154 0.0782151 1.66435 
0.877912 0.611729 0.130324 1.71353 
0.860191 0.62376 0.124278 1.68441 
0.870277 0.618681 0.103413 1.69897 
0.865638 0.611442 0.117852 1.68565 
0.85366 0.600537 0.18624 1.66505 
0.843332 0.600367 0.200429 1.6469 
0.826016 0.610407 0.190736 1.61683 
0.844681 0.605967 0.194653 1.65252 
0.793584 0.640235 0.0591981 1.55704 
0.76963 0.645301 0.0673208 1.51603 
0.786505 0.642432 0.0516463 1.54511 
0.789764 0.645679 0.0585011 1.55442 
0.739442 0.643498 0.129965 1.46617 
0.71562 0.646038 0.130056 1.4263 
0.718606 0.649663 0.108606 1.43162 
0.728406 0.649518 0.122137 1.45078 
0.8076 0.632203 0.148973 1.58876 
0.781478 0.643392 0.140688 1.54616 
0.794669 0.641563 0.124034 1.56703 
0.788246 0.634572 0.135515 1.55052 
0.806858 0.62506 0.158704 1.58327 
0.801132 0.623781 0.17169 1.57369 
0.777543 0.635273 0.152752 1.5338 
0.801377 0.629477 0.164151 1.57734 
0.831806 0.624349 0.134938 1.62816 
0.815387 0.630208 0.146926 1.60203 
0.803459 0.636675 0.123904 1.57994 
0.823174 0.635122 0.137759 1.61999 
0.839821 0.597303 0.211592 1.64035 
0.838069 0.595688 0.225304 1.63945 
0.81723 0.607251 0.216447 1.60352 
0.8353 0.602968 0.220381 1.63789 
0.763397 0.652392 0.0545252 1.51113 
0.774503 0.650212 0.0459097 1.53007 
0.784037 0.6477 0.048333 1.5454 
0.778609 0.65201 0.0502676 1.53955 
0.765595 0.649338 0.0401309 1.51497 
0.77238 0.648542 0.0336654 1.52648 
0.774488 0.649074 0.0402244 1.53 
0.77095 0.649346 0.0373276 1.52455 
0.743261 0.632936 0.0455915 1.46631 
0.732383 0.626461 0.048329 1.44472 
0.739608 0.626958 0.0434573 1.45803 
0.740425 0.627406 0.0446865 1.46002 
0.758013 0.640741 0.032818 1.49671 
0.7684 0.64647 0.0309583 1.51856 
0.761587 0.646214 0.0372016 1.50629 
0.761192 0.645437 0.0349199 1.50479 
0.806216 0.640392 0.0284341 1.58198 
0.816516 0.637413 0.0212232 1.59976 
0.820965 0.636482 0.0294199 1.60744 
0.815912 0.63832 0.0249086 1.59931 
0.77765 0.648239 0.0307112 1.53535 
0.78993 0.647017 0.0281023 1.5566 
0.78034 0.648892 0.0369205 1.54038 
0.780839 0.647875 0.0328933 1.54037 
0.83586 0.632784 0.0316638 1.6342 
0.853586 0.625344 0.0255714 1.66463 
0.842991 0.630495 0.0426129 1.64702 
0.839909 0.626123 0.0333615 1.63714 
0.82585 0.63625 0.0759271 1.61846 
0.815993 0.639639 0.0617111 1.60067 
0.834777 0.632631 0.0578024 1.63253 
0.821035 0.633722 0.0650923 1.60604 
0.825144 0.636753 0.0165841 1.61645 
0.838574 0.631063 0.0136251 1.63867 
0.829517 0.635815 0.0246274 1.62401 
0.828163 0.632688 0.0182815 1.61879 
0.799313 0.638292 0.00808226 1.5691 
0.800925 0.635858 0.00176888 1.57139 
0.808577 0.63546 0.00189184 1.5846 
0.803229 0.636906 0.00401072 1.57579 
0.790334 0.64482 0.0190488 1.55697 
0.797126 0.643593 0.015026 1.56874 
0.797739 0.645034 0.0229554 1.57021 
0.79352 0.643998 0.0181197 1.56202 
0.785222 0.642688 0.0149675 1.54672 
0.781731 0.638052 0.0100314 1.53819 
0.792303 0.641984 0.0111623 1.55923 
0.785947 0.642196 0.0134835 1.54772 
0.839522 0.626705 -0.00576062 1.63855 
0.844428 0.622638 -0.013793 1.64617 
0.849858 0.622421 -0.00856334 1.65621 
0.846735 0.625534 -0.0092787 1.65266 
0.85548 0.610892 -0.0313554 1.663 
0.858828 0.606538 -0.0358861 1.66786 
0.863485 0.607316 -0.0336207 1.67676 
0.860053 0.609461 -0.0336842 1.67175 
0.841434 0.619324 -0.0250025 1.64095 
0.84934 0.617321 -0.0272514 1.6551 
0.846507 0.621447 -0.0212163 1.65119 
0.84435 0.618558 -0.0248282 1.6455 
0.851238 0.608121 -0.0376905 1.65592 
0.857323 0.608438 -0.0378987 1.66741 
0.854004 0.61266 -0.032945 1.66251 
0.853239 0.60933 -0.0365491 1.65936 
0.830911 0.61279 -0.0302696 1.61991 
0.837189 0.612505 -0.0324117 1.63134 
0.835874 0.617133 -0.0280081 1.63024 
0.833705 0.613523 -0.0307466 1.62477 
0.84845 0.555781 -0.0627072 1.63749 
0.845296 0.553235 -0.0621989 1.63054 
0.847668 0.551328 -0.0637719 1.63452 
0.84741 0.552706 -0.0629537 1.63479 
0.8522 0.553317 -0.064032 1.64402 
0.849947 0.555169 -0.0627466 1.64025 
0.849729 0.550737 -0.0643777 1.63859 
0.85078 0.553874 -0.0639566 1.64138 
0.852543 0.547225 -0.0665179 1.6426 
0.852934 0.551993 -0.0653124 1.64495 
0.850132 0.549387 -0.0652063 1.63867 
0.851991 0.548757 -0.0656369 1.6423 
0.857975 0.557733 -0.06363 1.6561 
0.856311 0.562818 -0.0616 1.65438 
0.855088 0.555747 -0.0635695 1.65009 
0.856237 0.558398 -0.0637755 1.65274 
0.846537 0.566359 -0.0575207 1.63695 
0.845601 0.571214 -0.0556443 1.63635 
0.843109 0.565596 -0.0570134 1.63047 
0.844528 0.567031 -0.0571675 1.63304 
0.853234 0.564849 -0.0603761 1.64884 
0.849128 0.563444 -0.0595845 1.64067 
0.849797 0.559383 -0.0610448 1.64075 
0.85078 0.562845 -0.0597829 1.64388 
0.854237 0.568075 -0.0591173 1.65191 
0.852673 0.572965 -0.0566685 1.65029 
0.850234 0.567408 -0.0582523 1.64422 
0.851726 0.568915 -0.0583849 1.64698 
0.855553 0.547981 -0.0672984 1.6488 
0.857849 0.553318 -0.0650528 1.65464 
0.854951 0.552418 -0.065213 1.64885 
0.85651 0.551891 -0.0652626 1.65193 
0.858901 0.577365 -0.057707 1.66217 
0.85482 0.575665 -0.057159 1.65435 
0.85629 0.570583 -0.0595425 1.65591 
0.857212 0.574935 -0.0575131 1.65905 
0.843361 0.555244 -0.061167 1.62757 
0.845366 0.561152 -0.0594992 1.63308 
0.842029 0.560461 -0.0588994 1.62673 
0.844123 0.559783 -0.0594027 1.63085 
0.867632 0.584904 -0.0554059 1.67975 
0.863785 0.580396 -0.0568526 1.67162 
0.866094 0.577546 -0.0586484 1.67535 
0.865339 0.579656 -0.0566315 1.67447 
0.856262 0.590702 -0.0506353 1.66064 
0.854186 0.595781 -0.0473896 1.65813 
0.851636 0.588792 -0.0501711 1.65165 
0.853323 0.591496 -0.0500081 1.65487 
0.859922 0.581473 -0.0557848 1.66536 
0.858563 0.586658 -0.0530734 1.66402 
0.855898 0.580076 -0.0551492 1.65766 
0.857502 0.582188 -0.0552331 1.66059 
0.860876 0.598124 -0.0479573 1.67052 
0.855897 0.597604 -0.0470299 1.66102 
0.858008 0.592959 -0.0502499 1.66369 
0.859113 0.596725 -0.0479312 1.66731 
0.837152 0.574535 -0.051661 1.62163 
0.835308 0.578459 -0.0495177 1.61917 
0.834023 0.571573 -0.0514883 1.61507 
0.835446 0.57507 -0.0514659 1.61833 
0.833315 0.561497 -0.0557645 1.61053 
0.837103 0.56205 -0.0561388 1.61816 
0.833523 0.565245 -0.0537867 1.61242 
0.834096 0.562822 -0.0554818 1.61224 
0.845522 0.576572 -0.0535801 1.6375 
0.847006 0.582295 -0.0512128 1.64156 
0.841873 0.577277 -0.0520983 1.63089 
0.8447 0.577334 -0.0527461 1.63621 
0.938646 0.563733 0.062603 1.8073 
0.941831 0.561087 0.0494243 1.81232 
0.953439 0.54978 0.0612152 1.832 
0.945114 0.56276 0.0587402 1.82111 
0.884683 0.595867 0.125173 1.71599 
0.878832 0.602062 0.101272 1.70491 
0.899537 0.587212 0.107189 1.73982 
0.890907 0.601318 0.113956 1.73172 
0.934101 0.564962 -0.0177196 1.79889 
0.927663 0.568392 -0.0234578 1.78706 
0.934836 0.561233 -0.0278837 1.79909 
0.932408 0.565444 -0.0225078 1.79592 
0.945571 0.556408 0.00220193 1.81799 
0.941524 0.558161 -0.00799562 1.81063 
0.949025 0.551075 -0.00710468 1.82329 
0.944331 0.55306 -0.004517 1.81372 
0.918816 0.580304 -0.00966612 1.77403 
0.922517 0.573559 -0.0187029 1.77852 
0.929491 0.569929 -0.0130124 1.79136 
0.923996 0.576954 -0.0148276 1.78361 
0.924138 0.577626 0.00199805 1.78333 
0.920474 0.581213 -0.00640903 1.77797 
0.930594 0.570995 -0.00997828 1.79415 
0.922573 0.573557 -0.00380986 1.77769 
0.935825 0.570174 0.0251024 1.80382 
0.929889 0.571472 0.0131625 1.79173 
0.940603 0.562858 0.011373 1.81029 
0.933172 0.564826 0.015789 1.79475 
0.951824 0.547617 0.0244061 1.8264 
0.939446 0.558986 0.0286806 1.80514 
0.944074 0.551377 0.0173783 1.81122 
0.945659 0.556235 0.0231348 1.81752 
0.926134 0.579899 0.057044 1.78917 
0.914223 0.58725 0.0496784 1.76754 
0.929845 0.576336 0.0419401 1.7946 
0.921819 0.577101 0.0485313 1.77745 
0.926801 0.571902 0.0325783 1.78482 
0.90873 0.582315 0.0374864 1.7519 
0.918548 0.574174 0.0201546 1.76816 
0.921028 0.579948 0.0308015 1.77738 
0.898336 0.601999 0.00893716 1.74281 
0.897175 0.602079 -0.00107759 1.74076 
0.907875 0.593553 -0.00303445 1.75827 
0.898957 0.595355 0.00110576 1.73991 
0.883198 0.602443 -0.0281789 1.71284 
0.890341 0.597375 -0.0308971 1.72483 
0.88626 0.601694 -0.0230782 1.71827 
0.885021 0.59925 -0.0268877 1.71443 
0.947331 0.560919 0.0379237 1.8243 
0.956821 0.550854 0.0318397 1.83973 
0.956251 0.550459 0.0507453 1.83833 
0.951412 0.551618 0.0400747 1.82804 
0.901163 0.592498 0.0125885 1.74247 
0.910635 0.584167 0.00101873 1.75798 
0.915481 0.580162 0.0107435 1.76567 
0.911776 0.589863 0.00823111 1.76403 
0.951394 0.545753 -0.00219948 1.82561 
0.95863 0.538024 0.00243195 1.83746 
0.948307 0.551375 0.00589285 1.82128 
0.952012 0.544628 -0.000235732 1.82598 
0.959844 0.524097 0.185232 1.84824 
0.957648 0.534484 0.170311 1.84606 
0.967463 0.517773 0.179141 1.86104 
0.960954 0.521578 0.177507 1.84781 
0.991902 0.465731 0.204375 1.89686 
0.984941 0.471591 0.218111 1.88637 
0.982835 0.477779 0.205191 1.88149 
0.985674 0.469189 0.205901 1.88414 
0.929036 0.539193 0.207267 1.79192 
0.915318 0.55392 0.201719 1.76913 
0.934453 0.54395 0.193776 1.80376 
0.929001 0.549105 0.202166 1.79671 
0.708223 0.656015 0.0813264 1.4165 
0.695662 0.657653 0.0700907 1.39658 
0.73561 0.654662 0.0598076 1.46262 
0.700419 0.652223 0.0713462 1.39864 
0.750006 0.651211 0.119566 1.49064 
0.730922 0.657424 0.0974603 1.45915 
0.749599 0.65332 0.0875595 1.48764 
0.735774 0.647419 0.0981321 1.45841 
0.82945 0.637402 0.0986441 1.62885 
0.840258 0.630268 0.122414 1.64818 
0.814797 0.642164 0.111355 1.60514 
0.821433 0.633073 0.108568 1.61045 
0.622741 0.624327 0.125499 1.25804 
0.64856 0.635189 0.135116 1.30856 
0.635932 0.624551 0.141401 1.28197 
0.643418 0.627733 0.137043 1.29629 
0.696883 0.647113 0.142035 1.398 
0.696588 0.640396 0.160299 1.39659 
0.677765 0.641983 0.144567 1.36282 
0.686912 0.643183 0.150741 1.38057 
0.766524 0.610193 0.243369 1.52063 
0.797586 0.60713 0.244415 1.57587 
0.799051 0.601262 0.252368 1.57866 
0.792396 0.605426 0.250479 1.56839 
0.704066 0.623605 0.204196 1.40816 
0.734233 0.627343 0.210622 1.46447 
0.733181 0.620105 0.22008 1.46082 
0.72627 0.623146 0.216266 1.4499 
0.756584 0.63703 0.193557 1.50659 
0.784301 0.626339 0.209068 1.5532 
0.760204 0.63101 0.209382 1.51303 
0.767636 0.63111 0.20181 1.5241 
0.60868 0.610928 0.12925 1.23226 
0.619137 0.617418 0.125103 1.25043 
0.631812 0.617245 0.141155 1.27323 
0.612003 0.613959 0.129392 1.23659 
0.557121 0.590822 0.126305 1.13443 
0.554924 0.592071 0.116088 1.13042 
0.572119 0.598409 0.122871 1.16369 
0.569122 0.595727 0.121649 1.15607 
0.639585 0.6395 0.100263 1.29278 
0.657538 0.648487 0.0854324 1.32698 
0.657723 0.647175 0.102976 1.32788 
0.64713 0.644122 0.0949482 1.30686 
0.572248 0.603673 0.0972826 1.16453 
0.561904 0.599255 0.0917429 1.14369 
0.570495 0.60442 0.0862472 1.16098 
0.563137 0.600662 0.090887 1.14691 
0.586804 0.606902 0.117201 1.19208 
0.580391 0.606771 0.106326 1.18034 
0.597719 0.613665 0.113665 1.21141 
0.59445 0.609783 0.113935 1.20607 
0.558565 0.595327 0.104602 1.13688 
0.556982 0.596363 0.0953148 1.13406 
0.568624 0.601183 0.10059 1.15711 
0.567455 0.59908 0.100715 1.15312 
0.625967 0.633972 0.0764571 1.26333 
0.675471 0.639164 0.0644348 1.34873 
0.65651 0.64412 0.0730737 1.32017 
0.649614 0.640002 0.0662301 1.30614 
0.886055 0.604957 0.0158218 1.71826 
0.868156 0.616097 0.018917 1.68826 
0.873871 0.611449 0.00851057 1.69714 
0.87774 0.614264 0.0150368 1.70731 
0.904019 0.587826 -0.0167508 1.74682 
0.90872 0.589047 -0.00744062 1.75742 
0.896926 0.595812 -0.00720619 1.73621 
0.905446 0.593344 -0.0102398 1.75326 
0.896218 0.595808 0.040829 1.73391 
0.881898 0.605008 0.0388001 1.70962 
0.893295 0.598459 0.0236594 1.72936 
0.891074 0.601381 0.0352173 1.7267 
0.941731 0.547494 0.141448 1.81255 
0.948388 0.53973 0.156024 1.82548 
0.934696 0.553843 0.152792 1.80243 
0.939875 0.549122 0.148604 1.81055 
0.871977 0.622554 0.0728533 1.7027 
0.856442 0.630673 0.0570398 1.67558 
0.870652 0.62245 0.049526 1.69846 
0.861383 0.620515 0.0579691 1.67805 
0.90361 0.595547 0.0878032 1.75248 
0.887757 0.609868 0.0796617 1.72762 
0.898938 0.601166 0.0601525 1.74421 
0.893258 0.595229 0.0760842 1.72889 
0.873946 0.601935 0.146236 1.7005 
0.862389 0.602568 0.164286 1.67996 
0.852059 0.612702 0.143589 1.66211 
0.867088 0.609499 0.153516 1.69286 
0.760349 0.652708 0.0537783 1.50643 
0.756567 0.654013 0.0507555 1.50178 
0.771122 0.651338 0.0460448 1.52553 
0.758665 0.651316 0.0510682 1.5022 
0.794494 0.646646 0.0319244 1.5648 
0.793917 0.646517 0.0421838 1.56338 
0.784781 0.649118 0.0404434 1.54872 
0.789531 0.647187 0.0382029 1.55575 
0.743691 0.649933 0.0768957 1.47291 
0.713952 0.653982 0.0828389 1.42417 
0.739771 0.652795 0.0648422 1.46812 
0.739505 0.656682 0.0727764 1.4715 
0.88246 0.608595 0.00515098 1.71356 
0.891752 0.60259 0.00248467 1.72933 
0.892447 0.60263 0.0125595 1.73049 
0.88849 0.603961 0.00577631 1.72318 
0.765036 0.620361 0.00507082 1.50137 
0.771252 0.628773 0.0084121 1.51519 
0.761285 0.622143 0.0096371 1.49517 
0.766738 0.621837 0.00767164 1.50555 
0.763871 0.609318 -0.00505639 1.49751 
0.763038 0.614183 4.47489e-05 1.49691 
0.757835 0.610627 -0.000448151 1.48706 
0.760633 0.610764 -0.00177224 1.49223 
0.777266 0.622305 -0.000767353 1.5242 
0.783906 0.629546 0.000362592 1.53854 
0.778482 0.629569 0.00489011 1.52886 
0.780594 0.628608 0.00195592 1.53223 
0.767455 0.610774 -0.00647139 1.504 
0.772358 0.6167 -0.0037551 1.51387 
0.766506 0.615546 -0.00131174 1.50312 
0.77018 0.615112 -0.00320202 1.51003 
0.771252 0.610368 -0.00781868 1.51124 
0.778748 0.613435 -0.00915565 1.52506 
0.775645 0.616409 -0.00509528 1.52016 
0.774211 0.61395 -0.00758969 1.51641 
0.769282 0.597018 -0.0196097 1.50148 
0.77273 0.599734 -0.0183258 1.50978 
0.763958 0.599515 -0.0157025 1.49268 
0.770652 0.598789 -0.018279 1.50556 
0.795274 0.610729 -0.0187878 1.55405 
0.802891 0.614174 -0.0199096 1.5688 
0.79772 0.61873 -0.0145424 1.56066 
0.797795 0.614811 -0.0180004 1.55891 
0.782919 0.591731 -0.0259949 1.52521 
0.786187 0.593834 -0.0250948 1.53268 
0.780004 0.596904 -0.0213014 1.52233 
0.784123 0.594596 -0.024644 1.52912 
0.826048 0.621771 -0.022171 1.61376 
0.833294 0.620662 -0.0238082 1.62651 
0.829603 0.625012 -0.0175336 1.62094 
0.827901 0.621544 -0.0213589 1.61599 
0.810773 0.618717 -0.0204991 1.58478 
0.817934 0.621 -0.0214301 1.5988 
0.812773 0.626444 -0.0157549 1.59111 
0.812735 0.621728 -0.019605 1.58871 
0.826657 0.613934 -0.0288275 1.61189 
0.831804 0.618283 -0.0261387 1.6226 
0.82436 0.618468 -0.0247105 1.60912 
0.828587 0.617561 -0.0259918 1.61719 
0.959892 0.523802 -0.0493385 1.83738 
0.961025 0.527482 -0.0401707 1.84088 
0.953441 0.534776 -0.0447073 1.82775 
0.959444 0.532049 -0.0448796 1.8401 
0.960622 0.53556 0.00583607 1.8402 
0.95692 0.542644 0.0174305 1.83518 
0.951258 0.545329 0.00972055 1.82412 
0.955853 0.540101 0.0121553 1.83174 
0.962575 0.529722 -0.0113766 1.84292 
0.96237 0.532251 -0.000477463 1.84315 
0.9551 0.538774 -0.00684323 1.83038 
0.961455 0.535923 -0.00562793 1.84343 
0.971913 0.523361 0.0159202 1.85962 
0.961325 0.539235 0.0195098 1.84347 
0.964805 0.530934 0.0102073 1.8474 
0.96503 0.529023 0.0124994 1.84657 
0.987243 0.501203 0.0165689 1.88544 
0.980553 0.511426 0.0150368 1.87417 
0.985651 0.503753 0.00941418 1.88323 
0.984463 0.503397 0.0123297 1.8799 
0.987315 0.500109 0.0211899 1.88453 
0.985932 0.505449 0.0298239 1.88312 
0.981303 0.509521 0.0213901 1.87458 
0.986391 0.507451 0.0252566 1.88559 
0.94275 0.538102 0.184755 1.81713 
0.951209 0.536771 0.172213 1.833 
0.951739 0.526862 0.188554 1.8319 
0.948876 0.535936 0.183248 1.82949 
0.941206 0.534836 0.205999 1.81648 
0.943206 0.540784 0.193092 1.82149 
0.953569 0.526518 0.197206 1.83777 
0.943831 0.530695 0.197067 1.81793 
0.940884 0.549027 0.174482 1.81748 
0.934131 0.561936 0.161989 1.80778 
0.949059 0.545474 0.16415 1.83178 
0.942264 0.550774 0.169198 1.82048 
0.966554 0.532259 0.0707392 1.85241 
0.977619 0.522966 0.073307 1.87295 
0.968464 0.530614 0.0837964 1.85684 
0.970615 0.532621 0.0780124 1.86249 
0.960514 0.536801 0.116723 1.84561 
0.951814 0.545791 0.104624 1.82947 
0.96327 0.532887 0.0986272 1.84753 
0.958837 0.54324 0.108697 1.84453 
0.959894 0.540867 0.0363754 1.84114 
0.967039 0.530863 0.0420045 1.85171 
0.959693 0.542514 0.0516064 1.84167 
0.961624 0.53964 0.0406094 1.84409 
1.00149 0.483685 0.0952272 1.91087 
1.00084 0.48766 0.089805 1.91073 
1.00315 0.481366 0.091544 1.91337 
1.00212 0.486454 0.0920119 1.91339 
1.00285 0.479181 0.109826 1.9135 
1.003 0.481724 0.102006 1.91422 
1.00625 0.47453 0.104712 1.91885 
1.00423 0.481675 0.106286 1.91759 
0.998389 0.498947 0.0959113 1.91111 
1.00037 0.492578 0.0900473 1.91206 
1.00049 0.489603 0.0957273 1.91144 
0.999785 0.491754 0.0956985 1.9108 
0.990971 0.500595 0.11343 1.89636 
0.994492 0.499921 0.102688 1.90308 
0.996237 0.489381 0.112866 1.90312 
0.994242 0.500071 0.111352 1.90358 
0.970807 0.529759 0.101426 1.86352 
0.980316 0.519721 0.115353 1.88172 
0.971602 0.531755 0.117602 1.8685 
0.972661 0.524262 0.108896 1.86562 
0.974977 0.523316 0.0975912 1.86919 
0.983041 0.512301 0.095983 1.88184 
0.981533 0.513662 0.108642 1.88045 
0.980713 0.5188 0.103652 1.88071 
0.987696 0.505497 0.092447 1.88885 
0.991382 0.504369 0.0863074 1.89635 
0.990771 0.50001 0.0941263 1.89346 
0.98996 0.504615 0.0916917 1.89366 
0.988435 0.510013 0.109593 1.89483 
0.987454 0.509406 0.0984136 1.89092 
0.992689 0.502921 0.100817 1.90016 
0.989078 0.504677 0.101084 1.89257 
0.974571 0.528541 0.0874134 1.87017 
0.979386 0.522708 0.0756317 1.8771 
0.981067 0.519395 0.0877513 1.88029 
0.976202 0.521702 0.0813823 1.86965 
0.797936 0.600551 -0.0252147 1.55628 
0.793166 0.603731 -0.0218703 1.54835 
0.792454 0.597567 -0.0252411 1.54579 
0.7944 0.601198 -0.0241317 1.5495 
0.817603 0.616873 -0.0238988 1.59654 
0.810488 0.614465 -0.0230484 1.58256 
0.81348 0.608987 -0.0274688 1.58644 
0.815046 0.6136 -0.0241536 1.59128 
0.840998 0.622766 -0.0185841 1.64064 
0.831992 0.625046 -0.0166473 1.62468 
0.835644 0.620687 -0.0226174 1.62987 
0.837789 0.623889 -0.0189289 1.63582 
0.811958 0.632656 -0.00141835 1.5896 
0.803884 0.633214 -0.00184752 1.57554 
0.810202 0.630259 -0.00831211 1.58633 
0.809461 0.632733 -0.00417615 1.58635 
0.775552 0.621513 -0.0002739 1.52125 
0.776533 0.628264 0.00587067 1.52509 
0.769997 0.619873 0.00248535 1.51071 
0.772527 0.621808 0.00159171 1.51552 
0.797636 0.634789 -0.00354762 1.5657 
0.791524 0.632114 -0.0029452 1.5534 
0.795602 0.627836 -0.00872028 1.55929 
0.795712 0.631811 -0.00465591 1.56149 
0.799745 0.637566 0.000742758 1.57142 
0.79824 0.640806 0.00678781 1.56997 
0.793643 0.635927 0.00186751 1.55953 
0.79584 0.637762 0.00261541 1.56383 
0.807639 0.630225 -0.01095 1.58289 
0.801467 0.634376 -0.0048467 1.57301 
0.799936 0.627329 -0.0102087 1.56758 
0.802186 0.630716 -0.00872165 1.5723 
0.812544 0.636545 0.00576518 1.59269 
0.814231 0.636673 0.0129408 1.59514 
0.803596 0.639412 0.0119998 1.57749 
0.81075 0.637838 0.00939301 1.59009 
0.773059 0.60146 -0.0166999 1.5117 
0.767688 0.604589 -0.0114841 1.50314 
0.765382 0.601109 -0.0143686 1.49674 
0.766957 0.602085 -0.0141547 1.49991 
0.780816 0.59218 -0.0251524 1.52126 
0.77889 0.59778 -0.0215704 1.52083 
0.775476 0.594442 -0.022011 1.51206 
0.777836 0.594036 -0.0231319 1.51654 
0.790849 0.611232 -0.0170437 1.54545 
0.793111 0.619235 -0.0128051 1.55175 
0.785229 0.614583 -0.0123821 1.53611 
0.790222 0.613938 -0.0141111 1.54566 
0.755601 0.608099 -0.00195137 1.48208 
0.754125 0.605132 -0.00507736 1.47747 
0.761656 0.60648 -0.00666053 1.49253 
0.755693 0.606631 -0.00415369 1.48111 
0.751201 0.609428 0.00252754 1.47469 
0.746808 0.610594 0.00621063 1.46718 
0.745013 0.607982 0.00378838 1.462 
0.746432 0.609577 0.00447741 1.46562 
0.763007 0.639334 0.0239763 1.50451 
0.767426 0.645496 0.0284627 1.51579 
0.757524 0.639711 0.0304459 1.49483 
0.764279 0.640483 0.0269826 1.50799 
0.771648 0.630441 0.0105154 1.51692 
0.766207 0.63166 0.0163202 1.50757 
0.761982 0.623686 0.0117938 1.49743 
0.765757 0.630167 0.0133799 1.50549 
0.779248 0.644006 0.0201843 1.53709 
0.773503 0.645528 0.0258695 1.52736 
0.770024 0.639381 0.0209567 1.51791 
0.773065 0.644027 0.0228738 1.52527 
0.788178 0.636275 0.00415518 1.54902 
0.792759 0.641107 0.00917141 1.55941 
0.783005 0.637144 0.00838056 1.53993 
0.788512 0.637061 0.00634916 1.55032 
0.790943 0.645836 0.0266048 1.55762 
0.77731 0.646997 0.0285228 1.53366 
0.782946 0.645635 0.0227031 1.54331 
0.786092 0.646642 0.025889 1.55028 
0.729709 0.614737 0.025582 1.43821 
0.72702 0.614817 0.0304579 1.43344 
0.72549 0.612474 0.0253396 1.4286 
0.727302 0.614125 0.0271914 1.43328 
0.74344 0.621111 0.0211032 1.4636 
0.734684 0.617119 0.02263 1.44773 
0.73888 0.61645 0.0185244 1.45496 
0.740115 0.617228 0.0204292 1.458 
0.727297 0.617103 0.0367847 1.4353 
0.733722 0.621737 0.0401872 1.44743 
0.726834 0.61734 0.042123 1.43481 
0.730311 0.617992 0.039763 1.44183 
0.743842 0.621864 0.0225134 1.46498 
0.738901 0.621669 0.0280204 1.45648 
0.73545 0.617924 0.0243476 1.44988 
0.738346 0.620744 0.0255688 1.45456 
0.747823 0.625443 0.0248045 1.47214 
0.750654 0.63179 0.030714 1.47915 
0.742913 0.624845 0.0301932 1.46327 
0.74666 0.626183 0.0279385 1.47064 
0.745501 0.614186 0.01062 1.46606 
0.751476 0.618407 0.0116962 1.47738 
0.742554 0.615487 0.0144363 1.46132 
0.747307 0.615344 0.012624 1.47037 
0.736219 0.610832 0.0132112 1.44744 
0.743031 0.612039 0.0107426 1.46116 
0.739963 0.613222 0.0147114 1.4562 
0.738306 0.612179 0.0127004 1.45216 
0.753989 0.611891 0.0043047 1.48053 
0.755549 0.617087 0.00921584 1.48423 
0.749699 0.612849 0.00806855 1.47312 
0.752284 0.612871 0.0068634 1.47799 
0.748557 0.605004 -0.00206005 1.46652 
0.75093 0.608042 0.000244986 1.47307 
0.743983 0.606497 0.00229942 1.4588 
0.749497 0.606556 -0.000575915 1.46959 
0.761688 0.615314 0.00350569 1.49516 
0.757978 0.617071 0.00802226 1.48894 
0.756289 0.611839 0.00318841 1.48499 
0.759063 0.615305 0.0048653 1.49001 
0.735234 0.614592 0.0190345 1.44831 
0.731083 0.615336 0.0230681 1.44118 
0.726912 0.613144 0.0225187 1.43177 
0.729534 0.614457 0.0213606 1.43745 
0.738982 0.608058 0.00647467 1.45041 
0.741642 0.610725 0.00832564 1.45738 
0.734019 0.609351 0.0111536 1.44196 
0.740307 0.609454 0.00797398 1.45412 
0.739935 0.625761 0.0330808 1.45848 
0.747229 0.632734 0.0334794 1.47353 
0.740123 0.626943 0.0376751 1.45929 
0.742401 0.627239 0.0352477 1.46375 
0.752892 0.619523 0.0133472 1.48069 
0.747996 0.621226 0.0187368 1.47238 
0.74381 0.616537 0.0160201 1.46445 
0.746749 0.619513 0.0163296 1.46888 
0.756849 0.623293 0.0144347 1.48746 
0.760913 0.631262 0.0190372 1.49725 
0.751891 0.624888 0.0199085 1.47902 
0.757193 0.62496 0.0174352 1.48923 
0.724543 0.614131 0.0321546 1.42831 
0.718959 0.611812 0.0336842 1.41602 
0.721383 0.611471 0.0281745 1.42009 
0.722942 0.613015 0.0307575 1.42443 
0.729412 0.611024 0.015831 1.43459 
0.733663 0.613453 0.01699 1.44433 
0.724983 0.612052 0.0209362 1.42714 
0.731547 0.612252 0.0175807 1.43973 
0.750439 0.639686 0.044377 1.48288 
0.758 0.646195 0.0425067 1.50043 
0.752942 0.647872 0.0475652 1.4922 
0.752695 0.645785 0.0451911 1.49021 
0.715751 0.640374 0.0548065 1.42006 
0.742199 0.639421 0.0477429 1.46736 
0.740283 0.647504 0.0523104 1.46856 
0.737651 0.640648 0.0481577 1.45992 
0.742761 0.628324 0.0398 1.46475 
0.749717 0.634237 0.0357394 1.47896 
0.747431 0.634094 0.0419614 1.47484 
0.745623 0.632935 0.0396834 1.47044 
0.663905 0.611756 0.0618613 1.31757 
0.711318 0.612522 0.0524634 1.40336 
0.678955 0.616388 0.0564596 1.34768 
0.678084 0.615639 0.053263 1.34551 
0.606848 0.611582 0.0609574 1.22076 
0.598108 0.615165 0.0672714 1.2085 
0.574669 0.607531 0.0730622 1.16786 
0.596296 0.614101 0.0645977 1.20649 
0.846156 0.563796 0.270361 1.65454 
0.852432 0.572483 0.253958 1.6654 
0.864822 0.557388 0.259841 1.68591 
0.852878 0.561937 0.261278 1.66413 
0.71295 0.599063 0.23357 1.41664 
0.738396 0.60645 0.235698 1.4658 
0.750412 0.59469 0.248802 1.48484 
0.727847 0.599291 0.243073 1.44489 
0.822202 0.600846 0.248678 1.62069 
0.844719 0.587586 0.25083 1.65809 
0.825816 0.595263 0.256986 1.62873 
0.827102 0.591448 0.25011 1.62462 
0.720297 0.645979 0.143064 1.43667 
0.743174 0.643192 0.142309 1.47471 
0.741191 0.640961 0.159943 1.47306 
0.734453 0.645692 0.151193 1.4633 
0.823041 0.5985 0.242992 1.61749 
0.840573 0.592739 0.23728 1.64639 
0.844675 0.588201 0.246377 1.65528 
0.838867 0.594755 0.244424 1.6473 
0.815554 0.615468 0.209331 1.60482 
0.818755 0.61736 0.19516 1.60894 
0.838221 0.604453 0.205605 1.64093 
0.820603 0.609846 0.201497 1.60826 
0.767963 0.624515 0.21925 1.52462 
0.793022 0.62004 0.217677 1.56708 
0.797991 0.614873 0.230849 1.57731 
0.787064 0.620674 0.226316 1.55955 
0.764019 0.63283 0.186939 1.51412 
0.796199 0.623885 0.188985 1.56811 
0.790339 0.622611 0.201928 1.5592 
0.789939 0.627169 0.19625 1.56084 
0.876717 0.590805 0.188625 1.7072 
0.89467 0.573894 0.197055 1.73596 
0.883764 0.58096 0.204035 1.71894 
0.886011 0.579125 0.198259 1.72107 
0.578655 0.603506 0.106125 1.17543 
0.584514 0.603397 0.117492 1.18633 
0.569061 0.59795 0.110175 1.15603 
0.570784 0.600322 0.109629 1.16104 
0.762926 0.624522 0.22541 1.51876 
0.793718 0.613966 0.23816 1.57198 
0.763991 0.617292 0.236249 1.51969 
0.769923 0.619052 0.22976 1.52849 
0.639618 0.592785 0.216767 1.28992 
0.660789 0.588249 0.239042 1.32903 
0.629511 0.582043 0.221879 1.26506 
0.632573 0.587788 0.22186 1.27526 
0.633147 0.601668 0.184015 1.27635 
0.631696 0.597146 0.195693 1.27552 
0.611999 0.597812 0.1783 1.23909 
0.626013 0.600151 0.189093 1.26726 
0.672899 0.593129 0.223684 1.34614 
0.664096 0.587351 0.234481 1.33408 
0.64104 0.59266 0.214759 1.29303 
0.666151 0.592723 0.228805 1.34043 
0.895714 0.539943 0.21259 1.73451 
0.885372 0.551611 0.214958 1.71745 
0.877183 0.556127 0.19632 1.70047 
0.886852 0.542228 0.206198 1.71489 
0.932501 0.414401 0.159633 1.76442 
0.926777 0.438778 0.191992 1.76418 
0.91697 0.459118 0.167992 1.74658 
0.929018 0.45316 0.181575 1.77452 
0.874774 0.55071 0.220053 1.69361 
0.871643 0.561651 0.232479 1.69407 
0.865813 0.563537 0.223272 1.6814 
0.873674 0.560396 0.22846 1.69754 
0.626751 0.620004 0.058708 1.25797 
0.652483 0.615773 0.0483879 1.29966 
0.697716 0.621456 0.0445345 1.38134 
0.6551 0.617732 0.0599064 1.30409 
0.562024 0.601644 0.0805643 1.14479 
0.553402 0.596365 0.0859262 1.12741 
0.553726 0.597531 0.0779666 1.12798 
0.560001 0.599695 0.0821767 1.13995 
0.600529 0.613652 0.0594157 1.21307 
0.57117 0.606179 0.0742684 1.1622 
0.564934 0.602314 0.0723938 1.14862 
0.566903 0.604197 0.0708172 1.15337 
0.583818 0.611578 0.0908487 1.18567 
0.574088 0.605712 0.0964633 1.16828 
0.57229 0.60645 0.0854574 1.16478 
0.581173 0.60942 0.0916973 1.18197 
0.891978 0.506034 0.134249 1.70912 
0.917848 0.465007 0.100414 1.74593 
0.908571 0.487859 0.145921 1.73848 
0.909179 0.497971 0.135538 1.74421 
0.864884 0.534433 0.278056 1.6833 
0.850355 0.55183 0.278068 1.6612 
0.871011 0.541624 0.264186 1.69331 
0.864974 0.544725 0.276841 1.68704 
0.651725 0.609847 0.181114 1.30749 
0.650804 0.61755 0.166614 1.30746 
0.67286 0.617763 0.186382 1.34741 
0.660454 0.615175 0.176028 1.32354 
0.645874 0.598543 0.206601 1.30405 
0.649426 0.603139 0.195647 1.30762 
0.669261 0.599186 0.215085 1.34269 
0.651731 0.598357 0.202535 1.30899 
0.610534 0.598612 0.17197 1.23585 
0.610549 0.602086 0.160411 1.23576 
0.628261 0.602457 0.175711 1.26694 
0.618449 0.602083 0.167537 1.25009 
0.577624 0.588601 0.158554 1.17013 
0.595372 0.59512 0.169142 1.20667 
0.58714 0.587247 0.172697 1.18715 
0.593992 0.591435 0.168583 1.20069 
0.569692 0.589927 0.147688 1.15692 
0.567454 0.591895 0.136624 1.15295 
0.584862 0.597651 0.143818 1.18695 
0.582664 0.595022 0.142811 1.18034 
0.590382 0.59964 0.141709 1.19679 
0.575085 0.59504 0.133639 1.16683 
0.588122 0.601476 0.130716 1.19259 
0.576985 0.597353 0.13503 1.17262 
0.611195 0.597406 0.179439 1.23662 
0.62963 0.59735 0.19824 1.27186 
0.603676 0.589636 0.183041 1.2182 
0.605899 0.594349 0.18276 1.22623 
0.860072 0.577189 0.236019 1.67828 
0.848318 0.579083 0.236842 1.65608 
0.855275 0.573195 0.228234 1.66518 
0.856614 0.577453 0.235688 1.67198 
0.965954 0.489705 0.219749 1.8515 
0.975932 0.480505 0.207238 1.86711 
0.976628 0.474782 0.220634 1.86902 
0.974501 0.484543 0.219489 1.86866 
0.816819 0.407421 0.461169 1.60346 
0.87728 0.390162 0.452579 1.70569 
0.890963 0.337954 0.478068 1.73842 
0.860707 0.385739 0.475922 1.69396 
0.98796 0.45557 0.242623 1.89187 
0.986072 0.464041 0.229491 1.88806 
0.995413 0.449888 0.228267 1.90324 
0.988952 0.454506 0.229681 1.89042 
0.918308 0.524292 0.278655 1.77928 
0.9168 0.530343 0.261805 1.77419 
0.930696 0.513433 0.271349 1.7982 
0.919595 0.518201 0.268076 1.77516 
0.962889 0.50187 0.216137 1.84997 
0.96241 0.505604 0.200793 1.8473 
0.972695 0.492245 0.205438 1.86514 
0.964577 0.49724 0.204593 1.84871 
0.946107 0.501397 0.245003 1.81856 
0.954364 0.497083 0.231489 1.83155 
0.956262 0.489972 0.246283 1.83606 
0.953329 0.498987 0.242898 1.83321 
0.946159 0.501166 0.266655 1.82476 
0.946196 0.505589 0.254758 1.82374 
0.957477 0.492293 0.255736 1.84267 
0.947824 0.496219 0.25662 1.8229 
0.938361 0.518955 0.233953 1.80795 
0.951796 0.504006 0.228072 1.82857 
0.944016 0.509414 0.240402 1.81704 
0.944572 0.509949 0.236985 1.81766 
0.93763 0.52643 0.23014 1.80952 
0.938463 0.526505 0.21829 1.80838 
0.950586 0.512764 0.225514 1.82994 
0.939336 0.519593 0.221269 1.80716 
1.0308 0.381923 0.237864 1.96298 
1.02831 0.377918 0.257767 1.96051 
1.02414 0.398652 0.250421 1.95616 
1.02733 0.383857 0.241317 1.95612 
1.01554 0.412397 0.243367 1.93903 
1.00672 0.427635 0.25001 1.92585 
1.01417 0.421695 0.234549 1.93729 
1.01309 0.419125 0.246412 1.93661 
0.970985 0.432668 0.331037 1.86956 
0.960583 0.454893 0.323246 1.853 
0.977591 0.439546 0.307047 1.87936 
0.970636 0.44047 0.323963 1.86946 
0.983235 0.38393 0.369804 1.89309 
0.982047 0.407087 0.348529 1.89085 
1.00312 0.375695 0.336564 1.92381 
0.986435 0.381739 0.342249 1.88853 
1.01307 0.315631 0.342827 1.92941 
0.987969 0.353091 0.362585 1.88954 
1.00929 0.346494 0.325923 1.92415 
1.0075 0.346032 0.355465 1.93093 
0.964941 0.321331 0.418266 1.85088 
0.92257 0.373463 0.427215 1.77842 
0.961899 0.359154 0.396548 1.84552 
0.955444 0.35975 0.423199 1.84595 
0.935183 0.459862 0.349905 1.80807 
0.949617 0.458104 0.331712 1.83252 
0.960933 0.434729 0.344205 1.85219 
0.948259 0.455545 0.343035 1.83287 
0.958883 0.479648 0.257065 1.83971 
0.959771 0.470825 0.271722 1.84161 
0.946849 0.488119 0.269511 1.82019 
0.957472 0.483188 0.269163 1.84183 
1.00463 0.37459 0.314212 1.91899 
0.987059 0.403506 0.32851 1.89349 
1.00308 0.396417 0.299483 1.91867 
1.00128 0.396983 0.323704 1.92284 
0.924029 0.479206 0.344509 1.79149 
0.913295 0.500672 0.333311 1.77515 
0.938886 0.474182 0.328438 1.8154 
0.926336 0.481284 0.338136 1.79478 
1.022 0.406669 0.237948 1.95096 
1.01962 0.416101 0.230202 1.94708 
1.02559 0.406988 0.219839 1.9555 
1.02161 0.409284 0.22513 1.94801 
1.02956 0.386912 0.224683 1.95871 
1.02452 0.40273 0.237006 1.95533 
1.02752 0.400999 0.215058 1.95688 
1.02784 0.39319 0.229967 1.95805 
1.04184 0.353659 0.229269 1.97795 
1.03611 0.367855 0.226166 1.968 
1.04013 0.365342 0.216092 1.9748 
1.03883 0.359241 0.218939 1.97013 
1.04306 0.341649 0.244677 1.98068 
1.04201 0.330681 0.268011 1.98076 
1.03441 0.354985 0.262381 1.96849 
1.03957 0.33858 0.249521 1.97237 
1.00865 0.412187 0.276755 1.93151 
1.00477 0.426727 0.263198 1.92438 
1.0154 0.410442 0.256864 1.9414 
1.00895 0.414555 0.260126 1.92848 
1.00545 0.445201 0.221742 1.92342 
1.01161 0.438289 0.212751 1.9331 
1.01151 0.43263 0.222474 1.93265 
1.00945 0.435136 0.219469 1.92804 
0.991118 0.452061 0.248229 1.89914 
0.998472 0.447056 0.232773 1.91029 
0.997182 0.43862 0.249048 1.90767 
0.995202 0.444862 0.247264 1.90522 
0.999477 0.412242 0.282633 1.9113 
0.98926 0.428163 0.287155 1.89515 
0.997251 0.427029 0.267873 1.90787 
0.996462 0.42589 0.284111 1.9103 
0.970198 0.473074 0.245642 1.85946 
0.979266 0.466221 0.232122 1.87376 
0.979599 0.458427 0.245648 1.87433 
0.977758 0.468735 0.244748 1.87471 
0.998536 0.455572 0.203712 1.90764 
1.0057 0.442292 0.208161 1.9197 
0.99996 0.448052 0.21444 1.90999 
1.00188 0.450086 0.20862 1.91418 
1.0223 0.433016 0.143428 1.94408 
1.01914 0.436912 0.153844 1.93962 
1.01772 0.442812 0.143991 1.93723 
1.0202 0.441469 0.14889 1.94334 
1.04101 0.408517 0.134091 1.97857 
1.04095 0.406806 0.144086 1.97919 
1.03777 0.413863 0.144289 1.97414 
1.0402 0.411979 0.139729 1.97873 
1.0291 0.412657 0.161879 1.95512 
1.03408 0.400437 0.163219 1.96279 
1.03131 0.40387 0.170185 1.95846 
1.03202 0.407947 0.168602 1.96149 
1.03575 0.409351 0.1482 1.96799 
1.03896 0.401363 0.148327 1.97282 
1.03765 0.401948 0.156467 1.97106 
1.03795 0.405793 0.153753 1.9728 
1.02694 0.427701 0.144319 1.95326 
1.031 0.417863 0.146934 1.95954 
1.02844 0.421484 0.152822 1.95563 
1.02919 0.423079 0.151014 1.95781 
1.02865 0.431766 0.142189 1.95878 
1.03291 0.42427 0.135495 1.96512 
1.03276 0.422324 0.144381 1.96525 
1.03183 0.428384 0.138899 1.96468 
1.04891 0.390699 0.144129 1.99272 
1.0511 0.382879 0.148314 1.99591 
1.04869 0.385753 0.152739 1.99162 
1.04946 0.383986 0.148116 1.99222 
1.04337 0.406806 0.135268 1.98386 
1.04648 0.399785 0.140705 1.98963 
1.04395 0.404685 0.145367 1.98592 
1.04437 0.401351 0.139539 1.98488 
1.04395 0.403238 0.128433 1.98308 
1.04853 0.393177 0.124723 1.9902 
1.0471 0.396081 0.133412 1.98885 
1.04691 0.39761 0.131725 1.98867 
1.03719 0.388647 0.181452 1.9691 
1.03408 0.397701 0.176907 1.96404 
1.03738 0.394463 0.169041 1.96957 
1.03601 0.394688 0.173197 1.967 
1.01615 0.443643 0.183746 1.94044 
1.01819 0.441224 0.170022 1.94184 
1.02059 0.430375 0.178324 1.94453 
1.01824 0.434609 0.179893 1.9409 
1.015 0.433615 0.198651 1.93629 
1.01454 0.439856 0.189696 1.93606 
1.02034 0.425 0.185058 1.94294 
1.01674 0.438262 0.191579 1.94104 
1.00193 0.432961 0.247123 1.91597 
1.00228 0.442031 0.231346 1.91674 
1.00914 0.428056 0.233922 1.92776 
1.00498 0.437193 0.23561 1.92216 
1.00155 0.456876 0.1981 1.91421 
1.0095 0.446065 0.191547 1.92701 
1.00871 0.444132 0.201486 1.92629 
1.00693 0.444638 0.1954 1.92099 
1.00377 0.459966 0.159019 1.91369 
0.997726 0.470269 0.164548 1.90502 
1.00267 0.465331 0.150939 1.91218 
1.00237 0.465589 0.161495 1.91335 
1.00098 0.45675 0.192768 1.91173 
1.00419 0.454635 0.183791 1.91664 
1.00805 0.446401 0.186873 1.92279 
1.00495 0.454451 0.190423 1.91964 
0.994848 0.464647 0.191205 1.90058 
0.993248 0.471913 0.177845 1.89759 
0.998704 0.461683 0.183113 1.90672 
0.996167 0.466414 0.182767 1.90285 
0.956511 0.425802 0.127612 1.82247 
0.940713 0.430448 0.0901341 1.78384 
0.96667 0.367665 0.080013 1.8234 
0.960985 0.398594 0.109575 1.82228 
0.839548 0.566949 0.193843 1.62919 
0.828868 0.577255 0.210477 1.6139 
0.813041 0.576795 0.206738 1.58398 
0.826588 0.572313 0.203822 1.60778 
0.891131 0.515114 0.166644 1.71481 
0.870923 0.54264 0.175796 1.68432 
0.879232 0.528659 0.157589 1.69615 
0.879728 0.52673 0.16061 1.6945 
0.857075 0.570616 0.215282 1.66669 
0.841325 0.576244 0.210402 1.63761 
0.855428 0.565126 0.194337 1.65895 
0.854984 0.572808 0.209804 1.66382 
0.878732 0.55348 0.211151 1.70327 
0.867179 0.566969 0.217098 1.68623 
0.870826 0.559172 0.197323 1.68883 
0.869213 0.558385 0.206533 1.68465 
0.886074 0.537854 0.245646 1.71766 
0.888238 0.541153 0.225159 1.71942 
0.898028 0.528808 0.225808 1.73561 
0.894858 0.540099 0.235343 1.73601 
0.880164 0.546348 0.246539 1.70912 
0.875071 0.560051 0.23943 1.70233 
0.883122 0.547253 0.228823 1.71185 
0.877179 0.548314 0.234225 1.70028 
0.87006 0.568058 0.235954 1.69452 
0.86539 0.575495 0.237393 1.68873 
0.865427 0.57006 0.230038 1.68501 
0.865621 0.570012 0.232274 1.68536 
0.864983 0.547103 0.173707 1.67361 
0.846647 0.545094 0.15703 1.63772 
0.873537 0.535248 0.153548 1.68661 
0.861371 0.538864 0.15739 1.66269 
0.898537 0.290992 0.503097 1.75507 
0.941036 0.231962 0.489871 1.82297 
0.904277 0.225814 0.512718 1.75707 
0.917551 0.241459 0.504947 1.78166 
0.802874 0.395604 0.458015 1.57086 
0.85883 0.404091 0.453678 1.68319 
0.862764 0.359118 0.473679 1.68484 
0.840058 0.382441 0.466412 1.64374 
1.01547 0.300429 0.294694 1.92916 
1.03554 0.298504 0.239574 1.96303 
1.03967 0.253441 0.275924 1.96886 
1.03104 0.301927 0.277123 1.96291 
1.02273 0.250198 0.353778 1.95087 
1.01577 0.298724 0.325836 1.93899 
1.03869 0.253305 0.305334 1.97448 
1.02605 0.252075 0.320773 1.94774 
0.955372 0.358535 0.348607 1.83697 
0.958374 0.357023 0.281152 1.83638 
0.980958 0.333096 0.324579 1.87858 
0.968023 0.359795 0.321186 1.85782 
0.672176 0.57741 0.264204 1.34831 
0.688488 0.56866 0.286473 1.37828 
0.654392 0.563704 0.272445 1.30947 
0.660393 0.570893 0.271085 1.32484 
0.590383 0.583514 0.189231 1.19344 
0.619439 0.591609 0.204643 1.25188 
0.608417 0.580822 0.209486 1.2256 
0.616848 0.586078 0.204377 1.24241 
0.698679 0.591782 0.237579 1.39511 
0.723996 0.579172 0.261713 1.44148 
0.692208 0.585949 0.250577 1.38808 
0.696351 0.581919 0.244867 1.38705 
0.711696 0.521299 0.351642 1.41119 
0.68302 0.499953 0.357792 1.34981 
0.664807 0.519151 0.329976 1.31819 
0.703467 0.514675 0.347547 1.39267 
0.873259 0.444273 0.314665 1.68686 
0.899535 0.423349 0.286005 1.7247 
0.894637 0.41883 0.32132 1.72537 
0.895153 0.432261 0.315237 1.73039 
0.869375 0.416029 0.403562 1.68354 
0.85162 0.447635 0.382985 1.65672 
0.887253 0.420288 0.36238 1.71537 
0.876792 0.431424 0.389057 1.70533 
0.819248 0.505411 0.331013 1.60896 
0.818333 0.511877 0.30813 1.60089 
0.845861 0.486613 0.320026 1.65094 
0.820329 0.496424 0.314325 1.59994 
0.835344 0.554538 0.281486 1.6351 
0.854121 0.536174 0.286817 1.66693 
0.827493 0.535992 0.295673 1.61885 
0.834911 0.540845 0.288317 1.62998 
0.8305 0.514092 0.298888 1.61751 
0.860523 0.522059 0.290988 1.67585 
0.862722 0.497016 0.292595 1.67304 
0.855628 0.507694 0.292319 1.66415 
0.781092 0.57961 0.272374 1.54246 
0.815249 0.566128 0.279482 1.60137 
0.777778 0.568398 0.279565 1.53514 
0.784458 0.573514 0.275023 1.54517 
0.706345 0.593303 0.237206 1.40413 
0.744391 0.587814 0.253815 1.47194 
0.733291 0.578295 0.258515 1.44975 
0.738914 0.588022 0.253244 1.46509 
0.759345 0.604573 0.248554 1.5061 
0.79397 0.592663 0.25771 1.56493 
0.77095 0.592866 0.260494 1.52462 
0.777439 0.597656 0.253739 1.53651 
0.821846 0.580117 0.264678 1.61278 
0.84331 0.574292 0.255371 1.6481 
0.832117 0.567626 0.270888 1.62835 
0.83605 0.576512 0.264249 1.63899 
0.879154 0.53853 0.262371 1.70842 
0.890669 0.521056 0.266083 1.72794 
0.873477 0.52895 0.277955 1.69834 
0.881202 0.528912 0.268764 1.71204 
0.897922 0.478202 0.263219 1.72737 
0.899345 0.446826 0.270732 1.72462 
0.882794 0.470857 0.280601 1.69978 
0.897076 0.469981 0.27262 1.72888 
0.84428 0.466837 0.332155 1.64063 
0.830457 0.473304 0.362752 1.6217 
0.814989 0.49098 0.344467 1.59482 
0.836596 0.479885 0.350912 1.63631 
0.835541 0.459516 0.39183 1.63289 
0.852699 0.431084 0.422933 1.66675 
0.808463 0.466168 0.412468 1.59078 
0.825956 0.455637 0.409609 1.61775 
0.803832 0.502051 0.351888 1.57942 
0.817971 0.483061 0.371474 1.60287 
0.775559 0.509307 0.363581 1.52976 
0.794355 0.496204 0.362683 1.559 
0.866086 0.455727 0.335981 1.68367 
0.88856 0.432813 0.350592 1.72515 
0.857725 0.459568 0.36935 1.67501 
0.864481 0.446827 0.346058 1.67702 
0.9408 0.385591 0.27677 1.80436 
0.918162 0.404992 0.321689 1.7732 
0.918442 0.416645 0.280894 1.76374 
0.920866 0.394591 0.281733 1.76253 
0.81195 0.473836 0.37953 1.58657 
0.786278 0.481205 0.396112 1.54734 
0.766044 0.505547 0.373806 1.51279 
0.797189 0.490933 0.388606 1.57173 
0.926682 0.381026 0.383532 1.7883 
0.893179 0.397311 0.412046 1.73053 
0.905693 0.40652 0.366863 1.75207 
0.905688 0.39343 0.382589 1.7456 
0.93972 0.361992 0.389303 1.80732 
0.941244 0.329833 0.41511 1.80912 
0.90111 0.380152 0.418452 1.74081 
0.933105 0.366155 0.415336 1.80589 
0.739055 0.438244 0.419022 1.44638 
0.710871 0.475353 0.384018 1.39792 
0.758631 0.47421 0.405242 1.49546 
0.747091 0.465078 0.406075 1.47215 
0.686089 0.55543 0.298327 1.36713 
0.650105 0.557673 0.277724 1.29904 
0.695181 0.562549 0.291337 1.38687 
0.687794 0.557191 0.29606 1.37074 
0.855801 0.58519 0.231781 1.67047 
0.865742 0.579034 0.227989 1.6858 
0.865246 0.578454 0.234258 1.68638 
0.864431 0.582806 0.231997 1.68696 
0.814026 0.614371 0.224009 1.60542 
0.836211 0.601315 0.232262 1.64235 
0.818382 0.609198 0.236339 1.61439 
0.821106 0.605113 0.229102 1.61376 
0.853309 0.59361 0.213925 1.66618 
0.86398 0.583854 0.223699 1.68421 
0.852322 0.591685 0.226963 1.66642 
0.854148 0.586812 0.220166 1.66474 
0.854133 0.589237 0.237757 1.67205 
0.86409 0.581811 0.23787 1.6878 
0.856468 0.585178 0.244879 1.67715 
0.857557 0.5835 0.239726 1.6758 
0.865562 0.596979 0.187848 1.68778 
0.874496 0.586271 0.204553 1.70299 
0.858208 0.596206 0.202137 1.67518 
0.862556 0.591507 0.197633 1.67981 
0.880528 0.574358 0.218292 1.71116 
0.884036 0.567474 0.230024 1.71725 
0.874776 0.575651 0.225585 1.7018 
0.878102 0.572871 0.223951 1.70656 
0.858121 0.588796 0.210397 1.6718 
0.874134 0.578235 0.212331 1.69868 
0.867916 0.579308 0.220451 1.68842 
0.869885 0.583792 0.215972 1.69445 
0.910265 0.546341 0.232298 1.76116 
0.921218 0.534299 0.235317 1.77885 
0.91315 0.539112 0.245013 1.76657 
0.915843 0.537867 0.238009 1.76977 
0.899736 0.564087 0.206149 1.74255 
0.901597 0.559399 0.219061 1.74683 
0.8884 0.570978 0.213742 1.72445 
0.897247 0.567281 0.213698 1.74116 
0.911444 0.558948 0.2062 1.76495 
0.926198 0.543162 0.21237 1.78931 
0.913343 0.55425 0.219356 1.76943 
0.915234 0.547668 0.211856 1.76755 
0.864738 0.573384 0.239489 1.68645 
0.866716 0.564309 0.24059 1.6862 
0.861617 0.573653 0.246512 1.68208 
0.865997 0.573689 0.244425 1.69082 
0.86103 0.578633 0.243854 1.68163 
0.862405 0.578751 0.239736 1.68375 
0.865595 0.5783 0.23944 1.68912 
0.863796 0.57898 0.241581 1.68704 
0.857471 0.580883 0.246064 1.67712 
0.850869 0.580968 0.242914 1.66376 
0.860875 0.579284 0.239837 1.68183 
0.854816 0.580049 0.241526 1.67014 
0.839512 0.57876 0.263213 1.64442 
0.841134 0.580747 0.248191 1.64495 
0.851678 0.579735 0.251368 1.66578 
0.845581 0.581874 0.255312 1.65673 
0.883056 0.549143 0.272473 1.71599 
0.872683 0.548892 0.287357 1.69917 
0.86797 0.558031 0.274267 1.69081 
0.877198 0.554793 0.280429 1.71022 
0.835617 0.580168 0.265124 1.63878 
0.823777 0.586966 0.254324 1.61801 
0.838226 0.583478 0.247867 1.64168 
0.827952 0.581207 0.253803 1.62086 
0.835371 0.562078 0.307587 1.64015 
0.814977 0.575368 0.296024 1.60543 
0.832439 0.573489 0.283439 1.63341 
0.82097 0.566968 0.292253 1.60885 
0.8624 0.550262 0.298434 1.68312 
0.846025 0.554764 0.307521 1.65639 
0.842006 0.568076 0.287011 1.64989 
0.854221 0.56079 0.30117 1.67491 
0.837135 0.47382 0.402226 1.63237 
0.889246 0.446306 0.397702 1.72255 
0.878467 0.427323 0.421286 1.70353 
0.879476 0.453494 0.417057 1.71746 
0.715762 0.551694 0.315209 1.41765 
0.675895 0.53619 0.329654 1.34848 
0.687484 0.551383 0.299465 1.36731 
0.705799 0.551889 0.31518 1.40737 
0.827311 0.551754 0.316861 1.62026 
0.808334 0.552474 0.329432 1.58925 
0.802179 0.567065 0.30621 1.57817 
0.819232 0.560792 0.321307 1.61339 
0.844817 0.493574 0.393481 1.65505 
0.865859 0.504552 0.373852 1.69402 
0.88947 0.470191 0.39317 1.73371 
0.85719 0.486541 0.382764 1.66953 
0.790424 0.569764 0.304756 1.55792 
0.795479 0.554832 0.333213 1.56875 
0.76619 0.55913 0.322081 1.51421 
0.775794 0.559105 0.317176 1.52685 
0.841122 0.546237 0.327988 1.64903 
0.851186 0.529416 0.351589 1.66882 
0.825113 0.546271 0.342435 1.62394 
0.831843 0.539164 0.337833 1.62976 
0.864386 0.577939 0.24119 1.68784 
0.860081 0.579535 0.246311 1.6814 
0.864531 0.578594 0.239716 1.68719 
0.863501 0.579302 0.240975 1.68681 
0.84163 0.581374 0.222379 1.64321 
0.854252 0.576694 0.223667 1.66541 
0.845647 0.582465 0.235221 1.65325 
0.843951 0.579067 0.224833 1.64579 
0.869157 0.556244 0.250034 1.69115 
0.858451 0.570731 0.247584 1.67476 
0.868636 0.562321 0.242493 1.69019 
0.867074 0.561759 0.246479 1.68769 
0.926545 0.420756 0.219916 1.76328 
0.936779 0.380827 0.233741 1.77935 
0.917549 0.414326 0.252362 1.75007 
0.931346 0.415911 0.241482 1.78018 
0.876228 0.460538 0.311759 1.69913 
0.881473 0.47238 0.294837 1.70549 
0.900178 0.447359 0.288281 1.73566 
0.881171 0.452948 0.293106 1.69704 
0.706826 0.542893 0.319202 1.4033 
0.741942 0.534398 0.327657 1.46775 
0.726267 0.527383 0.342608 1.43805 
0.734982 0.537232 0.334254 1.45808 
0.749695 0.554801 0.298476 1.48927 
0.758511 0.556856 0.285659 1.5006 
0.791317 0.538267 0.298844 1.55866 
0.755641 0.547073 0.290436 1.49051 
0.803357 0.541156 0.29585 1.57269 
0.772608 0.557939 0.287584 1.51982 
0.816236 0.557867 0.284115 1.59896 
0.805551 0.55176 0.290921 1.58243 
0.853392 0.4764 0.306073 1.65549 
0.827006 0.506159 0.302119 1.61114 
0.862021 0.483524 0.292923 1.66802 
0.855985 0.491251 0.305666 1.66558 
0.794341 0.514507 0.33197 1.56302 
0.769448 0.52759 0.326959 1.51929 
0.795224 0.520164 0.311331 1.55971 
0.788874 0.521174 0.328208 1.55494 
0.905778 0.525794 0.23216 1.75322 
0.903256 0.520332 0.252431 1.75108 
0.889223 0.537862 0.252693 1.72692 
0.899084 0.520913 0.243047 1.73859 
0.934426 0.431488 0.204301 1.78284 
0.946557 0.40672 0.175065 1.79795 
0.948615 0.387232 0.218812 1.80652 
0.941379 0.392549 0.191676 1.78326 
0.907839 0.49663 0.220815 1.74418 
0.91644 0.461387 0.221775 1.75299 
0.906671 0.485282 0.243358 1.7428 
0.914551 0.492262 0.233802 1.76181 
0.91205 0.508437 0.209656 1.75738 
0.915355 0.487866 0.184186 1.75589 
0.923236 0.473759 0.208625 1.77164 
0.914272 0.477888 0.193255 1.74941 
0.933386 0.452355 0.107569 1.77741 
0.941889 0.441544 0.137543 1.79522 
0.923676 0.476871 0.152211 1.76899 
0.932577 0.454203 0.123657 1.77667 
0.921898 0.455564 0.230942 1.76694 
0.914363 0.447981 0.258297 1.75588 
0.908807 0.48125 0.251649 1.75014 
0.912304 0.450742 0.24277 1.74563 
0.987702 0.300292 0.137432 1.86474 
0.962858 0.357292 0.207237 1.83017 
0.960838 0.393044 0.162615 1.82632 
0.971809 0.380499 0.171215 1.85235 
0.974541 0.282174 0.430093 1.87808 
1.00654 0.234674 0.399854 1.92614 
0.977683 0.229509 0.449117 1.8824 
0.987203 0.235471 0.425413 1.89159 
0.910526 0.293814 0.478316 1.76314 
0.948869 0.289857 0.446703 1.82854 
0.95 0.238544 0.468963 1.83026 
0.938182 0.282376 0.469317 1.81725 
0.961832 0.35551 0.37737 1.85136 
0.989313 0.326197 0.350147 1.89383 
0.966357 0.321562 0.40122 1.85848 
0.972092 0.326407 0.378215 1.86404 
0.814249 0.320921 0.483422 1.57786 
0.778514 0.364649 0.463334 1.51352 
0.856932 0.336953 0.474781 1.66619 
0.835359 0.351543 0.481507 1.63466 
0.919782 0.394467 0.333205 1.77252 
0.943793 0.369132 0.283246 1.80685 
0.941106 0.373967 0.347139 1.80932 
0.937125 0.377634 0.334061 1.80573 
0.645494 0.578388 0.249255 1.29787 
0.624366 0.56435 0.256236 1.25333 
0.608259 0.571812 0.231537 1.2247 
0.641259 0.572511 0.248661 1.28562 
0.71738 0.564157 0.274096 1.42339 
0.698761 0.563212 0.282036 1.39362 
0.681047 0.5733 0.26289 1.36271 
0.711218 0.569963 0.275283 1.41919 
0.785371 0.584722 0.267629 1.54842 
0.807159 0.585065 0.263712 1.58709 
0.818868 0.572671 0.273425 1.60695 
0.802158 0.580315 0.270841 1.57822 
0.656837 0.606475 0.192476 1.31587 
0.678808 0.614202 0.197933 1.35731 
0.67802 0.603048 0.21101 1.35308 
0.670495 0.607976 0.202473 1.34219 
0.703394 0.627363 0.196894 1.40849 
0.706075 0.634612 0.185361 1.41516 
0.731743 0.631278 0.203237 1.46149 
0.712268 0.63173 0.190729 1.42472 
0.876269 0.519389 0.28186 1.70419 
0.895259 0.502582 0.26561 1.7329 
0.881071 0.493697 0.280095 1.70644 
0.882541 0.503028 0.27853 1.7092 
0.676111 0.548791 0.302229 1.34621 
0.655652 0.53267 0.304278 1.30098 
0.636551 0.545472 0.281025 1.26873 
0.670478 0.544128 0.296735 1.3327 
0.749234 0.544969 0.318806 1.48596 
0.71588 0.551627 0.311714 1.42359 
0.723262 0.558151 0.30126 1.43943 
0.720727 0.551132 0.30662 1.4313 
0.786955 0.523942 0.305909 1.54339 
0.765369 0.531724 0.317543 1.5102 
0.741876 0.543648 0.306113 1.46872 
0.771932 0.539749 0.312666 1.52703 
0.787676 0.512456 0.347296 1.55162 
0.756197 0.519531 0.358632 1.49697 
0.762872 0.528358 0.338613 1.50902 
0.76719 0.520996 0.34407 1.51457 
0.721943 0.529959 0.345376 1.4336 
0.684361 0.530565 0.321043 1.35745 
0.703313 0.543918 0.31987 1.39867 
0.691192 0.535717 0.326272 1.37331 
0.720846 0.493676 0.376072 1.42419 
0.744843 0.513241 0.367993 1.4755 
0.76479 0.489582 0.395626 1.51222 
0.731547 0.50008 0.379041 1.44681 
1.01178 0.319271 0.223704 1.93238 
0.997004 0.333987 0.291133 1.90715 
0.97333 0.359698 0.245198 1.86309 
0.990466 0.32259 0.245096 1.88587 
0.840557 0.427776 0.444463 1.65251 
0.784553 0.421061 0.446263 1.54203 
0.795384 0.460558 0.427482 1.57188 
0.806488 0.441995 0.436458 1.58762 
1.06579 0.23738 0.198449 2.01275 
1.05723 0.283509 0.200256 2.00425 
1.0694 0.251674 0.176319 2.02181 
1.0636 0.258922 0.205905 2.01468 
1.06507 0.171175 0.295076 2.01769 
1.05866 0.212399 0.283795 2.00711 
1.07352 0.180099 0.253967 2.02928 
1.06653 0.172175 0.269691 2.01425 
1.05482 0.15248 0.336928 2.00279 
1.03778 0.135447 0.38449 1.97808 
1.03246 0.191098 0.375666 1.96892 
1.04316 0.143286 0.358779 1.98006 
0.892154 0.38966 0.446921 1.74253 
0.934948 0.335907 0.442574 1.81207 
0.898838 0.345748 0.47093 1.75448 
0.909052 0.347792 0.451102 1.7628 
1.00003 0.295252 0.350526 1.90855 
1.00618 0.245681 0.382048 1.9204 
0.977179 0.28699 0.402932 1.87235 
0.995214 0.287237 0.382022 1.9067 
1.04714 0.208563 0.299909 1.98206 
1.05449 0.160251 0.318499 1.99662 
1.03358 0.196864 0.346275 1.96125 
1.04482 0.203379 0.328007 1.98419 
1.09046 0.14903 0.208307 2.0558 
1.08853 0.128136 0.235476 2.05403 
1.08302 0.157547 0.232815 2.044 
1.08782 0.133663 0.219766 2.04948 
1.02052 0.125175 0.415433 1.94755 
0.989996 0.174531 0.444771 1.89564 
1.01664 0.18796 0.395262 1.93726 
1.00784 0.176332 0.425533 1.93012 
1.08612 0.100755 0.261327 2.05154 
1.07979 0.0669324 0.294356 2.04357 
1.07188 0.117815 0.304051 2.02977 
1.08086 0.0781348 0.280784 2.04169 
1.0077 -0.00703104 0.443251 1.92892 
0.979153 0.0372455 0.475038 1.87666 
1.01976 0.056067 0.426775 1.94601 
0.999606 0.0318392 0.464657 1.92093 
0.879938 0.244762 0.515723 1.70985 
0.83776 0.305245 0.506048 1.6337 
0.869896 0.307749 0.497227 1.69428 
0.854224 0.294208 0.508839 1.66675 
1.06282 0.242205 0.227038 2.01218 
1.05202 0.254126 0.261432 1.9961 
1.04795 0.293624 0.232636 1.99109 
1.05463 0.250083 0.226614 1.99325 
1.08107 0.213373 0.149765 2.03879 
1.07858 0.21133 0.164589 2.0338 
1.07638 0.231265 0.162016 2.03245 
1.07815 0.216017 0.164938 2.03411 
1.07394 0.179451 0.23308 2.02565 
1.0607 0.209663 0.251266 2.00323 
1.069 0.206821 0.2193 2.01695 
1.06795 0.209838 0.243276 2.01977 
1.08906 0.152511 0.196143 2.05064 
1.08271 0.161459 0.21146 2.03952 
1.08526 0.171747 0.188394 2.04375 
1.08553 0.169392 0.204124 2.04649 
1.09103 0.172723 0.173145 2.05498 
1.09079 0.163681 0.187832 2.05513 
1.08726 0.176525 0.183661 2.04883 
1.08993 0.165628 0.178421 2.05193 
1.10253 0.148458 0.159119 2.07593 
1.10692 0.137421 0.14444 2.08328 
1.10457 0.121916 0.166036 2.0793 
1.10466 0.146346 0.154163 2.08034 
0.943489 0.11809 0.509051 1.82037 
0.91032 0.169949 0.520489 1.75984 
0.948295 0.179544 0.496062 1.82912 
0.929665 0.159472 0.516265 1.79986 
1.0791 0.184658 0.221282 2.03714 
1.0747 0.205404 0.21454 2.03025 
1.08252 0.187378 0.194519 2.04174 
1.0789 0.181852 0.20516 2.03358 
1.01545 0.1123 0.444236 1.95028 
0.975644 0.100098 0.493126 1.88562 
0.981292 0.166251 0.484475 1.89842 
0.990784 0.112724 0.466117 1.90188 
1.08349 0.193149 0.156218 2.04147 
1.08089 0.200343 0.167452 2.03795 
1.08182 0.202876 0.152201 2.03897 
1.08206 0.201701 0.153994 2.03917 
1.06308 0.106043 0.319527 2.01108 
1.07135 0.0387207 0.32076 2.0295 
1.04874 0.0763527 0.362812 1.98947 
1.0593 0.0893844 0.345314 2.01071 
1.07907 0.197577 0.174305 2.03334 
1.08233 0.183874 0.180074 2.03895 
1.07517 0.20046 0.194253 2.02708 
1.07907 0.201299 0.187984 2.0361 
1.07189 0.235392 0.181582 2.02513 
1.07649 0.213141 0.180833 2.0314 
1.07108 0.22273 0.203338 2.02377 
1.07328 0.221063 0.178412 2.02446 
1.08373 0.192656 0.158886 2.04193 
1.08386 0.187091 0.17345 2.04232 
1.08131 0.19839 0.170075 2.03854 
1.0826 0.187816 0.170577 2.03988 
1.08587 0.1935 0.138228 2.0458 
1.08452 0.19392 0.146538 2.04292 
1.08422 0.202348 0.143741 2.04389 
1.08435 0.193684 0.144845 2.04272 
1.08587 0.187538 0.139071 2.04484 
1.08659 0.184382 0.141887 2.04581 
1.08541 0.187599 0.147765 2.04416 
1.08606 0.188659 0.141008 2.04516 
1.09434 0.100969 0.218238 2.06189 
1.09441 0.132058 0.197801 2.0612 
1.10055 0.108339 0.189814 2.07219 
1.09639 0.127156 0.202855 2.06639 
1.10331 0.0227944 0.218403 2.08189 
1.09063 0.0220474 0.263845 2.06069 
1.0934 0.0691527 0.240379 2.06226 
1.09485 0.0576947 0.244895 2.06725 
1.07194 0.12793 0.278127 2.02316 
1.07839 0.148701 0.242193 2.03308 
1.08407 0.109261 0.250667 2.04433 
1.07776 0.140691 0.26553 2.03616 
1.09038 0.183591 0.151152 2.05301 
1.0904 0.188379 0.14583 2.05316 
1.0936 0.187662 0.149436 2.05935 
1.09097 0.18683 0.149422 2.05465 
1.08631 0.176927 0.133987 2.04432 
1.08735 0.185876 0.138703 2.04724 
1.08703 0.177777 0.132017 2.04584 
1.08657 0.177066 0.132662 2.04461 
1.03773 -0.0105083 0.418758 1.99266 
1.04491 0.0563154 0.409555 2.0011 
1.0701 0.0187332 0.348857 2.03901 
1.05125 0.0110562 0.365441 1.99733 
1.11355 0.0393536 0.138755 2.09457 
1.11503 0.0736633 0.116564 2.09626 
1.11832 0.0395751 0.0883307 2.10158 
1.11588 0.0441077 0.13646 2.1 
1.08743 -0.0743573 0.301461 2.0759 
1.08209 -0.022819 0.292906 2.0503 
1.10216 -0.0824236 0.242218 2.09656 
1.08141 -0.0454123 0.277783 2.04955 
1.10702 0.0902034 0.179129 2.0852 
1.11223 0.0785085 0.152972 2.09361 
1.1096 0.0456885 0.182514 2.09083 
1.10994 0.0855691 0.161235 2.0896 
1.10549 0.0636865 0.198865 2.08406 
1.09704 0.0932781 0.226744 2.07 
1.1037 0.103487 0.190842 2.07997 
1.10232 0.0694605 0.207426 2.07757 
1.09977 -0.0478989 0.216193 2.07962 
1.09176 0.00268209 0.278776 2.07029 
1.10617 0.0142635 0.208885 2.08905 
1.10035 -0.038934 0.224492 2.07959 
1.06246 -0.0893014 0.322295 2.01934 
1.04171 -0.0680061 0.364522 1.9803 
1.07344 -0.0317296 0.298691 2.03033 
1.05704 -0.0655845 0.355053 2.01551 
1.09617 0.148915 0.18744 2.06583 
1.09999 0.154061 0.165417 2.07169 
1.10144 0.13229 0.176601 2.07447 
1.09937 0.135054 0.175743 2.06948 
1.09019 0.191863 0.142682 2.05279 
1.08918 0.195592 0.142149 2.05109 
1.09181 0.204495 0.144757 2.05668 
1.08996 0.195505 0.140864 2.05244 
1.09384 0.194026 0.146754 2.06048 
1.09079 0.191322 0.144472 2.05426 
1.09277 0.203945 0.143028 2.05869 
1.09279 0.194892 0.146541 2.05805 
1.08741 0.181017 0.138264 2.04678 
1.087 0.179581 0.132867 2.04584 
1.08858 0.184674 0.139075 2.04943 
1.0875 0.180634 0.138499 2.04698 
1.0858 0.18626 0.148229 2.0446 
1.08682 0.183389 0.142006 2.046 
1.0877 0.182833 0.150446 2.04802 
1.0866 0.182244 0.148942 2.04602 
1.08709 0.178102 0.134056 2.04597 
1.08782 0.185919 0.137419 2.04784 
1.08853 0.184745 0.139064 2.04931 
1.08814 0.184652 0.137904 2.04861 
1.09078 0.181151 0.15612 2.05436 
1.09451 0.185142 0.153537 2.06186 
1.09269 0.177662 0.162337 2.05842 
1.09253 0.180565 0.155757 2.05749 
1.08738 0.177227 0.170773 2.0476 
1.08906 0.178637 0.158313 2.05016 
1.09057 0.173536 0.165477 2.053 
1.08913 0.177935 0.169004 2.05169 
1.08718 0.187294 0.135033 2.04776 
1.08748 0.181738 0.132462 2.0474 
1.08732 0.184734 0.137817 2.04727 
1.08712 0.181634 0.135022 2.04662 
1.08028 0.217249 0.153145 2.03548 
1.07743 0.196075 0.150464 2.02765 
1.07685 0.221604 0.160176 2.02913 
1.07881 0.217017 0.160495 2.03342 
1.08809 0.220022 0.153273 2.05113 
1.08784 0.199707 0.144217 2.04899 
1.08643 0.202813 0.148009 2.04671 
1.08681 0.202509 0.143466 2.04651 
1.09764 0.228338 0.111255 2.06697 
1.09816 0.215583 0.123244 2.06785 
1.09546 0.229267 0.12793 2.06372 
1.09732 0.231466 0.119559 2.06807 
1.10048 0.235766 0.0793594 2.07294 
1.10325 0.217422 0.0834626 2.07702 
1.10037 0.227953 0.0948424 2.07228 
1.10179 0.231335 0.0803311 2.07561 
1.10518 0.194855 0.10436 2.0804 
1.1083 0.178497 0.0950265 2.08535 
1.10527 0.180833 0.115773 2.08027 
1.10614 0.175883 0.107737 2.08042 
1.09085 0.21063 0.142171 2.05483 
1.08841 0.199367 0.140813 2.04945 
1.08862 0.218898 0.145226 2.05097 
1.08994 0.211822 0.147791 2.05372 
1.09605 0.1941 0.144677 2.06427 
1.09454 0.206561 0.143148 2.06214 
1.0977 0.20457 0.13563 2.0675 
1.09588 0.206091 0.140006 2.06502 
1.08873 0.184489 0.142992 2.04999 
1.08852 0.182068 0.150069 2.04982 
1.08732 0.180902 0.142431 2.0469 
1.08823 0.182593 0.143997 2.04868 
1.10418 0.176081 0.134692 2.07973 
1.10627 0.160429 0.133856 2.08297 
1.10263 0.166446 0.15028 2.07727 
1.1047 0.160555 0.141396 2.07985 
1.08752 0.18079 0.159525 2.04833 
1.08565 0.181002 0.172885 2.04567 
1.08514 0.184259 0.158964 2.04399 
1.08623 0.183715 0.160037 2.04579 
1.09774 0.169634 0.154263 2.06657 
1.09404 0.17629 0.162379 2.06092 
1.09555 0.183775 0.151524 2.06334 
1.09578 0.172765 0.159628 2.06339 
1.09796 0.156223 0.163371 2.06665 
1.09433 0.151733 0.18017 2.06054 
1.09365 0.166994 0.169237 2.05958 
1.0951 0.165154 0.170093 2.06271 
1.09407 0.231474 0.134448 2.06235 
1.09652 0.218508 0.130959 2.06618 
1.09388 0.217 0.13967 2.06164 
1.09506 0.218788 0.138582 2.06339 
1.08819 0.252253 0.144774 2.05286 
1.09124 0.242487 0.137559 2.05753 
1.08871 0.237797 0.145801 2.0531 
1.0896 0.244489 0.147274 2.05522 
1.08532 0.239975 0.159627 2.0485 
1.08743 0.253585 0.154943 2.05283 
1.08783 0.238551 0.153957 2.05255 
1.0865 0.240439 0.153722 2.04952 
1.08749 0.268338 0.131457 2.05148 
1.09062 0.258656 0.125679 2.05659 
1.0883 0.260498 0.138778 2.05296 
1.08852 0.258448 0.134274 2.05217 
1.09391 0.247632 0.111107 2.06097 
1.09367 0.255745 0.0969254 2.06079 
1.09666 0.24043 0.102477 2.06578 
1.09504 0.249622 0.0986387 2.06323 
1.08937 0.251014 0.141368 2.05396 
1.09159 0.250188 0.127991 2.05746 
1.09239 0.241814 0.134522 2.05889 
1.09148 0.25156 0.131709 2.05828 
1.08503 0.277071 0.126499 2.04669 
1.08222 0.286561 0.125207 2.04169 
1.08587 0.276937 0.114109 2.04741 
1.08459 0.280631 0.126523 2.04637 
1.10744 0.200761 0.0737323 2.08462 
1.11045 0.186293 0.0586625 2.08954 
1.10993 0.182521 0.0776486 2.08878 
1.10926 0.18409 0.0760709 2.08695 
1.09485 0.258094 0.0864366 2.06359 
1.09823 0.246894 0.0778526 2.06934 
1.0982 0.242481 0.0919369 2.06935 
1.09712 0.244336 0.0888768 2.06664 
1.10675 0.211953 0.0593394 2.08386 
1.10952 0.189192 0.0584132 2.08742 
1.10694 0.203014 0.0731167 2.08352 
1.10797 0.20769 0.0577983 2.08631 
1.1206 0.0768757 0.0319827 2.10571 
1.12031 0.0546531 0.0539715 2.10485 
1.11874 0.0940607 0.0593952 2.10218 
1.12015 0.077875 0.0675504 2.10561 
1.12345 -0.00715132 0.00917016 2.11467 
1.12084 -0.0480765 0.0484682 2.11059 
1.12121 0.0105678 0.0521143 2.10777 
1.12136 -0.00719412 0.0624933 2.11018 
1.10905 -0.0284983 0.156782 2.0871 
1.11535 -0.0751525 0.127167 2.10545 
1.11005 -0.0831935 0.163769 2.09812 
1.10759 -0.054606 0.164013 2.08895 
1.08482 0.17749 0.136673 2.04125 
1.08249 0.18098 0.140871 2.03657 
1.08479 0.191471 0.144516 2.04293 
1.08402 0.18004 0.136664 2.0396 
1.07783 0.323072 0.101557 2.03808 
1.07714 0.319369 0.114097 2.0365 
1.07475 0.330507 0.110853 2.03333 
1.07633 0.322305 0.112485 2.03509 
1.09641 0.242344 0.108281 2.06621 
1.09458 0.242623 0.124992 2.06361 
1.09345 0.251404 0.11793 2.06143 
1.09466 0.2405 0.120256 2.06248 
1.07535 0.302905 0.156482 2.03263 
1.07283 0.307734 0.162659 2.02858 
1.07336 0.311334 0.15179 2.0292 
1.07376 0.304979 0.154934 2.02898 
1.07828 0.297747 0.135017 2.03574 
1.07633 0.300208 0.146418 2.03299 
1.0743 0.308771 0.142976 2.02968 
1.07623 0.301375 0.145248 2.03282 
1.08037 0.290231 0.136838 2.03929 
1.08102 0.284234 0.148798 2.04111 
1.07847 0.292691 0.14844 2.03672 
1.08015 0.292705 0.145465 2.04059 
1.08652 0.259906 0.148205 2.0495 
1.08317 0.272226 0.150765 2.04398 
1.08562 0.26796 0.139842 2.04762 
1.08538 0.271779 0.146767 2.04896 
1.08034 0.267318 0.167698 2.03936 
1.07661 0.280034 0.172647 2.03333 
1.08007 0.277344 0.160986 2.03902 
1.07954 0.279892 0.166075 2.03969 
1.08582 0.263523 0.154601 2.04987 
1.08307 0.267054 0.162979 2.04554 
1.08268 0.27654 0.157913 2.045 
1.08346 0.264243 0.157498 2.04443 
1.08622 0.2558 0.154298 2.05017 
1.08395 0.240491 0.160561 2.04524 
1.08369 0.256995 0.16226 2.04601 
1.08518 0.25609 0.16156 2.04951 
1.0923 0.217657 0.144614 2.05838 
1.08978 0.228169 0.148892 2.05449 
1.09235 0.232037 0.141111 2.05889 
1.0913 0.227851 0.141138 2.05715 
1.08511 0.20415 0.148763 2.04343 
1.08408 0.219291 0.156073 2.0429 
1.08687 0.224018 0.152007 2.04831 
1.08561 0.221597 0.151998 2.04672 
1.08568 0.177287 0.134435 2.04278 
1.08567 0.19124 0.141108 2.04422 
1.08684 0.18892 0.138078 2.04613 
1.08631 0.188899 0.14136 2.04567 
1.0816 0.187198 0.13995 2.03519 
1.08249 0.20994 0.147569 2.0394 
1.0837 0.197728 0.143587 2.04079 
1.08302 0.196661 0.149789 2.03965 
1.08002 0.187012 0.145676 2.03183 
1.07822 0.1917 0.150601 2.02892 
1.08148 0.208733 0.155328 2.03761 
1.07971 0.192108 0.144984 2.03181 
1.07563 0.196 0.155505 2.02458 
1.07258 0.200395 0.164236 2.01911 
1.07532 0.221355 0.169877 2.02735 
1.07395 0.199852 0.155493 2.02097 
1.06237 0.251525 0.1923 2.00414 
1.05603 0.223462 0.185133 1.98573 
1.04354 0.250104 0.196969 1.96228 
1.05793 0.243424 0.189271 1.99527 
1.08127 0.239208 0.163608 2.04077 
1.07795 0.243778 0.170078 2.03486 
1.0813 0.257805 0.170069 2.04243 
1.07981 0.242786 0.16354 2.03759 
1.06824 0.206782 0.174439 2.01146 
1.06377 0.21464 0.183874 2.00341 
1.06688 0.241948 0.194491 2.0144 
1.06541 0.21224 0.173606 2.00516 
1.1117 0.157202 0.0969182 2.09151 
1.11283 0.143592 0.102701 2.09364 
1.11087 0.143999 0.116311 2.0902 
1.1121 0.144825 0.102128 2.09184 
1.10561 0.194915 0.100933 2.08106 
1.10626 0.199386 0.0863189 2.08212 
1.1085 0.18086 0.0932236 2.08585 
1.10686 0.195889 0.0874462 2.08344 
1.10027 0.199769 0.125327 2.0711 
1.10303 0.193544 0.113368 2.07546 
1.10274 0.180273 0.123853 2.07451 
1.10215 0.199412 0.12184 2.07547 
1.09994 0.225576 0.0967687 2.07105 
1.10328 0.212224 0.0830448 2.07633 
1.10286 0.208697 0.096638 2.07594 
1.10235 0.215023 0.0992902 2.07565 
1.11646 0.138526 -0.0136581 2.10094 
1.11393 0.161517 -0.00813019 2.09673 
1.11389 0.15103 -0.0346093 2.09781 
1.1149 0.138693 -0.0197102 2.09701 
1.12097 0.095763 0.0129825 2.10842 
1.11906 0.119179 -0.00194068 2.1055 
1.11985 0.0987479 -0.0168961 2.10793 
1.12014 0.0967529 -0.0132651 2.10691 
1.11701 0.126249 0.0248573 2.09906 
1.11504 0.148675 0.00670489 2.09679 
1.11719 0.12222 0.00431825 2.09984 
1.11684 0.142701 0.00487934 2.10093 
1.11189 0.145205 0.0724897 2.08897 
1.11508 0.131053 0.0479045 2.09477 
1.11536 0.120924 0.0617012 2.09526 
1.11475 0.141155 0.0706989 2.09604 
1.11322 0.180372 0.0343217 2.09538 
1.11393 0.167826 0.00817162 2.096 
1.11542 0.154539 0.0264138 2.09806 
1.11427 0.164626 0.0323437 2.09637 
1.11037 0.199217 0.0147657 2.09089 
1.11301 0.175204 0.0120611 2.09452 
1.11236 0.183896 0.0350708 2.09359 
1.1122 0.192591 0.0122831 2.09458 
1.10227 0.234048 0.0380113 2.07565 
1.10602 0.224364 0.0266652 2.0838 
1.10514 0.222204 0.0437686 2.08096 
1.10472 0.224327 0.0311198 2.07999 
1.10468 0.227826 -0.00452889 2.08302 
1.10684 0.201637 -0.0202135 2.08593 
1.10764 0.212855 0.00491539 2.08725 
1.10678 0.219367 -0.0151048 2.08695 
1.10591 0.164802 0.118523 2.08005 
1.10936 0.158847 0.098069 2.08575 
1.10828 0.147493 0.115383 2.08384 
1.10793 0.16707 0.111702 2.08495 
1.09957 0.203785 0.131933 2.07172 
1.10146 0.188868 0.135572 2.0748 
1.09766 0.192852 0.144102 2.06806 
1.09985 0.189789 0.137989 2.07112 
1.10052 0.213308 0.123416 2.07352 
1.09981 0.227258 0.109716 2.07216 
1.10262 0.210729 0.111436 2.07697 
1.10112 0.211548 0.112432 2.07334 
1.11263 0.177487 0.0584146 2.094 
1.11485 0.151303 0.0565539 2.09665 
1.11197 0.164498 0.0800587 2.0918 
1.11356 0.166192 0.0546488 2.09493 
1.10175 0.177051 0.14114 2.07441 
1.09996 0.168673 0.151323 2.07089 
1.09769 0.182672 0.1491 2.06718 
1.09983 0.181128 0.145289 2.0716 
1.11619 0.110415 0.0787148 2.09758 
1.11484 0.0970907 0.099919 2.09487 
1.11391 0.12379 0.0939303 2.09374 
1.11512 0.109937 0.103195 2.09646 
1.11176 0.108069 0.13743 2.0922 
1.10737 0.119122 0.162957 2.08575 
1.10956 0.13541 0.136096 2.08882 
1.10985 0.109417 0.149253 2.08891 
1.11248 0.123989 0.110133 2.09138 
1.11285 0.0975808 0.123239 2.09194 
1.11019 0.126037 0.123872 2.08742 
1.11185 0.125268 0.113993 2.09058 
1.11938 0.0148279 0.104194 2.10605 
1.11569 -0.0435016 0.127333 2.10352 
1.11357 0.00357702 0.163273 2.09875 
1.11739 -0.00294395 0.10073 2.1013 
1.06637 0.271579 0.184337 2.01413 
1.06605 0.303007 0.185975 2.01738 
1.07159 0.290552 0.18032 2.02618 
1.06867 0.295223 0.190049 2.02258 
1.07427 0.251218 0.178782 2.02856 
1.06959 0.260635 0.188331 2.02058 
1.07359 0.279648 0.185166 2.02967 
1.07158 0.25915 0.176482 2.02291 
1.04595 0.291729 0.191286 1.97701 
1.05695 0.338677 0.176827 2.00414 
1.05925 0.315078 0.18811 2.00524 
1.05443 0.319834 0.196386 1.99634 
1.06277 0.320558 0.183539 2.0113 
1.06138 0.334774 0.172157 2.00995 
1.06597 0.327134 0.16747 2.01783 
1.06374 0.333039 0.172862 2.01541 
1.11777 0.0953835 0.0884578 2.10133 
1.11914 0.0561871 0.0938607 2.10389 
1.11606 0.0771059 0.114171 2.09823 
1.1177 0.075209 0.0809709 2.09979 
1.11124 0.156565 0.097716 2.09041 
1.11476 0.133349 0.0890822 2.09657 
1.1128 0.142892 0.10285 2.09355 
1.11278 0.136203 0.0889851 2.09157 
1.12207 0.0688911 0.0344121 2.10981 
1.12272 0.0307225 0.0242621 2.11199 
1.12186 0.0377058 0.062694 2.10932 
1.12246 0.038274 0.021491 2.11019 
1.11749 0.123187 0.0495591 2.10053 
1.11974 0.0989106 0.0450556 2.10483 
1.11815 0.108302 0.0665252 2.10181 
1.11855 0.108153 0.0414838 2.10193 
1.11756 0.1235 0.0259624 2.10027 
1.11824 0.116985 0.00232248 2.10211 
1.11973 0.0994008 0.014374 2.10457 
1.11861 0.116252 0.026444 2.10293 
1.12176 0.0702368 -0.030175 2.1117 
1.12346 0.0335487 -0.0154801 2.1146 
1.12182 0.0699617 9.73811e-05 2.10949 
1.12187 0.066751 -0.000683576 2.1109 
1.06937 0.340648 0.126146 2.02451 
1.07214 0.335502 0.11834 2.029 
1.0712 0.332026 0.128077 2.02673 
1.07075 0.337118 0.12724 2.027 
1.10079 0.241183 -0.0128847 2.07613 
1.09698 0.256179 -0.0169162 2.07029 
1.09811 0.241934 -0.0282138 2.07191 
1.09883 0.248895 -0.025142 2.07359 
1.09333 0.270107 -0.0172343 2.06368 
1.09129 0.278485 -0.011192 2.05967 
1.09083 0.275068 -0.0242869 2.05994 
1.09198 0.271379 -0.0190067 2.06054 
1.0967 0.248733 -0.0362215 2.0701 
1.09489 0.261874 -0.0249925 2.06665 
1.09255 0.265385 -0.0325702 2.06311 
1.09408 0.259862 -0.0268445 2.06553 
1.10063 0.249853 -0.009261 2.07605 
1.09799 0.258245 -0.000808087 2.07023 
1.0973 0.261796 -0.0136476 2.07067 
1.0983 0.253978 -0.00363655 2.07089 
1.10722 0.210462 -0.0374331 2.08932 
1.10318 0.233568 -0.0206173 2.08083 
1.10224 0.232574 -0.0361573 2.0808 
1.10258 0.225398 -0.0242388 2.0797 
1.09569 0.268821 0.0156111 2.0662 
1.09496 0.273207 0.0284106 2.06517 
1.09255 0.282837 0.0193861 2.0614 
1.09477 0.280833 0.0192268 2.06657 
1.10069 0.234971 0.0585624 2.07216 
1.10113 0.235574 0.0403992 2.07287 
1.1033 0.221824 0.0467577 2.07603 
1.10209 0.238812 0.0524422 2.07644 
1.10477 0.220281 0.0731227 2.08085 
1.10174 0.238158 0.070853 2.07618 
1.10463 0.225203 0.060219 2.08072 
1.10371 0.221617 0.071069 2.07817 
1.09384 0.259009 0.0810874 2.06079 
1.09386 0.266551 0.0663691 2.06173 
1.09701 0.246329 0.0706935 2.06559 
1.09535 0.264869 0.0701454 2.06541 
1.08889 0.294616 0.0763145 2.05647 
1.09187 0.284781 0.0666108 2.06104 
1.09212 0.279118 0.0807556 2.06107 
1.09074 0.279926 0.0763873 2.05744 
1.08112 0.319555 0.0798833 2.04368 
1.08421 0.306158 0.0822286 2.04798 
1.08082 0.316038 0.0913843 2.04276 
1.08244 0.318782 0.0824554 2.04702 
1.08227 0.322545 0.0715879 2.04696 
1.08471 0.315108 0.0610335 2.05055 
1.08559 0.309773 0.0721461 2.05188 
1.08394 0.311286 0.0705263 2.048 
1.08796 0.299495 0.00275859 2.0548 
1.08734 0.295784 -0.00826617 2.05364 
1.08966 0.289813 -0.00415344 2.05726 
1.08818 0.291106 -0.00262098 2.05382 
1.05349 0.340752 0.173827 1.99585 
1.02868 0.304866 0.196813 1.93966 
1.01907 0.34866 0.161527 1.92214 
1.04165 0.334814 0.175119 1.97566 
1.1056 0.228434 0.0101118 2.08355 
1.10223 0.237579 0.0233445 2.07609 
1.10334 0.238035 0.00151325 2.07993 
1.10392 0.233932 0.0173178 2.08039 
1.1083 0.212193 0.0164475 2.08757 
1.11034 0.196562 0.036281 2.0902 
1.10715 0.218091 0.0416691 2.08551 
1.10851 0.203327 0.0404214 2.08666 
1.11295 0.151514 -0.0431977 2.09576 
1.11264 0.159855 -0.0266228 2.09385 
1.1093 0.174494 -0.0423955 2.08955 
1.11169 0.172597 -0.0337542 2.09513 
1.11568 0.130959 -0.0433311 2.10106 
1.11918 0.101296 -0.0383964 2.10719 
1.11791 0.120592 -0.0225143 2.10339 
1.11723 0.127766 -0.0276021 2.10411 
1.07467 0.338383 0.0723632 2.03238 
1.07734 0.327949 0.0751876 2.03621 
1.07385 0.336525 0.0841591 2.03054 
1.07582 0.339491 0.0768169 2.03594 
1.08179 0.327369 0.0393772 2.04588 
1.08374 0.320352 0.0480352 2.04904 
1.08088 0.3303 0.0486577 2.04462 
1.0818 0.321917 0.0469841 2.04452 
1.08725 0.291391 0.0840603 2.05192 
1.09011 0.275784 0.0892582 2.0557 
1.0862 0.289251 0.0979176 2.04979 
1.08827 0.29232 0.0896725 2.05521 
1.08138 0.316681 0.0953074 2.04473 
1.08508 0.305769 0.0850774 2.05032 
1.08409 0.304374 0.09853 2.04849 
1.08328 0.303515 0.0946091 2.04585 
1.09053 0.289306 0.0461584 2.05811 
1.09331 0.272677 0.0422886 2.06103 
1.09251 0.275625 0.0549974 2.06 
1.09247 0.282031 0.042791 2.0611 
1.08418 0.310839 0.0151371 2.04755 
1.08592 0.303766 0.0111711 2.05013 
1.08534 0.307633 0.0221663 2.04939 
1.08533 0.310002 0.0172471 2.05027 
1.08067 0.325056 0.0114902 2.04295 
1.08251 0.319388 0.0143008 2.04585 
1.08081 0.324982 0.0183924 2.04297 
1.08116 0.320687 0.0157716 2.04281 
1.08411 0.312059 0.00200048 2.04868 
1.08611 0.307264 0.00651953 2.05189 
1.08436 0.314369 0.0106506 2.04925 
1.08478 0.308218 0.00611494 2.04878 
1.09887 0.253178 0.0475469 2.07095 
1.09869 0.249345 0.0642315 2.07026 
1.09501 0.268318 0.061764 2.06494 
1.09746 0.249003 0.0555243 2.06662 
1.10797 0.192172 -0.0340657 2.08755 
1.11131 0.184665 -0.0135204 2.09306 
1.10886 0.20605 -0.00397331 2.08929 
1.1094 0.185689 -0.0151882 2.08828 
1.08726 0.302782 0.0136027 2.0533 
1.0888 0.297401 0.0193739 2.05565 
1.08643 0.306839 0.0254344 2.052 
1.08736 0.298512 0.0197464 2.05228 
1.08917 0.299962 0.0471686 2.05731 
1.09106 0.291558 0.055403 2.06021 
1.0873 0.307473 0.0540137 2.05475 
1.08875 0.294474 0.0537327 2.05498 
1.08814 0.280721 0.10831 2.05354 
1.08599 0.291813 0.104727 2.05052 
1.09002 0.27827 0.0961306 2.05664 
1.0878 0.277742 0.10211 2.05135 
1.09239 0.256289 0.107412 2.05864 
1.08999 0.268086 0.10598 2.05499 
1.09234 0.264055 0.0936547 2.059 
1.09142 0.264586 0.106895 2.05789 
1.09067 0.257799 0.122281 2.05607 
1.08734 0.268862 0.129008 2.05085 
1.08842 0.268931 0.116217 2.05219 
1.08887 0.267678 0.118368 2.05332 
1.07535 0.315532 0.126262 2.03216 
1.07359 0.314801 0.136761 2.02877 
1.07225 0.323479 0.132495 2.02736 
1.07354 0.316405 0.134931 2.02884 
1.08591 0.280539 0.113217 2.04831 
1.08259 0.288158 0.123242 2.04279 
1.08395 0.291619 0.109357 2.0457 
1.08464 0.289403 0.11146 2.04714 
1.08487 0.279609 0.137885 2.04825 
1.08282 0.282877 0.14858 2.0453 
1.08189 0.289237 0.136369 2.04283 
1.08313 0.280397 0.139088 2.04419 
1.07419 0.331628 0.108022 2.03196 
1.07365 0.337734 0.0979881 2.03152 
1.07693 0.326617 0.100161 2.03668 
1.0752 0.33215 0.098693 2.03383 
1.07553 0.318769 0.12452 2.03333 
1.07266 0.325545 0.130469 2.02873 
1.07345 0.32984 0.120305 2.03082 
1.07416 0.325538 0.121932 2.03157 
1.08202 0.302783 0.1068 2.04355 
1.07884 0.310186 0.116003 2.03838 
1.07955 0.315157 0.102866 2.0403 
1.0806 0.311715 0.104836 2.04221 
1.0822 0.299543 0.108292 2.04326 
1.08087 0.297673 0.121574 2.04074 
1.07871 0.308419 0.118332 2.0378 
1.08036 0.29959 0.119937 2.03973 
1.06876 0.348225 0.107985 2.02343 
1.07164 0.343086 0.0970313 2.02803 
1.07191 0.337579 0.106621 2.02789 
1.07095 0.345793 0.107471 2.02811 
1.08952 0.275946 -0.0223543 2.05677 
1.08997 0.279427 -0.0101921 2.05653 
1.08739 0.287225 -0.0138252 2.05282 
1.08923 0.285968 -0.0159574 2.05722 
1.07331 0.32573 0.0814801 2.02941 
1.03446 0.357872 0.0666671 1.95463 
1.06912 0.328904 0.021476 2.02853 
1.06012 0.357683 0.052396 2.01727 
1.07479 0.322379 0.147566 2.03623 
1.07214 0.31322 0.168684 2.02967 
1.07048 0.325152 0.158489 2.0273 
1.07273 0.313143 0.154992 2.02917 
1.07553 0.278182 0.175173 2.03255 
1.07911 0.26442 0.168924 2.03803 
1.0756 0.250435 0.16912 2.03003 
1.07744 0.265681 0.178096 2.03562 
1.07018 0.205085 0.164552 2.01389 
1.06795 0.239811 0.178992 2.01354 
1.0729 0.230029 0.167933 2.02215 
1.07154 0.231962 0.180042 2.02149 
1.0728 0.30402 0.16575 2.02812 
1.07554 0.2979 0.159094 2.03229 
1.07464 0.29462 0.170833 2.03139 
1.07452 0.3014 0.16783 2.03207 
1.06798 0.310047 0.185725 2.02172 
1.07094 0.308687 0.17511 2.02633 
1.07273 0.298953 0.18083 2.02962 
1.0704 0.305535 0.176799 2.0249 
1.05005 0.280469 0.200453 1.9861 
1.06244 0.307605 0.193796 2.01212 
1.0632 0.273717 0.193397 2.01077 
1.05849 0.277934 0.193455 1.99998 
1.06775 0.325874 0.166688 2.0218 
1.06942 0.315692 0.169881 2.02367 
1.0663 0.318048 0.179673 2.01877 
1.06758 0.317006 0.17373 2.02003 
1.0664 0.33398 0.159584 2.0197 
1.06666 0.332745 0.162149 2.02038 
1.06404 0.341702 0.164208 2.01725 
1.06617 0.3331 0.160898 2.01909 
1.06706 0.327669 0.155688 2.01875 
1.06796 0.326056 0.151757 2.0199 
1.06793 0.32441 0.156578 2.0201 
1.06751 0.32725 0.154093 2.01952 
1.07667 0.293413 0.170073 2.03608 
1.07721 0.296938 0.158419 2.03613 
1.07973 0.28808 0.158951 2.04045 
1.07766 0.288916 0.16051 2.03567 
1.06761 0.342477 0.133976 2.0216 
1.06925 0.334065 0.137557 2.02359 
1.06576 0.343582 0.141895 2.01834 
1.06773 0.341976 0.13546 2.02195 
1.05768 0.360893 0.153257 2.00538 
1.0589 0.362206 0.146643 2.00791 
1.06172 0.35403 0.146335 2.0122 
1.05908 0.355947 0.146738 2.0063 
1.06821 0.350756 0.118062 2.02386 
1.07133 0.340378 0.117917 2.02841 
1.06883 0.344316 0.125419 2.0242 
1.06931 0.342077 0.118111 2.02389 
1.07116 0.346697 0.0065341 2.02727 
1.07195 0.344156 0.00508808 2.02856 
1.07248 0.34507 0.00787361 2.02935 
1.07187 0.346111 0.00701964 2.02887 
1.06871 0.347797 0.00604776 2.02282 
1.06986 0.348618 0.00720483 2.02527 
1.06935 0.350781 0.00838443 2.02449 
1.06934 0.349073 0.0065839 2.02409 
1.0701 0.342873 0.00329302 2.02494 
1.07129 0.343239 0.0045185 2.02744 
1.07052 0.346012 0.00599711 2.02623 
1.07062 0.343936 0.00382125 2.02597 
1.08166 0.303097 -0.018927 2.04376 
1.08363 0.296644 -0.0228146 2.04717 
1.08466 0.295023 -0.0181331 2.04827 
1.08364 0.301718 -0.0193446 2.04844 
1.07286 0.354743 0.0496438 2.03185 
1.0705 0.361038 0.0523246 2.02801 
1.07179 0.358032 0.0445007 2.03005 
1.07174 0.355892 0.0498649 2.02943 
1.07914 0.33075 0.0688112 2.04123 
1.07611 0.340905 0.0667955 2.03649 
1.07878 0.334138 0.0582715 2.04079 
1.07778 0.330578 0.0647573 2.03748 
1.09013 0.286198 0.0624277 2.05672 
1.08772 0.295237 0.0711401 2.05331 
1.08658 0.302971 0.0598221 2.05192 
1.08871 0.301138 0.0629739 2.05701 
1.07825 0.327918 0.0920867 2.03975 
1.07478 0.338989 0.0906837 2.03418 
1.07855 0.329882 0.0811234 2.04027 
1.07718 0.328408 0.0899546 2.03698 
1.06965 0.356306 0.068936 2.02514 
1.06984 0.358019 0.0590882 2.02564 
1.07238 0.349225 0.06459 2.02952 
1.07099 0.358314 0.0659674 2.029 
1.0663 0.358875 0.0921051 2.0192 
1.06827 0.356406 0.0810929 2.0225 
1.07024 0.348313 0.0884152 2.02542 
1.06864 0.358733 0.0895074 2.02483 
1.06773 0.35485 0.10863 2.02301 
1.06625 0.36184 0.101462 2.02087 
1.07034 0.351231 0.0983321 2.02744 
1.06778 0.352117 0.100448 2.02148 
1.05699 0.379529 0.0964246 2.0033 
1.05546 0.384359 0.0885624 2.00051 
1.05899 0.377491 0.0860721 2.00669 
1.0569 0.37698 0.0892829 2.00157 
1.05895 0.373896 0.0733898 2.00447 
1.0558 0.380853 0.0768857 1.99925 
1.05752 0.379731 0.0644232 2.00238 
1.05786 0.382152 0.0739418 2.00467 
1.06603 0.362407 0.0726381 2.01825 
1.06212 0.369446 0.0753131 2.01098 
1.06376 0.367793 0.065142 2.0139 
1.06423 0.369004 0.0732065 2.01597 
1.06214 0.366436 0.0937253 2.01142 
1.05817 0.374453 0.0971536 2.00455 
1.06036 0.371479 0.0861573 2.00804 
1.06075 0.374923 0.0934067 2.01081 
1.06518 0.356448 0.109686 2.01725 
1.06181 0.366481 0.112077 2.01239 
1.06415 0.363259 0.102409 2.01618 
1.06415 0.366501 0.109204 2.01794 
1.0484 0.395766 0.10125 1.98828 
1.04729 0.403311 0.0936986 1.98763 
1.05145 0.392632 0.0904374 1.9937 
1.0485 0.392608 0.0952253 1.9868 
1.0714 0.349925 0.011574 2.02793 
1.07112 0.348848 0.00874002 2.02764 
1.07233 0.347246 0.0101822 2.02955 
1.07158 0.347943 0.00960245 2.02788 
1.09505 0.275586 0.00760854 2.06645 
1.09214 0.288097 0.0132224 2.06183 
1.09242 0.283798 0.000258785 2.06217 
1.09295 0.277284 0.00790707 2.06149 
1.10052 0.23875 0.022062 2.07189 
1.09847 0.251029 0.00886561 2.06959 
1.10135 0.240625 0.00326563 2.07535 
1.10046 0.248577 0.00748489 2.07416 
1.09975 0.257785 0.028175 2.07392 
1.09676 0.271947 0.0295375 2.0695 
1.09786 0.266464 0.0146865 2.0712 
1.09798 0.258346 0.025021 2.06943 
1.07754 0.336548 0.0223625 2.03791 
1.07723 0.335598 0.0160573 2.03709 
1.0791 0.330409 0.0197903 2.04011 
1.07775 0.331402 0.0197318 2.03699 
1.07419 0.350014 0.0280969 2.0334 
1.07442 0.348044 0.023454 2.03348 
1.07591 0.34394 0.0255726 2.03592 
1.07463 0.34508 0.026381 2.03306 
1.07316 0.346124 0.0196782 2.0299 
1.0718 0.349528 0.0186685 2.02765 
1.0728 0.345629 0.0168738 2.02909 
1.07278 0.34874 0.0181892 2.02988 
1.09599 0.260231 0.000292252 2.06555 
1.09304 0.272453 -0.00572318 2.06157 
1.09512 0.264153 -0.0116084 2.06562 
1.09496 0.270184 -0.00822132 2.06596 
1.09029 0.294989 0.0370329 2.05877 
1.09104 0.288987 0.0223589 2.05907 
1.09319 0.279659 0.0312938 2.06224 
1.09135 0.28218 0.0328647 2.05821 
1.09744 0.253177 0.0376297 2.06696 
1.09403 0.26794 0.051775 2.0619 
1.09475 0.266442 0.039115 2.06314 
1.09574 0.266547 0.0468631 2.06595 
1.08438 0.311348 0.0252949 2.04804 
1.08167 0.320706 0.0221662 2.04383 
1.08345 0.314416 0.0186568 2.04674 
1.08331 0.316885 0.0196053 2.04687 
1.08535 0.309353 0.0445136 2.04996 
1.08542 0.307794 0.0321743 2.04953 
1.08684 0.30203 0.0378858 2.05165 
1.08615 0.30685 0.0414829 2.05136 
1.08469 0.312047 0.0460376 2.04909 
1.08254 0.320934 0.0375553 2.04597 
1.08464 0.311209 0.0345184 2.04855 
1.08409 0.317587 0.0362049 2.04889 
1.08853 0.295424 0.00776617 2.05483 
1.09048 0.285448 0.00130871 2.05762 
1.09047 0.289374 0.0132052 2.0579 
1.09003 0.294179 0.00702282 2.0583 
1.08854 0.296298 0.0359856 2.05458 
1.08682 0.303684 0.0298015 2.05211 
1.08928 0.292449 0.0258676 2.05555 
1.08864 0.301208 0.0281934 2.05605 
1.08697 0.29307 -0.0184777 2.05353 
1.0872 0.29418 -0.0237819 2.05566 
1.09024 0.283976 -0.0271684 2.06088 
1.08677 0.287587 -0.0201091 2.05264 
1.08433 0.305502 -0.00282503 2.04795 
1.08584 0.29692 -0.00806607 2.05011 
1.08658 0.300452 0.00171482 2.05156 
1.08581 0.304422 -0.00265983 2.05141 
1.08336 0.309609 -0.00702122 2.04748 
1.08167 0.308084 -0.0153885 2.04441 
1.08465 0.302133 -0.0131761 2.04943 
1.08303 0.303531 -0.011532 2.04569 
1.08042 0.322209 -0.000581241 2.04302 
1.08224 0.317583 0.000649334 2.0459 
1.0807 0.324446 0.00631781 2.04335 
1.08088 0.318418 0.00262036 2.04269 
1.07768 0.331718 0.00255121 2.0386 
1.07709 0.329933 -0.00143897 2.03752 
1.07873 0.326355 -0.00202631 2.04029 
1.07756 0.32705 0.000346408 2.03751 
1.07725 0.334412 0.0128047 2.03717 
1.07758 0.333238 0.00815984 2.03818 
1.07896 0.329527 0.0100196 2.04021 
1.07783 0.330461 0.00980118 2.03763 
1.07518 0.339443 0.00635461 2.03459 
1.07472 0.337148 0.0028535 2.03356 
1.07642 0.335741 0.00473337 2.03659 
1.07538 0.336765 0.00372301 2.03431 
1.07811 0.318937 -0.011052 2.0384 
1.08004 0.312605 -0.0140413 2.04156 
1.07934 0.318425 -0.00778416 2.04035 
1.07868 0.316234 -0.0091582 2.03903 
1.08015 0.315879 -0.00493241 2.04154 
1.08051 0.309664 -0.0117755 2.04187 
1.08207 0.311189 -0.0039007 2.04464 
1.08114 0.314553 -0.00791348 2.04368 
1.0757 0.326324 -0.0053708 2.03381 
1.07447 0.32727 -0.00668064 2.03157 
1.07589 0.322798 -0.00916987 2.0339 
1.07528 0.325849 -0.00600312 2.03318 
1.07949 0.325307 0.00643311 2.04053 
1.0779 0.328838 0.00450912 2.03804 
1.07908 0.323087 0.000160252 2.03986 
1.079 0.328091 0.00416664 2.04061 
1.07423 0.333068 -0.000343673 2.03191 
1.07399 0.33 -0.00394534 2.03108 
1.07529 0.329237 -0.00242715 2.03351 
1.07448 0.3303 -0.00332353 2.03182 
1.07657 0.332739 0.00172411 2.03612 
1.07483 0.334464 0.000169629 2.03313 
1.07592 0.330888 -0.00194818 2.03487 
1.07582 0.333617 0.000798366 2.03534 
1.07423 0.340411 0.00530094 2.03251 
1.07273 0.341392 0.00363914 2.02984 
1.07377 0.338038 0.00200872 2.03148 
1.07362 0.34055 0.00447837 2.03178 
1.07218 0.340063 0.00308814 2.02877 
1.0719 0.336829 -1.50195e-05 2.02776 
1.07318 0.33674 0.00141696 2.03034 
1.07238 0.337691 0.000563807 2.02866 
1.07341 0.334167 -0.00132764 2.03024 
1.07222 0.334462 -0.00243916 2.02792 
1.0733 0.331031 -0.00445398 2.02964 
1.07294 0.333415 -0.00193884 2.0294 
1.07079 0.350618 0.0107946 2.02661 
1.06994 0.351417 0.00912948 2.02535 
1.07049 0.349549 0.00797979 2.02627 
1.07036 0.350893 0.00982387 2.02624 
1.0703 0.340735 0.00117151 2.02489 
1.07129 0.337757 -0.000544616 2.02649 
1.07143 0.340979 0.00218886 2.02723 
1.07096 0.339847 0.0015905 2.02627 
1.0667 0.354603 0.00924013 2.01956 
1.06623 0.354054 0.00871561 2.01855 
1.0667 0.352538 0.00772706 2.01926 
1.06648 0.35347 0.00896527 2.01898 
1.06756 0.360344 0.0158131 2.02122 
1.06732 0.361781 0.0174923 2.0208 
1.06696 0.361372 0.015405 2.0203 
1.06724 0.360572 0.0162346 2.02049 
1.06821 0.354485 0.0108296 2.02234 
1.06883 0.355299 0.0127599 2.02336 
1.06795 0.356391 0.0123754 2.02194 
1.06837 0.35609 0.0120511 2.0229 
1.06851 0.358471 0.0178193 2.02254 
1.06776 0.360811 0.0182831 2.02142 
1.06801 0.359287 0.0166367 2.02184 
1.06814 0.359508 0.0169384 2.02196 
1.06331 0.366898 0.0163404 2.01445 
1.06386 0.367344 0.0168054 2.01545 
1.06347 0.368278 0.0172366 2.01482 
1.06357 0.367677 0.0165574 2.01489 
1.06377 0.361923 0.0131631 2.01476 
1.06372 0.363591 0.0141187 2.01485 
1.06345 0.362952 0.0135482 2.01427 
1.06355 0.362462 0.0138509 2.01436 
1.06457 0.36342 0.0141358 2.01642 
1.06479 0.364683 0.0151315 2.01686 
1.06421 0.364407 0.0146662 2.01584 
1.0645 0.364118 0.0149106 2.01643 
1.06437 0.359842 0.0121661 2.01562 
1.06438 0.361376 0.0130681 2.01584 
1.06405 0.360804 0.0126511 2.01511 
1.0642 0.360427 0.0128541 2.01537 
1.0664 0.364831 0.0182611 2.01965 
1.06702 0.364246 0.019235 2.02069 
1.06638 0.366762 0.0200095 2.0198 
1.06657 0.364797 0.0186102 2.01974 
1.06552 0.367011 0.0181702 2.0181 
1.066 0.36545 0.017577 2.01883 
1.06603 0.367372 0.0192474 2.01912 
1.06582 0.366486 0.0188286 2.01868 
1.06529 0.364473 0.0155672 2.01761 
1.06557 0.363402 0.0149066 2.01809 
1.06592 0.363922 0.0160298 2.01852 
1.06559 0.364244 0.015705 2.01828 
1.06714 0.364758 0.0195317 2.02085 
1.0671 0.366765 0.021634 2.02118 
1.06645 0.367238 0.0202754 2.01989 
1.06695 0.366722 0.0210943 2.02097 
1.06752 0.358335 0.0134896 2.02134 
1.06771 0.359267 0.0148297 2.02154 
1.06703 0.360172 0.0144221 2.0205 
1.06746 0.359826 0.0145268 2.02149 
1.0686 0.363571 0.0219604 2.02392 
1.0677 0.366171 0.0224791 2.0225 
1.06774 0.364164 0.0203534 2.02219 
1.06794 0.36427 0.0209325 2.02248 
1.06308 0.370666 0.0187604 2.01415 
1.06362 0.371063 0.0192449 2.01507 
1.06324 0.371451 0.019405 2.01444 
1.06331 0.371228 0.0190826 2.01454 
1.02909 0.274626 0.343839 1.95784 
1.04932 0.219007 0.330707 1.99129 
1.01109 0.262394 0.382838 1.92737 
1.02977 0.268595 0.358804 1.96502 
1.06437 0.363598 0.0231159 2.01592 
1.06468 0.362995 0.022857 2.01645 
1.0644 0.362618 0.0237293 2.01586 
1.0645 0.363322 0.0234295 2.01617 
1.06378 0.365172 0.0229872 2.015 
1.06402 0.364399 0.0230361 2.01537 
1.06374 0.364298 0.0236295 2.01484 
1.06387 0.364621 0.0234815 2.01509 
1.06395 0.365516 0.0227558 2.01524 
1.0643 0.365929 0.0220968 2.01591 
1.06419 0.364693 0.0227853 2.0156 
1.06414 0.365362 0.0222816 2.01564 
1.0659 0.357871 0.011735 2.01843 
1.06546 0.358773 0.0122193 2.01769 
1.0653 0.35731 0.0110669 2.01716 
1.06556 0.358218 0.0114483 2.01775 
1.06657 0.355605 0.0104418 2.01947 
1.06626 0.356924 0.0112571 2.019 
1.06607 0.355085 0.00990191 2.0184 
1.06633 0.35598 0.0100832 2.01898 
1.06692 0.356317 0.0105826 2.02017 
1.06733 0.35743 0.0118211 2.02093 
1.06659 0.357695 0.0113916 2.01967 
1.06695 0.357427 0.0115482 2.02047 
1.06489 0.375038 0.0242763 2.01832 
1.06508 0.372858 0.0227334 2.01825 
1.06541 0.373561 0.0242776 2.01912 
1.06516 0.374186 0.0232777 2.0187 
1.06314 0.370448 0.0184256 2.01422 
1.06341 0.369809 0.0179648 2.01467 
1.0637 0.37083 0.0189131 2.01518 
1.06337 0.370246 0.0185879 2.0147 
1.06272 0.371548 0.0192301 2.01346 
1.06288 0.370814 0.0187605 2.01371 
1.06304 0.371627 0.0193433 2.014 
1.06288 0.371407 0.0192761 2.01382 
1.06259 0.368483 0.0173953 2.01324 
1.06314 0.369066 0.0177055 2.01429 
1.06286 0.369765 0.0182001 2.01382 
1.06289 0.369265 0.0176023 2.01376 
1.06394 0.363157 0.0144795 2.01524 
1.0639 0.361448 0.0134307 2.01492 
1.06429 0.362058 0.0139496 2.01578 
1.06407 0.362461 0.0136184 2.01538 
1.06478 0.37573 0.0127231 2.01795 
1.06408 0.377816 0.0146229 2.0169 
1.06404 0.378385 0.0117384 2.01688 
1.06434 0.377282 0.0121002 2.01735 
1.06547 0.367275 0.0194176 2.01832 
1.0654 0.36911 0.0183406 2.01834 
1.06581 0.36753 0.0183255 2.01896 
1.06558 0.367847 0.0192001 2.01852 
1.06435 0.375673 0.0177419 2.01724 
1.0641 0.377503 0.0164055 2.017 
1.06466 0.375315 0.0164899 2.01781 
1.06434 0.3754 0.0170183 2.01705 
1.06367 0.369497 0.0215431 2.01515 
1.06331 0.369586 0.0219663 2.01449 
1.06351 0.370774 0.0214441 2.01495 
1.06346 0.36959 0.021806 2.01465 
1.06323 0.365593 0.0235437 2.01402 
1.06339 0.366426 0.022905 2.0144 
1.06356 0.365821 0.0230117 2.01464 
1.06342 0.365949 0.0233504 2.01435 
1.06267 0.368501 0.0227599 2.01322 
1.06271 0.369542 0.0224695 2.01341 
1.06294 0.36914 0.0224322 2.01377 
1.06279 0.369308 0.0226575 2.01353 
1.06301 0.379677 0.0199874 2.01511 
1.06284 0.380987 0.0204095 2.01504 
1.06291 0.380833 0.0191805 2.01512 
1.06297 0.38121 0.019846 2.01543 
1.06322 0.377011 0.0203449 2.01508 
1.0632 0.378466 0.0200371 2.01531 
1.06338 0.377679 0.0195258 2.01553 
1.06326 0.37775 0.0203237 2.01527 
1.06309 0.377085 0.0209673 2.01481 
1.06297 0.378345 0.0211767 2.01478 
1.06308 0.378536 0.0207001 2.01505 
1.06307 0.378331 0.0207294 2.01502 
1.06428 0.376822 0.0238734 2.0173 
1.0639 0.377894 0.0242738 2.01666 
1.06384 0.377354 0.0231229 2.01648 
1.06397 0.376995 0.0236924 2.01659 
1.06224 0.383042 0.0203139 2.01407 
1.06259 0.381989 0.0210384 2.0147 
1.06248 0.38251 0.0218603 2.01458 
1.06248 0.382856 0.0208115 2.01468 
1.06343 0.379915 0.0164672 2.01601 
1.06301 0.381075 0.0178662 2.01536 
1.06278 0.381836 0.0162536 2.01496 
1.06304 0.380571 0.016315 2.01523 
1.06355 0.378828 0.0165496 2.01603 
1.06348 0.378251 0.0181722 2.01582 
1.06314 0.380087 0.0178994 2.01542 
1.0634 0.379295 0.0181304 2.01586 
1.06464 0.375884 0.0276733 2.01773 
1.0646 0.376028 0.0251224 2.01777 
1.06509 0.37476 0.0251824 2.01857 
1.06484 0.375545 0.0262532 2.01824 
1.06244 0.379517 0.0371139 2.0135 
1.06393 0.37941 0.03287 2.01716 
1.06459 0.377793 0.0355695 2.01829 
1.06379 0.378289 0.0353194 2.01646 
1.06363 0.37803 0.0240291 2.01602 
1.0633 0.37863 0.0231996 2.01547 
1.06359 0.377488 0.0229378 2.0159 
1.06355 0.378509 0.0234655 2.01607 
1.06328 0.381603 0.0288147 2.01623 
1.06382 0.379697 0.026834 2.01702 
1.06426 0.379231 0.0293314 2.01791 
1.06369 0.379626 0.0277339 2.0166 
1.06188 0.37984 0.0348715 2.01213 
1.06244 0.381264 0.0303616 2.014 
1.06332 0.379768 0.0308621 2.0157 
1.06281 0.381055 0.0319422 2.01489 
1.06127 0.382686 0.0270395 2.01146 
1.06156 0.383607 0.0245221 2.0125 
1.06211 0.382453 0.027057 2.01352 
1.0616 0.382659 0.0266893 2.0123 
1.06253 0.382639 0.0243313 2.01473 
1.06193 0.383663 0.0237565 2.01351 
1.0624 0.382968 0.0231284 2.01452 
1.06226 0.382821 0.0234914 2.01409 
1.06153 0.369552 0.0191897 2.01127 
1.0612 0.368837 0.0192382 2.01048 
1.06126 0.368645 0.0187952 2.01059 
1.06132 0.368839 0.0191025 2.01079 
1.06165 0.369997 0.0196655 2.01158 
1.06169 0.370464 0.0200562 2.01168 
1.06134 0.369211 0.0197056 2.01087 
1.06159 0.370048 0.019641 2.01143 
1.06234 0.371251 0.0191959 2.01285 
1.06192 0.370474 0.0191482 2.01208 
1.06203 0.370118 0.0187052 2.01225 
1.06205 0.370422 0.0190981 2.01236 
1.06244 0.371746 0.0197627 2.01312 
1.06241 0.372318 0.0201962 2.0131 
1.06203 0.370946 0.0196873 2.01235 
1.06234 0.371841 0.019673 2.0129 
1.06235 0.368626 0.0174442 2.0127 
1.06262 0.369939 0.0181544 2.01331 
1.06215 0.369417 0.0181298 2.01241 
1.06237 0.369296 0.0180679 2.0129 
1.0631 0.372568 0.0200776 2.0143 
1.06309 0.373695 0.0207151 2.01442 
1.06283 0.372485 0.0199353 2.01381 
1.06297 0.372666 0.019994 2.01402 
1.06235 0.37334 0.0208693 2.01302 
1.06228 0.373294 0.021037 2.01287 
1.06207 0.372449 0.0208707 2.01246 
1.06226 0.373264 0.0209861 2.01284 
1.06204 0.367329 0.0167764 2.01197 
1.06158 0.367377 0.0170364 2.01104 
1.06174 0.366955 0.0163588 2.0113 
1.06183 0.367325 0.0167495 2.01164 
1.06296 0.374109 0.020882 2.01422 
1.06282 0.374487 0.0210924 2.01399 
1.06266 0.373336 0.020571 2.01356 
1.06285 0.374241 0.0207466 2.01399 
1.06134 0.368319 0.0182809 2.01069 
1.06145 0.367986 0.0177197 2.01088 
1.06172 0.368814 0.018215 2.01155 
1.06151 0.368288 0.0181216 2.01111 
1.06319 0.379353 0.0200795 2.01546 
1.0631 0.380436 0.019301 2.01548 
1.06339 0.378625 0.0195108 2.01575 
1.0632 0.379109 0.0192569 2.01539 
1.03958 0.434578 0.0187368 1.97738 
1.03339 0.446302 0.0190859 1.96718 
1.03775 0.439969 0.0114696 1.97516 
1.03717 0.436719 0.0151316 1.97233 
1.05583 0.39434 0.0231363 2.00197 
1.0565 0.391711 0.0297864 2.00281 
1.05338 0.40141 0.0287346 1.99861 
1.05507 0.392113 0.0265226 1.99932 
1.0419 0.423372 0.0423251 1.97898 
1.03893 0.428697 0.0517579 1.97414 
1.03751 0.434769 0.0399715 1.97272 
1.04038 0.432937 0.0425167 1.9791 
1.04825 0.418485 0.0139773 1.99222 
1.04983 0.414339 0.0229537 1.99457 
1.04495 0.425863 0.0204316 1.98701 
1.04748 0.415166 0.0187253 1.989 
1.04396 0.420358 0.0534529 1.9833 
1.03979 0.429439 0.0557595 1.97676 
1.04313 0.423205 0.0453325 1.98206 
1.04256 0.422959 0.0537923 1.9809 
1.08058 0.328254 0.00944903 2.04345 
1.07941 0.332438 -0.0018464 2.04139 
1.08279 0.322221 0.00255017 2.04719 
1.08102 0.323495 0.00271495 2.04308 
1.07574 0.339756 0.0165941 2.03515 
1.07598 0.341221 0.0107707 2.0358 
1.07774 0.335272 0.0132746 2.0386 
1.07641 0.336179 0.0136876 2.03554 
1.07307 0.349217 0.011927 2.03095 
1.07255 0.352231 0.00864164 2.03029 
1.07428 0.346541 0.00960526 2.033 
1.0732 0.347427 0.0105969 2.03057 
1.07609 0.343253 -0.0057629 2.03605 
1.07446 0.34748 -0.00197977 2.03319 
1.07298 0.35209 -0.00729571 2.03081 
1.07446 0.345344 -0.00677631 2.03254 
1.02075 0.465528 -0.0368511 1.94688 
1.02245 0.462705 -0.0312056 1.94931 
1.01863 0.469594 -0.0305507 1.94343 
1.02119 0.468683 -0.0331494 1.94927 
1.02259 0.459476 -0.0541803 1.9497 
1.02683 0.45306 -0.0584794 1.95719 
1.02762 0.454542 -0.0504566 1.95916 
1.02595 0.456451 -0.0532948 1.95633 
1.02397 0.452532 -0.0904529 1.95349 
1.02708 0.449592 -0.0830581 1.9587 
1.02162 0.457515 -0.0850107 1.9496 
1.02444 0.455971 -0.0865386 1.95583 
1.03256 0.44026 -0.0865524 1.96827 
1.03524 0.434948 -0.0833181 1.97203 
1.03142 0.443522 -0.0800471 1.96619 
1.03313 0.438252 -0.0852096 1.9685 
1.02589 0.451394 -0.0913615 1.95768 
1.02987 0.445396 -0.0905228 1.96438 
1.02881 0.448525 -0.0833734 1.96244 
1.02779 0.446881 -0.0873724 1.95971 
1.01585 0.457964 -0.0938439 1.94025 
1.0211 0.459918 -0.0936015 1.95111 
1.01857 0.464615 -0.0876798 1.94672 
1.01851 0.461183 -0.0927197 1.94548 
1.02332 0.451634 -0.104828 1.95425 
1.02766 0.446151 -0.104469 1.96163 
1.02454 0.453482 -0.0972556 1.9565 
1.02465 0.447509 -0.102302 1.95468 
1.04454 0.414388 -0.0781291 1.9858 
1.04644 0.410192 -0.0704776 1.98805 
1.04129 0.421969 -0.0719297 1.98026 
1.04461 0.41608 -0.0765856 1.98638 
1.03544 0.440385 -0.0524265 1.972 
1.03777 0.435457 -0.0468042 1.97517 
1.03211 0.447178 -0.0465504 1.96648 
1.03564 0.443453 -0.050788 1.97369 
1.03093 0.445693 -0.0650349 1.96454 
1.03145 0.44437 -0.0722784 1.96592 
1.03569 0.436302 -0.069553 1.97242 
1.03219 0.439026 -0.0699139 1.96505 
1.02972 0.451515 -0.0479939 1.96272 
1.02966 0.45039 -0.0568364 1.96272 
1.0332 0.444862 -0.0543908 1.96866 
1.03057 0.446247 -0.0534768 1.96278 
1.02456 0.455024 -0.0693689 1.95377 
1.02812 0.44833 -0.0741944 1.95972 
1.02805 0.448729 -0.0662151 1.95896 
1.0269 0.452517 -0.0686261 1.95825 
1.03955 0.431657 -0.0382291 1.97752 
1.04213 0.426791 -0.0319438 1.98152 
1.03665 0.438684 -0.0318025 1.97311 
1.03969 0.431833 -0.0366808 1.97779 
1.04167 0.430456 -0.0573869 1.98332 
1.03986 0.43283 -0.050322 1.97936 
1.03766 0.43755 -0.0563727 1.97642 
1.03949 0.434693 -0.0531272 1.97951 
1.04488 0.42635 -0.0535811 1.98929 
1.04802 0.419217 -0.0486328 1.99377 
1.04267 0.429355 -0.0474427 1.98465 
1.045 0.421648 -0.0505754 1.9874 
1.06175 0.382763 -0.000556991 2.01247 
1.0595 0.387706 0.00316687 2.00857 
1.06019 0.385858 -0.00457468 2.00968 
1.06076 0.387451 0.000500833 2.01166 
1.06545 0.372519 0.0136015 2.01874 
1.06609 0.37006 0.0151229 2.01975 
1.06524 0.372735 0.0155475 2.01841 
1.06559 0.372187 0.0140276 2.01908 
1.06758 0.367696 0.00129113 2.02214 
1.06833 0.364236 0.00524651 2.02306 
1.06685 0.36958 0.00501789 2.02096 
1.06768 0.369232 0.00427107 2.02292 
1.07035 0.355372 0.0142942 2.02618 
1.07071 0.353078 0.0164479 2.02667 
1.06987 0.355791 0.0165975 2.0254 
1.07029 0.354892 0.0149041 2.02612 
1.06915 0.361628 0.0100046 2.02453 
1.06985 0.357962 0.0123016 2.02543 
1.06892 0.360853 0.0131149 2.02399 
1.06929 0.359998 0.0106952 2.02461 
1.07175 0.352964 0.0100432 2.02854 
1.0722 0.349918 0.0126831 2.029 
1.07099 0.354261 0.0124091 2.02721 
1.0717 0.353484 0.0108202 2.02874 
1.06963 0.361075 0.00821247 2.02555 
1.07108 0.356364 0.00852721 2.02782 
1.07041 0.357413 0.0109763 2.02664 
1.07041 0.357016 0.0100566 2.02636 
1.07493 0.345464 -0.0013674 2.03391 
1.07678 0.339509 -0.00506409 2.03682 
1.07586 0.342073 0.00327282 2.03542 
1.07573 0.34093 0.00137034 2.03458 
1.07124 0.357252 0.00100499 2.02813 
1.07304 0.351714 0.000767278 2.03102 
1.07202 0.35388 0.00493666 2.02926 
1.07202 0.35232 0.00301514 2.02865 
1.07129 0.355551 -0.00153463 2.02765 
1.07211 0.353795 -0.00813679 2.02913 
1.07319 0.348935 -0.0025999 2.03043 
1.07241 0.355576 -0.0051196 2.03049 
1.06151 0.385426 0.00875042 2.01282 
1.05995 0.389052 0.00739162 2.01018 
1.06204 0.384445 0.00422093 2.01379 
1.06105 0.384603 0.00629739 2.01136 
1.06259 0.382471 0.0138907 2.01459 
1.06221 0.383159 0.0109675 2.01381 
1.06323 0.380855 0.0113558 2.01562 
1.06265 0.38183 0.0112284 2.01448 
1.06192 0.383248 0.0140206 2.01317 
1.06084 0.385016 0.0147419 2.01106 
1.0614 0.38395 0.0112334 2.01206 
1.06149 0.384718 0.014082 2.01259 
1.06587 0.363176 0.0150356 2.01876 
1.06644 0.362402 0.0149732 2.01964 
1.06623 0.363688 0.0161635 2.01921 
1.06611 0.362594 0.0154222 2.01889 
1.06483 0.363147 0.0143948 2.01695 
1.06532 0.363267 0.014738 2.01782 
1.06505 0.364401 0.0153848 2.01737 
1.06508 0.363523 0.0145401 2.01729 
1.0656 0.36071 0.013209 2.01814 
1.06624 0.361305 0.0141854 2.0193 
1.06566 0.361953 0.0142413 2.01831 
1.06583 0.361671 0.0138026 2.01865 
1.06505 0.357633 0.0109407 2.01663 
1.06515 0.359112 0.0119305 2.01706 
1.0647 0.358687 0.0115634 2.01608 
1.06495 0.358359 0.0117005 2.0166 
1.06549 0.356727 0.010374 2.01745 
1.06591 0.355507 0.00963014 2.01812 
1.06601 0.35727 0.0109191 2.01853 
1.06572 0.356284 0.0105985 2.01789 
1.06537 0.368127 0.0195883 2.01803 
1.06585 0.368581 0.020716 2.01904 
1.0653 0.370418 0.021165 2.01824 
1.06556 0.36929 0.0199141 2.01854 
1.06438 0.367581 0.0174356 2.01634 
1.06499 0.367736 0.0182864 2.01737 
1.06452 0.36882 0.018611 2.01662 
1.06465 0.368203 0.0178087 2.01674 
1.06637 0.363004 0.0166599 2.01913 
1.06665 0.361577 0.0155323 2.01959 
1.06698 0.362013 0.0173874 2.02003 
1.06672 0.362766 0.016634 2.01993 
1.06449 0.366988 0.0166346 2.01642 
1.06492 0.365964 0.0162004 2.01713 
1.06511 0.367081 0.0174031 2.01745 
1.06481 0.366586 0.0170326 2.01705 
1.06464 0.361016 0.0133128 2.01636 
1.06458 0.359421 0.0123523 2.01601 
1.06506 0.3599 0.0127969 2.01705 
1.06476 0.360277 0.0125418 2.01645 
1.06291 0.376962 0.0212525 2.01446 
1.06292 0.378006 0.021074 2.01462 
1.06304 0.376962 0.0210008 2.01471 
1.06293 0.377035 0.0212287 2.01447 
1.06289 0.379573 0.0214031 2.01488 
1.0629 0.380013 0.0218527 2.01502 
1.06281 0.381049 0.0213026 2.01504 
1.06285 0.380095 0.021235 2.01491 
1.06302 0.379898 0.0204668 2.01524 
1.06294 0.37963 0.02097 2.01503 
1.06287 0.381123 0.020784 2.0152 
1.06292 0.379851 0.0209686 2.015 
1.06283 0.377015 0.0214849 2.0143 
1.06279 0.377544 0.0215672 2.01429 
1.06286 0.378047 0.0213375 2.01449 
1.06282 0.377481 0.0212635 2.01434 
1.06247 0.374542 0.0210907 2.01331 
1.06273 0.375669 0.0212149 2.0139 
1.06259 0.375164 0.0213034 2.01361 
1.06261 0.37517 0.0214114 2.01365 
1.06288 0.37754 0.0215553 2.01452 
1.06293 0.378691 0.0217704 2.01479 
1.06285 0.377929 0.021623 2.01452 
1.06287 0.377844 0.0218145 2.01453 
1.06267 0.375699 0.0216187 2.01384 
1.0628 0.376451 0.021697 2.0142 
1.0628 0.377081 0.0217451 2.01429 
1.06277 0.376553 0.0214699 2.01415 
1.06261 0.375527 0.0216528 2.01371 
1.06263 0.375652 0.0216513 2.01377 
1.06276 0.377011 0.0217836 2.0142 
1.06262 0.375632 0.0215669 2.01372 
1.06248 0.374546 0.0215317 2.01335 
1.06227 0.373469 0.0214945 2.01289 
1.06251 0.374758 0.0215031 2.01343 
1.06247 0.374578 0.0216492 2.01334 
1.06226 0.373482 0.0215536 2.01288 
1.06235 0.373992 0.0214316 2.01307 
1.06251 0.37476 0.0215335 2.01343 
1.06236 0.373953 0.0212717 2.01308 
1.06181 0.3713 0.0215879 2.01193 
1.06205 0.37237 0.0214985 2.01243 
1.06207 0.372211 0.0216462 2.01244 
1.06202 0.372224 0.0216528 2.01235 
1.06165 0.371257 0.0209337 2.01164 
1.06151 0.370549 0.0206978 2.01132 
1.06181 0.371792 0.0208478 2.01196 
1.06167 0.371239 0.0210253 2.01168 
1.06213 0.373009 0.0212355 2.0126 
1.06184 0.371933 0.0211713 2.01202 
1.06195 0.372264 0.0210252 2.01223 
1.06194 0.372253 0.0209519 2.01222 
1.06153 0.37042 0.0214036 2.01135 
1.0613 0.369775 0.0212337 2.01083 
1.06154 0.370664 0.0211566 2.0114 
1.06149 0.370437 0.0213718 2.01126 
1.06154 0.370662 0.0211303 2.01139 
1.06128 0.369763 0.021132 2.01078 
1.06142 0.37023 0.020805 2.01113 
1.06141 0.37025 0.0209158 2.0111 
1.06324 0.375282 0.021326 2.01486 
1.06349 0.376281 0.0221053 2.0155 
1.0632 0.376567 0.0218703 2.01499 
1.06335 0.376448 0.0218243 2.01531 
1.06377 0.375992 0.0223405 2.01607 
1.06372 0.374694 0.0215575 2.01575 
1.064 0.374808 0.0219039 2.01633 
1.06382 0.374994 0.0216345 2.01594 
1.06249 0.37455 0.0212166 2.01336 
1.06256 0.374523 0.0210967 2.0135 
1.06274 0.375683 0.0213824 2.01395 
1.06254 0.374575 0.0211888 2.01346 
1.06427 0.366344 0.0163427 2.01613 
1.06412 0.365024 0.0153756 2.0158 
1.06471 0.365337 0.0158995 2.01685 
1.06438 0.365703 0.0156184 2.0162 
1.06369 0.368955 0.0174755 2.01511 
1.06407 0.367981 0.0170586 2.01573 
1.06422 0.369258 0.018153 2.01603 
1.06397 0.368592 0.0178301 2.01565 
1.06341 0.366249 0.0155913 2.0145 
1.0638 0.365339 0.0151363 2.01516 
1.06396 0.366701 0.0160666 2.01551 
1.0637 0.365948 0.0158266 2.01509 
1.06655 0.371682 0.0268514 2.02118 
1.06598 0.372214 0.0248003 2.02001 
1.06686 0.369007 0.0242371 2.02118 
1.06654 0.371606 0.0261193 2.02123 
1.06667 0.371903 0.0328701 2.02146 
1.06667 0.371304 0.0295358 2.02131 
1.06763 0.368801 0.0294383 2.02287 
1.06699 0.370453 0.0313456 2.02186 
1.06494 0.37527 0.0291378 2.0183 
1.06544 0.374183 0.0264032 2.01926 
1.06585 0.373071 0.0281319 2.01987 
1.06538 0.373427 0.0275807 2.01882 
1.06386 0.377269 0.0251441 2.0163 
1.0643 0.376141 0.0247879 2.01706 
1.06426 0.376001 0.0271554 2.01682 
1.06421 0.377145 0.0255629 2.01713 
1.06282 0.382041 0.0240567 2.01528 
1.06263 0.382139 0.0228882 2.01487 
1.06301 0.380463 0.0232599 2.01531 
1.06287 0.381974 0.0238222 2.01542 
1.06358 0.380089 0.0250245 2.01658 
1.06306 0.381873 0.0248263 2.01584 
1.06327 0.380284 0.0239719 2.01592 
1.06323 0.380327 0.0242436 2.01578 
1.06247 0.381835 0.0266976 2.01425 
1.06185 0.383251 0.0242518 2.01314 
1.06246 0.382031 0.0249234 2.01433 
1.06237 0.383399 0.0250634 2.01452 
1.06332 0.380054 0.0256044 2.01587 
1.06282 0.381937 0.0272998 2.01518 
1.06275 0.381955 0.0253151 2.01504 
1.06305 0.381723 0.0265918 2.01574 
1.06021 0.385996 0.0250269 2.00995 
1.06118 0.384039 0.0244422 2.0117 
1.06086 0.384083 0.0276867 2.01095 
1.06072 0.385013 0.0248753 2.01085 
1.0601 0.386751 0.0218615 2.00988 
1.06042 0.386483 0.0184552 2.01054 
1.06108 0.384687 0.021754 2.01163 
1.06053 0.385718 0.0216645 2.0106 
1.06268 0.381527 0.0212293 2.01485 
1.06282 0.380397 0.0218091 2.0149 
1.06263 0.382004 0.0219714 2.01485 
1.06272 0.381357 0.0220699 2.0149 
1.06296 0.378981 0.0219829 2.01487 
1.06313 0.377967 0.0220488 2.01506 
1.06312 0.378946 0.0225538 2.01519 
1.0631 0.378888 0.0224252 2.01521 
1.06386 0.376184 0.0224514 2.01623 
1.06414 0.374787 0.0220429 2.01653 
1.06435 0.375746 0.0231915 2.01719 
1.06416 0.376033 0.0227469 2.01694 
1.0648 0.37238 0.0212752 2.01765 
1.0644 0.373706 0.0216417 2.01706 
1.06418 0.371916 0.0203842 2.0163 
1.06445 0.372691 0.0207331 2.01686 
1.06569 0.372628 0.0231839 2.01951 
1.0653 0.371935 0.0215687 2.01849 
1.06585 0.370297 0.0211677 2.01932 
1.0656 0.371346 0.0224951 2.01906 
1.06467 0.375582 0.0234699 2.01793 
1.06443 0.374611 0.0221541 2.0172 
1.06483 0.373443 0.021881 2.0178 
1.0646 0.374144 0.0228879 2.01747 
1.06328 0.377865 0.0223799 2.01543 
1.06354 0.377671 0.0226807 2.01592 
1.0633 0.378833 0.0229269 2.0156 
1.06334 0.3778 0.0225361 2.01545 
1.06294 0.377404 0.0217882 2.01463 
1.06309 0.377688 0.0220398 2.01498 
1.06296 0.378565 0.0220351 2.01482 
1.06299 0.377844 0.0217257 2.01478 
1.06288 0.376485 0.021251 2.01431 
1.06293 0.375833 0.0211521 2.0143 
1.06305 0.376837 0.0214974 2.01471 
1.06296 0.376422 0.0215099 2.01449 
1.06333 0.375158 0.0211324 2.01504 
1.06355 0.37489 0.0212201 2.01544 
1.06358 0.376184 0.0220206 2.01571 
1.06345 0.375032 0.0214147 2.01526 
1.06372 0.373662 0.0208318 2.01555 
1.06385 0.372145 0.0201527 2.01555 
1.06408 0.373935 0.0212771 2.01633 
1.06392 0.373517 0.0211249 2.01601 
1.06328 0.372652 0.0201328 2.01465 
1.06353 0.373834 0.0207241 2.01527 
1.06328 0.374003 0.0206555 2.01481 
1.06342 0.373906 0.0206159 2.01513 
1.06415 0.37094 0.0194371 2.01595 
1.06439 0.370011 0.0189838 2.01629 
1.06479 0.371206 0.0201484 2.01724 
1.06443 0.370763 0.0197102 2.01658 
1.06344 0.372535 0.0199448 2.01499 
1.0638 0.372308 0.0198717 2.01565 
1.0637 0.373709 0.0206094 2.01566 
1.06359 0.372453 0.0200518 2.01519 
1.06464 0.369851 0.0191604 2.01686 
1.06508 0.368826 0.0188957 2.01758 
1.06505 0.371039 0.020521 2.01784 
1.06485 0.369274 0.0197843 2.01714 
1.06363 0.369582 0.0182148 2.01512 
1.06412 0.369811 0.0187629 2.01592 
1.0639 0.370602 0.0191815 2.01559 
1.06393 0.370035 0.0184809 2.01553 
1.06208 0.366855 0.0160409 2.01211 
1.06235 0.366142 0.0153548 2.01257 
1.06226 0.367248 0.0164292 2.01246 
1.0621 0.366419 0.0161791 2.01201 
1.06315 0.365125 0.0153392 2.01394 
1.06319 0.363495 0.0142578 2.0138 
1.06355 0.364097 0.0148833 2.01458 
1.06334 0.364579 0.0145243 2.01426 
1.06264 0.36795 0.0167852 2.01323 
1.06302 0.367153 0.0161955 2.01386 
1.0632 0.368527 0.0170923 2.01429 
1.06293 0.36773 0.0168765 2.01381 
1.0627 0.365132 0.0145282 2.0131 
1.0631 0.364112 0.013953 2.01379 
1.06295 0.365591 0.0150394 2.0136 
1.06278 0.364638 0.0147579 2.01315 
1.0622 0.370027 0.0186776 2.01262 
1.06264 0.370534 0.0186813 2.01343 
1.0625 0.371166 0.0191737 2.01319 
1.06246 0.370649 0.0187061 2.01303 
1.06167 0.36792 0.0175555 2.01141 
1.0621 0.368045 0.0173719 2.01229 
1.06192 0.36874 0.0180856 2.012 
1.06186 0.368144 0.0176003 2.01173 
1.0624 0.366894 0.0165676 2.01267 
1.06243 0.365616 0.0154759 2.01258 
1.06277 0.36602 0.0159557 2.01327 
1.06259 0.366482 0.0157272 2.01303 
1.06166 0.369526 0.0190775 2.01156 
1.06141 0.368618 0.0186728 2.01094 
1.06176 0.369172 0.0186129 2.01172 
1.06162 0.369219 0.0187346 2.0114 
1.06176 0.371309 0.021571 2.01183 
1.06179 0.371624 0.0213431 2.01191 
1.06201 0.372363 0.0214482 2.01235 
1.06182 0.371596 0.0213154 2.01198 
1.06125 0.369294 0.0198094 2.01068 
1.0614 0.36997 0.0203414 2.01106 
1.06123 0.369443 0.0202553 2.01065 
1.06126 0.36938 0.0202479 2.01072 
1.06184 0.371918 0.0211021 2.01202 
1.06212 0.372993 0.0211054 2.01256 
1.06205 0.372608 0.0212553 2.01242 
1.06204 0.372628 0.0213353 2.01241 
1.06179 0.371174 0.0205151 2.01192 
1.06186 0.371755 0.0208839 2.01208 
1.06155 0.370523 0.0206749 2.01142 
1.06174 0.371206 0.0205329 2.0118 
1.06199 0.372054 0.0203715 2.01231 
1.06236 0.37323 0.0206742 2.01303 
1.06206 0.372397 0.0207684 2.01244 
1.06209 0.372375 0.0207679 2.0125 
1.06194 0.371034 0.019594 2.01216 
1.06232 0.372422 0.0200601 2.0129 
1.06196 0.371544 0.0199645 2.01222 
1.06203 0.371463 0.0200814 2.01237 
1.06278 0.375126 0.0212642 2.01394 
1.06278 0.375705 0.0213749 2.014 
1.06261 0.374507 0.0211283 2.01359 
1.06275 0.375248 0.0210391 2.01391 
1.06256 0.373461 0.0204415 2.01337 
1.06273 0.374652 0.0208645 2.01382 
1.06255 0.374004 0.0206731 2.01341 
1.0626 0.373877 0.0208795 2.0135 
1.06205 0.371981 0.0204465 2.01243 
1.06237 0.37279 0.0204576 2.01303 
1.06239 0.373189 0.020724 2.01309 
1.06232 0.372858 0.0203825 2.01292 
1.06273 0.372594 0.0197994 2.01359 
1.06301 0.373818 0.0204867 2.01425 
1.06268 0.373108 0.0202309 2.01355 
1.06277 0.373004 0.020354 2.01376 
1.06315 0.375495 0.0211493 2.01473 
1.06317 0.376754 0.0216793 2.01496 
1.06301 0.375767 0.0213106 2.0145 
1.06306 0.37563 0.0214429 2.01456 
1.06164 0.370496 0.020085 2.01156 
1.06143 0.369991 0.0203253 2.01111 
1.06127 0.369246 0.019809 2.01071 
1.06146 0.369974 0.0202722 2.01119 
1.06134 0.369951 0.0206453 2.01094 
1.06114 0.36947 0.0209323 2.01044 
1.06114 0.369415 0.0205351 2.01043 
1.06122 0.369503 0.0206554 2.01064 
1.06181 0.370952 0.0219334 2.01188 
1.06179 0.371146 0.0217421 2.01187 
1.06205 0.372042 0.0218125 2.01238 
1.06183 0.371133 0.021746 2.01195 
1.06253 0.37351 0.0217519 2.01334 
1.0623 0.372272 0.0219192 2.01282 
1.06228 0.372749 0.0218187 2.01284 
1.06234 0.372729 0.0216597 2.01296 
1.06178 0.369617 0.022256 2.01172 
1.06155 0.369212 0.0222714 2.01123 
1.06168 0.369896 0.0220573 2.01157 
1.06168 0.369665 0.0222722 2.01152 
1.0613 0.369578 0.0216692 2.01076 
1.06126 0.369672 0.0213454 2.01069 
1.06151 0.370272 0.0215707 2.01128 
1.06135 0.369698 0.0215414 2.01092 
1.0616 0.369922 0.0220515 2.01141 
1.06143 0.369254 0.0221834 2.01095 
1.06135 0.369433 0.0219421 2.01083 
1.06147 0.369406 0.0220477 2.01109 
1.03688 0.414671 -0.135206 1.9762 
1.04136 0.40881 -0.127775 1.98287 
1.03771 0.417868 -0.123909 1.97685 
1.03861 0.410485 -0.128868 1.97689 
1.04163 0.397015 -0.156831 1.98722 
1.0362 0.407548 -0.150431 1.97549 
1.03547 0.411309 -0.161306 1.97835 
1.03582 0.404945 -0.153225 1.97535 
1.04322 0.394708 -0.141127 1.98555 
1.04281 0.401368 -0.132192 1.9843 
1.03867 0.405166 -0.140616 1.97795 
1.04156 0.403329 -0.136712 1.98382 
1.05014 0.374634 -0.148842 1.99919 
1.04591 0.385556 -0.147144 1.99115 
1.04595 0.384709 -0.153188 1.99302 
1.046 0.379869 -0.147068 1.99041 
1.05212 0.369027 -0.142632 2.00122 
1.05563 0.365449 -0.135545 2.00655 
1.05255 0.375574 -0.135994 2.00161 
1.05305 0.366442 -0.137939 2.00077 
1.0628 0.376111 0.0215421 2.01416 
1.06269 0.374849 0.0216064 2.01378 
1.06264 0.375195 0.0215957 2.01373 
1.06268 0.375121 0.021432 2.01379 
1.06176 0.368715 0.0226676 2.01156 
1.06188 0.369359 0.0224417 2.01189 
1.06199 0.368947 0.0225576 2.01204 
1.06188 0.369029 0.0226719 2.01181 
1.06162 0.368789 0.0225917 2.01124 
1.06152 0.369039 0.0223962 2.01108 
1.06179 0.369407 0.0224432 2.01169 
1.06165 0.368976 0.0224602 2.01139 
1.06158 0.370276 0.0216609 2.01143 
1.06161 0.370085 0.0218756 2.01145 
1.0614 0.369568 0.0218082 2.01099 
1.06155 0.370103 0.0218561 2.01133 
1.06222 0.371343 0.0220364 2.01266 
1.06235 0.37121 0.0220602 2.01288 
1.06208 0.370339 0.0222309 2.01233 
1.06225 0.37123 0.0221405 2.0127 
1.06251 0.374373 0.0215058 2.0134 
1.06256 0.373958 0.0215162 2.01345 
1.06232 0.373144 0.0216034 2.01296 
1.0625 0.374023 0.021701 2.01333 
1.0629 0.376104 0.0213802 2.01432 
1.06303 0.376079 0.0211382 2.01457 
1.06283 0.37491 0.0215502 2.01404 
1.06296 0.376077 0.0213379 2.01448 
1.05663 0.370616 -0.12687 2.00666 
1.05367 0.373456 -0.131793 2.00187 
1.0567 0.363583 -0.131498 2.00686 
1.05592 0.372351 -0.129915 2.00684 
1.06217 0.368296 0.0227981 2.01226 
1.06238 0.367808 0.0229755 2.0126 
1.06222 0.367462 0.0231768 2.01225 
1.06229 0.368017 0.0231375 2.01249 
1.06172 0.368511 0.0227696 2.01139 
1.06201 0.368651 0.0227454 2.01202 
1.06184 0.368177 0.0229086 2.01156 
1.06188 0.368419 0.0227929 2.01174 
1.06267 0.372168 0.0218408 2.01354 
1.06294 0.373488 0.0214952 2.01413 
1.06294 0.372392 0.0216496 2.01405 
1.06283 0.372409 0.0218303 2.01379 
1.06208 0.370074 0.0224764 2.0123 
1.06236 0.370903 0.0223384 2.01285 
1.06217 0.369705 0.0225774 2.01243 
1.06216 0.36999 0.0223216 2.01244 
1.06209 0.37157 0.0218481 2.01243 
1.06185 0.370904 0.021855 2.01197 
1.06208 0.371991 0.0217035 2.01245 
1.06204 0.371632 0.0219801 2.01234 
1.0625 0.372116 0.0219712 2.01321 
1.06238 0.372193 0.0219658 2.01301 
1.0626 0.373438 0.0217918 2.0135 
1.06244 0.372185 0.0219132 2.01308 
1.06195 0.370359 0.022262 2.01209 
1.06186 0.370664 0.0220734 2.01195 
1.06211 0.371343 0.0220355 2.01245 
1.06194 0.370611 0.0220285 2.01212 
1.05819 0.355056 -0.134899 2.01002 
1.05855 0.353633 -0.13857 2.01239 
1.06096 0.346884 -0.135539 2.01594 
1.0582 0.350034 -0.134418 2.00973 
1.06184 0.347105 -0.126023 2.01436 
1.05882 0.351927 -0.130083 2.00979 
1.0606 0.343606 -0.13167 2.01343 
1.06071 0.349973 -0.130999 2.014 
1.0622 0.358627 -0.125201 2.01716 
1.05912 0.369247 -0.125455 2.01224 
1.05913 0.362399 -0.129219 2.01226 
1.05979 0.360055 -0.125972 2.0117 
1.06407 0.375749 0.0181942 2.01658 
1.06371 0.377058 0.0186745 2.01606 
1.06383 0.37752 0.0170652 2.01634 
1.06392 0.377065 0.0175567 2.01656 
1.06491 0.370693 0.0181011 2.01736 
1.06441 0.373184 0.0184277 2.01676 
1.06479 0.373017 0.017128 2.0175 
1.06477 0.37301 0.0174582 2.01758 
1.06598 0.369684 0.0153829 2.01951 
1.06536 0.370472 0.0171801 2.01838 
1.0652 0.37284 0.0159866 2.01845 
1.0654 0.369965 0.0166 2.01819 
1.06507 0.367115 0.0202371 2.01754 
1.06467 0.367354 0.0210788 2.01681 
1.06466 0.369027 0.0202687 2.01697 
1.06476 0.367394 0.0208869 2.01685 
1.06304 0.371333 0.0220483 2.01414 
1.06305 0.369831 0.022336 2.01402 
1.06282 0.370148 0.0223913 2.01363 
1.06291 0.369992 0.0221948 2.01372 
1.06429 0.373163 0.0195523 2.01663 
1.06447 0.37097 0.020139 2.01674 
1.0642 0.371913 0.0203349 2.01633 
1.06425 0.371585 0.0195697 2.01632 
1.06364 0.368407 0.021867 2.01489 
1.06341 0.367458 0.02243 2.01439 
1.06326 0.36858 0.0222716 2.01422 
1.06346 0.368494 0.0221047 2.01468 
1.06392 0.371307 0.0208567 2.01573 
1.06387 0.369926 0.0215378 2.01552 
1.06368 0.371051 0.021387 2.01526 
1.06383 0.370891 0.0209426 2.01556 
1.06419 0.366598 0.0216735 2.01578 
1.06384 0.366188 0.0223095 2.01514 
1.06388 0.3677 0.0216811 2.0153 
1.064 0.366899 0.0222343 2.01542 
1.06406 0.371128 0.0203577 2.01601 
1.06429 0.370089 0.0202409 2.01633 
1.06401 0.369741 0.0210019 2.01581 
1.06413 0.370309 0.0209021 2.01601 
1.06489 0.37084 0.0185342 2.01751 
1.0646 0.370687 0.0194038 2.01695 
1.06439 0.372841 0.0186099 2.01676 
1.06466 0.371217 0.0193651 2.01709 
1.06517 0.369428 0.0191906 2.01788 
1.06524 0.367574 0.0201424 2.01783 
1.06483 0.369299 0.0201106 2.01723 
1.06509 0.369 0.0193588 2.01778 
1.06642 0.36559 0.018856 2.02001 
1.06575 0.366861 0.0196334 2.01888 
1.06614 0.367096 0.0185158 2.01964 
1.06609 0.365951 0.0187789 2.01929 
1.06552 0.363764 0.0215768 2.0181 
1.06516 0.363804 0.0220632 2.01743 
1.06548 0.365072 0.0207852 2.01816 
1.06537 0.363863 0.0216001 2.01776 
1.06373 0.366425 0.0228548 2.01496 
1.06357 0.367053 0.0227997 2.0147 
1.06379 0.367942 0.0222946 2.01517 
1.06364 0.366845 0.0223686 2.01481 
1.06469 0.364079 0.0225507 2.01657 
1.0644 0.364543 0.0228567 2.01608 
1.06449 0.365799 0.0221174 2.01633 
1.06447 0.364236 0.0224941 2.01607 
1.06345 0.375273 0.0204033 2.01524 
1.06326 0.376249 0.0206618 2.01501 
1.06344 0.376767 0.0198909 2.01546 
1.0634 0.376222 0.0199963 2.01535 
1.06313 0.37118 0.0218513 2.01421 
1.06335 0.370845 0.0216536 2.01457 
1.06315 0.369661 0.0221278 2.01413 
1.06327 0.371054 0.0219171 2.01453 
1.0626 0.371255 0.0221456 2.01325 
1.06289 0.371493 0.0219497 2.01381 
1.06266 0.370305 0.0222945 2.01328 
1.06273 0.371206 0.0219796 2.01356 
1.06309 0.373687 0.0213684 2.01438 
1.06333 0.373882 0.020881 2.01485 
1.06314 0.372609 0.0215101 2.01437 
1.06321 0.373697 0.0210891 2.01468 
1.06314 0.375929 0.0207409 2.01479 
1.06331 0.374926 0.0205254 2.01499 
1.0631 0.374645 0.021034 2.01456 
1.06317 0.375077 0.0210576 2.0147 
1.06409 0.368815 0.0216406 2.0158 
1.06442 0.36924 0.0207952 2.01645 
1.06441 0.367579 0.0216003 2.01625 
1.06431 0.368533 0.0209481 2.01622 
1.06353 0.373508 0.0203932 2.01523 
1.06379 0.37228 0.0203265 2.01558 
1.06356 0.371925 0.0208853 2.01513 
1.06365 0.372553 0.0209215 2.01535 
1.0637 0.373853 0.0201938 2.01551 
1.06406 0.373834 0.0190197 2.01621 
1.06396 0.372405 0.0199984 2.01581 
1.06394 0.373872 0.0194739 2.01612 
1.0625 0.370048 0.0223548 2.01307 
1.06225 0.369626 0.022445 2.01259 
1.06244 0.370802 0.0221181 2.01301 
1.06241 0.370143 0.0225318 2.0129 
1.06347 0.373724 0.0209682 2.01516 
1.06349 0.372132 0.0214001 2.01502 
1.06328 0.372442 0.0216205 2.01468 
1.06337 0.372295 0.0212617 2.01478 
1.06361 0.376785 0.0190397 2.01586 
1.06394 0.375348 0.0185416 2.01632 
1.06366 0.375234 0.0197452 2.01573 
1.0637 0.375366 0.0194883 2.01574 
1.06327 0.367537 0.0226865 2.01427 
1.06303 0.367401 0.0229538 2.01382 
1.06312 0.368602 0.0224892 2.01409 
1.06314 0.367679 0.0229559 2.01399 
1.0625 0.368655 0.02295 2.01292 
1.0623 0.369207 0.0227733 2.0126 
1.06256 0.369682 0.0226241 2.01314 
1.06244 0.369059 0.0226452 2.01288 
1.06228 0.367212 0.0234295 2.01233 
1.06249 0.367549 0.0232758 2.01282 
1.06247 0.366786 0.0235784 2.01264 
1.06242 0.367024 0.0233289 2.01258 
1.06212 0.367648 0.0232783 2.01207 
1.06197 0.367981 0.0231247 2.01182 
1.06211 0.368499 0.0229918 2.01223 
1.06206 0.367806 0.023038 2.01197 
1.07217 0.334117 -0.112048 2.032 
1.07526 0.328665 -0.105703 2.03694 
1.07293 0.336841 -0.103015 2.03283 
1.07331 0.330955 -0.104808 2.03263 
1.06405 0.341316 -0.130997 2.0213 
1.06662 0.334274 -0.128021 2.02537 
1.06396 0.344992 -0.12689 2.01909 
1.06356 0.338184 -0.126546 2.01848 
1.06873 0.325637 -0.125715 2.02809 
1.07142 0.317808 -0.123097 2.03248 
1.06984 0.328911 -0.120627 2.02842 
1.06903 0.323173 -0.120946 2.02753 
1.08732 0.278012 -0.0940638 2.05687 
1.08384 0.289875 -0.0995957 2.0511 
1.08365 0.273847 -0.101673 2.05124 
1.08516 0.279747 -0.102602 2.05281 
1.08514 0.31324 -0.0232514 2.05073 
1.08533 0.312413 -0.0335982 2.05128 
1.08867 0.299511 -0.0252616 2.05622 
1.08646 0.313963 -0.0291718 2.05448 
1.08324 0.312426 -0.0898102 2.05069 
1.08379 0.304404 -0.0966844 2.05168 
1.08615 0.303498 -0.0861666 2.05554 
1.08423 0.302906 -0.0918532 2.05098 
1.08298 0.311061 -0.073158 2.04743 
1.08251 0.310348 -0.083905 2.04727 
1.08533 0.302419 -0.0806197 2.05214 
1.08373 0.310671 -0.0774091 2.04996 
1.07761 0.326439 -0.088963 2.03974 
1.07777 0.323137 -0.0978526 2.04054 
1.07998 0.318387 -0.0905159 2.04387 
1.07825 0.319987 -0.0903325 2.03993 
1.06106 0.364111 -0.113947 2.01295 
1.05882 0.366568 -0.121091 2.00954 
1.06221 0.356739 -0.121551 2.01507 
1.06082 0.365524 -0.117979 2.01381 
1.05211 0.4003 -0.0818403 1.99928 
1.0544 0.395309 -0.0745034 2.0024 
1.05054 0.404346 -0.0708319 1.9959 
1.05224 0.396625 -0.0759358 1.99763 
1.04566 0.399542 -0.129281 1.99029 
1.04613 0.392818 -0.136848 1.99145 
1.04935 0.387787 -0.132868 1.99629 
1.04678 0.389485 -0.132092 1.99048 
1.06836 0.334303 -0.117483 2.02562 
1.06498 0.342554 -0.121804 2.02009 
1.06648 0.330864 -0.123603 2.02339 
1.06713 0.337141 -0.124335 2.02441 
1.06752 0.345941 -0.114956 2.02378 
1.06586 0.34704 -0.122059 2.02158 
1.06939 0.338443 -0.117638 2.02714 
1.06746 0.344253 -0.115607 2.02378 
1.07102 0.338799 -0.102539 2.02861 
1.06854 0.343528 -0.108646 2.02483 
1.07039 0.336121 -0.111353 2.02805 
1.07016 0.341513 -0.109579 2.02835 
1.06668 0.364429 -0.0910956 2.02398 
1.06847 0.362211 -0.0837028 2.02686 
1.06414 0.373329 -0.0875948 2.02012 
1.06656 0.364471 -0.0897068 2.02335 
1.06629 0.35335 -0.108293 2.02177 
1.06613 0.35838 -0.100967 2.02171 
1.06341 0.362373 -0.107542 2.01721 
1.06555 0.361347 -0.106242 2.02209 
1.07048 0.34639 -0.0950795 2.02819 
1.06945 0.353229 -0.0866032 2.02667 
1.06769 0.355266 -0.0943114 2.0238 
1.06941 0.354816 -0.0921648 2.02778 
1.07521 0.34183 -0.0730481 2.03637 
1.07176 0.350509 -0.0782273 2.03083 
1.07523 0.339897 -0.0805117 2.03663 
1.07457 0.344106 -0.0804548 2.03607 
1.06469 0.367347 -0.0977282 2.0207 
1.06209 0.376353 -0.0937742 2.01675 
1.06202 0.371078 -0.104364 2.01614 
1.0628 0.368975 -0.0973178 2.01651 
1.06321 0.380922 -0.0298187 2.01612 
1.06038 0.38754 -0.037577 2.01174 
1.06382 0.37841 -0.0391149 2.0172 
1.06266 0.382404 -0.038601 2.01563 
1.06181 0.384118 -0.0122716 2.01323 
1.06303 0.380495 -0.0207576 2.01522 
1.06428 0.377899 -0.0150033 2.0173 
1.06326 0.381475 -0.0139755 2.01598 
1.05877 0.39149 -0.0258749 2.00864 
1.05886 0.389822 -0.035878 2.00867 
1.0616 0.383607 -0.0286787 2.01299 
1.05977 0.388822 -0.0272058 2.01025 
1.08201 0.325514 -0.034934 2.04651 
1.082 0.32626 -0.0250915 2.0464 
1.07894 0.337379 -0.0270576 2.04181 
1.08103 0.326714 -0.0261173 2.04408 
1.08214 0.322817 -0.0609235 2.04747 
1.08298 0.322017 -0.04836 2.04858 
1.08005 0.331491 -0.0518311 2.04401 
1.0815 0.320512 -0.0527493 2.04459 
1.08366 0.311081 -0.0621192 2.04819 
1.08639 0.301916 -0.0563757 2.0524 
1.08449 0.310947 -0.049247 2.0494 
1.08529 0.313594 -0.0557622 2.0527 
1.09315 0.286932 -0.0173492 2.06455 
1.09747 0.270968 -0.0152085 2.07211 
1.09479 0.277926 0.00405448 2.06666 
1.09556 0.27149 -0.0126147 2.06722 
1.05065 0.408259 -0.0642569 1.99703 
1.05469 0.400608 -0.0589946 2.00372 
1.05115 0.408804 -0.0536277 1.99766 
1.05184 0.404141 -0.0565991 1.99786 
1.0522 0.400642 -0.0666974 1.99821 
1.05563 0.390545 -0.0693242 2.00321 
1.05653 0.391202 -0.0612722 2.00496 
1.05528 0.396964 -0.0683319 2.00456 
1.04145 0.424017 -0.0703619 1.98118 
1.04631 0.414593 -0.0693521 1.9892 
1.044 0.420612 -0.063923 1.98544 
1.04378 0.419794 -0.0655792 1.98482 
1.04633 0.409402 -0.0832019 1.98861 
1.04983 0.401938 -0.0853905 1.99456 
1.04837 0.405894 -0.0742488 1.9914 
1.04825 0.408051 -0.0803658 1.99258 
1.05458 0.392486 -0.0865517 2.00295 
1.059 0.382297 -0.0862342 2.01022 
1.057 0.38921 -0.078421 2.00692 
1.05695 0.39093 -0.0823498 2.00791 
1.05581 0.355913 -0.137798 2.00485 
1.05299 0.360857 -0.144139 2.00157 
1.0555 0.355262 -0.141526 2.00568 
1.05485 0.359969 -0.140867 2.00546 
1.05953 0.373053 -0.110319 2.01156 
1.05657 0.382256 -0.108302 2.00702 
1.05726 0.37548 -0.117327 2.00794 
1.05767 0.373902 -0.112144 2.00742 
1.06564 0.354299 -0.111514 2.02113 
1.06265 0.363341 -0.110684 2.01631 
1.06387 0.355891 -0.118448 2.0186 
1.06411 0.355071 -0.114469 2.01789 
1.06034 0.376978 -0.0951908 2.01274 
1.05718 0.380817 -0.103942 2.00732 
1.0601 0.371775 -0.105892 2.01175 
1.05947 0.379813 -0.10256 2.01252 
1.04991 0.377513 -0.135611 1.99569 
1.04664 0.38187 -0.139999 1.99046 
1.04957 0.370632 -0.142963 1.99548 
1.04901 0.379915 -0.140921 1.99576 
1.05244 0.388003 -0.122243 2.00107 
1.05253 0.382887 -0.129492 2.00128 
1.05552 0.378779 -0.124685 2.00603 
1.05328 0.380207 -0.124793 2.00099 
1.05018 0.389798 -0.12093 1.99597 
1.04643 0.396032 -0.124769 1.98987 
1.05009 0.384693 -0.128622 1.99576 
1.04937 0.393766 -0.126296 1.99647 
1.06304 0.366548 0.0234043 2.01372 
1.06328 0.366532 0.0231939 2.01416 
1.06313 0.365686 0.0237885 2.01381 
1.06316 0.366472 0.0233317 2.01399 
1.06257 0.36735 0.023088 2.01292 
1.06274 0.366831 0.0231948 2.01318 
1.0626 0.366576 0.0234499 2.01288 
1.06267 0.367059 0.0234201 2.01309 
1.06273 0.368109 0.0230608 2.01328 
1.063 0.368737 0.0227437 2.01383 
1.0629 0.367533 0.0231439 2.01352 
1.06285 0.367961 0.0227883 2.0135 
1.08125 0.30971 -0.105813 2.0482 
1.07857 0.3213 -0.105303 2.04353 
1.07776 0.317006 -0.110778 2.04255 
1.07862 0.312964 -0.104545 2.04226 
1.07012 0.364013 -0.0093508 2.02734 
1.06831 0.368568 -0.00434264 2.0242 
1.06736 0.370435 -0.00989255 2.02244 
1.06852 0.366908 -0.00975587 2.02422 
1.07378 0.317128 -0.112963 2.03468 
1.07119 0.327099 -0.11405 2.03031 
1.07164 0.31527 -0.117936 2.03167 
1.07255 0.318438 -0.11793 2.03253 
1.07626 0.296472 -0.118587 2.0396 
1.07491 0.309172 -0.116489 2.03664 
1.073 0.306545 -0.121304 2.03416 
1.07394 0.303627 -0.116024 2.03509 
1.0762 0.322322 -0.106994 2.03801 
1.07274 0.327892 -0.113183 2.03259 
1.07527 0.31817 -0.112388 2.03673 
1.07516 0.326686 -0.111828 2.0382 
1.08129 0.313167 -0.0916016 2.0461 
1.07881 0.317496 -0.0989381 2.04216 
1.08166 0.305356 -0.0983466 2.04667 
1.08094 0.316425 -0.0976271 2.04711 
1.07601 0.328095 -0.0885439 2.03614 
1.07374 0.333279 -0.0947704 2.03274 
1.07607 0.325058 -0.0971025 2.03675 
1.07551 0.331193 -0.0957001 2.03663 
1.06267 0.366308 0.0237249 2.01297 
1.06286 0.366558 0.0234955 2.0134 
1.0629 0.36574 0.0238379 2.01335 
1.06281 0.36604 0.0235489 2.01321 
1.08268 0.276627 -0.109123 2.05024 
1.08193 0.291528 -0.107226 2.04779 
1.07981 0.286986 -0.113853 2.04567 
1.08051 0.284434 -0.106606 2.04598 
1.06322 0.365219 0.023793 2.01386 
1.06362 0.365401 0.0234191 2.01469 
1.06346 0.364558 0.0238545 2.01422 
1.06348 0.364984 0.0235713 2.0144 
1.08507 0.262249 -0.104931 2.05337 
1.08864 0.247636 -0.10084 2.05938 
1.0885 0.266125 -0.0979248 2.05809 
1.08675 0.259685 -0.0975456 2.05635 
1.06575 0.372003 0.0111883 2.01918 
1.06616 0.371539 0.00764806 2.01994 
1.06672 0.368524 0.0102216 2.0205 
1.06632 0.372003 0.00896033 2.02058 
1.06403 0.376619 0.0147212 2.01648 
1.06476 0.374396 0.0128641 2.01757 
1.06463 0.374379 0.0147812 2.0174 
1.06455 0.375663 0.0148345 2.01752 
1.06433 0.378054 0.00921222 2.01748 
1.06542 0.375061 0.00672701 2.0192 
1.06519 0.375322 0.0102732 2.01881 
1.06494 0.375543 0.00978023 2.0182 
1.06682 0.362615 0.0197239 2.02035 
1.06713 0.359952 0.0206146 2.02065 
1.06658 0.361343 0.0208485 2.01976 
1.06675 0.360577 0.0199419 2.01987 
1.06665 0.366105 0.0164383 2.02025 
1.06683 0.364902 0.0180042 2.02061 
1.06641 0.366059 0.017667 2.01986 
1.06661 0.365905 0.0170508 2.02029 
1.06759 0.360578 0.0179512 2.02143 
1.06736 0.359114 0.0196065 2.02085 
1.067 0.361904 0.0187889 2.02047 
1.06741 0.361462 0.0191019 2.02135 
1.06906 0.352218 0.0223763 2.02359 
1.06864 0.353258 0.0226943 2.02289 
1.0687 0.354492 0.0214559 2.02313 
1.06872 0.352552 0.0219188 2.02282 
1.06617 0.358922 0.0230089 2.01881 
1.06582 0.359016 0.0238779 2.01815 
1.06574 0.360025 0.023129 2.01814 
1.06591 0.359417 0.0236825 2.01838 
1.06535 0.361045 0.0232119 2.01752 
1.06504 0.36103 0.0238068 2.01692 
1.065 0.362175 0.0229293 2.01698 
1.06516 0.361363 0.0236613 2.01717 
1.0651 0.360435 0.0242455 2.01688 
1.06553 0.360459 0.0237434 2.0178 
1.06549 0.35946 0.0243226 2.01753 
1.06544 0.360023 0.0239079 2.01756 
1.06473 0.361371 0.024071 2.01625 
1.06443 0.362213 0.0240608 2.0158 
1.06482 0.362513 0.0234465 2.01666 
1.06469 0.361847 0.0236857 2.01632 
1.09826 0.200587 -0.0903181 2.07583 
1.09764 0.228862 -0.0841344 2.07257 
1.09267 0.22706 -0.0962516 2.06598 
1.09548 0.223315 -0.0848872 2.07145 
1.06589 0.360462 0.022903 2.01837 
1.06624 0.361034 0.0218753 2.01909 
1.06632 0.359384 0.0227558 2.01906 
1.06612 0.359982 0.0221636 2.01872 
1.10822 0.169621 -0.0546713 2.08887 
1.10419 0.163661 -0.081265 2.08642 
1.11133 0.109401 -0.0629543 2.09959 
1.10654 0.157138 -0.0523254 2.0893 
1.10163 0.23873 -0.04135 2.07714 
1.10056 0.234016 -0.0651296 2.07603 
1.10467 0.216415 -0.0511557 2.08258 
1.10274 0.238284 -0.046696 2.08136 
1.09021 0.296179 -0.0486954 2.06057 
1.09312 0.281201 -0.0502286 2.06472 
1.09189 0.289315 -0.0334261 2.06239 
1.09194 0.288355 -0.0501308 2.06307 
1.08641 0.313935 -0.0416724 2.0548 
1.08885 0.304359 -0.0489306 2.05895 
1.09033 0.301171 -0.0354249 2.06129 
1.08819 0.301874 -0.0386652 2.05607 
1.08418 0.31156 -0.0658573 2.05011 
1.08677 0.302814 -0.072918 2.05532 
1.08722 0.303101 -0.06065 2.05533 
1.08609 0.302237 -0.0682239 2.05269 
1.08931 0.291723 -0.0789841 2.06015 
1.09069 0.280701 -0.0836894 2.06248 
1.09291 0.281312 -0.0689583 2.06598 
1.0908 0.281188 -0.0810998 2.06152 
1.09121 0.264276 -0.08764 2.06316 
1.09073 0.244536 -0.0918253 2.06322 
1.09577 0.247524 -0.0790702 2.07057 
1.09271 0.249626 -0.0916277 2.06467 
1.09463 0.269174 -0.0713742 2.06768 
1.09198 0.26791 -0.0866354 2.06315 
1.09637 0.252171 -0.0778998 2.07007 
1.09471 0.268019 -0.074389 2.06902 
1.0873 0.291841 -0.0884644 2.05584 
1.08471 0.292811 -0.0990754 2.05164 
1.08826 0.281059 -0.0933246 2.05729 
1.08705 0.292303 -0.0910649 2.05663 
1.06569 0.362501 0.0215791 2.01818 
1.06607 0.361635 0.0212582 2.01882 
1.06573 0.360984 0.0223686 2.01811 
1.06586 0.362032 0.022025 2.01846 
1.06674 0.355887 0.0243812 2.0194 
1.06729 0.355546 0.0235925 2.02051 
1.06722 0.354509 0.0244079 2.02016 
1.06718 0.355357 0.023848 2.02032 
1.09979 0.24447 -0.0095532 2.07249 
1.10226 0.226352 0.0171926 2.07611 
1.09609 0.259196 0.0103371 2.06605 
1.09955 0.256254 0.00943925 2.07433 
1.09485 0.272912 -0.0519422 2.06727 
1.09735 0.265881 -0.0371078 2.07138 
1.09342 0.282858 -0.0340558 2.06475 
1.09535 0.27645 -0.0350253 2.06859 
1.10782 0.222748 -0.0245199 2.09056 
1.10689 0.22445 0.0119373 2.08772 
1.10286 0.245468 -0.0177358 2.08081 
1.10605 0.217332 -0.00871427 2.08419 
1.10069 0.196714 -0.0728334 2.07995 
1.10522 0.201203 -0.0472094 2.08424 
1.10049 0.227065 -0.0653916 2.07739 
1.10286 0.202531 -0.0718857 2.08046 
1.11036 0.104666 -0.00527203 2.09295 
1.10742 0.156747 0.0315552 2.08075 
1.10865 0.168361 -0.0123862 2.08679 
1.11077 0.155903 -0.0157967 2.09151 
1.06948 0.351844 0.0201055 2.02414 
1.06918 0.351387 0.0214297 2.02355 
1.06882 0.353501 0.0203047 2.02304 
1.06926 0.352804 0.0210936 2.02396 
1.07236 0.345166 0.0203047 2.02908 
1.07196 0.344338 0.0225664 2.0282 
1.07169 0.346192 0.0209909 2.0279 
1.07205 0.345933 0.0212931 2.02873 
1.0705 0.345397 0.024809 2.02537 
1.06992 0.346924 0.0246837 2.0244 
1.0706 0.346122 0.0239949 2.02574 
1.07049 0.346357 0.0242469 2.02563 
1.06769 0.353968 0.0239028 2.02115 
1.06759 0.355041 0.0228323 2.02107 
1.06805 0.35367 0.0227965 2.02179 
1.06779 0.354171 0.0236216 2.02133 
1.06347 0.379539 0.0115293 2.01583 
1.06356 0.379204 0.014184 2.01605 
1.06282 0.381197 0.0139919 2.01479 
1.06332 0.380328 0.0140455 2.01576 
1.06593 0.362834 0.021062 2.01876 
1.06554 0.363701 0.0214092 2.01813 
1.06544 0.365056 0.0207068 2.01804 
1.06556 0.363088 0.0210211 2.01792 
1.06635 0.363232 0.0193086 2.01934 
1.06611 0.361955 0.0203621 2.01875 
1.06564 0.364373 0.0201055 2.01812 
1.06614 0.364048 0.019969 2.01927 
1.0683 0.35688 0.0200171 2.02253 
1.06773 0.358445 0.0203528 2.0216 
1.06797 0.359758 0.0188569 2.02217 
1.06789 0.357637 0.0191699 2.0217 
1.06727 0.356636 0.0225888 2.02052 
1.06678 0.358007 0.0226414 2.01974 
1.06724 0.358212 0.0215338 2.02063 
1.0671 0.357541 0.0218238 2.02034 
1.06635 0.358207 0.0236538 2.01904 
1.06629 0.357189 0.0243636 2.01873 
1.06587 0.35836 0.0243302 2.01807 
1.06624 0.357894 0.0238728 2.01882 
1.06702 0.35909 0.0208546 2.02034 
1.06658 0.358869 0.0219508 2.01948 
1.0665 0.360514 0.0210544 2.0195 
1.06671 0.359681 0.0217256 2.01979 
1.0671 0.356374 0.022892 2.02028 
1.06669 0.356685 0.0238636 2.01954 
1.06661 0.35772 0.0229271 2.0195 
1.0668 0.356898 0.0236323 2.01973 
1.06415 0.363885 0.0235291 2.01554 
1.06408 0.362968 0.0240564 2.01523 
1.06376 0.363822 0.0239945 2.01472 
1.06404 0.363479 0.0236869 2.0153 
1.06517 0.365258 0.0209196 2.01743 
1.06491 0.363948 0.0221688 2.01687 
1.06471 0.365656 0.0216978 2.01663 
1.06498 0.365514 0.02152 2.01724 
1.06548 0.362868 0.0222739 2.01781 
1.06547 0.361384 0.0230617 2.01766 
1.06513 0.362756 0.0228359 2.01716 
1.06537 0.362456 0.0223611 2.01763 
1.07151 0.348243 0.0196751 2.02788 
1.07133 0.350195 0.0176335 2.02769 
1.07215 0.347284 0.0188994 2.02899 
1.07166 0.347743 0.0191902 2.02792 
1.07299 0.342838 0.0234272 2.03021 
1.07225 0.344111 0.0232948 2.02888 
1.07275 0.344872 0.0209936 2.02999 
1.07261 0.34314 0.0223927 2.02931 
1.07003 0.349681 0.0220147 2.0251 
1.06956 0.350796 0.0221213 2.02432 
1.0699 0.351258 0.0207075 2.02501 
1.0698 0.350184 0.021272 2.02467 
1.07085 0.348497 0.0203061 2.02655 
1.0703 0.349168 0.0212433 2.02559 
1.07015 0.35076 0.0199305 2.02546 
1.07041 0.349102 0.0209823 2.02566 
1.07055 0.347127 0.0231395 2.02591 
1.07 0.347993 0.0239657 2.02493 
1.07025 0.348302 0.0224786 2.02544 
1.07026 0.347318 0.0232568 2.02524 
1.06883 0.356744 0.0174431 2.0234 
1.06849 0.356112 0.0188921 2.02273 
1.06815 0.358869 0.0174959 2.0223 
1.06861 0.357606 0.0186926 2.02315 
1.07108 0.348664 0.0199881 2.02696 
1.07037 0.35102 0.0196529 2.02584 
1.0709 0.350711 0.0182234 2.02678 
1.07075 0.350288 0.0185915 2.02656 
1.07103 0.347198 0.0210183 2.02669 
1.0708 0.346561 0.0224916 2.02619 
1.07048 0.347919 0.0219069 2.02574 
1.07078 0.347734 0.0216945 2.02643 
1.06888 0.350292 0.0245947 2.02291 
1.0693 0.350299 0.0236611 2.02381 
1.06938 0.348879 0.0246156 2.02369 
1.06922 0.349592 0.0239589 2.02352 
1.06825 0.353606 0.0223147 2.02202 
1.06779 0.355026 0.0223794 2.02131 
1.06833 0.354847 0.0210315 2.02229 
1.06814 0.354745 0.0215093 2.02208 
1.06877 0.350917 0.0239919 2.02282 
1.0686 0.352157 0.0230069 2.02266 
1.06904 0.350996 0.0227489 2.02335 
1.06883 0.351652 0.0236418 2.02309 
1.06834 0.3516 0.0245678 2.02199 
1.06779 0.35315 0.0245367 2.02112 
1.06829 0.352763 0.0236681 2.02213 
1.06821 0.352478 0.02392 2.02194 
1.10192 0.149035 0.176343 2.08272 
1.10619 0.18996 0.0884273 2.0842 
1.10732 0.087478 0.144401 2.09291 
1.10586 0.102045 0.0969114 2.07964 
1.08528 0.308468 0.0273527 2.0506 
1.08615 0.309708 0.00935013 2.05247 
1.08991 0.295441 0.0192683 2.05866 
1.08733 0.298818 0.0153235 2.05291 
1.08735 0.282301 0.053034 2.05082 
1.08485 0.299617 0.0334307 2.04751 
1.09082 0.277633 0.0276591 2.05705 
1.08759 0.293834 0.0448164 2.05343 
1.07772 0.330141 0.0290532 2.03792 
1.07961 0.328435 0.0195366 2.04156 
1.08117 0.321178 0.0288384 2.04385 
1.07958 0.323847 0.0232355 2.04045 
1.09987 0.257727 -0.0378712 2.07652 
1.09654 0.270534 -0.0550951 2.07178 
1.09895 0.253256 -0.0608597 2.07552 
1.09848 0.255145 -0.0578623 2.07348 
1.11592 0.0334757 0.0316691 2.11266 
1.10819 0.165285 0.0440384 2.08464 
1.11926 0.0824238 -0.00618531 2.11885 
1.11199 0.114215 0.0715462 2.09821 
1.05853 0.0285385 0.292372 2.00606 
1.0904 0.0980836 0.187925 2.05094 
1.10626 -0.0296005 0.164918 2.10071 
1.07709 0.052399 0.267965 2.04875 
1.06309 0.322867 0.124783 2.0079 
1.0657 0.338585 0.0810162 2.014 
1.0765 0.300481 0.096893 2.03158 
1.06821 0.338497 0.099689 2.02235 
1.06951 0.349541 0.0227985 2.02402 
1.06995 0.348489 0.0226578 2.02476 
1.06974 0.348165 0.0240399 2.02434 
1.0698 0.349164 0.0234705 2.02465 
1.06674 0.365954 0.0327538 2.02309 
1.06261 0.366491 0.0539298 2.01381 
1.05953 0.394169 0.0406405 2.01615 
1.06103 0.374144 0.0505088 2.01251 
1.0717 0.339707 0.039009 2.02664 
1.07321 0.331037 0.0496222 2.02809 
1.06959 0.342072 0.0551426 2.02294 
1.07165 0.343781 0.0511456 2.02841 
1.07096 0.346508 0.0270921 2.02687 
1.07087 0.345507 0.031266 2.02632 
1.06972 0.351605 0.0287196 2.02548 
1.07023 0.348549 0.0307219 2.02579 
1.07118 0.345157 0.0279819 2.027 
1.07181 0.343653 0.0279212 2.02804 
1.07149 0.344845 0.0312881 2.02767 
1.07151 0.343627 0.028365 2.02728 
1.08603 0.312973 -0.0060008 2.05285 
1.08513 0.316031 -0.0185251 2.05144 
1.08885 0.303914 -0.0181745 2.05777 
1.08657 0.305484 -0.0164105 2.05229 
1.09134 0.28311 0.00136026 2.05911 
1.08717 0.301087 -0.00331445 2.05272 
1.09047 0.288602 -0.0156483 2.05806 
1.08979 0.297534 -0.00201614 2.05847 
1.09136 0.273897 0.0690787 2.06009 
1.09472 0.273375 0.0310917 2.06609 
1.10025 0.248172 0.0493703 2.07598 
1.09624 0.253462 0.0432193 2.06657 
1.08243 0.302353 0.0720724 2.0447 
1.078 0.320858 0.055133 2.03736 
1.08215 0.310972 0.0446223 2.04422 
1.08096 0.311769 0.0481935 2.04186 
1.07887 0.329839 0.00791496 2.03958 
1.07673 0.33708 0.00658579 2.03621 
1.07798 0.333381 -0.00139791 2.03808 
1.07801 0.336519 0.00321558 2.03927 
1.0831 0.312578 0.0201728 2.04602 
1.08086 0.322226 0.0129885 2.04269 
1.08388 0.312268 0.00704344 2.04738 
1.08265 0.319989 0.0157899 2.04662 
1.07421 0.343317 0.0182054 2.03258 
1.07316 0.345693 0.0186467 2.0308 
1.07319 0.347451 0.015481 2.03104 
1.07342 0.343839 0.0171984 2.03074 
1.07661 0.332407 0.0235915 2.03563 
1.07582 0.336637 0.0187439 2.03461 
1.07818 0.330326 0.0163606 2.03846 
1.07682 0.335405 0.0209859 2.03681 
1.07523 0.337092 0.0273553 2.03388 
1.07382 0.340693 0.0249059 2.03152 
1.07487 0.339975 0.0217772 2.03351 
1.07459 0.338306 0.0232341 2.03253 
1.01763 0.3271 0.358185 1.97158 
1.0758 0.22022 0.275507 2.05489 
1.01111 0.227425 0.41513 1.99161 
1.04426 0.224087 0.300711 1.98331 
0.740671 0.393172 0.343025 1.41743 
0.937349 0.36963 0.364028 1.80207 
0.854552 0.304705 0.419928 1.64432 
0.877638 0.370655 0.398072 1.71984 
1.06995 0.32467 0.166717 2.03286 
1.08344 0.297695 0.112358 2.05021 
1.0825 0.268577 0.175407 2.05249 
1.07991 0.268642 0.140606 2.0382 
1.07292 0.340198 0.0310086 2.02953 
1.07338 0.339546 0.0261231 2.03021 
1.07458 0.33606 0.0290091 2.0321 
1.07377 0.339139 0.030442 2.03118 
1.08798 0.245919 0.0854249 2.04691 
1.09921 0.199543 0.0707869 2.06634 
1.09337 0.168778 0.122977 2.05376 
1.09481 0.238735 0.093627 2.06372 
1.07448 0.331468 0.0560384 2.03178 
1.07781 0.3173 0.0745463 2.03739 
1.06926 0.344997 0.0688605 2.02404 
1.07339 0.321817 0.0704591 2.02717 
1.07702 0.32674 0.0401471 2.03582 
1.07659 0.329666 0.0309703 2.03512 
1.08024 0.316526 0.0326765 2.04042 
1.07776 0.32694 0.0384505 2.03753 
1.07198 0.343169 0.02611 2.0283 
1.07165 0.343184 0.0254239 2.02753 
1.07183 0.343688 0.0245802 2.02801 
1.07182 0.343016 0.0252898 2.02782 
1.06782 0.356107 0.0373081 2.02249 
1.07051 0.348592 0.039534 2.02673 
1.06705 0.359267 0.0559562 2.02253 
1.06861 0.352259 0.038282 2.02312 
1.05896 0.372857 0.0796017 2.00902 
1.05089 0.376595 0.125472 1.99618 
1.04506 0.411038 0.0791197 1.98999 
1.05295 0.372725 0.0859827 1.99447 
0.716382 0.578204 0.164272 1.40785 
0.383161 0.477439 0.195798 0.817196 
0.628723 0.574896 0.123539 1.24255 
0.553367 0.580595 0.138097 1.12701 
0.861631 0.562786 0.252013 1.70034 
0.930466 0.462807 0.320575 1.81492 
0.82948 0.479638 0.289114 1.62069 
0.860417 0.497358 0.298719 1.6697 
0.964305 0.433804 0.145956 1.84348 
0.981588 0.452343 0.196594 1.88117 
0.927048 0.509024 0.199682 1.78771 
0.96671 0.489564 0.185368 1.86597 
0.967097 0.413527 0.0140781 1.83374 
0.960328 0.422631 0.0601154 1.82881 
0.944741 0.465417 0.0438188 1.80537 
0.960392 0.424134 0.0524661 1.82477 
0.976936 0.385581 0.0137932 1.84788 
0.996542 0.319885 0.0275218 1.87926 
0.974265 0.373801 0.0720116 1.8443 
0.982835 0.374047 0.0223154 1.86147 
1.03501 0.409596 0.0911024 1.96562 
1.04031 0.36616 0.148487 1.96972 
1.01578 0.411917 0.159325 1.93003 
1.03111 0.414807 0.141382 1.96585 
1.05657 0.31373 0.187849 1.9998 
1.06929 0.224798 0.22287 2.02031 
1.02466 0.316029 0.270448 1.94541 
1.05165 0.313274 0.250775 2.00647 
0.915795 0.538344 0.230942 1.78786 
0.987901 0.453091 0.212805 1.89461 
0.966949 0.439796 0.268081 1.85819 
0.969441 0.477701 0.262989 1.8801 
0.796606 0.589732 -0.0264989 1.55723 
0.817094 0.584572 0.0256072 1.59541 
0.775959 0.590307 0.00267751 1.51618 
0.786933 0.580232 -0.00195559 1.52903 
0.925728 0.490412 0.0826396 1.779 
0.944238 0.456247 0.123784 1.81025 
0.903664 0.514578 0.176669 1.74701 
0.920284 0.474118 0.112524 1.76196 
0.748147 0.560535 -0.118773 1.45479 
0.686354 0.565863 -0.0991025 1.3401 
0.725563 0.541591 -0.137535 1.40495 
0.73565 0.561211 -0.125701 1.43658 
0.709305 0.595124 -0.0108708 1.39527 
0.651122 0.585293 0.0155872 1.28242 
0.667388 0.577226 -0.0452535 1.30798 
0.6957 0.596656 -0.0180179 1.37445 
0.750566 0.578314 -0.101143 1.46922 
0.735496 0.602157 -0.0432823 1.45277 
0.705735 0.585347 -0.0822671 1.38961 
0.715912 0.581359 -0.0782428 1.40217 
0.863771 0.560521 0.0847089 1.68191 
0.90729 0.50369 0.071333 1.7429 
0.864678 0.541262 0.140766 1.67426 
0.888767 0.54338 0.10659 1.72702 
0.763462 0.578179 0.0327501 1.48112 
0.816804 0.568929 0.0547464 1.58361 
0.798465 0.561367 0.0995136 1.54309 
0.803697 0.578232 0.0657758 1.56475 
0.811416 0.586334 -0.0562795 1.58464 
0.829143 0.576818 -0.0876518 1.61572 
0.844177 0.571436 -0.0606949 1.6357 
0.831377 0.580579 -0.0680214 1.62066 
0.931329 0.512007 -0.0443689 1.78286 
0.930379 0.50859 -0.0531942 1.77989 
0.9339 0.4991 -0.0452415 1.78429 
0.932994 0.50951 -0.0453017 1.78609 
0.931238 0.510485 -0.0164895 1.78343 
0.931877 0.514963 -0.0339232 1.78546 
0.936005 0.501979 -0.0323816 1.79038 
0.932712 0.505245 -0.0316169 1.78409 
0.923543 0.536839 -0.0401837 1.77358 
0.923387 0.543589 -0.0467585 1.77432 
0.925412 0.53427 -0.0465719 1.77611 
0.923269 0.534643 -0.0444633 1.77133 
0.752405 0.60781 0.0347319 1.48875 
0.785785 0.59935 0.109067 1.55359 
0.718182 0.602698 0.0624277 1.42311 
0.732772 0.595694 0.060484 1.44108 
0.944711 0.48055 -0.00545243 1.80453 
0.935028 0.492736 0.0236104 1.79065 
0.931307 0.505534 -0.00339424 1.78406 
0.935399 0.482967 0.00434475 1.78389 
0.938547 0.488588 -0.0311676 1.79099 
0.94298 0.475545 -0.0177672 1.79684 
0.933414 0.499355 -0.0136439 1.78428 
0.940922 0.496374 -0.0182351 1.8006 
0.97218 0.394219 -0.0342797 1.83828 
0.961283 0.394683 -0.0701146 1.81409 
0.976253 0.343262 -0.0532509 1.83302 
0.975371 0.381462 -0.0405175 1.84233 
0.945421 0.463747 -0.0485564 1.79978 
0.949739 0.445759 -0.0496117 1.80363 
0.949893 0.458821 -0.0289894 1.8073 
0.948519 0.462132 -0.0470605 1.80633 
0.939917 0.468184 -0.0618277 1.78986 
0.933856 0.469291 -0.0726181 1.77817 
0.942506 0.451822 -0.0661871 1.79041 
0.939888 0.465428 -0.0633434 1.78989 
1.01821 0.422515 0.219565 1.95444 
1.047 0.37102 0.201679 1.99919 
1.01458 0.388878 0.284219 1.95276 
1.02652 0.375843 0.214367 1.95301 
0.984934 0.421741 0.113947 1.88439 
1.01817 0.395143 0.0869318 1.94219 
1.00507 0.442289 0.151918 1.92442 
0.999164 0.401812 0.118317 1.9016 
0.951596 0.456253 -4.14582e-05 1.81071 
0.961937 0.426375 0.0111596 1.8251 
0.943433 0.460095 0.0335908 1.79619 
0.954022 0.455209 0.00726091 1.81796 
0.952959 0.456135 -0.0269511 1.81372 
0.953361 0.43761 -0.0517524 1.80892 
0.961306 0.427742 -0.0276177 1.82339 
0.957156 0.433386 -0.0284269 1.81554 
0.964932 0.409502 -0.0305795 1.82636 
0.9539 0.432232 -0.0558417 1.80977 
0.959525 0.41508 -0.0645055 1.81739 
0.958943 0.420596 -0.0602863 1.81727 
1.06887 0.35113 0.00904374 2.0234 
1.06824 0.351854 0.00913465 2.02226 
1.06825 0.348135 0.00673884 2.02177 
1.06858 0.351602 0.00848724 2.02303 
1.06766 0.353167 0.0092064 2.02129 
1.067 0.354037 0.00964944 2.02009 
1.06694 0.352008 0.00794278 2.01968 
1.06725 0.353657 0.00881979 2.02058 
1.06829 0.349242 0.00597962 2.02221 
1.06807 0.352661 0.00832136 2.02213 
1.06757 0.351354 0.00712916 2.02105 
1.06769 0.350297 0.00770202 2.02102 
1.06915 0.353327 0.010355 2.02413 
1.06916 0.355061 0.0124626 2.02411 
1.06853 0.354254 0.010517 2.02306 
1.06887 0.353639 0.011225 2.02355 
1.07157 0.354001 0.02055 2.02835 
1.07286 0.351268 0.0218253 2.03065 
1.07158 0.356175 0.0240356 2.02888 
1.07182 0.352031 0.0222191 2.02828 
1.07277 0.345217 0.0112948 2.02962 
1.07287 0.346409 0.0140332 2.02981 
1.07178 0.348615 0.0124589 2.02807 
1.07261 0.347948 0.0131124 2.02995 
1.07395 0.344322 0.0118097 2.0323 
1.07568 0.340804 0.0140479 2.03515 
1.07406 0.345464 0.0148681 2.03251 
1.07429 0.342076 0.0126109 2.03206 
1.0664 0.361015 0.0136948 2.0196 
1.06576 0.360442 0.0127685 2.01843 
1.06619 0.359615 0.0123252 2.01918 
1.06606 0.360091 0.0131445 2.019 
1.06729 0.358829 0.0131541 2.02119 
1.06678 0.36053 0.0141319 2.02034 
1.0666 0.359169 0.0127253 2.01999 
1.06687 0.359211 0.012968 2.02027 
0.999721 0.495275 0.0695737 1.91012 
0.999751 0.495276 0.0697475 1.9102 
0.999596 0.49546 0.0698769 1.90994 
0.999674 0.495403 0.0696846 1.91008 
0.870426 0.524448 0.136758 1.67115 
0.834341 0.532764 0.138345 1.60063 
0.863179 0.509891 0.121422 1.64791 
0.865281 0.523708 0.132267 1.66174 
0.908499 0.474971 0.0954338 1.72937 
0.889145 0.517137 0.126339 1.70765 
0.886668 0.499907 0.107293 1.69332 
0.891678 0.483928 0.11068 1.69691 
0.893081 0.497614 0.17414 1.7084 
0.894868 0.515499 0.197092 1.71975 
0.874209 0.533952 0.180994 1.68337 
0.893042 0.526119 0.191832 1.72267 
0.818036 0.58519 0.242624 1.6023 
0.828815 0.582149 0.226694 1.61845 
0.835221 0.582462 0.239623 1.63296 
0.831209 0.585284 0.237716 1.62776 
0.80662 0.576484 0.203746 1.57593 
0.798142 0.572454 0.188033 1.5593 
0.835632 0.563202 0.186834 1.6229 
0.80625 0.570476 0.190624 1.56822 
0.839052 0.554679 0.17663 1.62317 
0.793645 0.565911 0.182217 1.54437 
0.814628 0.553169 0.166208 1.57617 
0.822078 0.562658 0.175461 1.59967 
0.813634 0.583718 0.238476 1.59311 
0.808774 0.579736 0.22077 1.58064 
0.824705 0.579847 0.220917 1.60959 
0.812526 0.580081 0.225315 1.58609 
0.798775 0.581631 0.245442 1.56388 
0.774081 0.577741 0.25013 1.51809 
0.791057 0.578889 0.227825 1.54634 
0.792661 0.581082 0.241466 1.55444 
0.782847 0.576277 0.212753 1.53069 
0.744763 0.57446 0.22218 1.46421 
0.768463 0.571523 0.200713 1.50266 
0.773907 0.577209 0.210239 1.5199 
0.915888 0.49788 0.323964 1.77505 
0.933485 0.488968 0.309768 1.80388 
0.93952 0.476148 0.322246 1.81521 
0.931105 0.491224 0.319302 1.8035 
0.998893 0.496497 0.0704652 1.90883 
0.998785 0.497008 0.0695872 1.90876 
0.999256 0.49603 0.0699851 1.90942 
0.999009 0.496423 0.0702503 1.90905 
0.999771 0.495326 0.0707636 1.91035 
0.999306 0.495848 0.0710423 1.90952 
0.999438 0.495715 0.070282 1.90972 
0.999459 0.49574 0.0706068 1.9098 
1.00388 0.488723 0.0773133 1.91739 
1.00408 0.489579 0.0738862 1.918 
1.00618 0.486249 0.0752634 1.9215 
1.00469 0.486988 0.0756447 1.91834 
1.00017 0.49389 0.0743046 1.91085 
1.00053 0.490622 0.0767499 1.9103 
0.999765 0.496006 0.077204 1.91116 
1.00013 0.493542 0.0772641 1.91082 
1.00045 0.492572 0.0741978 1.91086 
1.00196 0.490637 0.0742215 1.91349 
1.00126 0.490139 0.0760606 1.91174 
1.00134 0.491812 0.0746133 1.91262 
0.998893 0.496697 0.0719726 1.90903 
0.999249 0.495736 0.073224 1.90949 
0.998158 0.497335 0.0726939 1.90766 
0.998723 0.497016 0.0728007 1.90885 
1.00161 0.492873 0.0699569 1.91346 
1.00147 0.493437 0.0689445 1.91333 
1.00215 0.492653 0.0688942 1.91455 
1.00187 0.492611 0.0692204 1.91388 
1.00015 0.49448 0.0710109 1.91084 
1.00069 0.493493 0.0712975 1.91165 
1.0003 0.493555 0.072191 1.91084 
1.00039 0.49435 0.0714692 1.91139 
1.00039 0.494709 0.0706238 1.9115 
1.00062 0.494498 0.0700197 1.91189 
1.00084 0.494167 0.0706265 1.9123 
1.00062 0.494288 0.0703562 1.91183 
0.995668 0.500865 0.0685521 1.90325 
0.996216 0.501162 0.0714344 1.9049 
0.994398 0.504845 0.0709877 1.90245 
0.995055 0.501131 0.0693953 1.90199 
0.999812 0.495271 0.0698556 1.91036 
0.999845 0.49526 0.0703482 1.91046 
0.99962 0.495611 0.0701079 1.91009 
0.999764 0.495327 0.0702163 1.91029 
1.0007 0.494407 0.0695446 1.91201 
1.00069 0.494558 0.069168 1.91203 
1.001 0.494107 0.0690963 1.91255 
1.00077 0.49417 0.0692641 1.91204 
1.00026 0.494928 0.069801 1.91124 
1.00043 0.494598 0.0699082 1.91149 
1.00025 0.494795 0.0702473 1.9112 
1.00032 0.494881 0.0700682 1.91137 
1.00029 0.494978 0.0697098 1.91134 
1.00028 0.494996 0.0695535 1.91131 
1.00043 0.494818 0.0697173 1.91158 
1.00034 0.494868 0.0696244 1.91139 
0.924337 0.531605 0.23073 1.78284 
0.914111 0.542381 0.227039 1.76565 
0.927411 0.530853 0.219779 1.78639 
0.924269 0.53853 0.22721 1.78593 
0.899687 0.559045 0.22455 1.74404 
0.890574 0.563622 0.230224 1.72883 
0.886637 0.570993 0.218652 1.72211 
0.892927 0.562814 0.224905 1.73188 
0.95396 0.509161 0.201621 1.82995 
0.952103 0.506415 0.217071 1.82783 
0.941223 0.52044 0.21192 1.8096 
0.951354 0.515459 0.213044 1.83013 
0.904091 0.543977 0.250822 1.7514 
0.895127 0.550976 0.257047 1.73831 
0.891931 0.557456 0.243728 1.73156 
0.897882 0.548133 0.251356 1.74063 
0.935644 0.516049 0.247732 1.8038 
0.920635 0.528611 0.251625 1.77861 
0.928506 0.526171 0.239498 1.7914 
0.927241 0.522935 0.244763 1.78811 
0.93617 0.511552 0.251522 1.80345 
0.933739 0.508116 0.263434 1.79957 
0.92021 0.525654 0.256014 1.77718 
0.933476 0.518077 0.260466 1.80371 
0.874358 0.567345 0.244072 1.70088 
0.870746 0.572745 0.238623 1.69535 
0.881323 0.563478 0.239248 1.71152 
0.87746 0.57027 0.240938 1.70853 
0.954892 0.533757 0.151018 1.83601 
0.949956 0.542451 0.140527 1.82812 
0.9609 0.53006 0.13304 1.84483 
0.956232 0.537463 0.144301 1.84009 
0.970497 0.514996 0.173647 1.86546 
0.962168 0.53043 0.165098 1.85315 
0.972292 0.518222 0.162055 1.86917 
0.969375 0.52143 0.169707 1.86555 
0.933072 0.55524 0.17786 1.80439 
0.91944 0.567573 0.173064 1.78081 
0.925392 0.566497 0.16114 1.79095 
0.922825 0.563889 0.16937 1.78527 
0.899239 0.585027 0.14845 1.74352 
0.91845 0.569963 0.153887 1.77652 
0.909833 0.57191 0.165453 1.761 
0.912661 0.579272 0.158989 1.77079 
0.918435 0.575975 0.115224 1.7749 
0.934835 0.555627 0.129096 1.80021 
0.925372 0.563978 0.137398 1.7856 
0.928481 0.564934 0.13237 1.79228 
0.900022 0.592811 0.135586 1.74855 
0.909501 0.585559 0.115573 1.76152 
0.91725 0.577204 0.142322 1.77682 
0.904174 0.58115 0.128104 1.74861 
0.882397 0.597263 0.173122 1.72033 
0.890877 0.59737 0.154299 1.7349 
0.903211 0.584448 0.1731 1.75622 
0.888519 0.588941 0.164875 1.72585 
0.783918 0.648341 0.0494877 1.54559 
0.766277 0.652293 0.0656804 1.51608 
0.762547 0.653999 0.0558232 1.51081 
0.764653 0.647763 0.0579855 1.50882 
0.815321 0.638269 0.0322376 1.59752 
0.799504 0.642976 0.0409728 1.57073 
0.800019 0.64218 0.0313347 1.57118 
0.805518 0.642246 0.0362242 1.5819 
0.801294 0.640236 0.0690796 1.57259 
0.814346 0.636041 0.0833969 1.59589 
0.794196 0.640699 0.0927 1.56116 
0.808833 0.643677 0.0824394 1.59127 
0.818118 0.637641 0.0351885 1.60245 
0.808049 0.640845 0.0504131 1.5855 
0.80184 0.642679 0.043479 1.57489 
0.804907 0.637249 0.0438144 1.57615 
0.82449 0.633228 0.0383221 1.61169 
0.832738 0.629905 0.050097 1.62594 
0.814513 0.636418 0.0535225 1.59477 
0.82749 0.636264 0.0470409 1.62041 
0.858658 0.620668 0.0953983 1.6752 
0.845326 0.626903 0.116359 1.65487 
0.835003 0.631109 0.0968761 1.63477 
0.845084 0.63072 0.104521 1.65595 
0.774162 0.63984 0.105646 1.52348 
0.753991 0.641936 0.119125 1.48942 
0.754521 0.644094 0.0898149 1.48857 
0.768309 0.647853 0.106833 1.51962 
0.795981 0.643253 0.0654169 1.56452 
0.787867 0.645876 0.0916971 1.55319 
0.774866 0.648804 0.0758424 1.52953 
0.778783 0.640602 0.0764532 1.52993 
0.832861 0.618289 0.170154 1.63245 
0.854669 0.604632 0.179691 1.66883 
0.82882 0.615119 0.182506 1.62445 
0.835361 0.613883 0.175743 1.63517 
0.767106 0.639626 0.175496 1.52328 
0.770484 0.642413 0.158914 1.52818 
0.795106 0.630634 0.17869 1.5693 
0.773633 0.635912 0.168445 1.53035 
0.846319 0.62177 0.145412 1.6575 
0.858529 0.613019 0.169776 1.68085 
0.837408 0.626901 0.15943 1.64612 
0.841496 0.616989 0.154402 1.64569 
0.969601 0.531602 0.0590847 1.8585 
0.974009 0.528428 0.0502073 1.86658 
0.978114 0.523184 0.065982 1.87378 
0.973341 0.528224 0.058707 1.86529 
0.878425 0.565082 0.248939 1.70932 
0.88587 0.561122 0.242726 1.72063 
0.888184 0.555814 0.256965 1.72643 
0.882161 0.562327 0.248796 1.7154 
0.904168 0.575933 0.181338 1.7542 
0.898458 0.571318 0.193176 1.74142 
0.882147 0.585273 0.183875 1.7136 
0.898858 0.579763 0.187258 1.74666 
0.919516 0.570368 0.182626 1.78462 
0.934339 0.554835 0.187787 1.80893 
0.915835 0.56509 0.195036 1.77592 
0.920166 0.560271 0.187986 1.78069 
1.03629 0.438373 0.0527084 1.97169 
1.03163 0.449618 0.0500247 1.96488 
1.03491 0.442657 0.041685 1.96969 
1.03368 0.439563 0.0496919 1.96566 
1.04219 0.420878 0.0709056 1.9801 
1.03959 0.429033 0.0631505 1.97647 
1.04407 0.419752 0.0613947 1.98371 
1.04203 0.419863 0.0635234 1.97887 
1.03235 0.439296 0.0765833 1.96383 
1.02945 0.449113 0.0706296 1.96047 
1.03472 0.437472 0.0655203 1.96812 
1.03169 0.436985 0.0710277 1.96088 
1.00955 0.4815 0.0592261 1.92627 
1.00776 0.484156 0.062226 1.92341 
1.00635 0.487361 0.0595948 1.92146 
1.00834 0.486329 0.0600997 1.92574 
1.01298 0.47525 0.0756807 1.93265 
1.01257 0.474905 0.0792408 1.93179 
1.01038 0.480705 0.0752593 1.92891 
1.01212 0.475996 0.0777501 1.93108 
1.0187 0.461694 0.0819487 1.94077 
1.01505 0.468297 0.0811964 1.93486 
1.0187 0.462806 0.0763291 1.94079 
1.01795 0.466718 0.0807544 1.94108 
1.01171 0.474235 0.0894656 1.9303 
1.00863 0.479819 0.0898449 1.92557 
1.01177 0.473658 0.0847951 1.92974 
1.01126 0.476673 0.0867997 1.93012 
1.00467 0.482852 0.0994725 1.91847 
1.00633 0.480147 0.0941145 1.92062 
1.00762 0.477754 0.10059 1.92321 
1.00596 0.477963 0.0973342 1.91902 
1.00297 0.488932 0.0868113 1.91613 
1.00564 0.482431 0.0834453 1.91908 
1.00532 0.483914 0.0872612 1.91937 
1.00483 0.4848 0.0847697 1.91839 
1.0024 0.489803 0.0845203 1.91499 
1.00256 0.488409 0.0797602 1.91429 
1.00402 0.483724 0.0817238 1.91568 
1.00305 0.487015 0.0835508 1.91508 
1.00001 0.492104 0.0838968 1.91039 
0.999067 0.496028 0.0799349 1.90974 
1.001 0.490054 0.0795237 1.91134 
1.00003 0.492615 0.0795558 1.91032 
0.998004 0.498432 0.0740589 1.90795 
0.999726 0.496254 0.0744724 1.91098 
0.998741 0.498479 0.0766453 1.90992 
0.998727 0.496923 0.0744518 1.90894 
0.994062 0.502334 0.0743733 1.90062 
0.996275 0.499324 0.0735816 1.90426 
0.996192 0.499694 0.0773114 1.90454 
0.995556 0.501494 0.0758384 1.90383 
0.999557 0.496385 0.0718515 1.91044 
1.00003 0.495343 0.0710882 1.911 
0.999915 0.495604 0.0723821 1.91095 
0.999835 0.495227 0.0718259 1.91053 
0.99429 0.506072 0.0800228 1.90355 
0.99317 0.504604 0.0754668 1.89976 
0.996545 0.50161 0.0793017 1.90651 
0.994355 0.502735 0.0772109 1.90174 
1.001 0.493934 0.0687674 1.91244 
1.00073 0.49448 0.0689716 1.91208 
1.00089 0.494608 0.0687415 1.9125 
1.00092 0.494497 0.0687412 1.91252 
1.00092 0.494599 0.0679882 1.91253 
1.00121 0.494144 0.0682484 1.91301 
1.00095 0.494749 0.0684708 1.9127 
1.00098 0.494335 0.0683114 1.91257 
1.00251 0.490508 0.068786 1.91436 
1.00261 0.489844 0.0705097 1.91439 
1.0015 0.492235 0.0703406 1.91291 
1.00227 0.491735 0.0702497 1.91448 
1.00649 0.482237 0.0705258 1.92001 
1.00415 0.487209 0.0710896 1.91683 
1.00621 0.484369 0.067408 1.92014 
1.00589 0.486621 0.0701145 1.92064 
1.00107 0.493392 0.0698327 1.91242 
1.00071 0.494144 0.0696505 1.91193 
1.00111 0.493536 0.0691621 1.91253 
1.00098 0.493976 0.0696601 1.91247 
0.997799 0.497459 0.0801089 1.90747 
0.997912 0.493909 0.0844366 1.90635 
0.996008 0.501991 0.082554 1.90573 
0.997304 0.498173 0.0841037 1.90699 
1.00646 0.483626 0.0765376 1.92102 
1.0052 0.482619 0.0797078 1.91781 
1.00327 0.487028 0.0787731 1.91522 
1.00524 0.485759 0.0778837 1.91925 
1.0159 0.470025 0.0653665 1.93658 
1.01386 0.475656 0.0607397 1.93398 
1.01753 0.471167 0.0581537 1.94064 
1.01621 0.470076 0.0602095 1.93705 
1.01516 0.47254 0.0797522 1.93693 
1.01579 0.474181 0.0743495 1.93881 
1.01829 0.469279 0.0752811 1.94264 
1.01664 0.470338 0.0755383 1.93918 
1.00996 0.477705 0.0694619 1.92611 
1.01212 0.475522 0.0627598 1.92984 
1.01264 0.47089 0.0672959 1.92927 
1.01194 0.477947 0.0672907 1.93084 
0.881504 0.533448 0.302628 1.7135 
0.901447 0.521488 0.295946 1.74648 
0.891986 0.518358 0.315416 1.73147 
0.895086 0.527855 0.308087 1.74123 
0.863731 0.517742 0.346805 1.68479 
0.854339 0.53727 0.329467 1.67051 
0.882055 0.518537 0.33179 1.71746 
0.871933 0.52714 0.339109 1.70462 
0.87403 0.565421 0.264029 1.70538 
0.876444 0.567479 0.253293 1.70825 
0.886055 0.557218 0.26274 1.7247 
0.877311 0.56133 0.259283 1.70779 
0.850134 0.570781 0.281275 1.66626 
0.863936 0.565382 0.277036 1.68878 
0.868704 0.55623 0.292953 1.69816 
0.857526 0.562786 0.281927 1.67548 
0.846664 0.578173 0.270439 1.66078 
0.856202 0.579222 0.256232 1.67601 
0.859846 0.572443 0.267152 1.68192 
0.853845 0.575272 0.263837 1.67066 
0.886247 0.544026 0.293352 1.72704 
0.89298 0.545496 0.277032 1.73648 
0.903374 0.532981 0.287867 1.75491 
0.891258 0.537764 0.283271 1.73002 
0.867672 0.577023 0.239806 1.69251 
0.869454 0.573777 0.245227 1.69545 
0.863928 0.577878 0.246376 1.68763 
0.866557 0.574966 0.243464 1.6898 
0.87236 0.576289 0.235569 1.70031 
0.874505 0.576335 0.229889 1.70303 
0.883497 0.568599 0.234869 1.71836 
0.874145 0.572183 0.232768 1.70025 
0.893998 0.554895 0.238578 1.73279 
0.903903 0.549818 0.232943 1.74952 
0.90577 0.543165 0.245714 1.75301 
0.901003 0.551566 0.239272 1.7461 
1.032 0.444489 0.0391231 1.96326 
1.02986 0.450646 0.0472798 1.96089 
1.02665 0.458717 0.0391756 1.9564 
1.0305 0.455817 0.0402257 1.96449 
1.03861 0.432155 0.0219074 1.97398 
1.03598 0.437969 0.0300352 1.97005 
1.03309 0.444246 0.0216033 1.96554 
1.03665 0.442679 0.02472 1.97363 
1.04156 0.431342 0.0273347 1.981 
1.04335 0.42652 0.0364565 1.98366 
1.03832 0.437503 0.0353016 1.97573 
1.04072 0.427541 0.0334356 1.97751 
1.05895 0.379353 0.0517209 2.00519 
1.0602 0.379281 0.0417026 2.00794 
1.06161 0.375605 0.0454037 2.0103 
1.06087 0.379846 0.0476424 2.01003 
1.05549 0.390323 0.0415855 2.00007 
1.05699 0.38841 0.0356491 2.00298 
1.0589 0.383972 0.0387251 2.00625 
1.05729 0.38778 0.0400444 2.00362 
1.04692 0.416299 0.0438249 1.98859 
1.05115 0.40603 0.0473779 1.99526 
1.0478 0.413082 0.0526676 1.98986 
1.04917 0.415031 0.0468497 1.99379 
1.05124 0.401734 0.0203039 1.99326 
1.04982 0.405661 0.0109318 1.99118 
1.05261 0.397824 0.0116817 1.99514 
1.05162 0.405529 0.0131486 1.99561 
1.04793 0.418351 0.0387179 1.99174 
1.05092 0.412041 0.0325114 1.99654 
1.0523 0.408571 0.0411469 1.99887 
1.05001 0.40956 0.0383125 1.99348 
1.04593 0.418301 0.03433 1.98664 
1.04419 0.422759 0.0248122 1.98393 
1.04865 0.411834 0.0271928 1.99071 
1.04677 0.422209 0.0285424 1.99016 
1.05707 0.390898 0.0216648 2.00378 
1.05859 0.388292 0.023573 2.00668 
1.05769 0.389413 0.0283385 2.00489 
1.05796 0.391782 0.0245524 2.00637 
1.0537 0.398687 0.0143516 1.9982 
1.05487 0.395139 0.0181296 1.99981 
1.05235 0.402297 0.0227421 1.99627 
1.05404 0.39824 0.0200722 1.99895 
1.05307 0.402155 -0.000465007 1.99795 
1.05344 0.399987 0.00759935 1.99802 
1.0501 0.407704 0.00689588 1.99266 
1.0521 0.400113 0.00404074 1.99472 
1.0553 0.396521 -0.00241849 2.00136 
1.0576 0.391307 0.003838 2.00514 
1.05542 0.396276 0.00620422 2.00153 
1.05626 0.396189 0.00471379 2.00361 
1.06226 0.382766 0.0185768 2.014 
1.06239 0.382259 0.0163661 2.01412 
1.06268 0.38151 0.0178608 2.01468 
1.06251 0.383015 0.0178848 2.01471 
1.05789 0.390803 0.0203971 2.00578 
1.05964 0.388294 0.0188355 2.00924 
1.05925 0.38849 0.0223212 2.00838 
1.05888 0.388475 0.0198499 2.00741 
1.05991 0.388485 0.00962182 2.00987 
1.06115 0.385008 0.0107617 2.01177 
1.06067 0.386214 0.0143754 2.01101 
1.06077 0.387081 0.0103105 2.01153 
1.04265 0.414417 0.0954665 1.98059 
1.03853 0.420643 0.104292 1.97378 
1.03844 0.422774 0.0958965 1.97359 
1.03941 0.415574 0.0980579 1.97333 
1.01591 0.444916 0.171028 1.93808 
1.01348 0.445782 0.181925 1.9346 
1.00963 0.452975 0.179882 1.92816 
1.01233 0.446478 0.175932 1.93104 
1.02558 0.431131 0.146924 1.95174 
1.02683 0.426571 0.156728 1.95439 
1.02239 0.435063 0.158794 1.94748 
1.02457 0.427871 0.15263 1.94882 
1.01432 0.457047 0.128936 1.93314 
1.01902 0.448793 0.122023 1.93993 
1.01708 0.449973 0.134325 1.93743 
1.01675 0.454088 0.126849 1.93741 
1.02837 0.436842 0.127714 1.95821 
1.03173 0.429497 0.131117 1.96379 
1.02829 0.436967 0.137096 1.95935 
1.02945 0.431372 0.132643 1.95922 
1.02305 0.423869 0.190012 1.94995 
1.0239 0.416077 0.203329 1.95149 
1.01763 0.432584 0.204798 1.94345 
1.02096 0.417432 0.197529 1.94376 
1.04374 0.378834 0.171456 1.97993 
1.03951 0.386232 0.179223 1.97353 
1.03925 0.392554 0.167179 1.97315 
1.04066 0.382087 0.17472 1.97406 
1.05243 0.366678 0.15945 1.99523 
1.04864 0.372173 0.166151 1.9888 
1.04803 0.378939 0.159778 1.98862 
1.04915 0.368851 0.162572 1.98834 
1.05698 0.372535 0.133912 2.00494 
1.06039 0.363209 0.132941 2.01014 
1.05854 0.36489 0.140043 2.00702 
1.05853 0.36412 0.136794 2.00629 
1.06938 0.326691 0.149705 2.02379 
1.06428 0.341846 0.155929 2.01707 
1.07136 0.325817 0.135369 2.02712 
1.06953 0.339274 0.145139 2.0278 
1.05706 0.356311 0.159321 2.00325 
1.0607 0.345703 0.157743 2.00866 
1.05784 0.349493 0.164537 2.0038 
1.0581 0.346868 0.160512 2.00296 
1.06923 0.323672 0.145719 2.02152 
1.07089 0.324114 0.139469 2.02497 
1.07183 0.315707 0.144268 2.02555 
1.07075 0.322841 0.141085 2.02448 
1.05777 0.318321 0.199457 2.00038 
1.06573 0.299654 0.185418 2.01265 
1.06283 0.293675 0.202899 2.00703 
1.06267 0.31122 0.203533 2.01134 
0.991384 0.464296 0.193908 1.89274 
0.984218 0.475385 0.195405 1.88146 
0.990471 0.47243 0.179415 1.89155 
0.989277 0.473772 0.193177 1.89214 
1.05514 0.363525 0.152623 1.99986 
1.05316 0.372862 0.147877 1.99742 
1.05638 0.364591 0.146313 2.00239 
1.05511 0.366464 0.151489 2.00058 
1.03966 0.389351 0.164137 1.97248 
1.04411 0.38146 0.160712 1.98 
1.04409 0.375149 0.167654 1.97886 
1.04336 0.386854 0.164479 1.98069 
1.04059 0.399113 0.160247 1.97776 
1.04206 0.398711 0.151017 1.97982 
1.04458 0.391272 0.157059 1.98416 
1.04201 0.393652 0.154207 1.9783 
1.03026 0.411328 0.176366 1.95986 
1.02659 0.418014 0.178247 1.95392 
1.02835 0.418429 0.166773 1.95638 
1.02808 0.412229 0.173125 1.95435 
1.03003 0.398162 0.195366 1.95775 
1.03202 0.400113 0.181643 1.96074 
1.03486 0.390973 0.186724 1.96522 
1.03272 0.394259 0.190127 1.96181 
1.02664 0.401622 0.196651 1.95107 
1.0251 0.411884 0.184799 1.94904 
1.02916 0.403423 0.183885 1.95544 
1.02744 0.410911 0.188187 1.95497 
1.03753 0.379651 0.204903 1.97115 
1.03108 0.393882 0.203874 1.96039 
1.03655 0.387109 0.193257 1.96914 
1.03497 0.384843 0.196605 1.96509 
1.04856 0.369739 0.178234 1.98979 
1.05096 0.360657 0.18609 1.99405 
1.04842 0.36742 0.186275 1.99009 
1.04891 0.364163 0.180603 1.9892 
1.02421 0.375162 0.279634 1.95563 
1.01605 0.375707 0.306437 1.9444 
1.01217 0.398049 0.292824 1.93907 
1.01663 0.380083 0.284094 1.94043 
1.02011 0.399888 0.253891 1.94778 
1.02353 0.379205 0.262031 1.95053 
1.01385 0.400632 0.275462 1.93895 
1.02012 0.395531 0.27166 1.95095 
1.03419 0.368056 0.228871 1.96406 
1.03966 0.347829 0.232817 1.9715 
1.03251 0.361283 0.247138 1.96205 
1.03583 0.361877 0.243366 1.96939 
1.04914 0.333965 0.203985 1.98447 
1.04486 0.340298 0.217387 1.97854 
1.04222 0.354825 0.206627 1.97451 
1.04592 0.346712 0.215853 1.98286 
1.03592 0.327219 0.274455 1.96649 
1.02173 0.35392 0.295391 1.94687 
1.02932 0.355507 0.267273 1.9576 
1.03015 0.349083 0.289947 1.96404 
1.05616 0.29361 0.226002 1.99505 
1.04777 0.309722 0.250828 1.98436 
1.04713 0.325836 0.230708 1.98265 
1.05081 0.314378 0.247023 1.99226 
1.06867 0.252791 0.213359 2.01428 
1.08191 0.195819 0.183394 2.03334 
1.07082 0.212243 0.244729 2.01903 
1.07545 0.235861 0.239415 2.03381 
1.05444 0.326231 0.209963 1.99645 
1.05808 0.308483 0.222918 2.00312 
1.04936 0.330677 0.227446 1.98886 
1.05362 0.318347 0.212658 1.99268 
1.04667 0.364853 0.186881 1.98502 
1.04944 0.3574 0.188152 1.98959 
1.04434 0.368013 0.196865 1.98225 
1.04651 0.359051 0.190986 1.98343 
1.03926 0.379048 0.186782 1.97171 
1.04308 0.367087 0.186426 1.97687 
1.04107 0.37071 0.198091 1.97537 
1.0418 0.374822 0.19475 1.97794 
1.04076 0.380338 0.182626 1.97507 
1.04553 0.373354 0.174082 1.98286 
1.04462 0.371379 0.182437 1.98141 
1.04421 0.377442 0.178235 1.98177 
1.0612 0.341192 0.151372 2.00753 
1.05773 0.351742 0.153005 2.00246 
1.06191 0.3453 0.145982 2.00982 
1.06093 0.350012 0.151837 2.0097 
1.06663 0.331463 0.149346 2.01782 
1.06406 0.337086 0.152742 2.0136 
1.06468 0.34095 0.147584 2.0156 
1.06489 0.335156 0.147297 2.01431 
1.06916 0.330371 0.137521 2.02225 
1.0676 0.329656 0.14367 2.01894 
1.0657 0.339048 0.14141 2.01674 
1.06763 0.332672 0.143621 2.0199 
1.07117 0.318322 0.148096 2.02518 
1.06883 0.323709 0.155433 2.02197 
1.0687 0.325498 0.148727 2.02116 
1.06955 0.319533 0.151543 2.02193 
1.06595 0.33281 0.159859 2.01821 
1.06672 0.330603 0.161621 2.01981 
1.0649 0.333306 0.16321 2.01624 
1.0661 0.333252 0.162121 2.01906 
1.06183 0.334466 0.163014 2.00883 
1.05875 0.34245 0.165014 2.00391 
1.06164 0.338759 0.15811 2.00889 
1.06123 0.341766 0.16232 2.00948 
1.05195 0.357204 0.179553 1.99425 
1.04935 0.366717 0.172424 1.98974 
1.05383 0.354418 0.171185 1.99655 
1.05217 0.358532 0.177848 1.99487 
1.04447 0.359236 0.203974 1.98099 
1.05029 0.350794 0.192856 1.99037 
1.05104 0.344543 0.202068 1.99208 
1.04947 0.353294 0.196211 1.98986 
1.04964 0.363237 0.168148 1.98855 
1.05373 0.358137 0.161069 1.99584 
1.05407 0.351486 0.166948 1.99546 
1.05316 0.361322 0.164661 1.99607 
1.06759 0.167443 0.287388 2.01799 
1.1092 0.0759661 0.230154 2.11682 
1.08591 0.103161 0.301218 2.07801 
1.07598 0.124206 0.263235 2.03994 
1.07248 0.295586 0.183052 2.02811 
1.08057 0.265881 0.184741 2.04171 
1.0697 0.28186 0.210082 2.02264 
1.07454 0.271961 0.18403 2.02782 
1.07371 0.289716 0.16223 2.02655 
1.07807 0.289985 0.13518 2.03432 
1.08301 0.25242 0.140956 2.03938 
1.07889 0.293318 0.153477 2.03949 
1.01534 0.420604 0.219037 1.93605 
1.01461 0.429276 0.210049 1.9359 
1.02124 0.411382 0.209594 1.94449 
1.01751 0.425154 0.213327 1.94189 
1.0515 0.389891 0.11656 1.99539 
1.04919 0.396465 0.111031 1.99145 
1.05345 0.387011 0.107531 1.99823 
1.05116 0.388288 0.11321 1.99359 
1.05153 0.380024 0.141517 1.99502 
1.04924 0.388171 0.138114 1.99182 
1.05314 0.379436 0.134432 1.99789 
1.05146 0.383088 0.140769 1.99583 
1.04467 0.399553 0.124031 1.98292 
1.04697 0.397724 0.114622 1.98683 
1.04896 0.391352 0.121085 1.99014 
1.0472 0.397245 0.117764 1.9876 
1.03559 0.406704 0.160921 1.96852 
1.03091 0.416507 0.159488 1.9607 
1.03397 0.413381 0.151953 1.96576 
1.03324 0.411422 0.154644 1.96364 
1.03702 0.414751 0.126884 1.97026 
1.03738 0.416571 0.117875 1.97078 
1.04022 0.408326 0.125907 1.97551 
1.03801 0.412049 0.121604 1.97103 
1.03644 0.418837 0.140628 1.97234 
1.03594 0.421222 0.132062 1.97084 
1.03936 0.412988 0.131191 1.97589 
1.03713 0.415966 0.136579 1.97227 
1.02923 0.428561 0.12154 1.95611 
1.03399 0.420583 0.114686 1.96371 
1.03299 0.419254 0.123298 1.96177 
1.03258 0.426898 0.12 1.96343 
0.909119 0.511377 0.319776 1.7663 
0.914043 0.516342 0.298795 1.77208 
0.926714 0.500778 0.306956 1.7942 
0.914172 0.506095 0.305129 1.76869 
0.880625 0.507503 0.356266 1.71813 
0.896637 0.510444 0.337752 1.74629 
0.90864 0.488874 0.354006 1.76671 
0.890775 0.500608 0.348111 1.7322 
0.887231 0.527714 0.325846 1.7316 
0.863149 0.546037 0.321714 1.69134 
0.876263 0.542751 0.310108 1.71156 
0.870709 0.536583 0.315954 1.6983 
0.8695 0.570478 0.250231 1.69477 
0.865655 0.569336 0.260579 1.68942 
0.861039 0.575189 0.251787 1.6813 
0.865666 0.573312 0.254814 1.69042 
0.898822 0.466434 0.379374 1.74464 
0.876091 0.498438 0.365599 1.70746 
0.908289 0.477274 0.361913 1.76277 
0.901211 0.483895 0.374777 1.75712 
0.820167 0.480301 0.416871 1.61519 
0.862652 0.431681 0.443595 1.69075 
0.807921 0.448996 0.449304 1.60139 
0.823737 0.448762 0.428805 1.61061 
0.748258 0.545946 0.340911 1.48484 
0.776659 0.517348 0.3843 1.53713 
0.720536 0.53103 0.361121 1.44023 
0.734088 0.528949 0.354424 1.45167 
0.809636 0.534224 0.35508 1.59107 
0.83927 0.517361 0.364444 1.64256 
0.806523 0.510438 0.380159 1.58166 
0.826106 0.524383 0.365834 1.62219 
0.783326 0.57991 0.223101 1.53662 
0.765689 0.579636 0.247765 1.50823 
0.752432 0.578318 0.23174 1.48465 
0.760802 0.576778 0.233122 1.493 
0.824847 0.5752 0.27363 1.61608 
0.802648 0.57772 0.282732 1.5781 
0.809845 0.583166 0.262568 1.58982 
0.817694 0.582108 0.274581 1.6085 
0.777451 0.571636 0.29026 1.5288 
0.746248 0.562086 0.30274 1.47102 
0.757792 0.572543 0.274879 1.49037 
0.769004 0.571613 0.290139 1.5165 
0.91169 0.375097 0.451001 1.77332 
0.957855 0.317388 0.437834 1.84873 
0.920784 0.319773 0.471234 1.79447 
0.932732 0.326077 0.450875 1.80082 
0.694171 0.507569 0.379491 1.38376 
0.774981 0.495977 0.398536 1.52574 
0.755225 0.468261 0.425283 1.49476 
0.756181 0.494052 0.41261 1.50755 
0.921375 0.431739 0.40164 1.78782 
0.95368 0.392168 0.399661 1.84181 
0.918056 0.40884 0.426922 1.78427 
0.925749 0.403854 0.40223 1.78454 
0.931818 0.450488 0.383504 1.81119 
0.934551 0.463654 0.366423 1.81576 
0.961242 0.435138 0.359857 1.85968 
0.937004 0.443191 0.365223 1.81033 
0.789163 0.517676 0.373209 1.5508 
0.757657 0.544565 0.334705 1.49304 
0.794145 0.53925 0.345314 1.56025 
0.782896 0.539538 0.355433 1.54625 
0.743147 0.573049 0.259795 1.46393 
0.7034 0.563666 0.271936 1.39459 
0.724362 0.56996 0.246812 1.42943 
0.733745 0.573012 0.257872 1.45305 
0.794329 0.578498 0.280034 1.56312 
0.779429 0.578741 0.264011 1.53299 
0.802478 0.582899 0.257728 1.57542 
0.78619 0.578586 0.266307 1.54293 
0.737209 0.563749 0.302487 1.46111 
0.716393 0.565472 0.284312 1.42448 
0.749436 0.573826 0.272364 1.48043 
0.725663 0.564133 0.284952 1.43338 
0.986079 0.445295 0.287606 1.89551 
0.978138 0.457808 0.280002 1.88041 
0.99418 0.439715 0.268654 1.90641 
0.985307 0.440654 0.275573 1.88788 
0.983945 0.418254 0.329942 1.89286 
0.987031 0.428222 0.306253 1.89604 
0.998975 0.410877 0.303612 1.91611 
0.988984 0.417406 0.306432 1.89613 
0.960107 0.460213 0.314041 1.85098 
0.967319 0.461102 0.291156 1.8603 
0.975407 0.448049 0.301672 1.87632 
0.967628 0.458944 0.301096 1.86334 
1.00073 0.494911 0.0683919 1.91226 
1.00083 0.49497 0.068694 1.91256 
1.00061 0.495389 0.0688706 1.91225 
1.00077 0.49515 0.0685433 1.91247 
1.00024 0.495447 0.0677264 1.91147 
1.00056 0.495241 0.067968 1.91199 
1.00027 0.495539 0.0682514 1.91152 
1.00039 0.495459 0.0679343 1.91172 
1.00139 0.494861 0.0648506 1.91361 
1.00012 0.495236 0.0644339 1.91131 
1.0008 0.495434 0.0624784 1.91268 
1.00082 0.49558 0.0637108 1.91288 
1.01265 0.46214 0.116209 1.9298 
1.01727 0.452619 0.116752 1.93674 
1.01311 0.46083 0.123113 1.93117 
1.01426 0.459812 0.121082 1.93319 
1.00361 0.477485 0.118704 1.91555 
1.00848 0.470125 0.118642 1.92374 
1.00771 0.469467 0.125069 1.92242 
1.00718 0.472045 0.119322 1.9216 
1.0104 0.468003 0.104145 1.92569 
1.01501 0.459546 0.103746 1.9329 
1.01196 0.463428 0.109648 1.92795 
1.01258 0.466415 0.107131 1.93052 
1.02689 0.439292 0.104734 1.95299 
1.0267 0.435962 0.117133 1.95251 
1.02344 0.443819 0.113855 1.94751 
1.02596 0.4422 0.111158 1.95264 
1.00566 0.468694 0.127141 1.91742 
1.00101 0.477848 0.127812 1.91072 
1.00208 0.478472 0.119468 1.91247 
1.00252 0.477129 0.126906 1.91386 
1.03857 0.414742 0.113265 1.97247 
1.04366 0.403437 0.112878 1.98063 
1.04165 0.406261 0.12108 1.97768 
1.04156 0.406039 0.118082 1.977 
1.04607 0.387565 0.15218 1.98574 
1.04353 0.396933 0.1485 1.98241 
1.04644 0.392271 0.1441 1.9872 
1.04561 0.395495 0.149035 1.98706 
1.00134 0.494321 0.0671371 1.91333 
1.00135 0.493677 0.0680762 1.91311 
1.00095 0.494647 0.0677738 1.91261 
1.00135 0.494208 0.0674279 1.91331 
1.0044 0.488691 0.0702107 1.91809 
1.00368 0.490365 0.0678999 1.91702 
1.00537 0.4886 0.0677175 1.92017 
1.00484 0.488304 0.0685379 1.91882 
1.0022 0.491962 0.0729255 1.91462 
1.00112 0.493161 0.0731643 1.91266 
1.0014 0.493134 0.0714262 1.91319 
1.00162 0.492246 0.0724702 1.91335 
0.972626 0.263548 0.43762 1.86557 
0.984611 0.203473 0.447728 1.89736 
0.935783 0.259487 0.47279 1.80903 
0.960257 0.248039 0.461044 1.85704 
0.977079 0.454142 0.269229 1.87295 
0.984948 0.451713 0.25516 1.88628 
0.992275 0.436517 0.25834 1.89759 
0.985804 0.453091 0.262717 1.89108 
0.945539 0.483591 0.302469 1.82573 
0.960575 0.46896 0.29037 1.84842 
0.951584 0.470951 0.312245 1.83636 
0.952888 0.473175 0.304719 1.8377 
0.945438 0.490298 0.295285 1.82647 
0.945208 0.492912 0.279207 1.822 
0.959336 0.476411 0.285025 1.84755 
0.947009 0.484007 0.282331 1.82244 
1.04869 0.208936 0.343005 1.99716 
1.01616 0.19075 0.417712 1.95734 
1.00715 0.258447 0.413073 1.93511 
1.02506 0.195135 0.378703 1.94978 
1.05234 0.248571 0.291372 1.99187 
1.03612 0.290572 0.318059 1.97037 
1.04477 0.297401 0.279772 1.98132 
1.04494 0.277659 0.311914 1.9865 
1.09807 0.114519 0.180781 2.07316 
1.07492 0.198985 0.261318 2.03297 
1.0934 0.19327 0.154599 2.05862 
1.09349 0.12455 0.186842 2.05772 
1.05647 0.0821447 0.338666 2.01296 
1.02501 0.113417 0.384111 1.95314 
1.05616 0.133105 0.305292 1.99076 
1.04446 0.117241 0.368363 1.99642 
0.931144 0.424388 0.384284 1.79695 
0.963804 0.409625 0.35771 1.85286 
0.959586 0.388954 0.379739 1.84396 
0.957524 0.413433 0.381796 1.8509 
1.0347 0.371117 0.209488 1.96212 
1.03075 0.374259 0.217538 1.95525 
1.02813 0.387476 0.207932 1.95162 
1.03201 0.382166 0.214303 1.96049 
