1.00031 0.494904 0.0693248 1.91145 
1.00054 0.494707 0.069082 1.91205 
1.00061 0.494547 0.0694882 1.91186 
1.00046 0.494649 0.0693014 1.91154 
0.976093 0.500574 0.168688 1.87127 
0.979832 0.494719 0.180351 1.87756 
0.969607 0.504408 0.18338 1.86075 
0.97457 0.499184 0.177445 1.86819 
0.981711 0.495337 0.164269 1.88039 
0.990854 0.485204 0.160991 1.89523 
0.985214 0.488575 0.173618 1.88592 
0.9868 0.490206 0.165708 1.88886 
0.977844 0.510772 0.144595 1.87488 
0.976396 0.514304 0.157926 1.8709 
0.964481 0.527188 0.150393 1.85299 
0.973397 0.51555 0.153568 1.86679 
0.980563 0.506366 0.142615 1.87821 
0.989764 0.491941 0.153818 1.89325 
0.980323 0.502974 0.156372 1.87716 
0.983655 0.50298 0.150488 1.88296 
0.983883 0.503289 0.140959 1.88391 
0.995572 0.486367 0.138065 1.90236 
0.992666 0.487622 0.147931 1.89755 
0.991451 0.49261 0.142657 1.89669 
1.0133 0.457541 0.132183 1.93379 
1.01929 0.451118 0.122498 1.9408 
1.01933 0.447416 0.132497 1.94292 
1.01794 0.452074 0.128925 1.94046 
0.993834 0.494724 0.113176 1.90004 
0.998822 0.487728 0.114477 1.90745 
0.996565 0.48762 0.124001 1.90408 
0.996809 0.490946 0.116222 1.90416 
1.02633 0.446246 0.0960646 1.95309 
1.03125 0.4402 0.0861051 1.9621 
1.03242 0.434835 0.0942635 1.96196 
1.02997 0.440487 0.092113 1.95927 
1.0114 0.466978 0.115901 1.92901 
1.01446 0.463693 0.108243 1.93302 
1.01667 0.457847 0.115174 1.93656 
1.01466 0.462866 0.113148 1.93403 
1.02486 0.448639 0.0731259 1.94934 
1.02438 0.455573 0.0616719 1.95096 
1.029 0.443321 0.0632187 1.95645 
1.02683 0.447694 0.0654044 1.95297 
1.01603 0.466387 0.102493 1.93802 
1.01496 0.463502 0.0955101 1.93429 
1.01945 0.459062 0.099372 1.94314 
1.01698 0.463689 0.098978 1.9393 
1.01224 0.470798 0.0878542 1.92974 
1.00887 0.476426 0.0868309 1.92417 
1.01117 0.476661 0.0815036 1.92862 
1.01127 0.474372 0.0848402 1.92841 
1.03875 0.427294 0.070791 1.97306 
1.03355 0.43711 0.0760736 1.96576 
1.03365 0.437231 0.0650468 1.96564 
1.03527 0.434849 0.0704473 1.96851 
1.05523 0.385462 0.0892695 1.99792 
1.05237 0.38907 0.101821 1.99318 
1.04904 0.399796 0.0933586 1.98969 
1.05235 0.391076 0.0951014 1.99421 
1.02755 0.439722 0.114015 1.95441 
1.02266 0.448759 0.114202 1.94672 
1.02431 0.449914 0.104872 1.9505 
1.02539 0.446557 0.110932 1.95196 
1.03833 0.418835 0.111021 1.97151 
1.03338 0.428032 0.113702 1.96341 
1.03523 0.429559 0.103847 1.96891 
1.03634 0.425533 0.109059 1.96897 
1.04372 0.413097 0.0975969 1.98211 
1.04188 0.413707 0.105655 1.97738 
1.03821 0.426518 0.0996041 1.97496 
1.04112 0.418433 0.101534 1.9779 
1.04285 0.418949 0.0782264 1.98073 
1.04395 0.415563 0.0892539 1.98238 
1.03831 0.425614 0.0923757 1.97283 
1.04151 0.420219 0.0866059 1.97847 
1.0524 0.397194 0.0754017 1.99516 
1.05469 0.38796 0.081831 1.99792 
1.04946 0.40138 0.0869028 1.9905 
1.05218 0.395433 0.0810431 1.99453 
1.03979 0.411514 0.126234 1.9737 
1.0345 0.424188 0.119302 1.96521 
1.03992 0.413369 0.117179 1.97386 
1.03759 0.416092 0.120872 1.9696 
1.05026 0.384762 0.127893 1.98958 
1.04397 0.398887 0.129419 1.97964 
1.05063 0.389865 0.118199 1.9913 
1.04879 0.391248 0.12532 1.98797 
1.03209 0.423016 0.139633 1.962 
1.03268 0.425689 0.123823 1.96187 
1.03753 0.413478 0.132491 1.97002 
1.03469 0.420597 0.13215 1.96596 
1.03089 0.43609 0.110676 1.96087 
1.02642 0.446679 0.102002 1.95385 
1.03264 0.435099 0.101925 1.96401 
1.02953 0.440034 0.105139 1.95905 
1.0255 0.441852 0.129639 1.94861 
1.02303 0.446567 0.119863 1.94693 
1.0286 0.434901 0.120435 1.9555 
1.02529 0.440682 0.124203 1.94976 
1.02493 0.424404 0.165369 1.95349 
1.01891 0.435037 0.168184 1.94317 
1.02626 0.427034 0.153062 1.95686 
1.02358 0.427936 0.161586 1.95104 
1.00691 0.467219 0.130629 1.92403 
1.00163 0.477222 0.131769 1.91464 
1.00646 0.470174 0.1228 1.92224 
1.00573 0.471583 0.128579 1.92147 
1.02483 0.43032 0.148291 1.95286 
1.0189 0.438047 0.160763 1.94397 
1.02168 0.438856 0.142709 1.94783 
1.02186 0.435572 0.151284 1.94908 
1.01117 0.448635 0.168648 1.92985 
1.0037 0.458885 0.170902 1.91767 
1.0082 0.456668 0.159007 1.92559 
1.00795 0.454727 0.16679 1.92521 
1.01204 0.470053 0.0930695 1.92979 
1.00782 0.479009 0.0981383 1.92377 
1.00791 0.477593 0.090554 1.92318 
1.00927 0.474967 0.0947135 1.92556 
1.02034 0.454775 0.111759 1.94351 
1.01718 0.462573 0.106627 1.93855 
1.0218 0.455046 0.103901 1.94664 
1.01929 0.457831 0.107305 1.94159 
1.00937 0.471748 0.112164 1.92675 
1.0073 0.47689 0.10467 1.92289 
1.01192 0.46894 0.105838 1.92908 
1.00884 0.473153 0.107576 1.92498 
1.02896 0.211503 0.391104 1.96067 
1.02538 0.25819 0.366648 1.95258 
1.04243 0.23314 0.341243 1.98122 
1.0331 0.235794 0.36435 1.96565 
0.916738 0.347412 0.477378 1.77487 
0.955982 0.2946 0.467088 1.84071 
0.916673 0.307467 0.501989 1.7757 
0.930259 0.319296 0.482415 1.79771 
0.982731 0.321085 0.405447 1.88349 
1.00931 0.289641 0.384871 1.92732 
0.987837 0.290206 0.418168 1.89189 
0.993908 0.300421 0.402783 1.90131 
0.995228 0.469909 0.182438 1.9038 
0.986458 0.476702 0.199749 1.88938 
0.987255 0.481477 0.186675 1.89004 
0.990062 0.476072 0.188688 1.89522 
1.01586 0.473673 0.0524194 1.93559 
1.01956 0.46578 0.056566 1.94165 
1.0158 0.472789 0.0602303 1.9359 
1.01629 0.470575 0.0560571 1.9354 
1.04063 0.427329 -0.0181485 1.97421 
1.03513 0.438761 -0.0194437 1.96549 
1.03864 0.431101 -0.0264002 1.97137 
1.03865 0.432312 -0.0213599 1.97146 
1.02068 0.468915 0.00867875 1.94473 
1.02397 0.461746 0.00135876 1.94914 
1.02566 0.460366 0.00821378 1.95313 
1.02362 0.464137 0.00613258 1.94956 
1.01908 0.471042 0.00695236 1.94174 
1.01753 0.47168 -0.00083186 1.9378 
1.022 0.464811 -0.0015167 1.94552 
1.01899 0.469002 0.00149612 1.94046 
1.01525 0.475622 0.0226622 1.93549 
1.0182 0.472173 0.0160804 1.94071 
1.02002 0.46665 0.0216838 1.94305 
1.01823 0.471436 0.0202281 1.94082 
1.01213 0.482036 0.0231671 1.93077 
1.00831 0.486611 0.0238346 1.92313 
1.01114 0.483091 0.0180744 1.92801 
1.01061 0.484383 0.0214998 1.92753 
1.00813 0.482848 0.00225773 1.92468 
1.00774 0.482814 -0.00570319 1.92463 
1.01235 0.480025 -0.00293292 1.92955 
1.01009 0.4821 -0.00171299 1.92708 
1.01901 0.468445 -0.0230346 1.94117 
1.01534 0.475095 -0.0272675 1.9368 
1.01824 0.468863 -0.0305815 1.94029 
1.01706 0.470882 -0.0277203 1.93856 
1.0124 0.475274 0.0676155 1.92974 
1.01068 0.477409 0.0740269 1.92738 
1.0092 0.481333 0.0684291 1.92558 
1.01124 0.477676 0.0705129 1.9292 
1.01204 0.477977 0.0541101 1.92849 
1.01273 0.476874 0.0584468 1.93035 
1.00694 0.485972 0.0602807 1.9229 
1.0111 0.480453 0.0570619 1.92912 
1.0224 0.459889 0.0648564 1.9487 
1.02266 0.455891 0.0750947 1.94679 
1.01829 0.46568 0.0756598 1.94238 
1.02072 0.460514 0.0721715 1.94477 
1.02971 0.442674 0.0553318 1.95761 
1.02448 0.455043 0.0560258 1.95035 
1.0278 0.448241 0.0456381 1.95479 
1.02722 0.447193 0.0524597 1.95343 
1.02818 0.444187 0.0837448 1.95658 
1.02476 0.449317 0.092782 1.95135 
1.02411 0.448074 0.0829393 1.94837 
1.02615 0.447231 0.0870929 1.95337 
1.07177 0.351167 0.0165063 2.02902 
1.07274 0.348715 0.0165552 2.03052 
1.07224 0.34905 0.0180899 2.02918 
1.07226 0.349687 0.0170799 2.02963 
1.07024 0.355437 0.0170848 2.02675 
1.07097 0.353305 0.016658 2.02782 
1.07096 0.352964 0.0179662 2.02731 
1.07075 0.353908 0.0172166 2.02736 
1.07266 0.350019 0.0102863 2.0316 
1.07343 0.347958 0.007657 2.03268 
1.07392 0.346242 0.0107916 2.0334 
1.07321 0.348083 0.00949341 2.03236 
1.07054 0.35509 0.0136988 2.02805 
1.07155 0.35287 0.0125014 2.0298 
1.07122 0.35319 0.0148792 2.02874 
1.07109 0.353801 0.013767 2.0289 
1.0703 0.355556 0.0126888 2.02743 
1.07012 0.356107 0.0104026 2.02659 
1.07123 0.353501 0.0112702 2.02906 
1.07061 0.355044 0.0113826 2.0279 
1.0769 0.335623 0.0221369 2.03667 
1.07605 0.339044 0.0187069 2.03564 
1.07717 0.33547 0.0176011 2.0375 
1.07654 0.336748 0.0194769 2.03615 
1.07385 0.342404 0.0246627 2.03145 
1.07361 0.342982 0.0240177 2.03103 
1.07384 0.342531 0.0235592 2.03141 
1.07374 0.342674 0.0240728 2.03125 
1.07314 0.342973 0.0280117 2.02997 
1.07368 0.342317 0.0261765 2.03107 
1.07383 0.341536 0.0279071 2.03119 
1.07358 0.34232 0.0273486 2.03084 
1.07271 0.344964 0.0341735 2.02975 
1.07296 0.34395 0.0298235 2.02986 
1.07381 0.341763 0.0300614 2.03129 
1.07312 0.343221 0.030961 2.02976 
1.07182 0.34647 0.0266244 2.02768 
1.07259 0.344551 0.0260069 2.02898 
1.07247 0.345025 0.0275823 2.02891 
1.07228 0.345325 0.0267829 2.02848 
1.07322 0.343425 0.0255182 2.03019 
1.07352 0.34312 0.0250483 2.03077 
1.07359 0.342843 0.0253773 2.03094 
1.07346 0.343109 0.0254216 2.03067 
1.07438 0.343004 0.0201344 2.03264 
1.07523 0.341442 0.0194481 2.03429 
1.07506 0.340747 0.0217484 2.03363 
1.07484 0.341696 0.0204224 2.03337 
1.07248 0.347076 0.0195154 2.02908 
1.07324 0.345117 0.0199453 2.03043 
1.07261 0.345568 0.0206637 2.02912 
1.07281 0.345941 0.020062 2.02962 
1.07194 0.347296 0.020881 2.02797 
1.07217 0.347549 0.0197638 2.02851 
1.07233 0.346133 0.0207997 2.0286 
1.0721 0.346934 0.0204717 2.02822 
1.07134 0.351408 0.0183905 2.02769 
1.07145 0.351821 0.0170179 2.02837 
1.07189 0.349679 0.0184704 2.02849 
1.07156 0.351015 0.0179303 2.02816 
1.07158 0.348745 0.0226597 2.02771 
1.07136 0.349556 0.0217919 2.02725 
1.07174 0.348179 0.0216367 2.02782 
1.07158 0.348842 0.0220809 2.02763 
1.07076 0.353987 0.0192393 2.02702 
1.07026 0.355646 0.0178103 2.02681 
1.07096 0.353209 0.0186956 2.02733 
1.07066 0.354304 0.0185212 2.02701 
1.07373 0.346075 0.0169726 2.03213 
1.0748 0.342837 0.0181293 2.03369 
1.07402 0.344354 0.0191035 2.03216 
1.07425 0.344504 0.0180879 2.03285 
1.07004 0.356135 0.0163693 2.02672 
1.07012 0.355937 0.0147486 2.02726 
1.07081 0.354024 0.0157337 2.0279 
1.07031 0.355422 0.0155589 2.02726 
1.06956 0.357875 0.0192997 2.02566 
1.06985 0.357121 0.0178092 2.02645 
1.07 0.356325 0.0189213 2.02625 
1.06985 0.357354 0.0185724 2.02632 
1.07213 0.35112 0.00890128 2.03047 
1.0718 0.352162 0.00475404 2.02923 
1.07279 0.349483 0.00605465 2.03135 
1.07237 0.350871 0.00658333 2.03076 
1.06958 0.357397 0.016145 2.02616 
1.06891 0.358667 0.0151671 2.02509 
1.06967 0.357035 0.014641 2.02651 
1.06935 0.357787 0.0153017 2.0259 
1.06851 0.361772 0.011556 2.02235 
1.06862 0.362266 0.00743077 2.02201 
1.06936 0.359184 0.00934904 2.02428 
1.06882 0.361109 0.00925092 2.02276 
1.06912 0.361328 0.00543449 2.02302 
1.07045 0.356597 0.004333 2.02637 
1.06982 0.357712 0.00755968 2.02513 
1.06986 0.358478 0.00589285 2.02486 
1.06748 0.365621 0.0118991 2.01995 
1.06817 0.363798 0.00823419 2.02095 
1.06803 0.363425 0.0120612 2.02118 
1.06781 0.364246 0.0108302 2.02039 
1.06709 0.366988 -0.00213002 2.0188 
1.06903 0.360823 -0.00366019 2.02244 
1.06809 0.36333 0.00217114 2.02066 
1.06812 0.36368 -0.00113489 2.02077 
1.06244 0.37951 -0.000170248 2.01003 
1.06503 0.372795 -0.00034149 2.01494 
1.06426 0.373582 0.00706355 2.0132 
1.06374 0.374894 0.00196576 2.01238 
1.07212 0.351608 -0.0234552 2.02869 
1.06944 0.359103 -0.023148 2.02356 
1.07057 0.355546 -0.0330755 2.02597 
1.07053 0.355379 -0.0263001 2.02568 
1.06163 0.379928 -0.00455747 2.0085 
1.06306 0.375848 -0.0114989 2.01145 
1.06432 0.372823 -0.00502187 2.01368 
1.06308 0.376181 -0.00683427 2.01142 
1.06598 0.359788 -0.0672657 2.01904 
1.06214 0.368554 -0.0716079 2.01251 
1.06448 0.361442 -0.0777732 2.01705 
1.06435 0.363223 -0.0721741 2.0166 
1.07253 0.335885 -0.101075 2.03084 
1.07455 0.33158 -0.0945297 2.03434 
1.07159 0.341027 -0.0934303 2.02997 
1.07286 0.336251 -0.0962953 2.03172 
1.07777 0.324749 -0.080056 2.03931 
1.07439 0.336256 -0.0778011 2.03414 
1.0764 0.328004 -0.0870628 2.03736 
1.07641 0.329545 -0.0816098 2.03743 
1.08508 0.304115 -0.0766116 2.05003 
1.08426 0.304886 -0.065492 2.04924 
1.08157 0.313553 -0.0761527 2.04551 
1.08338 0.307052 -0.0731288 2.04791 
1.07994 0.325453 -0.0484423 2.04338 
1.07639 0.334778 -0.0536873 2.03693 
1.07884 0.326886 -0.0579625 2.04136 
1.07841 0.329342 -0.0533325 2.04083 
1.06816 0.354529 -0.0672231 2.02311 
1.06686 0.355759 -0.0786504 2.02137 
1.07096 0.346084 -0.0738968 2.02825 
1.06856 0.352077 -0.0733055 2.02397 
1.07393 0.342599 -0.0480162 2.03276 
1.07472 0.341735 -0.0386907 2.03401 
1.07138 0.35182 -0.0411688 2.02779 
1.07351 0.345389 -0.0428033 2.03231 
1.07749 0.330399 -0.0633825 2.03944 
1.07526 0.337591 -0.0582466 2.03511 
1.07456 0.337728 -0.0688951 2.03451 
1.07557 0.335278 -0.0636427 2.0359 
1.07918 0.328154 -0.0433542 2.04194 
1.07702 0.335637 -0.0387049 2.03782 
1.07613 0.336542 -0.0488206 2.0364 
1.07731 0.333419 -0.0438156 2.03833 
1.08357 0.311138 -0.0564808 2.04826 
1.08122 0.319857 -0.0484711 2.04503 
1.08057 0.320825 -0.0593027 2.04391 
1.08201 0.317244 -0.0548553 2.04631 
1.08057 0.317491 -0.0732621 2.04409 
1.08357 0.30999 -0.0631159 2.04858 
1.08058 0.320315 -0.0649763 2.04425 
1.08123 0.31624 -0.0669925 2.04484 
1.09316 0.276839 -0.0639655 2.06124 
1.09678 0.266479 -0.0519488 2.06686 
1.09222 0.278833 -0.0494116 2.0615 
1.09388 0.274596 -0.0555476 2.0624 
1.07968 0.328168 -0.0241255 2.04248 
1.07752 0.333581 -0.0331547 2.03842 
1.0806 0.32541 -0.0365272 2.04433 
1.07933 0.32872 -0.0313982 2.04194 
1.08063 0.324078 -0.0036171 2.04348 
1.08037 0.325333 -0.0134847 2.04334 
1.08315 0.31648 -0.0099519 2.04768 
1.08175 0.322286 -0.00880934 2.04586 
1.08618 0.308305 0.00646794 2.0526 
1.08222 0.320572 0.00101069 2.04632 
1.08542 0.310233 -0.00479183 2.05149 
1.08405 0.312875 0.000877418 2.04858 
1.07669 0.336883 0.0128529 2.0371 
1.07517 0.342194 0.0115117 2.03511 
1.07603 0.339042 0.00805642 2.0364 
1.07574 0.339437 0.0108295 2.03571 
1.06672 0.366253 -0.0163224 2.01821 
1.06569 0.3694 -0.00755748 2.01625 
1.06432 0.372476 -0.0148849 2.01385 
1.06571 0.369375 -0.0128995 2.01649 
1.07712 0.335014 -0.015808 2.03778 
1.07469 0.342065 -0.00949642 2.0335 
1.07424 0.344101 -0.0173046 2.03257 
1.07558 0.340492 -0.0143264 2.03531 
1.07051 0.356187 0.00135325 2.0258 
1.06898 0.361199 0.00283269 2.02247 
1.07017 0.357924 -0.00263141 2.02483 
1.06981 0.358401 0.000576615 2.02413 
1.05391 0.39416 -0.0616732 1.99813 
1.05467 0.394356 -0.0499672 1.99898 
1.05176 0.400806 -0.0573512 1.9947 
1.05367 0.396406 -0.0564361 1.9978 
1.07249 0.342736 -0.0683384 2.03064 
1.07328 0.342438 -0.0585791 2.03167 
1.06978 0.351428 -0.0624231 2.0257 
1.07204 0.345211 -0.0630221 2.02967 
1.06145 0.377375 -0.0396954 2.00947 
1.05758 0.387246 -0.0444845 2.00328 
1.06078 0.377909 -0.0484679 2.00868 
1.06022 0.380889 -0.044417 2.00783 
1.06744 0.362586 -0.0418774 2.02036 
1.06409 0.371567 -0.0388197 2.01424 
1.06353 0.371336 -0.0478845 2.01351 
1.06471 0.36852 -0.043008 2.01526 
1.06725 0.359749 -0.0569487 2.02069 
1.06834 0.359 -0.0456982 2.02198 
1.06386 0.36905 -0.0528636 2.01407 
1.06682 0.362413 -0.0520523 2.01959 
1.07453 0.343298 -0.032805 2.03386 
1.07327 0.34758 -0.0253117 2.0308 
1.07208 0.352361 -0.0356744 2.02878 
1.07351 0.347504 -0.0314671 2.03152 
1.06909 0.354326 -0.0567211 2.02422 
1.07258 0.345909 -0.0528744 2.03073 
1.07019 0.354505 -0.0448087 2.02556 
1.07066 0.352088 -0.0515787 2.0271 
1.07343 0.346118 -0.00252214 2.03177 
1.07303 0.348073 0.00330265 2.03154 
1.0718 0.351513 0.00200128 2.02901 
1.07279 0.348818 0.00110637 2.031 
1.07297 0.348852 -0.0150118 2.0303 
1.07341 0.346807 -0.00849723 2.0314 
1.0712 0.354227 -0.0086472 2.0268 
1.07238 0.349991 -0.0105831 2.02911 
1.0694 0.359131 -0.0178637 2.02326 
1.07166 0.352433 -0.0174934 2.02757 
1.07022 0.356852 -0.0108012 2.02471 
1.07065 0.35616 -0.0154153 2.02564 
1.07648 0.33807 -0.0292044 2.03708 
1.07803 0.333355 -0.0217121 2.03971 
1.07478 0.343513 -0.0220063 2.03378 
1.07614 0.338284 -0.0244038 2.03609 
1.07875 0.330904 -0.0121333 2.04087 
1.07907 0.330109 -0.00331878 2.04141 
1.07588 0.339217 -0.00635388 2.03595 
1.07752 0.333544 -0.00721929 2.03846 
1.06205 0.3779 -0.0207713 2.00984 
1.05923 0.385012 -0.0240322 2.00484 
1.06187 0.377588 -0.0297064 2.00982 
1.06131 0.380275 -0.0249622 2.00894 
1.08386 0.31349 -0.0320259 2.04929 
1.08068 0.324036 -0.0233025 2.04387 
1.08144 0.320667 -0.0366462 2.04529 
1.08219 0.319636 -0.0310537 2.04673 
1.07355 0.343135 0.024364 2.03091 
1.07371 0.34274 0.0249569 2.03119 
1.07355 0.343192 0.0248365 2.03083 
1.07362 0.343025 0.0246222 2.03105 
1.0761 0.336855 0.0254332 2.03519 
1.07495 0.339042 0.0271077 2.03309 
1.07527 0.339243 0.0241275 2.03382 
1.07543 0.338288 0.0256928 2.03396 
1.07574 0.335651 0.0411996 2.03457 
1.07416 0.338753 0.0502972 2.03151 
1.07273 0.344203 0.0413787 2.02967 
1.07453 0.340082 0.0442553 2.03306 
1.08534 0.305549 0.0578375 2.05156 
1.08263 0.313782 0.0576605 2.04687 
1.08393 0.311563 0.0496759 2.04948 
1.08378 0.310453 0.0551095 2.0488 
1.08823 0.289855 0.0764968 2.05567 
1.08773 0.295001 0.0646221 2.05484 
1.09065 0.284751 0.0651404 2.05906 
1.08918 0.289847 0.0687096 2.05731 
1.08199 0.310456 0.0729837 2.04517 
1.0821 0.313422 0.0629755 2.04561 
1.08468 0.305268 0.0642662 2.05029 
1.08323 0.309839 0.066777 2.04792 
1.07365 0.340517 0.0754542 2.02933 
1.07642 0.332609 0.0707801 2.03429 
1.07624 0.330546 0.0817294 2.03381 
1.07554 0.334559 0.0762085 2.03256 
1.0674 0.357477 0.0695855 2.01826 
1.0709 0.350345 0.0608988 2.02421 
1.07078 0.34877 0.0707758 2.02387 
1.06976 0.351944 0.0671246 2.02203 
1.06971 0.355861 0.0475124 2.02266 
1.07248 0.349279 0.0451124 2.02737 
1.0714 0.350786 0.0516441 2.02552 
1.07141 0.3518 0.048272 2.02566 
1.05442 0.39296 0.06893 1.99818 
1.05854 0.38228 0.0611825 2.00353 
1.05748 0.382618 0.0746906 2.00198 
1.05694 0.385573 0.0685182 2.00147 
1.06757 0.364841 0.0230997 2.02028 
1.06743 0.364659 0.0253897 2.01966 
1.06681 0.366247 0.0219639 2.01841 
1.06716 0.365295 0.0234683 2.01921 
1.07826 0.33307 0.0223053 2.0393 
1.07678 0.33701 0.0244629 2.0374 
1.0773 0.336144 0.0218003 2.03763 
1.07743 0.335582 0.0229817 2.03805 
1.08085 0.323479 0.0182418 2.04275 
1.07957 0.328226 0.0205445 2.04105 
1.07986 0.325729 0.0165141 2.04131 
1.08013 0.325755 0.0183897 2.04165 
1.07772 0.332756 0.0278159 2.03937 
1.07674 0.336273 0.0258588 2.03766 
1.07835 0.332302 0.0238121 2.03976 
1.0777 0.333797 0.0257519 2.03914 
1.08011 0.325262 0.032983 2.04302 
1.07883 0.329329 0.0300621 2.04114 
1.08064 0.324111 0.0281063 2.04358 
1.07998 0.326274 0.0303541 2.04284 
1.08009 0.324135 0.045425 2.04286 
1.08074 0.323077 0.0390654 2.04429 
1.08224 0.317616 0.0435232 2.04684 
1.08078 0.321785 0.0426688 2.04431 
1.07899 0.327646 0.0441746 2.04048 
1.07768 0.332428 0.0396278 2.03841 
1.07927 0.326976 0.0382993 2.04194 
1.0788 0.32907 0.0406694 2.04066 
1.0814 0.317844 0.0553709 2.04458 
1.08008 0.322819 0.0492505 2.04249 
1.08228 0.316292 0.0479233 2.04666 
1.08144 0.319046 0.0508354 2.04506 
1.08721 0.299559 0.0457247 2.05435 
1.08654 0.301319 0.0549121 2.0531 
1.08472 0.308113 0.0465838 2.0506 
1.08647 0.302999 0.0489871 2.05337 
1.08535 0.309018 0.0342387 2.05109 
1.08722 0.30182 0.0402585 2.05417 
1.08447 0.309954 0.0417999 2.05044 
1.08533 0.306822 0.0386775 2.05135 
1.08933 0.296403 0.0301038 2.05673 
1.09173 0.287577 0.0343847 2.06068 
1.08958 0.295033 0.0384819 2.05759 
1.09006 0.293534 0.034242 2.05795 
1.08123 0.314725 0.0725884 2.04381 
1.07868 0.324881 0.0664432 2.03783 
1.08083 0.317673 0.0638666 2.04295 
1.08016 0.319177 0.0674522 2.04178 
1.07616 0.335051 0.0603381 2.03398 
1.07338 0.345087 0.0564675 2.02853 
1.07533 0.338126 0.0530926 2.03278 
1.07505 0.339596 0.056476 2.03194 
1.07925 0.327973 0.0352442 2.0419 
1.07743 0.33344 0.0369236 2.03855 
1.07815 0.331693 0.0322959 2.04018 
1.07811 0.331146 0.0349001 2.04004 
1.06858 0.359553 0.0218464 2.02348 
1.06852 0.358696 0.0217302 2.02293 
1.06858 0.35856 0.0215963 2.02302 
1.06857 0.358868 0.0217101 2.02314 
1.06818 0.361639 0.0222212 2.02347 
1.06848 0.360801 0.0220951 2.02375 
1.06827 0.361537 0.0225014 2.02381 
1.06834 0.361372 0.0222672 2.02371 
1.06771 0.361902 0.0234584 2.02354 
1.06758 0.362435 0.022936 2.02327 
1.06791 0.361823 0.0228671 2.02366 
1.06773 0.362136 0.0230852 2.02351 
1.06793 0.361828 0.0218023 2.02298 
1.06816 0.360901 0.0217521 2.02294 
1.06816 0.360743 0.0218845 2.02286 
1.06807 0.361197 0.0218035 2.02289 
1.06831 0.359937 0.0219296 2.02277 
1.06827 0.360143 0.0218159 2.02282 
1.06839 0.35898 0.0219462 2.02265 
1.06831 0.359701 0.0218943 2.02271 
1.06864 0.33181 0.140811 2.02462 
1.0727 0.321342 0.137794 2.03131 
1.0701 0.323663 0.14891 2.02748 
1.07029 0.325828 0.142917 2.02743 
1.05988 0.353794 0.148201 2.00876 
1.06452 0.341744 0.14421 2.01722 
1.06169 0.345392 0.154794 2.01417 
1.06184 0.347069 0.149153 2.01292 
1.0659 0.349917 0.125582 2.0184 
1.07039 0.335247 0.120645 2.02487 
1.06775 0.33744 0.131 2.02069 
1.068 0.34076 0.1264 2.02121 
1.06193 0.368317 0.0931964 2.00879 
1.06008 0.375644 0.0835948 2.00558 
1.06424 0.366076 0.0773332 2.0125 
1.06234 0.369604 0.0849584 2.00937 
1.05612 0.372736 0.125318 2.0002 
1.0609 0.366387 0.1107 2.00778 
1.06124 0.360881 0.121146 2.00828 
1.05943 0.366331 0.118994 2.00555 
1.0546 0.38373 0.104821 1.99726 
1.05802 0.379305 0.0903628 2.00257 
1.05922 0.37362 0.100577 2.00452 
1.05725 0.378813 0.0984306 2.00139 
1.07825 0.320518 0.0896746 2.03755 
1.08108 0.312551 0.0853472 2.04342 
1.08044 0.311142 0.0977126 2.04261 
1.07986 0.314712 0.0908581 2.04097 
1.0766 0.33595 0.0362853 2.03703 
1.0757 0.338668 0.0333414 2.03597 
1.07711 0.33457 0.0320015 2.03852 
1.07652 0.336489 0.0338607 2.03734 
1.07638 0.334631 0.0475221 2.03528 
1.07705 0.334058 0.0419536 2.03716 
1.07818 0.329746 0.0464966 2.03893 
1.07696 0.332841 0.0453895 2.03667 
1.07541 0.338032 0.0462479 2.03325 
1.07404 0.343025 0.0423249 2.03106 
1.07591 0.337324 0.0410217 2.03489 
1.07519 0.339335 0.0430989 2.03322 
1.07551 0.339265 0.0312841 2.03608 
1.07611 0.337939 0.0276404 2.03703 
1.07709 0.33491 0.0296921 2.03854 
1.07609 0.337458 0.0295185 2.03709 
1.07189 0.349912 0.0348158 2.02748 
1.07285 0.347346 0.0338846 2.02996 
1.07298 0.346924 0.0383248 2.02919 
1.07275 0.347835 0.0355947 2.02927 
1.07423 0.343484 0.0271682 2.03415 
1.07535 0.340118 0.0270661 2.03583 
1.07479 0.34129 0.0305615 2.035 
1.0748 0.341687 0.0282331 2.03509 
1.07307 0.348191 0.0239226 2.03161 
1.07333 0.346545 0.0257475 2.03245 
1.07228 0.349478 0.0265605 2.03079 
1.07283 0.348027 0.0254228 2.03158 
1.07339 0.345283 0.0181994 2.03089 
1.07278 0.347285 0.0188015 2.03003 
1.07291 0.346096 0.0171451 2.02989 
1.07301 0.346198 0.0180323 2.03023 
1.08199 0.320652 0.0237204 2.04523 
1.08208 0.320169 0.0196009 2.04477 
1.08389 0.314675 0.0190334 2.0476 
1.08265 0.318724 0.021063 2.04567 
1.07752 0.334769 0.0199714 2.0378 
1.07781 0.332235 0.0173597 2.03808 
1.07856 0.331762 0.0203824 2.03951 
1.07801 0.332883 0.019227 2.03858 
1.07562 0.341265 0.0214362 2.03482 
1.07659 0.338242 0.0214286 2.03637 
1.07613 0.338975 0.0240329 2.03623 
1.07616 0.339657 0.0223158 2.03589 
1.07623 0.336635 0.0162296 2.03521 
1.07636 0.335738 0.0143941 2.03526 
1.07721 0.333654 0.0153379 2.03683 
1.07653 0.335297 0.0153218 2.03555 
1.07894 0.326571 0.00592609 2.03948 
1.07831 0.329343 0.00415878 2.03737 
1.07916 0.326647 0.00282614 2.03866 
1.07887 0.327917 0.00438788 2.03889 
1.07812 0.330448 0.0144352 2.03821 
1.07839 0.329258 0.011752 2.03859 
1.07903 0.327488 0.0139701 2.03977 
1.07853 0.328988 0.0134092 2.03886 
1.07901 0.329983 0.0197939 2.04021 
1.07825 0.330599 0.0163769 2.03871 
1.07915 0.327563 0.0160262 2.0401 
1.07885 0.329241 0.0173444 2.0398 
1.07693 0.336047 0.0191972 2.03674 
1.07628 0.336639 0.0173596 2.03544 
1.07723 0.333615 0.0165766 2.03702 
1.07682 0.335354 0.017727 2.03644 
1.07617 0.335986 0.0124327 2.03501 
1.07601 0.336357 0.0107691 2.03475 
1.07664 0.334496 0.0107574 2.03578 
1.07624 0.335584 0.0113202 2.03513 
1.08962 0.293229 0.0117734 2.0563 
1.09131 0.285436 0.00627803 2.05875 
1.09131 0.286685 0.0146591 2.05917 
1.09107 0.288361 0.0109048 2.05871 
1.08546 0.306602 0.0184859 2.05012 
1.08765 0.299808 0.0155833 2.05338 
1.08738 0.300046 0.0223656 2.05334 
1.08702 0.302277 0.0184485 2.05275 
1.08417 0.313793 0.0274597 2.04855 
1.08241 0.319293 0.0254522 2.04593 
1.08432 0.312814 0.0214 2.04812 
1.08375 0.315521 0.0246364 2.04784 
1.088 0.299735 0.0372242 2.05498 
1.08612 0.307556 0.0312191 2.05167 
1.08803 0.301828 0.0296497 2.0544 
1.08761 0.3031 0.0327061 2.05417 
1.08288 0.314454 0.0405281 2.04793 
1.08139 0.320506 0.0361732 2.04513 
1.08366 0.313958 0.0336816 2.04833 
1.08282 0.316282 0.0367915 2.04766 
1.08771 0.297778 -0.0035478 2.05368 
1.08627 0.3029 -0.0027308 2.05145 
1.08694 0.301642 -0.00744923 2.05191 
1.08699 0.300435 -0.00480179 2.05245 
1.0824 0.316834 0.0120965 2.04483 
1.08336 0.313604 0.0106702 2.04622 
1.08406 0.31209 0.0146808 2.04722 
1.08339 0.31418 0.0125071 2.04636 
1.08181 0.318307 0.0100325 2.04406 
1.0816 0.318638 0.00641289 2.04385 
1.08274 0.315362 0.00875141 2.0454 
1.08205 0.317412 0.00839898 2.04441 
1.0845 0.31037 0.0148809 2.04789 
1.084 0.311634 0.0104546 2.04724 
1.08547 0.307208 0.0091565 2.04955 
1.08477 0.309889 0.0117459 2.04854 
1.07348 0.343677 0.014297 2.03056 
1.07307 0.344913 0.0136328 2.02983 
1.07363 0.343242 0.0131179 2.03084 
1.07341 0.343971 0.0136638 2.03045 
1.04686 0.404159 0.0986773 1.98602 
1.04931 0.395014 0.107243 1.98871 
1.0443 0.405512 0.109137 1.98051 
1.0469 0.40089 0.104294 1.98452 
1.06072 0.379557 0.0482682 2.00653 
1.05945 0.3853 0.0373974 2.00432 
1.06239 0.376352 0.0405373 2.00932 
1.06075 0.380297 0.0418181 2.00673 
1.07089 0.342383 0.0980718 2.02492 
1.07493 0.330806 0.0946731 2.03164 
1.07312 0.332732 0.106566 2.02886 
1.07309 0.335375 0.0999574 2.02873 
1.06826 0.358295 0.0741536 2.01933 
1.07087 0.348703 0.0769306 2.02474 
1.06925 0.349087 0.0874769 2.02118 
1.06935 0.351146 0.0790437 2.02112 
1.06142 0.376761 0.0611931 2.00792 
1.06372 0.369162 0.069668 2.01158 
1.05994 0.377112 0.075919 2.00544 
1.06179 0.374104 0.0687619 2.00834 
1.06289 0.373311 0.0556716 2.00986 
1.06709 0.362783 0.0523685 2.01743 
1.06555 0.364958 0.0635729 2.01449 
1.06533 0.366799 0.0573572 2.01412 
1.07278 0.346358 0.0599038 2.02813 
1.07541 0.337073 0.0648064 2.03239 
1.07312 0.344109 0.0691646 2.02857 
1.07372 0.34275 0.0642366 2.02947 
1.06493 0.343278 0.137127 2.01638 
1.06022 0.35473 0.141755 2.00814 
1.06303 0.353944 0.130933 2.01305 
1.06305 0.35002 0.135937 2.01278 
1.06757 0.328201 0.154048 2.02324 
1.06363 0.338542 0.156527 2.01707 
1.06636 0.335825 0.14527 2.02082 
1.066 0.334535 0.151885 2.02112 
1.07525 0.307787 0.14838 2.03477 
1.07182 0.317299 0.151234 2.02947 
1.0744 0.315157 0.139497 2.03398 
1.07387 0.313499 0.146299 2.03296 
1.07557 0.304281 0.155133 2.03508 
1.07433 0.304302 0.166281 2.03296 
1.07164 0.314954 0.157518 2.02886 
1.07348 0.307621 0.159504 2.03131 
1.059 0.349782 0.16014 2.00961 
1.05459 0.359758 0.164925 2.00232 
1.05742 0.358117 0.152912 2.00499 
1.05723 0.356007 0.159489 2.00663 
1.01698 0.423779 0.204735 1.94213 
1.02415 0.407166 0.201308 1.95247 
1.01984 0.41115 0.216283 1.94713 
1.01965 0.414588 0.207444 1.94628 
1.05752 0.342074 0.184953 2.0059 
1.05963 0.329038 0.192595 2.00827 
1.05427 0.345708 0.192363 1.99994 
1.05713 0.339223 0.189435 2.00464 
1.06168 0.339635 0.1662 2.01396 
1.06347 0.330222 0.174261 2.01591 
1.05973 0.340079 0.175907 2.01032 
1.06175 0.336875 0.171952 2.01381 
1.06976 0.318284 0.161525 2.02579 
1.07221 0.30758 0.170546 2.02927 
1.06827 0.318798 0.17266 2.02345 
1.0701 0.315015 0.167722 2.02613 
1.07912 0.273642 0.177343 2.03975 
1.07908 0.269351 0.18688 2.04023 
1.07486 0.281575 0.187696 2.03323 
1.07772 0.274528 0.18399 2.03788 
1.0882 0.265803 0.138224 2.05471 
1.09024 0.254228 0.139578 2.05767 
1.08747 0.259842 0.149549 2.05295 
1.08878 0.259449 0.142285 2.0553 
1.08787 0.251328 0.166256 2.05372 
1.08659 0.255058 0.169604 2.05164 
1.0871 0.256687 0.160616 2.05237 
1.08714 0.254932 0.166139 2.05261 
1.09506 0.0847206 0.26884 2.07486 
1.12374 -0.05088 0.127805 2.1277 
1.0866 -0.0866115 0.249506 2.04966 
1.09185 -0.0219229 0.227886 2.05486 
1.06332 0.287419 0.235496 2.01477 
1.05793 0.304726 0.237208 2.0058 
1.06222 0.301134 0.22224 2.01166 
1.06178 0.298923 0.231601 2.01225 
1.07252 0.241367 0.24348 2.03241 
1.06954 0.260996 0.23718 2.02596 
1.07872 0.243757 0.222491 2.04169 
1.07286 0.248115 0.23419 2.02989 
1.05489 0.289972 0.260513 2.00269 
1.05604 0.299725 0.244272 2.00331 
1.0618 0.281249 0.244333 2.0132 
1.05711 0.289074 0.249214 2.00527 
1.09178 0.159225 0.210666 2.05516 
1.10119 0.123435 0.165028 2.05896 
1.08689 0.136334 0.248623 2.05247 
1.1067 0.143547 0.232618 2.0863 
1.08355 0.243233 0.196648 2.0455 
1.08316 0.252849 0.189342 2.04543 
1.08756 0.244498 0.182471 2.05275 
1.08476 0.245924 0.190064 2.04801 
1.0568 0.277334 0.266965 2.00492 
1.06356 0.268525 0.246072 2.0155 
1.06477 0.251756 0.256658 2.01651 
1.06342 0.266749 0.257308 2.01713 
1.07476 0.275306 0.202782 2.03299 
1.07379 0.282755 0.194218 2.0317 
1.07863 0.268689 0.19318 2.03969 
1.07563 0.275906 0.197343 2.03483 
1.06932 0.268872 0.230665 2.0249 
1.0732 0.26751 0.213479 2.02957 
1.07744 0.253079 0.216071 2.03721 
1.07413 0.263067 0.220854 2.03289 
1.06739 0.281269 0.229877 2.02296 
1.06535 0.29555 0.217678 2.0169 
1.07079 0.278292 0.215006 2.02626 
1.0672 0.284243 0.220318 2.0202 
1.0902 0.232369 0.167446 2.05069 
1.09576 0.259307 0.11814 2.06764 
1.09642 0.193472 0.158951 2.06477 
1.09704 0.212359 0.14978 2.0697 
0.978362 0.493962 0.191307 1.8754 
0.965898 0.503345 0.210629 1.85558 
0.965555 0.507718 0.195618 1.85498 
0.970409 0.501562 0.199029 1.86234 
0.981774 0.487972 0.193233 1.88146 
0.978796 0.484828 0.209112 1.87777 
0.969222 0.497582 0.214389 1.86193 
0.9764 0.489114 0.205814 1.8731 
0.958103 0.534546 0.160075 1.84235 
0.972313 0.511274 0.165818 1.86425 
0.962779 0.516064 0.177721 1.84828 
0.965611 0.520946 0.168372 1.85376 
1.00705 0.445106 0.191599 1.92205 
1.01331 0.440842 0.178782 1.93375 
1.01271 0.435556 0.19322 1.93264 
1.01159 0.4404 0.187758 1.93064 
0.987838 0.471424 0.210946 1.89199 
0.997197 0.455587 0.204328 1.90909 
0.994808 0.457869 0.216345 1.90527 
0.992731 0.461121 0.210441 1.90237 
1.00252 0.459055 0.177941 1.91586 
1.01113 0.446339 0.176208 1.93023 
1.00404 0.452372 0.187755 1.91885 
1.00551 0.452583 0.180459 1.92034 
0.993619 0.480302 0.162119 1.90024 
0.995878 0.472154 0.173128 1.90462 
0.989429 0.481126 0.176735 1.89344 
0.993181 0.477679 0.170758 1.89954 
0.996807 0.475677 0.15853 1.90572 
1.00469 0.462572 0.157407 1.92004 
1.00027 0.466491 0.167559 1.91218 
1.00058 0.468349 0.160739 1.91271 
1.00422 0.44626 0.201026 1.91842 
1.01068 0.433937 0.202974 1.92857 
1.00295 0.444916 0.212487 1.91538 
1.00544 0.44006 0.205771 1.91929 
1.00238 0.49261 0.0663483 1.91488 
1.00274 0.491627 0.0677748 1.9154 
1.00183 0.492884 0.0681795 1.91375 
1.002 0.492282 0.0675486 1.91387 
1.0004 0.49508 0.0665655 1.91138 
1.00121 0.494208 0.0661658 1.91275 
1.0009 0.494432 0.0672691 1.91226 
1.00069 0.494771 0.0666807 1.91188 
1.00036 0.495136 0.0662835 1.91137 
1.00062 0.494397 0.0645965 1.91167 
1.0012 0.494217 0.0652459 1.91274 
1.00071 0.49458 0.0653802 1.91195 
1.00057 0.495734 0.0686817 1.91224 
1.00038 0.495343 0.0678629 1.91155 
1.00062 0.494791 0.0680241 1.91193 
1.00044 0.495104 0.0681817 1.9116 
1.05153 0.376554 -0.140411 1.99604 
1.04795 0.386566 -0.141367 1.99054 
1.04995 0.374198 -0.146276 1.99415 
1.04993 0.379296 -0.143129 1.9938 
1.04304 0.397706 -0.139543 1.98259 
1.03541 0.413912 -0.13449 1.97023 
1.04045 0.421208 -0.150156 1.98332 
1.03934 0.405408 -0.140432 1.97665 
1.0831 0.300445 -0.109854 2.04766 
1.08364 0.28679 -0.111191 2.04887 
1.08663 0.292319 -0.1037 2.05316 
1.08472 0.294262 -0.108619 2.05047 
1.04592 0.40348 -0.0954205 1.98744 
1.04864 0.399372 -0.0877648 1.99165 
1.04523 0.407276 -0.0867815 1.98626 
1.04695 0.402904 -0.0901136 1.98902 
1.03876 0.416452 -0.106495 1.97676 
1.04266 0.409473 -0.102225 1.98279 
1.03887 0.41824 -0.098395 1.9763 
1.04006 0.414922 -0.102377 1.97868 
1.0327 0.429853 -0.10097 1.96769 
1.03627 0.422009 -0.106632 1.97291 
1.03641 0.423172 -0.098308 1.97273 
1.03523 0.425234 -0.102296 1.97099 
1.0376 0.416521 -0.125012 1.97466 
1.04179 0.407331 -0.120829 1.98166 
1.03829 0.416177 -0.115356 1.97618 
1.03921 0.413232 -0.120273 1.97746 
1.04578 0.399448 -0.11401 1.98812 
1.04974 0.392592 -0.106905 1.99445 
1.0462 0.401225 -0.105013 1.98867 
1.04738 0.397917 -0.108601 1.99084 
1.05499 0.377506 -0.115222 2.00293 
1.05246 0.385378 -0.109114 1.99901 
1.05181 0.383778 -0.119065 1.99747 
1.05301 0.382213 -0.114286 1.99976 
1.0565 0.374751 -0.111227 2.00544 
1.05839 0.372649 -0.104792 2.00858 
1.05407 0.382754 -0.106032 2.00168 
1.05648 0.376921 -0.107654 2.00571 
1.05829 0.388839 -0.00104329 2.00305 
1.05547 0.39576 0.00642663 1.9983 
1.05449 0.397953 -0.00405706 1.9968 
1.05583 0.394081 0.000183483 1.99881 
1.0572 0.390554 -0.0169822 2.00125 
1.05879 0.3869 -0.00665504 2.00357 
1.05451 0.397248 -0.0100982 1.99663 
1.05723 0.391474 -0.0111421 2.00125 
1.06378 0.374934 0.013869 2.01229 
1.06309 0.376319 0.0208578 2.01078 
1.06199 0.379315 0.0158364 2.00891 
1.06301 0.376855 0.0168527 2.01071 
1.06717 0.364253 0.0374973 2.01815 
1.06767 0.362421 0.0434601 2.01879 
1.06526 0.369079 0.0397924 2.01418 
1.0666 0.365284 0.0402707 2.01672 
1.06579 0.368316 0.0308248 2.01565 
1.06663 0.365754 0.0345585 2.01715 
1.06484 0.370432 0.0366729 2.01357 
1.06582 0.368239 0.0340148 2.01562 
1.06469 0.372261 0.014902 2.01407 
1.06546 0.369507 0.0197648 2.01553 
1.06394 0.374033 0.0217323 2.01232 
1.06475 0.371948 0.0190039 2.01412 
1.06764 0.363424 0.0224839 2.02106 
1.06752 0.362826 0.0215603 2.02168 
1.0674 0.362582 0.0227318 2.02162 
1.06751 0.36291 0.0222216 2.02156 
1.06788 0.363543 0.0260964 2.0205 
1.06769 0.363826 0.0238378 2.02066 
1.06799 0.362274 0.0250608 2.02156 
1.06792 0.363236 0.0250655 2.02111 
1.06669 0.366239 0.0206432 2.01827 
1.06746 0.36486 0.0194536 2.0203 
1.06736 0.36483 0.0219114 2.02003 
1.06729 0.365394 0.0205518 2.01975 
1.06806 0.360936 0.0249669 2.02277 
1.06787 0.36118 0.0242001 2.02344 
1.0682 0.360087 0.0250935 2.02363 
1.06795 0.3606 0.0248 2.02313 
1.05585 0.392992 -0.0276328 1.99948 
1.05181 0.40274 -0.030677 1.9929 
1.0547 0.39509 -0.037803 1.99831 
1.0545 0.396938 -0.0320432 1.99778 
1.05557 0.39498 -0.0218443 1.9989 
1.053 0.401107 -0.0140169 1.99441 
1.05185 0.403789 -0.0247821 1.99303 
1.05325 0.399874 -0.0202113 1.99486 
1.0609 0.380322 -0.0348909 2.00866 
1.05826 0.387805 -0.0282124 2.00388 
1.05731 0.389191 -0.0392688 2.00294 
1.05852 0.385777 -0.0341793 2.00443 
1.06166 0.379528 -0.0151375 2.00908 
1.06054 0.383085 -0.00736315 2.00679 
1.05932 0.385847 -0.0185791 2.00512 
1.06034 0.382747 -0.013639 2.00659 
1.02799 0.454536 0.0151453 1.95645 
1.03129 0.447137 0.0199551 1.96139 
1.0247 0.458049 0.0213356 1.95043 
1.02814 0.453087 0.0189666 1.95634 
1.03121 0.446321 -0.0114464 1.95977 
1.03278 0.445163 -0.00336607 1.96353 
1.02728 0.454343 -0.00568959 1.95414 
1.03089 0.448572 -0.00695877 1.96015 
1.02348 0.461155 -0.0165346 1.94712 
1.0292 0.451069 -0.0158686 1.95639 
1.02548 0.458036 -0.00843508 1.95089 
1.02576 0.456718 -0.0135246 1.9503 
1.04211 0.424695 -0.0292977 1.97739 
1.04693 0.414428 -0.027485 1.98507 
1.04383 0.421611 -0.0197052 1.97972 
1.04385 0.420196 -0.0256162 1.9797 
1.03187 0.444781 -0.0294754 1.96081 
1.0365 0.436015 -0.02972 1.96833 
1.03326 0.442885 -0.021929 1.96281 
1.03346 0.441444 -0.0271007 1.96305 
1.03157 0.444366 -0.0347139 1.9604 
1.03415 0.438185 -0.0429194 1.96464 
1.03674 0.434328 -0.0352116 1.9686 
1.03447 0.439043 -0.0376418 1.9653 
1.04137 0.430312 0.00855952 1.97786 
1.03589 0.439248 0.0187806 1.96927 
1.03629 0.43938 0.0067634 1.96951 
1.03738 0.437422 0.0115368 1.97142 
1.05237 0.402176 0.00730724 1.99382 
1.04683 0.41612 0.00527778 1.98594 
1.05135 0.404327 -0.00243317 1.99179 
1.05045 0.407283 0.00309474 1.99114 
1.05137 0.405351 0.0131769 1.99315 
1.04811 0.415283 0.0211538 1.98934 
1.04674 0.41782 0.0110808 1.98664 
1.04851 0.412896 0.0149519 1.98916 
1.07628 0.333984 0.0515565 2.0348 
1.07799 0.328387 0.0511632 2.03842 
1.07687 0.330416 0.0596268 2.03522 
1.07742 0.330739 0.0541033 2.03692 
1.07351 0.345527 0.0452251 2.03007 
1.07471 0.340978 0.0494775 2.0318 
1.07277 0.347522 0.0530743 2.02815 
1.07354 0.344658 0.0492389 2.02974 
1.07403 0.343551 0.0400595 2.03122 
1.07514 0.340547 0.0352122 2.03432 
1.07582 0.338103 0.0383717 2.03513 
1.07501 0.340732 0.0378316 2.03346 
1.06787 0.361761 0.0364496 2.01965 
1.06911 0.359238 0.0355851 2.02225 
1.0686 0.359242 0.04231 2.02049 
1.06855 0.360044 0.0379458 2.02091 
1.07342 0.346039 0.0316114 2.03244 
1.07374 0.344727 0.0281458 2.03332 
1.07443 0.342584 0.0312101 2.03417 
1.07385 0.344274 0.030214 2.03335 
1.03699 0.434682 0.038722 1.97037 
1.0297 0.447262 0.0389138 1.95875 
1.03453 0.440633 0.0294116 1.9665 
1.03397 0.440469 0.0357658 1.96551 
1.02015 0.466969 0.0264177 1.94339 
1.01836 0.467462 0.0335547 1.94016 
1.01605 0.474404 0.0264531 1.93688 
1.01797 0.469949 0.0285174 1.9396 
1.01281 0.479323 0.0111546 1.93012 
1.01488 0.475175 0.00306123 1.93318 
1.01676 0.474584 0.00951729 1.93747 
1.01526 0.476302 0.00809374 1.93451 
1.03126 0.447137 0.0260569 1.96116 
1.02749 0.452124 0.0359753 1.95562 
1.02555 0.458014 0.0258733 1.95231 
1.02799 0.452737 0.0287619 1.9561 
0.996169 0.462781 0.000423478 1.90045 
0.997019 0.488561 -0.00286878 1.90644 
0.984299 0.396788 -0.00166685 1.86783 
0.991899 0.454518 -0.00604585 1.89088 
0.988657 0.512951 -0.0215588 1.8931 
0.988825 0.51228 -0.0301416 1.89558 
0.991746 0.508784 -0.0247284 1.90047 
0.989405 0.511935 -0.0259643 1.89619 
0.974376 0.53204 -0.0281448 1.8692 
0.968441 0.539812 -0.0239411 1.85939 
0.96836 0.538992 -0.0338357 1.8594 
0.970281 0.536836 -0.0292463 1.86237 
0.975576 0.52972 -0.0429724 1.87279 
0.976463 0.52891 -0.0322412 1.87242 
0.970176 0.536493 -0.0394958 1.86237 
0.974122 0.531785 -0.0380269 1.86904 
0.984546 0.519068 -0.0168369 1.88563 
0.980263 0.524894 -0.0106664 1.87752 
0.980582 0.524327 -0.0218548 1.87921 
0.981735 0.522741 -0.0169353 1.88079 
0.980253 0.52663 0.0102758 1.87774 
0.981852 0.524297 -0.00086642 1.8798 
0.98689 0.516699 0.00153887 1.88795 
0.982913 0.52273 0.00279669 1.88118 
0.976691 0.532357 0.0122622 1.87285 
0.970619 0.539447 0.00291383 1.86171 
0.977561 0.53024 0.000264725 1.87244 
0.975661 0.53383 0.00539469 1.87017 
0.948022 0.562086 -0.0325189 1.82609 
0.940321 0.569493 -0.0353542 1.8128 
0.947672 0.562286 -0.0418738 1.82567 
0.94532 0.564368 -0.0363071 1.82105 
0.954089 0.55746 -0.0139443 1.83443 
0.953523 0.557201 -0.0235389 1.83506 
0.962181 0.547971 -0.0190201 1.84865 
0.956534 0.554156 -0.0192744 1.83921 
0.948552 0.563238 -0.0130554 1.82538 
0.938817 0.57277 -0.0157201 1.81012 
0.947203 0.563798 -0.022838 1.82445 
0.944982 0.566796 -0.0171364 1.82029 
0.973629 0.307273 -0.0377216 1.84062 
0.974722 0.324904 -0.0483357 1.84426 
0.971729 0.28079 -0.0429982 1.83621 
0.973809 0.302918 -0.0433537 1.84072 
0.987899 0.432194 -0.043201 1.88064 
0.983844 0.420722 -0.047994 1.87143 
0.979657 0.364166 -0.04058 1.85741 
0.984787 0.407375 -0.0431781 1.8718 
0.988314 0.428858 -0.0315746 1.88101 
0.987408 0.423725 -0.0356782 1.87958 
0.977397 0.322939 -0.0272526 1.84706 
0.987897 0.398648 -0.0340814 1.87428 
0.99212 0.40838 -0.00834296 1.88669 
0.983253 0.348685 -0.00997003 1.86302 
0.981774 0.337898 -0.0139283 1.85965 
0.982716 0.350702 -0.0113991 1.86264 
0.993998 0.502612 -0.0273047 1.90393 
0.9904 0.506338 -0.0330539 1.89739 
0.995186 0.485748 -0.0305584 1.90132 
0.992986 0.498638 -0.0294987 1.90003 
0.988251 0.506002 -0.0404104 1.89329 
0.986943 0.496627 -0.0490795 1.88815 
0.990308 0.47667 -0.0437087 1.89079 
0.989448 0.495389 -0.0447027 1.89342 
0.987435 0.489576 -0.0562709 1.88659 
0.983472 0.46701 -0.0624869 1.8762 
0.987748 0.455843 -0.0567925 1.88253 
0.985498 0.471276 -0.0588043 1.88044 
0.950098 0.385026 -0.20201 1.81361 
0.937031 0.365421 -0.175401 1.78649 
0.944239 0.400629 -0.211728 1.80535 
0.943934 0.385408 -0.196739 1.80245 
0.963778 0.40224 -0.0901835 1.83262 
0.966907 0.443466 -0.0878698 1.84329 
0.95772 0.42594 -0.0973362 1.8248 
0.963743 0.424241 -0.0917689 1.83565 
0.963723 0.311416 -0.0812169 1.82361 
0.96348 0.35108 -0.0867051 1.82723 
0.960777 0.314251 -0.0887409 1.81905 
0.962846 0.32481 -0.0856576 1.82322 
0.971981 0.398272 -0.0758933 1.84756 
0.970826 0.43721 -0.0831832 1.85025 
0.967281 0.39474 -0.0841316 1.8386 
0.96985 0.410721 -0.0815319 1.84518 
0.91572 0.377091 -0.150637 1.74638 
0.910553 0.402453 -0.17719 1.74235 
0.919831 0.402024 -0.188461 1.75934 
0.913 0.3916 -0.171828 1.74579 
0.931681 0.359139 -0.128397 1.76955 
0.922598 0.367975 -0.142421 1.75602 
0.928954 0.352361 -0.145722 1.76806 
0.926746 0.35703 -0.137398 1.76221 
0.951152 0.409959 -0.105828 1.81334 
0.941506 0.374377 -0.115407 1.78826 
0.950521 0.370743 -0.108703 1.80755 
0.946684 0.382293 -0.110551 1.79882 
0.946184 0.417672 -0.108133 1.80278 
0.933654 0.417014 -0.117344 1.78008 
0.937921 0.38754 -0.118095 1.78342 
0.939186 0.407581 -0.114134 1.78937 
0.932547 0.377457 -0.124158 1.77153 
0.926681 0.407396 -0.122054 1.76583 
0.921816 0.383128 -0.13366 1.75298 
0.927798 0.38855 -0.126964 1.76476 
0.958323 0.322829 -0.0944322 1.81507 
0.96134 0.359927 -0.0909793 1.82384 
0.954761 0.347234 -0.0999868 1.80934 
0.958489 0.342449 -0.0944469 1.81621 
0.84286 0.492441 -0.111783 1.62353 
0.858241 0.470199 -0.118235 1.64658 
0.856667 0.486015 -0.10237 1.6463 
0.855551 0.480819 -0.112128 1.64371 
0.931297 0.570546 -0.0622536 1.80043 
0.939659 0.564765 -0.0630892 1.81559 
0.93434 0.573245 -0.0550641 1.80762 
0.935273 0.569736 -0.0605725 1.8084 
0.922791 0.536236 -0.0903315 1.77592 
0.930233 0.551523 -0.0838412 1.79129 
0.91681 0.548124 -0.0815201 1.76688 
0.923824 0.54634 -0.0851125 1.77875 
0.930357 0.532575 -0.0922252 1.78853 
0.94192 0.535417 -0.0911209 1.80942 
0.93645 0.548317 -0.0857724 1.8015 
0.936014 0.53954 -0.0904496 1.79976 
0.906919 0.444598 -0.121909 1.73333 
0.921141 0.438898 -0.119453 1.75924 
0.914439 0.470561 -0.115566 1.75254 
0.914227 0.45087 -0.119787 1.74852 
0.946476 0.534911 -0.0865257 1.81787 
0.953217 0.537997 -0.0798712 1.83226 
0.940853 0.546817 -0.0831007 1.81037 
0.946911 0.540629 -0.0833829 1.82021 
0.937634 0.499402 -0.10103 1.79833 
0.942136 0.52435 -0.0948419 1.80843 
0.929839 0.519251 -0.0975717 1.78625 
0.937051 0.514346 -0.0974331 1.79865 
0.921482 0.493272 -0.108447 1.76842 
0.933069 0.491703 -0.105236 1.79093 
0.923948 0.513043 -0.100295 1.77634 
0.92606 0.499261 -0.105183 1.77743 
0.952485 0.453017 -0.100725 1.81824 
0.957593 0.486442 -0.0944557 1.83195 
0.946676 0.477485 -0.101852 1.81132 
0.952732 0.472398 -0.0988854 1.82151 
0.964067 0.509735 -0.0842261 1.84846 
0.970105 0.515747 -0.0738735 1.86128 
0.96205 0.527316 -0.0780387 1.84737 
0.965448 0.51785 -0.0786826 1.85096 
0.927773 0.574131 -0.0588001 1.79463 
0.931084 0.576559 -0.0528091 1.80218 
0.925244 0.578752 -0.0522245 1.79149 
0.927519 0.576836 -0.0543669 1.79571 
0.919755 0.57545 -0.0505318 1.77759 
0.920001 0.573794 -0.0529686 1.77719 
0.922057 0.57844 -0.0512195 1.78411 
0.920643 0.576384 -0.0517434 1.77958 
0.935176 0.558263 -0.0750129 1.80339 
0.940673 0.561049 -0.0678642 1.81621 
0.931088 0.567227 -0.0673198 1.79858 
0.935385 0.562903 -0.0700281 1.80583 
1.05071 0.389646 -0.110245 1.99629 
1.04679 0.396226 -0.118124 1.98975 
1.04976 0.388404 -0.120186 1.99423 
1.04911 0.391213 -0.116151 1.99344 
1.05854 0.373719 -0.0999221 2.00857 
1.05678 0.37885 -0.0919828 2.00507 
1.05454 0.382903 -0.101132 2.00212 
1.05647 0.37854 -0.0977923 2.00495 
1.0527 0.387422 -0.0979744 1.99865 
1.05501 0.383311 -0.0894894 2.00186 
1.05168 0.392291 -0.0879074 1.99649 
1.0533 0.387526 -0.0917813 1.99934 
1.06165 0.361425 -0.115063 2.0134 
1.06033 0.367706 -0.106865 2.01202 
1.05855 0.369649 -0.113518 2.00869 
1.06015 0.366183 -0.111718 2.01126 
1.06287 0.364179 -0.087629 2.01487 
1.05862 0.37442 -0.0889451 2.00773 
1.06055 0.368912 -0.0963368 2.01166 
1.06083 0.369151 -0.0908875 2.01172 
1.06164 0.371312 -0.0662074 2.01116 
1.06552 0.363091 -0.0623125 2.01801 
1.0624 0.371874 -0.0569651 2.01167 
1.06299 0.36924 -0.0617449 2.01314 
1.04196 0.419128 -0.0692461 1.97928 
1.04028 0.424074 -0.0624662 1.97614 
1.03666 0.429547 -0.0660979 1.97026 
1.03936 0.424438 -0.0663309 1.97465 
1.04217 0.415016 -0.082657 1.98086 
1.04273 0.415285 -0.0765623 1.98098 
1.03792 0.423687 -0.0808158 1.9738 
1.04084 0.418 -0.080322 1.97834 
1.04382 0.407993 -0.0973053 1.98428 
1.04303 0.411768 -0.0886016 1.98274 
1.04007 0.416463 -0.0939969 1.97799 
1.04222 0.411976 -0.093424 1.98144 
1.04846 0.401902 -0.0828865 1.99141 
1.04507 0.410318 -0.0757285 1.98475 
1.04482 0.409454 -0.081917 1.98536 
1.04609 0.407777 -0.0797805 1.98706 
1.04771 0.409649 -0.0605709 1.98834 
1.0429 0.419037 -0.0609739 1.98025 
1.0448 0.413609 -0.0671839 1.98369 
1.04535 0.414276 -0.0629932 1.98467 
1.02484 0.454963 -0.0501237 1.95204 
1.01929 0.46468 -0.0503772 1.94367 
1.02396 0.456037 -0.0571297 1.95126 
1.02267 0.458593 -0.0527458 1.94887 
1.03283 0.428771 -0.117924 1.96702 
1.03518 0.422771 -0.123893 1.97092 
1.03603 0.421188 -0.115399 1.97251 
1.03486 0.423916 -0.119386 1.97043 
1.02594 0.445658 -0.110348 1.95681 
1.02927 0.437236 -0.112872 1.96142 
1.02989 0.436299 -0.104442 1.96268 
1.02882 0.439181 -0.108989 1.96052 
1.01513 0.441742 -0.0963912 1.93503 
1.02012 0.444684 -0.105163 1.94537 
1.02457 0.44928 -0.0974231 1.95424 
1.02243 0.452446 -0.101239 1.95056 
1.00825 0.400062 -0.0914445 1.9166 
0.9973 0.328858 -0.0846295 1.88735 
1.01691 0.417802 -0.101005 1.93582 
1.00876 0.385295 -0.0875978 1.91695 
1.00708 0.323962 -0.0910241 1.90709 
1.00011 0.2943 -0.0975408 1.88995 
1.00277 0.282353 -0.0879039 1.89564 
0.99788 0.284038 -0.0912177 1.88573 
1.0307 0.422927 -0.133492 1.96188 
1.02245 0.397019 -0.122175 1.94427 
1.01569 0.371186 -0.118274 1.92911 
1.02104 0.404261 -0.125973 1.94163 
1.01343 0.414002 -0.100588 1.92831 
0.999947 0.326675 -0.0899724 1.89272 
1.01082 0.367411 -0.0940624 1.91822 
1.00732 0.362478 -0.0956684 1.91046 
0.99832 0.339398 -0.088362 1.88863 
1.00516 0.372158 -0.0808878 1.90731 
0.996384 0.354696 -0.0854732 1.88515 
0.996311 0.342634 -0.0824781 1.8859 
0.997256 0.36882 -0.121779 1.8892 
0.997578 0.344561 -0.113311 1.88506 
1.00046 0.344164 -0.103759 1.89197 
1.00079 0.355783 -0.115112 1.89085 
0.975466 0.30922 -0.0908704 1.84821 
0.986127 0.351476 -0.111627 1.87166 
0.985275 0.349881 -0.101248 1.8693 
0.981489 0.338515 -0.101902 1.86189 
0.978954 0.350977 -0.159066 1.86185 
0.988241 0.361172 -0.177338 1.87688 
0.987841 0.35838 -0.15808 1.87652 
0.984678 0.357768 -0.165585 1.87097 
1.02212 0.42493 -0.125109 1.94853 
1.03179 0.428284 -0.129443 1.96584 
1.03048 0.43465 -0.121207 1.96378 
1.03053 0.435313 -0.125406 1.96434 
1.02332 0.449775 -0.115044 1.95268 
1.02402 0.431076 -0.123625 1.95354 
1.0286 0.44057 -0.117487 1.9611 
1.02452 0.444127 -0.12114 1.95476 
1.0002 0.315742 -0.131103 1.88992 
1 0.302339 -0.140274 1.88911 
0.99743 0.235655 -0.100268 1.87791 
1.0017 0.29205 -0.126974 1.89306 
1.04815 0.411126 -0.0425528 1.98824 
1.05293 0.399892 -0.0420759 1.99605 
1.05023 0.406976 -0.0340003 1.99076 
1.05007 0.406048 -0.0397829 1.99089 
1.03961 0.429043 -0.0371152 1.97355 
1.03706 0.432828 -0.0456429 1.96989 
1.04251 0.422586 -0.0441551 1.97884 
1.03928 0.428453 -0.042356 1.97316 
1.04351 0.403251 -0.125067 1.9844 
1.03848 0.413346 -0.130305 1.97604 
1.04394 0.39913 -0.136248 1.98448 
1.04161 0.405737 -0.131859 1.98097 
1.05007 0.396113 -0.0899058 1.99413 
1.04754 0.399859 -0.0990185 1.99056 
1.05082 0.391773 -0.100571 1.99589 
1.04935 0.395845 -0.0964355 1.99317 
1.04391 0.406329 -0.10606 1.98518 
1.03977 0.413543 -0.110888 1.97854 
1.04319 0.405166 -0.115276 1.9841 
1.04219 0.408347 -0.110965 1.98244 
1.00931 0.487187 0.0261165 1.92569 
1.01157 0.482175 0.0269425 1.92983 
1.00945 0.484543 0.0331238 1.92675 
1.00982 0.484862 0.0284452 1.92682 
0.997379 0.494364 0.0325283 1.90421 
0.995409 0.472477 0.0274573 1.90028 
0.994551 0.467353 0.0361867 1.89793 
0.993733 0.477161 0.0325986 1.89709 
1.01313 0.480376 0.015602 1.93155 
1.01626 0.47594 0.0144569 1.93737 
1.0139 0.478878 0.0212961 1.93375 
1.01421 0.479026 0.0172588 1.93402 
1.008 0.487162 0.0113199 1.92292 
1.01022 0.483714 0.014841 1.92594 
1.00762 0.488066 0.0237867 1.92186 
1.00854 0.486818 0.016241 1.92379 
1.00931 0.484731 0.00598033 1.9256 
1.0132 0.479283 0.00214933 1.9311 
1.0117 0.481548 0.0104971 1.92843 
1.01127 0.481976 0.00668255 1.92771 
1.01699 0.472149 -0.0201746 1.93774 
1.00919 0.476668 -0.0197543 1.92586 
1.01263 0.473884 -0.0240063 1.93205 
1.01471 0.477804 -0.020682 1.93537 
0.993937 0.507373 -0.00824136 1.90348 
0.991098 0.509639 -0.00360202 1.89563 
0.990075 0.511373 -0.012306 1.89488 
0.992165 0.508696 -0.00805457 1.89839 
0.993109 0.458007 -0.0248431 1.89447 
0.987801 0.414958 -0.0228131 1.87711 
0.995259 0.490959 -0.0208509 1.90412 
0.995871 0.462705 -0.0203483 1.90157 
0.997547 0.49326 0.00434527 1.90675 
0.993218 0.506977 -6.7343e-05 1.89982 
0.995261 0.50173 -0.00274077 1.90469 
0.995364 0.504668 -0.000490134 1.90562 
0.988197 0.43392 0.0187956 1.88322 
0.989106 0.431868 0.0147291 1.88295 
0.997561 0.457852 0.0220769 1.90096 
0.990875 0.425677 0.0197216 1.88579 
0.994355 0.461279 0.0342834 1.89625 
0.989247 0.432172 0.0247531 1.88548 
1.0001 0.467355 0.0272087 1.90667 
0.995862 0.453134 0.0310606 1.89768 
0.997005 0.503409 0.0322788 1.90494 
0.995164 0.504204 0.0200268 1.90125 
0.999984 0.49994 0.0253613 1.91073 
0.997508 0.501324 0.0264495 1.90578 
0.993557 0.506752 0.0126748 1.8989 
0.993001 0.507613 0.0044194 1.89891 
0.997342 0.500495 0.00678457 1.90855 
0.995058 0.504875 0.00746887 1.90264 
0.985878 0.452778 -0.0519893 1.87834 
0.991063 0.459297 -0.0461168 1.888 
0.987352 0.487408 -0.0532247 1.88566 
0.987615 0.467497 -0.050551 1.88342 
0.989682 0.395239 -0.0163349 1.87754 
0.98759 0.382075 -0.00841497 1.87242 
0.993996 0.476063 -0.00918108 1.89878 
0.989309 0.416072 -0.00817954 1.87995 
0.97995 0.313435 -0.0177449 1.8539 
0.980808 0.35721 -0.0160605 1.8557 
0.992204 0.417113 -0.0276865 1.88701 
0.983042 0.356789 -0.0273837 1.85712 
0.983221 0.339038 -0.0143454 1.86334 
0.998793 0.412495 -0.0070853 1.90013 
0.981019 0.337825 -0.0161735 1.85762 
0.980057 0.34156 -0.0160078 1.85671 
0.976454 0.529431 -0.0214289 1.87224 
0.97728 0.52936 -0.0100034 1.87264 
0.971162 0.536445 -0.0187509 1.86302 
0.975268 0.531722 -0.0164362 1.87003 
0.994 0.505141 -0.0103373 1.90414 
0.990995 0.510721 -0.0175226 1.89713 
0.993363 0.505605 -0.0180328 1.90281 
0.992807 0.508097 -0.0154003 1.90182 
0.988871 0.513712 -0.00307514 1.89213 
0.983012 0.521872 -0.00668673 1.88203 
0.98648 0.516428 -0.0116212 1.88875 
0.986039 0.517277 -0.00683647 1.88736 
1.00143 0.467809 0.0199493 1.90914 
0.990506 0.41425 0.00903021 1.88376 
0.998005 0.444161 0.0132284 1.89969 
0.998365 0.436869 0.0124609 1.90159 
0.997297 0.489639 0.0213602 1.91028 
0.995829 0.50402 0.0146408 1.90307 
0.997965 0.48852 0.0122995 1.90857 
0.997562 0.501202 0.0155852 1.90628 
0.998367 0.499084 0.0462619 1.9071 
0.997282 0.497772 0.0373021 1.90534 
0.993776 0.474576 0.0359406 1.89634 
0.999308 0.494269 0.0394425 1.90825 
0.996047 0.503415 0.0476158 1.90549 
0.99087 0.510453 0.0349186 1.89566 
0.994864 0.505805 0.038085 1.90173 
0.994464 0.506976 0.0400932 1.90221 
0.983878 0.52012 0.0307025 1.88522 
0.973923 0.532765 0.0346586 1.86685 
0.977944 0.530941 0.0237728 1.87639 
0.977658 0.527742 0.0297226 1.87359 
0.994763 0.506893 0.0327684 1.90172 
0.990007 0.512849 0.0295153 1.89459 
0.992829 0.509603 0.0230954 1.89798 
0.992214 0.509714 0.0276061 1.89703 
0.994183 0.503892 0.0467797 1.90052 
0.98687 0.516397 0.0421059 1.89005 
0.988969 0.512733 0.0372804 1.89193 
0.990026 0.510172 0.0406138 1.89335 
0.975595 0.532334 -0.00633331 1.86937 
0.968684 0.541715 -0.00283616 1.85819 
0.969437 0.539677 -0.0125351 1.8595 
0.971113 0.537859 -0.00773778 1.86196 
1.02329 0.460368 -0.020867 1.94695 
1.02834 0.45164 -0.0272671 1.95529 
1.02998 0.448917 -0.0201911 1.95695 
1.02739 0.454255 -0.0232972 1.95379 
1.02206 0.463155 -0.0225004 1.94518 
1.02262 0.463762 -0.0300335 1.94733 
1.02646 0.455358 -0.0310462 1.95282 
1.02322 0.460319 -0.0273059 1.94735 
1.0171 0.471669 -0.00550455 1.93641 
1.0202 0.466486 -0.0132864 1.94152 
1.02234 0.46284 -0.00651866 1.9452 
1.02029 0.466828 -0.00874946 1.94199 
1.01488 0.476674 -0.0074875 1.9339 
1.01088 0.480211 -0.0152163 1.92903 
1.01765 0.471702 -0.0156046 1.93851 
1.01461 0.476427 -0.0124253 1.93393 
0.991042 0.430719 -0.0181402 1.88596 
0.997215 0.498259 -0.0110908 1.90818 
0.997018 0.496768 -0.018177 1.90783 
0.994536 0.482809 -0.0155991 1.90099 
1.00061 0.457854 0.00245754 1.90874 
0.982478 0.363353 -0.0041165 1.86459 
0.997801 0.443881 -0.004376 1.90094 
0.996453 0.426824 -0.00130821 1.89799 
0.991884 0.418832 0.0130653 1.88751 
0.986957 0.409389 -0.000190941 1.87555 
0.983019 0.375048 0.00353783 1.86547 
0.984885 0.375226 0.00591315 1.87025 
1.00831 0.469482 -0.0412117 1.92542 
1.01397 0.474769 -0.0438885 1.93568 
1.01158 0.481109 -0.0318618 1.9316 
1.01036 0.476558 -0.0400239 1.92951 
1.02903 0.450744 -0.0453738 1.95823 
1.03251 0.44315 -0.0456013 1.96297 
1.02994 0.447962 -0.0369167 1.95831 
1.03033 0.447064 -0.0424352 1.9593 
1.01892 0.465909 -0.0454604 1.94295 
1.02398 0.457515 -0.0457882 1.95049 
1.02115 0.463259 -0.0376023 1.94567 
1.02109 0.461946 -0.0428141 1.94592 
1.01325 0.476487 -0.030448 1.93362 
1.01589 0.471219 -0.0416977 1.93827 
1.01788 0.467382 -0.0349051 1.94034 
1.01587 0.471945 -0.0364191 1.93806 
1.00576 0.46212 -0.0460668 1.91993 
1.01177 0.47034 -0.0567857 1.93233 
1.01403 0.472307 -0.0498972 1.93572 
1.01206 0.473359 -0.0510203 1.93286 
1.02638 0.447585 -0.079079 1.95711 
1.02181 0.455623 -0.0811686 1.94911 
1.02563 0.448294 -0.0872945 1.95576 
1.02453 0.450484 -0.0825878 1.95392 
1.02256 0.457144 -0.0654224 1.94981 
1.01678 0.466266 -0.0666984 1.94012 
1.01939 0.460988 -0.0737964 1.945 
1.0198 0.46205 -0.0684732 1.94592 
1.03161 0.439633 -0.0678971 1.9629 
1.02721 0.449 -0.0657459 1.95672 
1.02875 0.445041 -0.0721225 1.95974 
1.02944 0.44454 -0.0686947 1.96036 
1.01727 0.468296 -0.0527349 1.94129 
1.01672 0.46878 -0.0608835 1.94104 
1.02166 0.459099 -0.0602943 1.94822 
1.01832 0.465544 -0.0580624 1.94303 
1.00173 0.436318 -0.0475333 1.90783 
0.998496 0.408643 -0.0536173 1.89748 
1.00976 0.463657 -0.058997 1.92725 
1.00308 0.437425 -0.0519122 1.91057 
0.992861 0.38208 -0.0489761 1.882 
0.995743 0.400842 -0.0410707 1.88956 
0.986901 0.361546 -0.0437922 1.87218 
0.989708 0.376258 -0.0442239 1.87541 
0.986046 0.361232 -0.0577812 1.86972 
0.9901 0.368322 -0.0527923 1.87502 
0.983074 0.349297 -0.0436181 1.86395 
0.988048 0.366408 -0.052971 1.87376 
0.990079 0.367398 -0.0679961 1.87626 
0.994197 0.365629 -0.077166 1.88242 
0.996835 0.369351 -0.070321 1.88778 
0.99423 0.367736 -0.0714418 1.88242 
1.03011 0.451631 0.0109896 1.96024 
1.03369 0.444651 0.00642014 1.96542 
1.03373 0.443442 0.017405 1.96595 
1.03288 0.446492 0.0112168 1.96469 
1.02088 0.468228 0.0124921 1.94522 
1.025 0.460306 0.0130758 1.95185 
1.02265 0.463029 0.0198629 1.94761 
1.02248 0.464056 0.015037 1.94751 
1.02728 0.456149 -0.00126484 1.95493 
1.03221 0.447873 0.00113261 1.9631 
1.02845 0.455404 0.00675073 1.95766 
1.02908 0.453391 0.00207203 1.95796 
1.00047 0.406269 -0.0586209 1.90135 
1.00408 0.411518 -0.0661984 1.90899 
1.01084 0.462771 -0.0631853 1.92944 
1.00364 0.425845 -0.0639101 1.91009 
1.02259 0.462107 0.0290292 1.94721 
1.02457 0.455321 0.0362069 1.9497 
1.01986 0.463007 0.0356088 1.94207 
1.02268 0.459681 0.0339691 1.94712 
1.04146 0.42573 -0.00797927 1.97639 
1.04262 0.425352 0.00181857 1.97925 
1.0376 0.436186 0.000321959 1.97142 
1.04101 0.428844 -0.00247149 1.97655 
1.03495 0.439919 -0.0137681 1.9662 
1.04009 0.429292 -0.0126034 1.97417 
1.03578 0.439548 -0.00325579 1.96838 
1.03675 0.435863 -0.00992607 1.96908 
1.04887 0.409475 -0.0229388 1.98772 
1.05054 0.405973 -0.0134776 1.99011 
1.04551 0.417079 -0.016185 1.98208 
1.04872 0.410694 -0.0175567 1.98745 
1.04506 0.419251 -0.00970148 1.98213 
1.04975 0.408582 -0.00728106 1.98932 
1.04513 0.419631 0.00188569 1.98319 
1.04635 0.415712 -0.00486859 1.98418 
1.02952 0.441715 0.0764401 1.95849 
1.02579 0.44556 0.0773679 1.95138 
1.03057 0.440035 0.0672058 1.95996 
1.02854 0.442527 0.0740616 1.95642 
1.02287 0.459265 0.0521402 1.94825 
1.0209 0.461422 0.0406949 1.94397 
1.02469 0.452668 0.0423376 1.94914 
1.02331 0.456857 0.0445591 1.94776 
0.999557 0.495719 0.068081 1.90985 
0.999715 0.494992 0.0676274 1.91002 
0.99983 0.495301 0.0684829 1.91024 
0.999744 0.495437 0.067996 1.91012 
0.99849 0.497017 0.0681982 1.90814 
0.999016 0.496354 0.0678487 1.90889 
0.998982 0.49669 0.0683475 1.90893 
0.998918 0.496607 0.068175 1.90884 
0.99909 0.4965 0.0662555 1.90907 
0.999624 0.494777 0.066455 1.90995 
0.999333 0.496258 0.067305 1.90955 
0.99969 0.49596 0.0666248 1.91015 
1.01171 0.479556 0.0473086 1.92877 
1.00757 0.484966 0.0465751 1.92164 
1.00962 0.481045 0.0411352 1.92583 
1.00999 0.482294 0.0453188 1.92684 
1.00404 0.489009 0.067106 1.91754 
1.00637 0.48708 0.0636212 1.92129 
1.00654 0.486233 0.0669221 1.92175 
1.0051 0.487727 0.0663498 1.91907 
1.00346 0.492083 0.055878 1.91503 
1.00601 0.488207 0.0525788 1.91865 
1.00519 0.489376 0.058666 1.91965 
1.00512 0.489638 0.0557348 1.91852 
1.00214 0.492787 0.0649156 1.91432 
1.00319 0.492518 0.0590637 1.91582 
1.00413 0.49047 0.0606879 1.91776 
1.00304 0.491749 0.0621831 1.91603 
0.999294 0.496713 0.0652263 1.9097 
0.999386 0.494463 0.0645084 1.90939 
0.999545 0.494079 0.0661853 1.90972 
0.999154 0.494746 0.0652152 1.90898 
0.998712 0.49754 0.0650552 1.90879 
0.998202 0.4983 0.0615495 1.90802 
0.999196 0.494533 0.0619807 1.90912 
0.998974 0.497559 0.0629916 1.90947 
0.997204 0.498108 0.0571714 1.90602 
0.997428 0.495846 0.0512275 1.90545 
1.00008 0.48982 0.0550901 1.91015 
0.998834 0.493607 0.0539174 1.90793 
0.997957 0.497897 0.0683634 1.90723 
0.996793 0.499643 0.0673898 1.90523 
0.9979 0.498378 0.0665152 1.90694 
0.997886 0.498624 0.0671943 1.90705 
0.998025 0.492493 0.0473282 1.90619 
0.997749 0.483799 0.0471301 1.90468 
0.999589 0.487944 0.0552616 1.90876 
0.997135 0.484734 0.049291 1.90395 
1.00013 0.495302 0.0676762 1.91104 
0.999822 0.494902 0.0675397 1.91045 
0.999973 0.495022 0.0673421 1.91069 
0.999944 0.495083 0.0675259 1.91068 
1.00782 0.487525 0.0339083 1.92341 
1.00243 0.487965 0.0421755 1.91341 
1.0054 0.483809 0.0301722 1.91798 
1.00714 0.488337 0.0338777 1.92196 
1.01578 0.470538 0.034365 1.93554 
1.01138 0.479262 0.0352436 1.92837 
1.01373 0.477712 0.0293232 1.93285 
1.01421 0.475566 0.0324671 1.93358 
1.00661 0.488346 0.0458871 1.92163 
1.00207 0.489895 0.0429779 1.91299 
1.00729 0.48718 0.0375076 1.92303 
1.00497 0.490077 0.0425859 1.91897 
1.00345 0.489952 0.0664343 1.9165 
1.00253 0.49274 0.065178 1.91523 
1.00442 0.48916 0.0631844 1.91786 
1.00351 0.490685 0.0646886 1.91687 
0.999408 0.490818 0.0573397 1.90902 
0.999295 0.491072 0.0607657 1.90893 
0.998426 0.49636 0.0586588 1.90796 
0.998707 0.492179 0.0587602 1.90783 
1.00509 0.49063 0.0489544 1.91935 
1.00298 0.494221 0.0535978 1.91551 
1.00343 0.491368 0.0478335 1.91635 
1.00354 0.492374 0.0503368 1.91671 
0.992964 0.499121 0.102589 1.89894 
0.991315 0.503786 0.0920941 1.89528 
0.99733 0.493765 0.096948 1.90659 
0.993997 0.499291 0.0965615 1.90064 
0.926249 0.566053 0.151322 1.78962 
0.928212 0.569739 0.130632 1.79175 
0.942001 0.551422 0.152648 1.81537 
0.932116 0.564155 0.144664 1.79933 
0.956309 0.522323 0.184551 1.83804 
0.944193 0.536582 0.187019 1.81856 
0.950107 0.53861 0.162479 1.82804 
0.950385 0.532129 0.176819 1.82795 
0.893037 0.601401 0.112174 1.73336 
0.908561 0.595415 0.0867763 1.75943 
0.917392 0.583559 0.110405 1.77398 
0.909009 0.595069 0.101968 1.76087 
0.977625 0.524073 0.0837197 1.87354 
0.986526 0.51027 0.0913537 1.88835 
0.98051 0.518037 0.0959725 1.8778 
0.983264 0.516397 0.0904307 1.88326 
0.98343 0.519106 0.0351626 1.88336 
0.982026 0.521415 0.0426736 1.88092 
0.975277 0.529611 0.0395512 1.86925 
0.981349 0.523068 0.0387966 1.88132 
0.996637 0.499381 0.0721067 1.90502 
0.997752 0.497976 0.0692114 1.90699 
0.997891 0.497748 0.0720038 1.9073 
0.997382 0.498552 0.0705774 1.90645 
0.981284 0.519814 0.0802086 1.88254 
0.987588 0.512729 0.0770469 1.89238 
0.987724 0.511577 0.0864564 1.89155 
0.984915 0.515074 0.0821818 1.88563 
0.987632 0.513731 0.0487101 1.88981 
0.993568 0.505948 0.0489833 1.89972 
0.990019 0.511014 0.0554478 1.89499 
0.991867 0.509874 0.0495007 1.89839 
0.999437 0.495819 0.0687128 1.90961 
0.999223 0.49634 0.0683899 1.90929 
0.99931 0.495792 0.0681541 1.90936 
0.999329 0.496168 0.0684491 1.90951 
0.998688 0.496912 0.068656 1.90836 
0.998947 0.496736 0.0683653 1.90883 
0.998791 0.496458 0.0686834 1.90848 
0.99887 0.496788 0.0684906 1.90873 
0.999052 0.496195 0.0697772 1.90899 
0.998591 0.496873 0.0691401 1.90823 
0.999165 0.496483 0.0691355 1.9093 
0.998865 0.496453 0.0694212 1.90862 
0.999502 0.495521 0.0692261 1.90971 
0.99927 0.495802 0.0696101 1.90927 
0.999137 0.495995 0.0689819 1.90917 
0.99943 0.495843 0.0693467 1.90964 
0.999814 0.495258 0.0697683 1.91034 
1.00013 0.495026 0.0697644 1.91099 
0.999953 0.495113 0.0703031 1.91064 
0.999974 0.495141 0.0699284 1.91068 
0.967798 0.539476 0.0360998 1.85656 
0.961524 0.549361 0.0266374 1.84809 
0.971818 0.5378 0.021525 1.86462 
0.967998 0.54284 0.0269773 1.85874 
0.979098 0.525722 0.0489543 1.87687 
0.976304 0.529652 0.0675038 1.87228 
0.972137 0.536288 0.0495843 1.86745 
0.972932 0.532116 0.0550693 1.86662 
0.991005 0.510179 0.0639345 1.89793 
0.994216 0.504602 0.0669573 1.90188 
0.990741 0.509569 0.0692475 1.89595 
0.992117 0.507845 0.0673212 1.89725 
0.996039 0.503531 0.0577387 1.906 
0.992818 0.507966 0.0560544 1.90046 
0.995373 0.50412 0.0526597 1.90292 
0.994333 0.505316 0.0557632 1.90189 
0.995329 0.503393 0.0604804 1.90329 
0.994808 0.503386 0.0655114 1.90242 
0.99317 0.506862 0.0611987 1.90021 
0.994777 0.50461 0.0621165 1.90271 
0.995979 0.501181 0.0692525 1.90468 
0.997999 0.498474 0.0692356 1.90749 
0.995676 0.500889 0.0714481 1.90357 
0.996657 0.499974 0.0702092 1.90495 
0.982556 0.519926 0.0703148 1.88249 
0.986898 0.514364 0.0630421 1.89078 
0.987386 0.51298 0.0726616 1.89182 
0.986191 0.515918 0.0677602 1.89033 
0.996919 0.501743 0.062244 1.90689 
0.998154 0.498607 0.0653892 1.90814 
0.996116 0.501585 0.0649824 1.90455 
0.996628 0.500601 0.0642585 1.90537 
0.93707 0.566087 0.102656 1.80801 
0.945959 0.560737 0.0799376 1.82341 
0.951157 0.551738 0.104096 1.83089 
0.94592 0.559782 0.0942587 1.82168 
0.893894 0.597905 0.132121 1.73515 
0.920375 0.580601 0.12336 1.77996 
0.911726 0.57922 0.151753 1.76475 
0.907333 0.586611 0.136719 1.75795 
0.921077 0.587082 0.0799114 1.78616 
0.94227 0.563563 0.0698565 1.81442 
0.926827 0.577958 0.0970024 1.79226 
0.928664 0.576541 0.0812515 1.79275 
0.882132 0.614907 0.0631208 1.7144 
0.903792 0.600917 0.0737994 1.75112 
0.880345 0.61283 0.0985266 1.71238 
0.887168 0.610533 0.0800702 1.72338 
0.888309 0.614639 0.034492 1.72538 
0.888853 0.614593 0.0174364 1.72754 
0.905731 0.602238 0.0148125 1.75406 
0.893698 0.610437 0.0215311 1.73398 
0.921038 0.419271 -0.123704 1.75732 
0.906507 0.427798 -0.128023 1.7314 
0.914593 0.396589 -0.135213 1.74205 
0.913458 0.413872 -0.128349 1.74207 
0.941279 0.469519 -0.106981 1.80093 
0.935289 0.439756 -0.113909 1.78562 
0.948132 0.440635 -0.106093 1.80923 
0.941203 0.450242 -0.109777 1.79776 
0.935156 0.477515 -0.107676 1.7908 
0.922007 0.477067 -0.112149 1.76729 
0.927801 0.449217 -0.116395 1.77335 
0.92897 0.469629 -0.112092 1.77892 
0.956726 0.502258 -0.0932425 1.83347 
0.948629 0.520195 -0.0939369 1.8205 
0.944878 0.494031 -0.0994285 1.8118 
0.949789 0.505855 -0.0958798 1.82101 
0.885268 0.512698 -0.0333568 1.70394 
0.89554 0.533767 -0.0453624 1.7275 
0.897417 0.514696 -0.0341251 1.72708 
0.893126 0.521318 -0.0385021 1.72046 
0.9133 0.563425 -0.0576072 1.76087 
0.903813 0.549918 -0.0576636 1.74413 
0.908461 0.553681 -0.0681806 1.7524 
0.908317 0.556086 -0.0605175 1.75227 
0.913038 0.546856 -0.0495083 1.75967 
0.913708 0.549129 -0.0479575 1.76101 
0.91712 0.565499 -0.0498448 1.76997 
0.914284 0.553666 -0.0493017 1.7632 
0.907413 0.499607 -0.0474737 1.74278 
0.904671 0.490187 -0.0516324 1.7355 
0.904895 0.471108 -0.0492094 1.73264 
0.90602 0.487982 -0.0490758 1.73787 
0.905604 0.503033 -0.0351766 1.73973 
0.908272 0.504148 -0.0422279 1.74512 
0.906651 0.483771 -0.0354254 1.73784 
0.906784 0.497046 -0.0370266 1.74085 
0.909284 0.528901 -0.0501919 1.75075 
0.906438 0.506056 -0.0517185 1.74112 
0.908917 0.513117 -0.0481308 1.74709 
0.908041 0.516488 -0.0502727 1.74581 
0.91551 0.566415 -0.0511021 1.76569 
0.91288 0.55149 -0.0509751 1.7601 
0.91768 0.56912 -0.0502444 1.77127 
0.916124 0.563364 -0.0501927 1.76705 
0.908062 0.496265 -0.0442285 1.74269 
0.906325 0.466117 -0.04537 1.73483 
0.907083 0.473226 -0.0378231 1.73726 
0.907412 0.478679 -0.0429732 1.73848 
0.849993 0.499266 0.0362763 1.63554 
0.881016 0.470238 0.0570449 1.68812 
0.845377 0.530385 0.0699584 1.63443 
0.857108 0.495838 0.053897 1.64796 
0.99951 0.496014 0.0676046 1.90989 
0.999618 0.494756 0.0668317 1.90995 
0.999733 0.494862 0.0674352 1.91017 
0.999557 0.495168 0.0673206 1.90988 
0.998363 0.497493 0.0680422 1.90817 
0.998656 0.497537 0.0668879 1.9085 
0.999005 0.496629 0.0674177 1.90918 
0.998425 0.497303 0.0675287 1.90807 
0.982146 0.521606 0.0535495 1.88156 
0.987363 0.516349 0.0585806 1.89232 
0.98003 0.525147 0.064489 1.87852 
0.982621 0.521748 0.0594683 1.88162 
0.978471 0.318945 -0.0306238 1.85327 
0.983098 0.336135 -0.032537 1.86392 
0.990971 0.383772 -0.0380372 1.87836 
0.984025 0.346781 -0.0344817 1.86473 
1.0058 0.458383 -0.0190638 1.91891 
0.987533 0.36571 -0.0193195 1.87459 
1.00755 0.464959 -0.0238261 1.92228 
1.00025 0.437507 -0.0189293 1.90591 
0.991891 0.470374 -0.0338095 1.89361 
0.990504 0.501702 -0.0368324 1.89705 
0.992259 0.468505 -0.038914 1.89243 
0.992097 0.484631 -0.036319 1.89543 
0.977193 0.343644 -0.0422805 1.85124 
0.981735 0.405658 -0.0527203 1.86646 
0.977321 0.359317 -0.0507348 1.85286 
0.979129 0.370526 -0.0485951 1.85769 
0.973137 0.284637 -0.0302954 1.83961 
0.973186 0.285125 -0.0296547 1.83902 
0.973104 0.289188 -0.031707 1.84079 
0.972914 0.285165 -0.0300826 1.83913 
0.975809 0.301753 -0.0287698 1.84544 
0.987528 0.403585 -0.0374083 1.87469 
0.978504 0.32908 -0.0347927 1.85233 
0.976763 0.339081 -0.0290382 1.84852 
0.969421 0.522872 -0.0692495 1.86138 
0.964452 0.537385 -0.0630506 1.8558 
0.961731 0.533113 -0.0723835 1.84915 
0.965539 0.531408 -0.0685052 1.85622 
0.984234 0.517682 -0.0370983 1.88793 
0.980116 0.524513 -0.0322874 1.87898 
0.979476 0.523926 -0.0423612 1.88002 
0.981391 0.522481 -0.0375212 1.88259 
0.951672 0.543158 -0.0760593 1.83163 
0.945129 0.555474 -0.0698435 1.82346 
0.940889 0.551742 -0.0780262 1.81245 
0.946379 0.550045 -0.0754966 1.82331 
0.958761 0.511269 -0.0883309 1.83702 
0.957528 0.530227 -0.0808981 1.83875 
0.951275 0.525802 -0.0882015 1.82548 
0.956652 0.523034 -0.0860784 1.83562 
0.959914 0.543991 -0.0624359 1.8487 
0.950238 0.552711 -0.067188 1.8325 
0.956473 0.541701 -0.0713983 1.84106 
0.955261 0.546765 -0.0668214 1.84063 
0.967588 0.539467 -0.0438211 1.8584 
0.966897 0.538972 -0.0534017 1.85934 
0.973075 0.531787 -0.0485989 1.86935 
0.969135 0.537092 -0.0490783 1.8623 
0.986032 0.516528 -0.0316836 1.8906 
0.986338 0.516701 -0.0214538 1.8888 
0.981817 0.522445 -0.0279015 1.88136 
0.984654 0.518737 -0.0267708 1.88658 
0.964188 0.544983 -0.0234486 1.85241 
0.955823 0.553938 -0.0294865 1.83901 
0.963244 0.545086 -0.0336549 1.85108 
0.961207 0.54811 -0.0285968 1.84803 
0.951439 0.558065 -0.0526603 1.83352 
0.949247 0.556794 -0.0616399 1.83125 
0.958377 0.548047 -0.0581427 1.84585 
0.953108 0.55438 -0.0582785 1.83714 
0.972673 0.522262 -0.0639406 1.86798 
0.974537 0.527576 -0.0532279 1.87268 
0.967808 0.535119 -0.0589839 1.86158 
0.971419 0.529003 -0.0584451 1.8672 
0.971088 0.478992 -0.0827129 1.85494 
0.973064 0.505838 -0.0746393 1.86258 
0.966925 0.495098 -0.0850204 1.84968 
0.971206 0.494852 -0.0806997 1.85667 
0.958491 0.448881 -0.0964978 1.82893 
0.967449 0.462662 -0.0881603 1.84691 
0.963374 0.482669 -0.0914922 1.84137 
0.962649 0.465434 -0.0924423 1.83803 
0.974281 0.415679 -0.073762 1.85453 
0.978279 0.452826 -0.0717015 1.86617 
0.973208 0.449132 -0.079375 1.85563 
0.976151 0.440225 -0.0749181 1.86008 
0.982758 0.508549 -0.0554317 1.88334 
0.97764 0.521967 -0.052418 1.87749 
0.976755 0.514165 -0.0627979 1.87329 
0.978706 0.514787 -0.0571084 1.87797 
0.978741 0.387728 -0.0572892 1.85882 
0.982745 0.427167 -0.0581565 1.87026 
0.982131 0.443368 -0.0639652 1.87125 
0.980936 0.421257 -0.0591129 1.86635 
0.985271 0.513875 -0.0414385 1.89077 
0.980144 0.520532 -0.0475974 1.88206 
0.983458 0.508849 -0.049462 1.885 
0.983108 0.514828 -0.0461869 1.88627 
0.901873 0.519819 -0.0958324 1.73719 
0.916074 0.526973 -0.0938507 1.76435 
0.909121 0.541007 -0.0824843 1.75361 
0.908355 0.529674 -0.0912387 1.75017 
0.952209 0.369928 -0.101071 1.80756 
0.961496 0.381592 -0.0931001 1.82574 
0.95326 0.408816 -0.100559 1.81531 
0.955802 0.386536 -0.0988261 1.81637 
0.981556 0.481995 -0.0666845 1.87534 
0.984424 0.498195 -0.0586933 1.88273 
0.978384 0.505043 -0.0670353 1.8725 
0.981688 0.496233 -0.0641757 1.877 
1.01565 0.473721 0.048405 1.93511 
1.01817 0.466593 0.0435263 1.93939 
1.02053 0.463719 0.0514728 1.94381 
1.01872 0.468685 0.0480208 1.94157 
1.00826 0.484955 0.0506518 1.92324 
1.01082 0.480936 0.0520296 1.92723 
1.00623 0.487322 0.0593711 1.92109 
1.00847 0.484111 0.0540352 1.92329 
1.01241 0.477483 0.0387896 1.93051 
1.01571 0.471846 0.0401308 1.93604 
1.01395 0.476485 0.0460183 1.93285 
1.01323 0.475038 0.0412104 1.93125 
0.971466 0.304512 -0.104836 1.84099 
0.98236 0.341661 -0.113676 1.86456 
0.971888 0.300204 -0.0908362 1.84074 
0.975159 0.314244 -0.102746 1.84892 
0.960538 0.294842 -0.0906786 1.81884 
0.963228 0.282201 -0.0930642 1.82265 
0.9636 0.290841 -0.0821438 1.82284 
0.96182 0.286804 -0.0886446 1.82013 
0.969255 0.306917 -0.0657512 1.83321 
0.971449 0.355068 -0.0701167 1.84162 
0.967331 0.310882 -0.0732142 1.83006 
0.969203 0.323512 -0.0697189 1.83444 
0.942241 0.332871 -0.150238 1.79039 
0.937723 0.351429 -0.161953 1.7854 
0.948798 0.367086 -0.185445 1.80863 
0.941959 0.347697 -0.164687 1.79288 
0.950315 0.33189 -0.112306 1.80167 
0.946004 0.314524 -0.127023 1.7938 
0.952286 0.306378 -0.119213 1.8045 
0.949239 0.312978 -0.118198 1.7992 
0.946468 0.342657 -0.113603 1.79428 
0.93947 0.350045 -0.121285 1.78253 
0.941947 0.324384 -0.125946 1.78695 
0.942383 0.337185 -0.117636 1.78637 
0.974372 0.335474 -0.142348 1.85042 
0.982545 0.349902 -0.146022 1.86644 
0.972176 0.312905 -0.115429 1.84373 
0.977045 0.334143 -0.136383 1.85551 
0.994002 0.362808 -0.146788 1.88488 
1.00137 0.351187 -0.138753 1.89429 
0.994706 0.366037 -0.13191 1.8857 
0.99686 0.362158 -0.140204 1.88927 
0.996651 0.358806 -0.154354 1.88862 
1.00203 0.329872 -0.153637 1.89409 
1.00264 0.338515 -0.142576 1.89567 
1.00034 0.344767 -0.150241 1.8916 
0.973849 0.318685 -0.116114 1.84717 
0.986589 0.353878 -0.139932 1.87399 
0.986798 0.353301 -0.124355 1.87351 
0.981443 0.343869 -0.127385 1.86355 
0.99257 0.356443 -0.180249 1.88135 
0.997996 0.335249 -0.164496 1.8887 
0.993924 0.359791 -0.161608 1.88472 
0.99672 0.354295 -0.171006 1.88887 
0.972407 0.363355 -0.183287 1.84935 
0.982804 0.363402 -0.185204 1.86728 
0.974771 0.349935 -0.163719 1.85355 
0.978048 0.361558 -0.179026 1.85962 
0.987036 0.340052 -0.205191 1.87127 
0.991373 0.312132 -0.187743 1.87539 
0.991992 0.353678 -0.195792 1.87985 
0.991723 0.339881 -0.199039 1.87844 
0.961653 0.387475 -0.21143 1.83419 
0.970137 0.384711 -0.225168 1.8468 
0.968247 0.376688 -0.202525 1.84411 
0.965722 0.385213 -0.213817 1.83996 
0.981421 0.240212 -0.181546 1.85473 
0.989816 0.27502 -0.179123 1.87169 
0.98317 0.313635 -0.201168 1.86272 
0.98471 0.274259 -0.189623 1.86218 
0.993251 0.266282 -0.161592 1.87827 
0.999743 0.172025 -0.125605 1.88146 
0.997344 0.282798 -0.150349 1.88433 
0.99425 0.249781 -0.143191 1.87748 
0.995275 0.350068 -0.188587 1.88602 
0.995019 0.305211 -0.177666 1.88188 
0.999177 0.316522 -0.16612 1.88952 
0.995538 0.324926 -0.177974 1.88373 
0.986619 0.21551 -0.175349 1.86525 
0.993785 0.165909 -0.145164 1.87237 
0.989612 0.246016 -0.157003 1.86851 
0.988754 0.205712 -0.143738 1.86427 
0.975638 0.395855 -0.0678445 1.85371 
0.97662 0.378503 -0.0605673 1.85368 
0.979969 0.43714 -0.0668365 1.86662 
0.97814 0.405373 -0.0658025 1.85966 
0.976233 0.501208 -0.0716874 1.86752 
0.9744 0.473006 -0.0789652 1.8604 
0.979349 0.473039 -0.0710947 1.86926 
0.976604 0.483478 -0.0741347 1.86555 
0.966022 0.364835 -0.083185 1.83323 
0.96621 0.324597 -0.0778913 1.82946 
0.97045 0.369667 -0.0743806 1.84188 
0.967728 0.353277 -0.0782625 1.83513 
0.957677 0.295 -0.111116 1.81506 
0.963736 0.286698 -0.101554 1.82405 
0.957257 0.293441 -0.0968688 1.81253 
0.958424 0.289036 -0.101263 1.81516 
0.975049 0.292366 -0.055848 1.84593 
0.979449 0.33492 -0.0582185 1.85715 
0.970925 0.274768 -0.0484796 1.8357 
0.973553 0.29271 -0.0553444 1.84304 
0.969012 0.278546 -0.0718016 1.83299 
0.970866 0.279476 -0.0654911 1.83614 
0.968031 0.276051 -0.0627872 1.82943 
0.968007 0.273731 -0.0662753 1.82957 
0.966903 0.283731 -0.0914441 1.83018 
0.967828 0.27981 -0.080485 1.83158 
0.964744 0.282835 -0.0791185 1.82449 
0.965435 0.277268 -0.0825458 1.8263 
0.982171 0.339517 -0.0916176 1.86341 
0.97417 0.303424 -0.0742536 1.84459 
0.972869 0.297691 -0.0810831 1.84172 
0.97665 0.312101 -0.0803612 1.85009 
0.988769 0.35822 -0.0912859 1.87553 
0.991974 0.371836 -0.0857292 1.8804 
0.979667 0.328729 -0.0754524 1.8574 
0.987475 0.358234 -0.0874153 1.87375 
0.99637 0.238485 -0.0902892 1.87789 
0.998349 0.307655 -0.107315 1.88484 
1.00354 0.319682 -0.1232 1.89688 
1.00057 0.289815 -0.113689 1.8888 
0.997945 0.425711 -0.034261 1.89856 
1.00364 0.461756 -0.0291811 1.9144 
0.982583 0.358924 -0.0264219 1.86362 
0.998508 0.420089 -0.0296126 1.90004 
0.93308 0.343175 -0.14673 1.77532 
0.938508 0.3294 -0.138416 1.78281 
0.935222 0.346848 -0.12864 1.77509 
0.935326 0.337721 -0.137299 1.77754 
0.922815 0.390619 -0.184615 1.76335 
0.927232 0.362669 -0.160727 1.76669 
0.916268 0.370556 -0.151387 1.74574 
0.923267 0.372742 -0.164672 1.7607 
0.965621 0.346105 -0.168031 1.83587 
0.967642 0.330351 -0.148772 1.83952 
0.958315 0.309854 -0.132008 1.81829 
0.964038 0.328448 -0.149339 1.83045 
0.96904 0.276336 -0.0566799 1.83137 
0.969955 0.274396 -0.057407 1.83354 
0.969603 0.273467 -0.0497404 1.83259 
0.969562 0.274283 -0.0537196 1.83247 
0.973451 0.363298 -0.0669022 1.84628 
0.970599 0.314633 -0.0613812 1.83597 
0.974202 0.34475 -0.057756 1.84581 
0.972729 0.341468 -0.0622361 1.84253 
0.965727 0.287392 -0.0738584 1.82629 
0.966496 0.273984 -0.0736976 1.82764 
0.967142 0.283401 -0.065177 1.8284 
0.966297 0.279081 -0.0704596 1.82717 
1.00287 0.344504 -0.12821 1.89639 
1.00459 0.345679 -0.117048 1.89962 
0.996172 0.364175 -0.124963 1.88815 
1.00103 0.354492 -0.122495 1.89339 
0.976284 0.37214 -0.198116 1.85677 
0.984231 0.359924 -0.211293 1.86822 
0.988514 0.363302 -0.197316 1.87736 
0.981936 0.365772 -0.202799 1.86458 
1.03247 0.419111 -0.138734 1.96573 
1.03179 0.421129 -0.138206 1.96434 
1.02026 0.378005 -0.121571 1.93873 
1.03247 0.419056 -0.139899 1.96579 
1.02076 0.339554 -0.125246 1.93845 
1.02845 0.40629 -0.145155 1.95723 
1.01245 0.318143 -0.113029 1.92205 
1.01984 0.365365 -0.13195 1.937 
1.04362 0.390396 -0.160841 1.98658 
1.04401 0.395491 -0.143581 1.98439 
1.0363 0.413777 -0.153183 1.97225 
1.03891 0.401999 -0.159797 1.9744 
0.971609 0.27668 -0.0398512 1.8363 
0.972906 0.287776 -0.0360391 1.84018 
0.972861 0.286045 -0.0351161 1.8384 
0.970897 0.277195 -0.0370307 1.83487 
0.970489 0.293426 -0.0566942 1.83404 
0.970433 0.280223 -0.0479677 1.83363 
0.973603 0.321463 -0.0537679 1.84185 
0.970844 0.295791 -0.051479 1.83419 
0.981123 0.336334 -0.0554005 1.8609 
0.97581 0.309278 -0.0413949 1.84782 
0.971187 0.274175 -0.0421453 1.83604 
0.977854 0.302978 -0.0427852 1.85184 
0.9925 0.373354 -0.0805743 1.88131 
0.986653 0.362671 -0.0681695 1.87205 
0.979943 0.328374 -0.0705713 1.85802 
0.986007 0.360371 -0.0727998 1.87046 
1.00032 0.35712 -0.0949826 1.89208 
0.998244 0.373027 -0.0902827 1.89006 
0.99519 0.370678 -0.100894 1.88605 
0.997438 0.368797 -0.0956494 1.8881 
0.993409 0.365768 -0.116715 1.88283 
0.997753 0.357248 -0.103116 1.88762 
0.992096 0.370211 -0.10565 1.88053 
0.99667 0.369233 -0.111522 1.88799 
0.994922 0.30917 -0.0954292 1.87963 
0.998559 0.318352 -0.090448 1.88863 
0.996652 0.310632 -0.0897539 1.88418 
0.997314 0.309103 -0.0882966 1.88547 
1.00077 0.382714 -0.0801927 1.90204 
0.998233 0.374008 -0.072401 1.89096 
0.995615 0.358016 -0.0773247 1.88412 
1.00023 0.367807 -0.0757194 1.89508 
1.029 0.442957 -0.079735 1.9604 
1.02826 0.442539 -0.0878377 1.95981 
1.03254 0.434742 -0.0832086 1.9658 
1.02991 0.440195 -0.0835729 1.96213 
1.02761 0.450768 -0.0506524 1.95616 
1.02724 0.450264 -0.0579339 1.95594 
1.03159 0.443182 -0.0511597 1.96195 
1.02908 0.447937 -0.0533402 1.95872 
1.01536 0.458823 -0.0832597 1.93783 
1.00795 0.418782 -0.0724631 1.91775 
1.01111 0.430703 -0.0824907 1.9266 
1.01438 0.44426 -0.0831579 1.93553 
1.02493 0.452833 -0.0674229 1.95371 
1.02207 0.456503 -0.0761441 1.94959 
1.02637 0.449138 -0.0745363 1.95656 
1.02432 0.452843 -0.0724651 1.95316 
1.01384 0.466662 -0.0691244 1.93535 
1.00905 0.434601 -0.0731451 1.92293 
1.01734 0.463774 -0.0769941 1.94207 
1.01245 0.460013 -0.0739545 1.93227 
0.991051 0.369391 -0.0623627 1.87766 
0.99588 0.372546 -0.065573 1.88606 
0.993278 0.375331 -0.0562231 1.88169 
0.993492 0.369783 -0.0619878 1.88106 
1.01847 0.452366 -0.0932632 1.94268 
1.02406 0.451886 -0.0918463 1.95348 
1.02104 0.460471 -0.0850557 1.94853 
1.02009 0.455529 -0.0910193 1.94639 
0.946812 0.563277 -0.0512006 1.82619 
0.938406 0.570915 -0.0529623 1.81355 
0.943823 0.56319 -0.0598071 1.82253 
0.942889 0.566378 -0.0544632 1.82072 
0.912567 0.588637 -0.044888 1.76952 
0.910852 0.594327 -0.0402605 1.7681 
0.907452 0.592483 -0.0445598 1.7607 
0.910178 0.591866 -0.0434781 1.76596 
0.90815 0.598519 -0.0140719 1.7596 
0.905711 0.600432 -0.0221311 1.75452 
0.914749 0.592561 -0.0226274 1.7694 
0.909713 0.597025 -0.0200375 1.76128 
0.874786 0.623718 -0.0187352 1.70683 
0.867091 0.628675 -0.0119568 1.69355 
0.865392 0.626858 -0.0196913 1.69135 
0.869108 0.626651 -0.0167843 1.69737 
0.89566 0.609162 -0.0252224 1.74135 
0.885209 0.616994 -0.0235648 1.72416 
0.889634 0.612426 -0.029922 1.73158 
0.890237 0.613255 -0.0262537 1.73266 
0.880993 0.618388 -0.0100276 1.71454 
0.870566 0.626156 -0.0101363 1.69891 
0.878567 0.621442 -0.0161197 1.71273 
0.876766 0.622415 -0.0120221 1.70915 
0.931939 0.371299 -0.173076 1.77778 
0.92951 0.403559 -0.202004 1.7776 
0.937726 0.406235 -0.20958 1.79361 
0.932904 0.393533 -0.195895 1.78381 
0.926908 0.445035 -0.247987 1.77631 
0.926172 0.435611 -0.225129 1.77477 
0.919814 0.45763 -0.242472 1.76604 
0.927253 0.452096 -0.241103 1.77782 
0.913465 0.377226 -0.242879 1.74658 
0.920143 0.422764 -0.25349 1.76256 
0.901862 0.396888 -0.244418 1.72522 
0.911059 0.394445 -0.244961 1.7431 
0.947904 0.413687 -0.248068 1.8092 
0.944543 0.422249 -0.237284 1.80603 
0.935755 0.430705 -0.250264 1.79001 
0.94424 0.424373 -0.246065 1.80434 
0.955332 0.399665 -0.220507 1.82407 
0.948469 0.411842 -0.229526 1.81261 
0.954116 0.409924 -0.242303 1.82112 
0.952728 0.409637 -0.231545 1.81939 
0.965651 0.387843 -0.23505 1.83858 
0.959212 0.397419 -0.222435 1.83044 
0.957589 0.4005 -0.242777 1.82618 
0.962851 0.398059 -0.235314 1.83617 
0.95787 0.288423 -0.218417 1.81676 
0.962178 0.350662 -0.230936 1.82927 
0.946913 0.31161 -0.229967 1.7993 
0.955535 0.312378 -0.222223 1.81428 
0.963565 0.289901 -0.208507 1.82599 
0.975987 0.336079 -0.215316 1.85241 
0.969975 0.354033 -0.228758 1.84332 
0.969621 0.33031 -0.220609 1.84077 
0.960267 0.358596 -0.18218 1.82848 
0.949262 0.331998 -0.152766 1.80325 
0.955317 0.368756 -0.189696 1.82059 
0.954801 0.353142 -0.176263 1.8169 
0.959106 0.300019 -0.121283 1.8186 
0.968292 0.319257 -0.136032 1.83693 
0.96606 0.295957 -0.111821 1.83024 
0.964821 0.303152 -0.122507 1.82865 
0.951307 0.331222 -0.105583 1.80156 
0.952909 0.301743 -0.111614 1.80551 
0.95653 0.307477 -0.0989694 1.81147 
0.954388 0.31177 -0.104692 1.80754 
0.94903 0.321118 -0.140532 1.80137 
0.960133 0.3432 -0.166428 1.82501 
0.954611 0.310025 -0.131466 1.81084 
0.953973 0.321606 -0.143895 1.81036 
0.996002 0.192405 -0.104422 1.87528 
0.997102 0.217364 -0.0914104 1.87803 
0.999619 0.272026 -0.134168 1.88765 
0.996425 0.211234 -0.107015 1.87555 
0.930248 0.558413 -0.0780133 1.79283 
0.926598 0.568112 -0.0684887 1.7887 
0.91938 0.55743 -0.075306 1.77213 
0.925599 0.562038 -0.0744414 1.78522 
0.886838 0.470595 -0.251406 1.70441 
0.864435 0.429599 -0.242283 1.66254 
0.880007 0.401969 -0.242911 1.68788 
0.875533 0.427219 -0.243045 1.6797 
0.907067 0.433124 -0.200105 1.73954 
0.899442 0.464988 -0.21418 1.7286 
0.910519 0.464605 -0.232953 1.7467 
0.906616 0.456471 -0.216598 1.73975 
0.869834 0.520167 -0.241947 1.68405 
0.860849 0.455532 -0.240208 1.65704 
0.884216 0.492756 -0.251095 1.70654 
0.874709 0.494826 -0.246535 1.68458 
0.980999 0.360696 -0.215406 1.86325 
0.972213 0.374994 -0.205114 1.84923 
0.973624 0.372817 -0.225372 1.85113 
0.977665 0.372312 -0.216075 1.8579 
0.978776 0.243777 -0.190355 1.85155 
0.979153 0.310697 -0.206062 1.85585 
0.967079 0.263851 -0.206116 1.83124 
0.973385 0.266629 -0.195227 1.84164 
0.909086 0.476416 -0.243818 1.74506 
0.898591 0.483598 -0.22778 1.72949 
0.896037 0.487859 -0.247154 1.73002 
0.900542 0.483054 -0.239603 1.73204 
0.892022 0.421009 -0.250182 1.70866 
0.908628 0.468864 -0.251045 1.74315 
0.895838 0.472396 -0.25252 1.72454 
0.903196 0.463551 -0.255306 1.73389 
0.921544 0.425725 -0.210901 1.76674 
0.911863 0.42332 -0.198768 1.74796 
0.917837 0.456679 -0.231227 1.7615 
0.916753 0.43613 -0.21347 1.75878 
0.942478 0.380533 -0.245686 1.7969 
0.924827 0.355511 -0.23867 1.76478 
0.935122 0.333321 -0.235054 1.78042 
0.933287 0.351739 -0.23805 1.77863 
0.960723 0.372335 -0.237343 1.82946 
0.951417 0.38207 -0.244144 1.8139 
0.945124 0.331492 -0.230084 1.79732 
0.953706 0.365857 -0.238552 1.81569 
0.940005 0.424128 -0.229381 1.79824 
0.931748 0.426118 -0.222469 1.78384 
0.934435 0.440198 -0.245686 1.78953 
0.934688 0.43142 -0.234396 1.78921 
0.811769 0.609867 -0.115496 1.58113 
0.766695 0.61372 -0.0780555 1.50685 
0.701424 0.645722 -0.0674083 1.39369 
0.762482 0.618033 -0.0993374 1.49737 
0.901009 0.459638 -0.119234 1.72525 
0.909129 0.482344 -0.113 1.74457 
0.897912 0.493351 -0.108506 1.72596 
0.901875 0.479571 -0.113294 1.73074 
0.888745 0.425612 -0.143757 1.69751 
0.893873 0.439949 -0.13041 1.70994 
0.878691 0.451759 -0.131356 1.68284 
0.887066 0.440151 -0.134736 1.69641 
0.847063 0.514073 -0.170175 1.64294 
0.865388 0.478145 -0.161986 1.6714 
0.863699 0.467093 -0.133874 1.66005 
0.858655 0.481486 -0.153273 1.65714 
0.893868 0.449547 -0.195219 1.7192 
0.901351 0.417968 -0.180426 1.72813 
0.891368 0.417463 -0.161361 1.70713 
0.896319 0.427215 -0.178272 1.71931 
0.896524 0.410876 -0.143859 1.71047 
0.908145 0.394577 -0.141427 1.73012 
0.9 0.426521 -0.132186 1.71928 
0.901479 0.410416 -0.13924 1.71966 
0.878796 0.518515 -0.0422926 1.69296 
0.881008 0.529509 -0.0608883 1.69984 
0.891891 0.537014 -0.051383 1.7213 
0.884579 0.529321 -0.0506079 1.70615 
0.891887 0.469587 -0.0128253 1.70921 
0.883287 0.496844 -0.023818 1.69688 
0.897587 0.498475 -0.0285323 1.72371 
0.890522 0.488538 -0.0204295 1.70893 
0.854228 0.508239 -0.0523178 1.64762 
0.872464 0.520574 -0.0620135 1.68259 
0.869191 0.510286 -0.0390956 1.67456 
0.863796 0.512789 -0.0518012 1.66455 
0.806726 0.558379 -0.044107 1.57139 
0.834291 0.514076 -0.046666 1.61126 
0.834445 0.518456 -0.00532842 1.61205 
0.819381 0.526117 -0.0311067 1.58413 
0.808886 0.586046 -0.121666 1.58194 
0.822933 0.544974 -0.110475 1.60248 
0.796806 0.579838 -0.0986001 1.55859 
0.814225 0.569555 -0.111635 1.5955 
0.808052 0.58618 -0.143522 1.58133 
0.829536 0.557666 -0.163735 1.61872 
0.825512 0.537767 -0.126334 1.60665 
0.822194 0.561172 -0.145492 1.60428 
0.903174 0.507436 -0.103395 1.73716 
0.914115 0.496795 -0.107924 1.75535 
0.917647 0.516546 -0.09908 1.76516 
0.912192 0.507069 -0.103162 1.75377 
0.869847 0.500932 -0.0920247 1.67524 
0.886645 0.507516 -0.0964 1.70571 
0.878981 0.518153 -0.079312 1.6944 
0.877638 0.5089 -0.0898751 1.69066 
0.850002 0.506171 -0.0668228 1.6388 
0.85976 0.502518 -0.0864845 1.65665 
0.871931 0.517726 -0.0727035 1.68125 
0.860974 0.508774 -0.0758675 1.66048 
0.871142 0.471683 -0.117157 1.6721 
0.884871 0.495083 -0.103375 1.70183 
0.868131 0.489102 -0.102065 1.66992 
0.87375 0.484945 -0.105795 1.67979 
0.87749 0.462685 -0.121133 1.68197 
0.893178 0.45481 -0.121883 1.70985 
0.88976 0.488228 -0.108007 1.70982 
0.886886 0.468306 -0.118176 1.70067 
0.930212 0.421075 -0.252407 1.7808 
0.922746 0.373621 -0.241421 1.76255 
0.940537 0.401539 -0.248971 1.79597 
0.932561 0.402381 -0.24928 1.78218 
0.916604 0.463951 -0.252545 1.76013 
0.900171 0.413773 -0.246473 1.72238 
0.920824 0.438921 -0.25376 1.76725 
0.910067 0.441909 -0.25451 1.7453 
0.823814 0.491152 -0.226565 1.59409 
0.848794 0.461964 -0.239412 1.63974 
0.857666 0.522063 -0.238213 1.6624 
0.841632 0.483228 -0.234711 1.62888 
0.845886 0.57267 -0.202868 1.65089 
0.82401 0.517246 -0.217118 1.59705 
0.852387 0.541737 -0.225645 1.65799 
0.838489 0.548234 -0.2182 1.63225 
0.831295 0.577431 -0.193861 1.61997 
0.783702 0.550149 -0.182643 1.53203 
0.804177 0.531362 -0.208581 1.55846 
0.804942 0.549088 -0.195311 1.56856 
0.888238 0.529298 -0.0775681 1.71318 
0.894328 0.521294 -0.0930421 1.72299 
0.903678 0.541304 -0.079132 1.74372 
0.8954 0.531524 -0.0827928 1.72729 
0.896703 0.543912 -0.0575682 1.73113 
0.889526 0.536381 -0.0676645 1.71637 
0.902379 0.547092 -0.0718796 1.74392 
0.895788 0.54292 -0.0662269 1.7291 
0.843405 0.504417 -0.0724894 1.62465 
0.838807 0.503767 -0.0987238 1.61788 
0.853855 0.494357 -0.093545 1.64339 
0.842037 0.497885 -0.0862902 1.62134 
0.841626 0.524795 -0.157189 1.63483 
0.858106 0.473191 -0.129355 1.65039 
0.839692 0.511143 -0.12557 1.62716 
0.843566 0.49881 -0.137585 1.63118 
0.770683 0.562858 -0.172408 1.51474 
0.830899 0.593346 -0.17878 1.62252 
0.79986 0.612648 -0.156838 1.56926 
0.811398 0.604832 -0.175128 1.58721 
0.873559 0.525069 -0.222056 1.69164 
0.887549 0.491284 -0.212405 1.70902 
0.875005 0.492717 -0.189914 1.68732 
0.878744 0.503974 -0.209624 1.69599 
0.897212 0.405188 -0.152103 1.71602 
0.902324 0.399532 -0.170187 1.72574 
0.905917 0.37824 -0.147009 1.72792 
0.902608 0.392506 -0.158108 1.72423 
0.8759 0.463973 -0.175972 1.6888 
0.887313 0.463193 -0.193269 1.70842 
0.886 0.429316 -0.160472 1.69871 
0.879727 0.44999 -0.175851 1.69452 
0.872461 0.454013 -0.13644 1.67113 
0.868278 0.453488 -0.162002 1.67454 
0.881592 0.426844 -0.149987 1.6857 
0.874693 0.442823 -0.150064 1.67661 
0.848708 0.546669 -0.191216 1.64985 
0.860744 0.535757 -0.214369 1.66855 
0.865223 0.507512 -0.184382 1.67129 
0.859809 0.537614 -0.198645 1.66653 
0.872734 0.521155 -0.233748 1.68791 
0.885825 0.498625 -0.245503 1.71031 
0.890305 0.49379 -0.226486 1.71707 
0.886155 0.508534 -0.237268 1.71362 
0.864148 0.480089 0.0226433 1.65929 
0.888478 0.447262 0.0087329 1.70011 
0.885276 0.45305 0.0419396 1.69227 
0.881159 0.458352 0.0278219 1.68756 
0.787566 0.580979 -0.0274563 1.54084 
0.827646 0.522906 0.0140715 1.59764 
0.807712 0.570968 0.0332512 1.57543 
0.8109 0.561619 0.0131844 1.57784 
0.842523 0.505862 -0.0398972 1.62475 
0.863263 0.500334 -0.0270379 1.66114 
0.846432 0.499468 -0.0102644 1.631 
0.852367 0.502481 -0.02472 1.64311 
0.970226 0.460618 0.275021 1.86294 
0.981675 0.454366 0.256679 1.88196 
0.981475 0.444283 0.27316 1.88031 
0.978134 0.452471 0.268489 1.87548 
0.936049 0.465888 0.335878 1.80611 
0.936374 0.47723 0.317862 1.80645 
0.951301 0.45705 0.320375 1.83127 
0.941363 0.467222 0.324494 1.81492 
0.85894 0.527501 0.348824 1.67838 
0.881886 0.514996 0.342413 1.71594 
0.877152 0.508184 0.358014 1.70921 
0.872105 0.516457 0.350886 1.70014 
0.837814 0.549745 0.332079 1.64224 
0.822396 0.567243 0.315852 1.61615 
0.843864 0.559575 0.30906 1.65225 
0.833792 0.558349 0.319577 1.63536 
0.965551 0.488882 0.238614 1.85525 
0.963356 0.497836 0.225915 1.85186 
0.976028 0.483196 0.220365 1.87251 
0.969194 0.490151 0.227793 1.86157 
0.935988 0.489162 0.300898 1.8074 
0.93301 0.502587 0.284962 1.80327 
0.951375 0.479479 0.287559 1.83364 
0.940363 0.491173 0.290981 1.81608 
0.944225 0.514772 0.239894 1.8202 
0.956017 0.505271 0.23063 1.83989 
0.956316 0.49781 0.244486 1.8398 
0.952559 0.505315 0.239734 1.8339 
0.92614 0.408053 -0.0657044 1.76259 
0.9237 0.416644 -0.0793872 1.75884 
0.932774 0.399423 -0.0753327 1.77275 
0.9275 0.409358 -0.0731551 1.76475 
0.898458 0.427555 -0.0593477 1.71626 
0.904984 0.42511 -0.0647459 1.72863 
0.903416 0.420721 -0.0573798 1.72465 
0.901752 0.422958 -0.0604499 1.72205 
0.910658 0.439184 -0.0824037 1.73855 
0.916238 0.430037 -0.0816467 1.74742 
0.910375 0.432911 -0.0744277 1.73809 
0.912579 0.434779 -0.0790705 1.74136 
0.921063 0.414733 -0.0653962 1.75509 
0.912696 0.426945 -0.070485 1.74197 
0.919345 0.423975 -0.0774633 1.75221 
0.917483 0.422479 -0.0717441 1.74937 
0.908915 0.412755 -0.0304942 1.73322 
0.912517 0.404935 -0.0394078 1.73883 
0.913464 0.403102 -0.0206047 1.74054 
0.912143 0.405786 -0.0315543 1.73895 
0.901457 0.493017 -0.0287678 1.73009 
0.904048 0.470749 -0.0287467 1.73074 
0.89803 0.461175 -0.0157058 1.71833 
0.90237 0.474353 -0.02507 1.72854 
0.863601 0.48415 0.00538321 1.66093 
0.873354 0.491852 -0.016711 1.67885 
0.884843 0.462809 -0.000858704 1.69562 
0.873039 0.476503 -0.0044735 1.67628 
0.912073 0.539203 -0.0470396 1.75652 
0.910987 0.535932 -0.0495288 1.75443 
0.909941 0.522576 -0.0469342 1.75056 
0.911045 0.532874 -0.0476936 1.75413 
0.905185 0.440636 -0.0467346 1.72879 
0.904823 0.422346 -0.0486719 1.72665 
0.906917 0.425663 -0.0385112 1.73082 
0.90614 0.429403 -0.0453839 1.72982 
0.901719 0.538974 -0.0472324 1.73945 
0.9094 0.539577 -0.0450382 1.75218 
0.903062 0.523586 -0.0394685 1.73928 
0.904918 0.534213 -0.0426667 1.74407 
0.902635 0.476893 -0.0532096 1.72963 
0.898382 0.443597 -0.055403 1.71718 
0.903023 0.455884 -0.0512797 1.72674 
0.901477 0.458443 -0.0539089 1.72446 
0.904637 0.414603 -0.0554289 1.72647 
0.907981 0.42202 -0.0635901 1.73352 
0.91083 0.410929 -0.0529053 1.73768 
0.908289 0.415132 -0.0569106 1.73339 
0.908238 0.415533 -0.0379457 1.73262 
0.906172 0.414845 -0.0499802 1.729 
0.910496 0.408778 -0.0454903 1.73662 
0.907876 0.411055 -0.0441861 1.73173 
0.903278 0.442287 -0.0509726 1.72554 
0.899014 0.433334 -0.0561508 1.71758 
0.902612 0.42614 -0.0531473 1.72306 
0.90111 0.432176 -0.053314 1.72104 
0.792725 0.560981 -0.0101017 1.5402 
0.797495 0.573667 -0.0112605 1.55536 
0.795387 0.559499 -0.00822178 1.54484 
0.793755 0.56307 -0.00930667 1.54449 
0.903619 0.429903 -0.0677019 1.72628 
0.897172 0.429797 -0.0615879 1.71465 
0.89836 0.437218 -0.0690898 1.71776 
0.89969 0.431722 -0.065819 1.71965 
0.91352 0.563216 -0.0523721 1.76067 
0.907882 0.55205 -0.0543942 1.74905 
0.910552 0.546631 -0.0519833 1.75435 
0.911032 0.553901 -0.0529827 1.75496 
0.900056 0.543696 -0.0567505 1.73632 
0.893845 0.539261 -0.0585051 1.72536 
0.895726 0.528224 -0.0584553 1.72602 
0.896452 0.537298 -0.0579795 1.72964 
0.896489 0.492858 -0.058972 1.72091 
0.900437 0.515757 -0.0569821 1.73219 
0.896104 0.512969 -0.0589585 1.72411 
0.897894 0.508271 -0.0584276 1.72662 
0.899903 0.584732 -0.0510115 1.74065 
0.902515 0.592578 -0.0470613 1.74997 
0.897507 0.595722 -0.0464469 1.74012 
0.900415 0.59264 -0.0483048 1.74481 
0.89205 0.551599 -0.0569825 1.72465 
0.896171 0.568433 -0.0543641 1.73232 
0.89232 0.565334 -0.0540362 1.72374 
0.89373 0.561959 -0.0551636 1.72739 
0.907431 0.582097 -0.0517639 1.75462 
0.905094 0.589788 -0.0484058 1.75385 
0.902946 0.580962 -0.0522192 1.74559 
0.904924 0.584572 -0.0510127 1.75091 
0.913581 0.569487 -0.0528001 1.76171 
0.910858 0.574643 -0.0530066 1.7579 
0.90794 0.559565 -0.0545076 1.75065 
0.91097 0.5685 -0.0533832 1.75696 
0.915368 0.588159 -0.0442218 1.77479 
0.920441 0.587954 -0.0412909 1.7827 
0.914436 0.592487 -0.0396694 1.77341 
0.916822 0.590022 -0.0417609 1.77735 
0.915582 0.57772 -0.0511866 1.76867 
0.914981 0.583666 -0.0481167 1.77089 
0.911975 0.580468 -0.0508754 1.76281 
0.914498 0.58146 -0.050152 1.76784 
0.916924 0.576076 -0.0504748 1.77046 
0.919262 0.576853 -0.0499602 1.77613 
0.916492 0.583425 -0.048592 1.77395 
0.917767 0.579665 -0.049651 1.77373 
0.920942 0.580719 -0.0496037 1.78336 
0.917441 0.583273 -0.0478961 1.77626 
0.919614 0.5793 -0.0500184 1.77871 
0.919664 0.581093 -0.0491067 1.78018 
0.907116 0.57452 -0.0533709 1.7518 
0.901287 0.571546 -0.0542352 1.74213 
0.903411 0.559236 -0.0551938 1.74382 
0.904795 0.569617 -0.0544736 1.74788 
0.912757 0.585817 -0.0473039 1.76806 
0.90706 0.589364 -0.0472865 1.75809 
0.909611 0.584329 -0.0501827 1.76026 
0.909832 0.586624 -0.0482574 1.76194 
0.894125 0.596429 -0.0464462 1.73128 
0.887564 0.591984 -0.0477021 1.71844 
0.889979 0.579686 -0.0510138 1.72047 
0.891833 0.591073 -0.0483164 1.72526 
0.899532 0.601359 -0.0402154 1.74853 
0.896952 0.598948 -0.0441943 1.742 
0.90211 0.596111 -0.0444262 1.75129 
0.899419 0.598926 -0.0430733 1.74725 
0.89684 0.604084 -0.0381727 1.74387 
0.891145 0.607983 -0.0363455 1.73476 
0.893676 0.60208 -0.0422355 1.73697 
0.893648 0.605203 -0.0389204 1.73846 
0.888703 0.56 -0.0540025 1.71542 
0.881424 0.548177 -0.0565196 1.70456 
0.883905 0.543694 -0.0581961 1.70974 
0.883666 0.550068 -0.0562712 1.70929 
0.906707 0.435315 -0.0729385 1.73225 
0.901364 0.442971 -0.0738386 1.72358 
0.907183 0.443062 -0.0800884 1.73277 
0.904981 0.440962 -0.0757852 1.72943 
0.896478 0.470229 -0.0584084 1.71734 
0.89687 0.4475 -0.0578084 1.7154 
0.901149 0.479885 -0.0552584 1.72717 
0.898049 0.465818 -0.0566427 1.7196 
0.902293 0.512338 -0.0562349 1.73483 
0.898544 0.48844 -0.0577731 1.72374 
0.903099 0.496879 -0.0549212 1.73332 
0.901126 0.499622 -0.0565057 1.7302 
0.908364 0.530531 -0.0513814 1.74967 
0.90456 0.521676 -0.0541898 1.74101 
0.905059 0.508517 -0.053541 1.73889 
0.906388 0.520835 -0.0531879 1.74404 
0.902116 0.54089 -0.0559569 1.73883 
0.897613 0.524914 -0.0580737 1.72906 
0.901707 0.526755 -0.0564044 1.73607 
0.900456 0.531012 -0.0567664 1.73481 
0.887528 0.462362 -0.061254 1.69954 
0.888146 0.446196 -0.0623894 1.69922 
0.891976 0.465409 -0.060457 1.70828 
0.888551 0.456843 -0.0608987 1.70078 
0.891228 0.461823 -0.0772595 1.70647 
0.892319 0.464139 -0.0816727 1.70805 
0.896676 0.459839 -0.0827615 1.71542 
0.893416 0.461696 -0.0801845 1.70938 
0.888968 0.442269 -0.0665018 1.70147 
0.889738 0.452734 -0.0719959 1.70373 
0.893958 0.444849 -0.0708179 1.71071 
0.89095 0.446604 -0.0696281 1.70557 
0.893056 0.458769 -0.0593373 1.70948 
0.889687 0.440986 -0.062447 1.70192 
0.893434 0.438228 -0.0594632 1.70851 
0.892516 0.444719 -0.0605831 1.70729 
0.882579 0.454875 -0.0688924 1.69068 
0.882382 0.462835 -0.0718867 1.69102 
0.886018 0.459097 -0.0727906 1.69744 
0.88364 0.458905 -0.0711964 1.69311 
0.884474 0.455227 -0.0614365 1.69317 
0.88222 0.448229 -0.0648183 1.68896 
0.885706 0.444337 -0.0639416 1.69448 
0.885019 0.44828 -0.0633523 1.69298 
0.883032 0.45874 -0.0618488 1.69145 
0.878514 0.456117 -0.0629793 1.68336 
0.881239 0.451997 -0.0641934 1.68755 
0.879809 0.452539 -0.0624603 1.68515 
0.880251 0.454999 -0.0672124 1.68649 
0.876781 0.45707 -0.0654888 1.6809 
0.879832 0.461788 -0.0698323 1.68648 
0.879045 0.457752 -0.0671467 1.68484 
0.887028 0.463681 -0.0752582 1.69927 
0.88327 0.467984 -0.0744711 1.69271 
0.885348 0.470961 -0.0782815 1.69575 
0.885185 0.467811 -0.0762423 1.69593 
0.893758 0.50527 -0.0597586 1.71818 
0.889175 0.479093 -0.0607634 1.70522 
0.893666 0.482571 -0.0597752 1.7138 
0.892066 0.489386 -0.060283 1.7122 
0.907652 0.538278 -0.0527583 1.7505 
0.905201 0.544196 -0.054947 1.74426 
0.903696 0.530859 -0.0551185 1.74205 
0.905677 0.537646 -0.0542914 1.74475 
0.888275 0.535051 -0.0592499 1.71539 
0.883206 0.530953 -0.0597665 1.70529 
0.88149 0.512782 -0.0613094 1.69839 
0.885653 0.528553 -0.0603271 1.70929 
0.877954 0.498512 -0.060473 1.68876 
0.880201 0.521319 -0.0604356 1.69736 
0.872184 0.488375 -0.0604081 1.67745 
0.876795 0.502708 -0.0607055 1.68787 
0.874883 0.462716 -0.063134 1.6776 
0.876224 0.478288 -0.0612173 1.68165 
0.871835 0.466398 -0.0627762 1.67277 
0.874707 0.467881 -0.0623514 1.67764 
0.888292 0.512543 -0.0598343 1.70878 
0.893628 0.520125 -0.0595933 1.72018 
0.89125 0.53309 -0.0590078 1.71894 
0.891264 0.52206 -0.0598985 1.71621 
0.877898 0.466195 -0.0617181 1.68294 
0.882521 0.49192 -0.0631329 1.69484 
0.879113 0.486946 -0.0617748 1.68849 
0.878745 0.480119 -0.0609699 1.68589 
0.878549 0.461668 -0.0611802 1.68375 
0.883963 0.470147 -0.0612368 1.6947 
0.883441 0.487423 -0.0618007 1.69624 
0.882359 0.472468 -0.0618329 1.69231 
0.895171 0.43876 -0.0678093 1.71243 
0.894454 0.433074 -0.0612901 1.71022 
0.89085 0.439027 -0.0645475 1.70467 
0.892821 0.435939 -0.0645633 1.70776 
0.897614 0.456421 -0.080303 1.71649 
0.89668 0.449707 -0.0744673 1.71572 
0.89209 0.45755 -0.0754395 1.70794 
0.895465 0.455193 -0.07681 1.71349 
0.901087 0.453266 -0.0823202 1.72285 
0.905543 0.447171 -0.0827391 1.73042 
0.90005 0.447852 -0.0760771 1.72134 
0.90233 0.449909 -0.0800596 1.72471 
0.878948 0.465474 -0.0706756 1.68511 
0.876575 0.45985 -0.0655042 1.68121 
0.876325 0.468753 -0.0698603 1.6809 
0.876856 0.46446 -0.0687309 1.68163 
0.889276 0.466021 -0.0797804 1.7024 
0.888836 0.464297 -0.0766181 1.70262 
0.886436 0.469805 -0.0793337 1.69745 
0.888589 0.46755 -0.0785844 1.70164 
0.887055 0.453993 -0.0709197 1.69899 
0.886986 0.444813 -0.0656238 1.69783 
0.883739 0.450714 -0.0671134 1.69232 
0.885444 0.44908 -0.067959 1.69536 
0.875207 0.477932 -0.0724321 1.67928 
0.873156 0.482189 -0.0724439 1.67585 
0.874868 0.484324 -0.0753465 1.67778 
0.874548 0.481918 -0.0734496 1.67798 
0.872284 0.485594 -0.0733521 1.6743 
0.871352 0.489283 -0.0750278 1.67174 
0.873743 0.486411 -0.0758614 1.67563 
0.872755 0.487455 -0.0748064 1.67425 
0.878038 0.480068 -0.0771694 1.68273 
0.876528 0.478035 -0.0737339 1.68126 
0.875873 0.48316 -0.0763491 1.67923 
0.876984 0.481067 -0.0758743 1.68128 
0.865743 0.488434 -0.0690759 1.66511 
0.863833 0.49285 -0.0692379 1.6615 
0.865615 0.495504 -0.0720401 1.66376 
0.865205 0.492682 -0.0702809 1.66381 
0.869832 0.471596 -0.0659957 1.67071 
0.867917 0.479928 -0.0674914 1.66823 
0.870561 0.479704 -0.0693473 1.67209 
0.869225 0.476558 -0.067599 1.67013 
0.868891 0.470087 -0.0643507 1.66907 
0.867264 0.47246 -0.0618861 1.6667 
0.866507 0.476686 -0.0654907 1.66604 
0.867848 0.472888 -0.0636772 1.66795 
0.871026 0.485191 -0.071598 1.67278 
0.868044 0.485876 -0.0698743 1.66861 
0.870303 0.490176 -0.073554 1.67065 
0.869631 0.487362 -0.0717396 1.67052 
0.861233 0.48968 -0.0659907 1.65695 
0.861237 0.482218 -0.0623317 1.6566 
0.8585 0.487924 -0.0636349 1.65223 
0.859779 0.486048 -0.0641316 1.65445 
0.868788 0.491863 -0.073771 1.66825 
0.867079 0.488871 -0.0703104 1.667 
0.86662 0.494668 -0.072976 1.66517 
0.867772 0.492658 -0.0724943 1.66718 
0.865382 0.478889 -0.0649376 1.66434 
0.866654 0.475541 -0.0614006 1.66635 
0.863723 0.478442 -0.0619079 1.66136 
0.864208 0.476058 -0.0628882 1.66195 
0.859338 0.495615 -0.0571943 1.65425 
0.857073 0.502332 -0.0564153 1.65101 
0.853858 0.488697 -0.0573147 1.64335 
0.856818 0.494829 -0.0570825 1.64973 
0.856153 0.486397 -0.0608641 1.64824 
0.858736 0.488727 -0.0582904 1.65271 
0.854164 0.48703 -0.0588937 1.64425 
0.855152 0.485054 -0.0590876 1.64606 
0.870857 0.513583 -0.0586208 1.67822 
0.87533 0.53566 -0.0577836 1.69129 
0.867256 0.509372 -0.0579939 1.67056 
0.871096 0.520121 -0.0582572 1.67977 
0.881156 0.534817 -0.0600224 1.70199 
0.878722 0.540467 -0.0583266 1.69852 
0.874858 0.520599 -0.058886 1.68691 
0.878157 0.532866 -0.0590434 1.69588 
0.871355 0.469222 -0.0622804 1.6725 
0.875052 0.482879 -0.0611236 1.6813 
0.870747 0.476109 -0.0614257 1.67308 
0.871538 0.473635 -0.0610307 1.6736 
0.889775 0.544804 -0.0583101 1.72015 
0.889144 0.558751 -0.0547089 1.71764 
0.884967 0.542358 -0.0587704 1.71124 
0.887719 0.548752 -0.0575389 1.71616 
0.862348 0.556656 -0.0507541 1.67046 
0.866282 0.568281 -0.0481528 1.67885 
0.860763 0.564153 -0.0483109 1.66832 
0.862546 0.56259 -0.0489425 1.67271 
0.852918 0.512806 -0.0547259 1.6446 
0.860312 0.542743 -0.0531399 1.66404 
0.853989 0.52644 -0.0536922 1.64723 
0.856757 0.527951 -0.0540717 1.65213 
0.8703 0.549886 -0.0549267 1.68496 
0.872863 0.558303 -0.053592 1.69111 
0.866624 0.552449 -0.0532808 1.67724 
0.869967 0.553836 -0.0539824 1.68417 
0.88573 0.563257 -0.0524994 1.71231 
0.878527 0.561294 -0.0528511 1.70063 
0.880055 0.553615 -0.0550422 1.70313 
0.881819 0.559428 -0.053478 1.7048 
0.893354 0.577051 -0.05175 1.72562 
0.897589 0.579579 -0.052053 1.73465 
0.896248 0.59432 -0.0474042 1.73529 
0.89544 0.583997 -0.050496 1.7311 
0.854029 0.50205 -0.0559453 1.64522 
0.851426 0.496877 -0.0556053 1.63907 
0.851992 0.490488 -0.0567753 1.63976 
0.851995 0.49469 -0.0553074 1.63996 
0.863364 0.482824 -0.0599543 1.6601 
0.867479 0.497582 -0.0592044 1.66991 
0.863558 0.4938 -0.0586348 1.66192 
0.864015 0.489868 -0.0589453 1.66233 
0.865808 0.556842 -0.0519931 1.67717 
0.871574 0.561142 -0.0521952 1.69044 
0.867968 0.567109 -0.0489149 1.68426 
0.867839 0.561011 -0.0508727 1.68304 
0.863315 0.507807 -0.0573046 1.66292 
0.867248 0.532865 -0.0569251 1.67614 
0.861038 0.515094 -0.0562564 1.66017 
0.864132 0.518281 -0.0568516 1.66648 
0.877257 0.549673 -0.0558915 1.69736 
0.87506 0.557831 -0.0538948 1.69426 
0.872205 0.548382 -0.0556182 1.6883 
0.87527 0.552749 -0.0548853 1.6941 
0.900793 0.55268 -0.0560173 1.73918 
0.898422 0.565598 -0.0551047 1.73678 
0.894322 0.54821 -0.0574455 1.7284 
0.897587 0.555361 -0.0565144 1.73465 
0.872553 0.598228 -0.0432292 1.69751 
0.880324 0.596436 -0.0458396 1.7092 
0.879319 0.605473 -0.0415063 1.71056 
0.876465 0.59983 -0.0434151 1.70569 
0.849653 0.560779 -0.0468637 1.64672 
0.846911 0.548754 -0.0491968 1.64451 
0.854152 0.562811 -0.0479188 1.65803 
0.850514 0.558428 -0.0482193 1.65033 
0.83907 0.539589 -0.0455044 1.62127 
0.839138 0.527622 -0.0468799 1.62178 
0.84715 0.555068 -0.046238 1.63677 
0.841024 0.540446 -0.0459043 1.62622 
0.830775 0.509188 -0.047424 1.60543 
0.832593 0.509445 -0.0500101 1.60988 
0.834618 0.508555 -0.0477236 1.61041 
0.831617 0.506974 -0.0480785 1.60685 
0.861528 0.525976 -0.0556089 1.66284 
0.867352 0.541518 -0.0561781 1.67733 
0.864773 0.547091 -0.0540996 1.67212 
0.864573 0.539234 -0.0553275 1.67118 
0.870924 0.613379 -0.036279 1.69252 
0.869613 0.60264 -0.0408334 1.69332 
0.876773 0.60878 -0.0392175 1.70624 
0.87321 0.609329 -0.038737 1.69816 
0.863022 0.496453 -0.0700795 1.65968 
0.861936 0.500133 -0.0714831 1.65692 
0.864338 0.497582 -0.0723342 1.66124 
0.86321 0.498466 -0.07144 1.65948 
0.867832 0.493481 -0.0592584 1.67023 
0.863625 0.479822 -0.060286 1.66081 
0.866835 0.480343 -0.0598804 1.66681 
0.8666 0.483687 -0.0599874 1.66685 
0.879063 0.523178 -0.060581 1.69637 
0.87229 0.506558 -0.0595127 1.68019 
0.871112 0.490876 -0.0605416 1.6762 
0.874267 0.506491 -0.0597593 1.68379 
0.874683 0.54039 -0.057107 1.69157 
0.869805 0.537716 -0.0565719 1.68208 
0.867048 0.515413 -0.0580164 1.67098 
0.871052 0.532825 -0.0571522 1.68309 
0.856839 0.495227 -0.0654187 1.64972 
0.855699 0.502169 -0.0663881 1.64762 
0.859472 0.502082 -0.0702628 1.65264 
0.857451 0.501033 -0.0676736 1.65072 
0.859878 0.486491 -0.0583946 1.65456 
0.857172 0.484107 -0.0615909 1.64975 
0.860524 0.481133 -0.0605497 1.65499 
0.859659 0.483186 -0.0599966 1.65387 
0.852558 0.488717 -0.060182 1.64141 
0.85387 0.498089 -0.0639263 1.64462 
0.85482 0.490686 -0.0629376 1.64614 
0.853794 0.492405 -0.06212 1.6442 
0.861585 0.495065 -0.0682522 1.6573 
0.858635 0.493738 -0.0660238 1.6528 
0.861153 0.500674 -0.070245 1.65573 
0.860291 0.496885 -0.06824 1.65501 
0.854133 0.506736 -0.0666865 1.64459 
0.852159 0.510272 -0.0667769 1.63972 
0.854528 0.507719 -0.0680356 1.64386 
0.854163 0.508482 -0.0673187 1.64348 
0.859979 0.503863 -0.0709474 1.65225 
0.855805 0.505786 -0.0672725 1.64762 
0.856626 0.506389 -0.0695841 1.64756 
0.857152 0.504878 -0.069064 1.64843 
0.846929 0.499353 -0.0593753 1.63229 
0.847391 0.493751 -0.055447 1.632 
0.844523 0.49776 -0.0569526 1.62841 
0.845091 0.495365 -0.0574104 1.62881 
0.848147 0.496725 -0.0598202 1.63405 
0.85015 0.490159 -0.0580477 1.63634 
0.848377 0.491717 -0.055788 1.63322 
0.849169 0.492471 -0.0578922 1.63477 
0.889917 0.533812 -0.0594837 1.71763 
0.882734 0.506975 -0.0608 1.69871 
0.888946 0.512514 -0.0603666 1.71018 
0.885592 0.516742 -0.0604495 1.7053 
0.862419 0.480289 -0.0631666 1.6586 
0.862864 0.488609 -0.0668258 1.65993 
0.864705 0.483617 -0.0667512 1.66331 
0.863394 0.484235 -0.0655158 1.66085 
0.886747 0.499042 -0.0601192 1.70368 
0.887386 0.483062 -0.0611451 1.70278 
0.892479 0.508483 -0.0598116 1.71627 
0.889635 0.497491 -0.0603091 1.70915 
0.874365 0.468181 -0.068587 1.67739 
0.874379 0.460148 -0.064632 1.67681 
0.872173 0.466597 -0.0646748 1.67357 
0.873802 0.464161 -0.0661118 1.67599 
0.877455 0.474388 -0.0728053 1.68292 
0.879483 0.477869 -0.0767198 1.68535 
0.880151 0.471092 -0.0737261 1.68729 
0.87906 0.474766 -0.0745181 1.68534 
0.872074 0.478008 -0.0700263 1.67429 
0.874248 0.473248 -0.0699062 1.67767 
0.87085 0.469806 -0.0663458 1.67188 
0.872543 0.473618 -0.0685015 1.67486 
0.88069 0.476775 -0.0779724 1.68713 
0.883434 0.473345 -0.0786103 1.69198 
0.881709 0.471704 -0.0752203 1.6899 
0.882242 0.474583 -0.0773159 1.69011 
0.841193 0.514257 -0.0578226 1.62483 
0.838968 0.50292 -0.0532805 1.61927 
0.83921 0.517738 -0.0565627 1.62252 
0.839805 0.512209 -0.0563092 1.62233 
0.849946 0.512794 -0.0654422 1.63656 
0.848975 0.510061 -0.0638359 1.6362 
0.847559 0.51535 -0.0644456 1.63312 
0.84939 0.513502 -0.0647547 1.63615 
0.847645 0.498132 -0.053756 1.63309 
0.8487 0.509422 -0.053316 1.63517 
0.843133 0.495047 -0.055281 1.62539 
0.846859 0.499495 -0.0543173 1.6318 
0.849917 0.500544 -0.0619451 1.63748 
0.852737 0.500389 -0.0635107 1.64258 
0.851685 0.491394 -0.0596866 1.63962 
0.851141 0.496978 -0.061932 1.63943 
0.846839 0.515872 -0.0634524 1.63247 
0.847497 0.507426 -0.0620627 1.63396 
0.84408 0.50535 -0.05924 1.62876 
0.845794 0.510132 -0.0616733 1.63117 
0.851938 0.511099 -0.0659635 1.63971 
0.85332 0.50661 -0.0653742 1.64369 
0.850319 0.507249 -0.0639046 1.63865 
0.851755 0.50868 -0.0651934 1.64068 
0.84096 0.499791 -0.0534602 1.6213 
0.841855 0.49757 -0.0550826 1.62363 
0.847011 0.5096 -0.0534633 1.63215 
0.841625 0.498201 -0.053341 1.62264 
0.823562 0.562716 -0.0341321 1.59562 
0.820023 0.574033 -0.0322359 1.59958 
0.816064 0.543238 -0.0328124 1.5773 
0.81984 0.560339 -0.0341183 1.59119 
0.824562 0.549664 -0.036601 1.60023 
0.82382 0.554604 -0.0353796 1.59536 
0.815721 0.530375 -0.0365164 1.58098 
0.821918 0.545181 -0.0363137 1.59268 
0.832306 0.586652 -0.0344501 1.62149 
0.82135 0.580478 -0.0324083 1.6061 
0.827363 0.576461 -0.0339724 1.60664 
0.826839 0.58245 -0.0337515 1.61208 
0.817172 0.523333 -0.0384103 1.57893 
0.823233 0.541207 -0.037377 1.59701 
0.814922 0.526155 -0.037168 1.57916 
0.817043 0.525776 -0.0383135 1.58322 
0.84745 0.593673 -0.0346386 1.64131 
0.844172 0.601375 -0.0319465 1.64705 
0.840076 0.59224 -0.0337188 1.63474 
0.844587 0.595693 -0.033474 1.63972 
0.841589 0.504104 -0.0517368 1.62172 
0.848657 0.521494 -0.0520139 1.63561 
0.846726 0.526981 -0.051187 1.63389 
0.845898 0.517266 -0.0519241 1.63046 
0.839236 0.524386 -0.0575332 1.62297 
0.836096 0.523298 -0.0545717 1.61879 
0.83917 0.528164 -0.0583115 1.62034 
0.837957 0.525654 -0.0567301 1.62033 
0.833513 0.536168 -0.054107 1.6121 
0.829968 0.534797 -0.0534913 1.60377 
0.832379 0.532988 -0.054984 1.60832 
0.832066 0.534109 -0.054265 1.60808 
0.837194 0.529022 -0.0586094 1.61608 
0.835016 0.535879 -0.0553168 1.61496 
0.833806 0.531367 -0.0568323 1.61067 
0.835361 0.531535 -0.0567445 1.61356 
0.823376 0.514861 -0.0433806 1.59288 
0.82879 0.530483 -0.0412638 1.60049 
0.821146 0.517448 -0.0416308 1.58731 
0.823699 0.517336 -0.0421524 1.59245 
0.831014 0.525393 -0.0511158 1.60889 
0.829719 0.512829 -0.0476972 1.60462 
0.826674 0.515462 -0.0469019 1.59955 
0.828611 0.515732 -0.0482517 1.60318 
0.860359 0.628729 -0.0187208 1.68267 
0.86214 0.630961 -0.0110197 1.68514 
0.855982 0.632509 -0.0147595 1.67542 
0.859481 0.630928 -0.0149236 1.68094 
0.867084 0.624643 -0.0233508 1.69414 
0.873402 0.621055 -0.026636 1.70464 
0.876491 0.622178 -0.0223877 1.70978 
0.872489 0.622888 -0.0240429 1.70334 
0.848731 0.630704 -0.0220665 1.66466 
0.856993 0.628138 -0.021605 1.6774 
0.851971 0.631932 -0.0169935 1.67052 
0.852307 0.630046 -0.0202307 1.66987 
0.868168 0.619842 -0.0310201 1.6909 
0.871017 0.620847 -0.028853 1.70002 
0.864907 0.624587 -0.025513 1.68959 
0.867987 0.622322 -0.0284009 1.69405 
0.856533 0.620309 -0.0301213 1.66984 
0.865334 0.620105 -0.0316221 1.68387 
0.861668 0.625361 -0.0253611 1.68305 
0.860985 0.622346 -0.0289132 1.67861 
0.843205 0.578439 -0.0399957 1.64388 
0.854795 0.593275 -0.0370782 1.65521 
0.846019 0.586285 -0.0363444 1.64175 
0.847623 0.585504 -0.03769 1.64716 
0.851517 0.581196 -0.0421862 1.66344 
0.859035 0.58988 -0.0423105 1.67732 
0.856385 0.594587 -0.0388384 1.66668 
0.855721 0.587833 -0.0414231 1.66842 
0.883161 0.585389 -0.0488406 1.71119 
0.877214 0.567003 -0.0516729 1.7017 
0.885408 0.570496 -0.0517441 1.71308 
0.880865 0.573574 -0.0510847 1.70759 
0.887503 0.609132 -0.036456 1.72872 
0.883789 0.607494 -0.0397236 1.72024 
0.890459 0.602796 -0.0427847 1.7305 
0.887025 0.606472 -0.0397807 1.72658 
0.87312 0.575418 -0.0480962 1.69227 
0.874439 0.568238 -0.0514031 1.69767 
0.883659 0.587775 -0.0478604 1.70748 
0.875248 0.575712 -0.0490542 1.69922 
0.87388 0.592708 -0.0446801 1.69142 
0.874063 0.583279 -0.0469663 1.69168 
0.883109 0.593453 -0.0473114 1.70496 
0.878486 0.590894 -0.0461654 1.69641 
0.863344 0.606485 -0.0371191 1.67364 
0.865589 0.600974 -0.0404355 1.68404 
0.868527 0.614168 -0.0359479 1.68562 
0.866537 0.607956 -0.0376509 1.68188 
0.855674 0.578014 -0.0433669 1.66413 
0.862143 0.574521 -0.0458874 1.66801 
0.863724 0.585576 -0.0432641 1.67782 
0.861438 0.579378 -0.0442388 1.66958 
0.855906 0.557704 -0.0489931 1.66158 
0.855513 0.541686 -0.0522054 1.65318 
0.860393 0.551525 -0.0518667 1.66555 
0.856385 0.550474 -0.0508315 1.6592 
0.868036 0.586264 -0.0439483 1.68234 
0.864503 0.573088 -0.0466618 1.67203 
0.869832 0.577239 -0.046624 1.68266 
0.868151 0.579284 -0.0456388 1.67904 
0.853771 0.574334 -0.0444784 1.65784 
0.852617 0.568718 -0.0460611 1.65175 
0.858011 0.569913 -0.0464496 1.6611 
0.855505 0.57171 -0.0454867 1.65719 
0.84367 0.576397 -0.0415287 1.64731 
0.849164 0.578173 -0.0421237 1.65769 
0.854165 0.591038 -0.0382467 1.65892 
0.847978 0.580975 -0.0407447 1.6542 
0.835197 0.564379 -0.041251 1.62685 
0.839337 0.572823 -0.0413064 1.63844 
0.839486 0.579922 -0.0378815 1.63672 
0.837957 0.572669 -0.0399861 1.63423 
0.833504 0.523783 -0.0437404 1.60975 
0.830396 0.510893 -0.0455793 1.60384 
0.835084 0.514108 -0.0462457 1.61065 
0.832703 0.515339 -0.0448923 1.60758 
0.835019 0.554139 -0.0422671 1.62092 
0.837953 0.549677 -0.0430366 1.62202 
0.839626 0.567426 -0.0426016 1.63506 
0.838795 0.559696 -0.04253 1.62804 
0.831747 0.53485 -0.0415872 1.60634 
0.826236 0.515632 -0.0434987 1.59778 
0.833519 0.530304 -0.0422284 1.60872 
0.830637 0.525615 -0.0418502 1.60352 
0.861809 0.540633 -0.0539448 1.66536 
0.853623 0.510161 -0.0546162 1.64508 
0.857601 0.51758 -0.0555087 1.65414 
0.857605 0.52297 -0.0547076 1.65478 
0.884896 0.617589 -0.0195929 1.72295 
0.89555 0.608878 -0.0214133 1.73867 
0.887555 0.613772 -0.0131003 1.72516 
0.889382 0.613295 -0.0181722 1.72923 
0.880683 0.611175 -0.0368858 1.71562 
0.884732 0.612402 -0.033597 1.72434 
0.877415 0.61654 -0.0316761 1.71192 
0.880491 0.613559 -0.0341169 1.71746 
0.871443 0.616271 -0.0340377 1.69538 
0.87747 0.611832 -0.037003 1.70833 
0.873506 0.61785 -0.0317248 1.70478 
0.874303 0.615354 -0.0343866 1.70294 
0.887337 0.599283 -0.0461649 1.71681 
0.891491 0.600753 -0.045342 1.72876 
0.882859 0.604692 -0.0421135 1.71719 
0.886925 0.601566 -0.0450222 1.72064 
0.898815 0.604956 -0.0344202 1.74675 
0.898868 0.606605 -0.0276085 1.74661 
0.893134 0.609341 -0.0326935 1.7374 
0.897135 0.607184 -0.0316066 1.74368 
0.911537 0.59622 -0.0337986 1.76705 
0.915617 0.592143 -0.0272864 1.77222 
0.905937 0.600812 -0.0270295 1.75716 
0.910931 0.596578 -0.029464 1.76567 
0.904787 0.595872 -0.0430321 1.75672 
0.908652 0.596965 -0.0385547 1.76454 
0.902587 0.600521 -0.0385864 1.754 
0.90528 0.598008 -0.0399883 1.75869 
0.921753 0.587607 -0.0376775 1.78378 
0.919499 0.589064 -0.0297597 1.7789 
0.915707 0.59286 -0.0361547 1.77411 
0.918812 0.589953 -0.0345954 1.77841 
0.921738 0.582471 -0.0479018 1.78592 
0.922281 0.585937 -0.0433673 1.78628 
0.917595 0.585406 -0.0459225 1.77833 
0.920213 0.584728 -0.0457438 1.78336 
0.920416 0.573848 -0.0562307 1.77734 
0.924389 0.573825 -0.0599921 1.78672 
0.922743 0.577496 -0.0530334 1.78583 
0.922924 0.575333 -0.0563243 1.7844 
0.914475 0.555094 -0.048857 1.76257 
0.917098 0.566649 -0.0528326 1.76869 
0.91816 0.569144 -0.0505505 1.77217 
0.917107 0.564138 -0.050205 1.76843 
0.915643 0.559652 -0.069885 1.76597 
0.923714 0.570475 -0.0646663 1.78382 
0.917733 0.568707 -0.0598185 1.77077 
0.919255 0.568056 -0.064485 1.77339 
0.930312 0.57886 -0.0489429 1.80041 
0.925468 0.583937 -0.0439376 1.79137 
0.92425 0.581447 -0.049215 1.7909 
0.926764 0.581696 -0.0473656 1.79443 
0.937553 0.573082 -0.0474373 1.81053 
0.944962 0.565378 -0.0460647 1.82189 
0.937595 0.572455 -0.0386993 1.80877 
0.940163 0.570413 -0.0442826 1.81403 
0.922928 0.587839 0.00498567 1.78257 
0.931429 0.580009 -0.00637491 1.7968 
0.93663 0.575507 0.00569361 1.8052 
0.930625 0.58106 0.00171689 1.79538 
0.902538 0.602822 -0.0355007 1.75282 
0.908639 0.598712 -0.0357974 1.76293 
0.902412 0.604081 -0.0288669 1.75266 
0.904419 0.60177 -0.0335004 1.75583 
0.927821 0.582307 -0.0410707 1.79407 
0.93309 0.5773 -0.04584 1.80354 
0.933638 0.576476 -0.0376154 1.8024 
0.93168 0.57892 -0.0413801 1.79992 
0.911787 0.54927 -0.0471597 1.75736 
0.906116 0.54698 -0.0506417 1.7475 
0.915124 0.562462 -0.0529553 1.76432 
0.91073 0.553075 -0.0503336 1.75554 
0.937371 0.572236 -0.0296462 1.80752 
0.944746 0.565753 -0.0271612 1.82078 
0.93551 0.575807 -0.0195944 1.80576 
0.93905 0.571425 -0.0258739 1.81105 
0.925327 0.584396 -0.0372184 1.78904 
0.930772 0.578541 -0.0336197 1.79713 
0.922865 0.585745 -0.029635 1.78409 
0.92635 0.58291 -0.0335117 1.79018 
0.953113 0.556143 -0.042978 1.83441 
0.960688 0.547718 -0.038799 1.84676 
0.952705 0.556949 -0.0335114 1.83392 
0.955641 0.553535 -0.0391353 1.83863 
0.831087 0.563406 -0.0383222 1.61741 
0.831972 0.558848 -0.0404299 1.61905 
0.84051 0.580669 -0.0375934 1.63356 
0.833428 0.569206 -0.0388601 1.62493 
0.828312 0.570842 -0.0343697 1.60728 
0.829492 0.567724 -0.036691 1.61281 
0.835584 0.584967 -0.0349406 1.62345 
0.831867 0.576671 -0.0352605 1.6162 
0.816679 0.521313 -0.0389901 1.57801 
0.819951 0.519748 -0.0404026 1.58372 
0.82348 0.537515 -0.0383859 1.59538 
0.820481 0.524099 -0.0393713 1.58415 
0.818703 0.533627 -0.0449326 1.58845 
0.822032 0.532654 -0.0465892 1.59447 
0.818015 0.519913 -0.0424562 1.58477 
0.818993 0.528329 -0.0445499 1.58891 
0.813424 0.53657 -0.0418943 1.5781 
0.815757 0.535152 -0.0435114 1.58276 
0.813243 0.52377 -0.0401444 1.57548 
0.813655 0.531087 -0.0417802 1.57804 
0.819074 0.54169 -0.0474355 1.58364 
0.821887 0.539689 -0.0491119 1.58871 
0.821 0.544059 -0.0468741 1.58996 
0.821019 0.541604 -0.047889 1.58767 
0.82513 0.520076 -0.0476768 1.59824 
0.825867 0.532916 -0.0492844 1.60073 
0.829499 0.531524 -0.0514783 1.60848 
0.82691 0.528462 -0.0497092 1.60257 
0.814047 0.520644 -0.0395797 1.57591 
0.81604 0.52953 -0.0432045 1.58291 
0.816917 0.518135 -0.0411466 1.58119 
0.815452 0.521171 -0.0409126 1.57938 
0.824525 0.537729 -0.050811 1.59346 
0.827261 0.536397 -0.0523118 1.59882 
0.827012 0.540705 -0.0502995 1.59982 
0.826303 0.537851 -0.0512508 1.5972 
0.827117 0.543908 -0.0389337 1.60276 
0.822912 0.521688 -0.0402351 1.5879 
0.830294 0.540768 -0.0404432 1.60456 
0.826753 0.535177 -0.0399805 1.59803 
0.811203 0.532327 -0.0402654 1.57442 
0.8131 0.523125 -0.0386213 1.5753 
0.811457 0.524742 -0.0373192 1.57396 
0.811837 0.525818 -0.0384463 1.57438 
0.808057 0.537081 -0.0378431 1.57047 
0.810832 0.53731 -0.039914 1.57425 
0.809847 0.527059 -0.0373184 1.57193 
0.808435 0.53207 -0.0384957 1.57071 
0.813503 0.545111 -0.0436659 1.57393 
0.816301 0.543422 -0.0457419 1.57862 
0.815293 0.547558 -0.043552 1.57944 
0.815429 0.545079 -0.0445511 1.57743 
0.822172 0.543504 -0.0467565 1.59323 
0.823752 0.539619 -0.0495865 1.59231 
0.825335 0.541566 -0.0485645 1.59805 
0.82396 0.542427 -0.0485258 1.59482 
0.810896 0.546597 -0.0417679 1.57027 
0.810666 0.551539 -0.0393896 1.57304 
0.80789 0.548325 -0.0397166 1.56532 
0.810082 0.548268 -0.0406293 1.5695 
0.807989 0.550425 -0.0385794 1.56631 
0.809144 0.552927 -0.0378386 1.57298 
0.8077 0.555759 -0.0365564 1.57199 
0.808911 0.554156 -0.0378937 1.57062 
0.810974 0.547725 -0.0291462 1.57385 
0.813196 0.541584 -0.0312946 1.57343 
0.81637 0.569615 -0.0312859 1.5934 
0.814254 0.551759 -0.0298644 1.57911 
0.81841 0.590451 -0.0262116 1.60134 
0.811405 0.559977 -0.0281385 1.58003 
0.817103 0.580537 -0.0297915 1.60084 
0.814787 0.578474 -0.0283545 1.59353 
0.798784 0.537211 -0.0267427 1.55302 
0.797809 0.536821 -0.0294527 1.55386 
0.804062 0.53676 -0.0279056 1.55951 
0.799514 0.53645 -0.0285591 1.55506 
0.800252 0.54005 -0.0228465 1.55147 
0.799366 0.538038 -0.0246799 1.5524 
0.809713 0.556809 -0.0239127 1.5659 
0.801414 0.538715 -0.0236301 1.55259 
0.805366 0.562781 -0.0331831 1.56615 
0.801434 0.555617 -0.0320757 1.55562 
0.802809 0.553931 -0.0343637 1.55717 
0.803184 0.556352 -0.033434 1.55935 
0.794449 0.546519 -0.0249632 1.54745 
0.794639 0.540162 -0.0230341 1.54691 
0.792223 0.545952 -0.0219319 1.54432 
0.792477 0.540801 -0.0226234 1.54396 
0.799653 0.55723 -0.029792 1.55307 
0.802066 0.568026 -0.0287265 1.56133 
0.79816 0.558973 -0.0274784 1.55062 
0.800017 0.560199 -0.0286794 1.55467 
0.805151 0.560944 -0.0337993 1.56877 
0.804828 0.554689 -0.0354819 1.5613 
0.806032 0.558146 -0.0355186 1.57017 
0.806158 0.560121 -0.0357053 1.56733 
0.807748 0.556948 -0.0364323 1.56934 
0.804687 0.552615 -0.0361849 1.56017 
0.806761 0.551038 -0.0379012 1.56366 
0.806696 0.552846 -0.0370194 1.56406 
0.80758 0.536323 -0.0294667 1.56422 
0.802509 0.532175 -0.0325962 1.56056 
0.80815 0.531841 -0.0321912 1.56502 
0.80613 0.532457 -0.0315678 1.56335 
0.803022 0.563746 -0.0312481 1.56702 
0.801225 0.566427 -0.0286435 1.56387 
0.801633 0.558466 -0.031032 1.55722 
0.803716 0.565875 -0.0311781 1.56379 
0.804619 0.535176 -0.0293595 1.5613 
0.800608 0.539799 -0.0311749 1.5587 
0.802753 0.538412 -0.032884 1.562 
0.800872 0.534505 -0.030349 1.55835 
0.796833 0.538006 -0.0268797 1.55059 
0.796659 0.544171 -0.027013 1.55118 
0.797558 0.541436 -0.0295217 1.55348 
0.795845 0.538677 -0.0275241 1.55 
0.433787 0.554838 0.0593439 0.916033 
0.442788 0.559093 0.0607783 0.932252 
0.436969 0.556615 0.0666901 0.922073 
0.438018 0.557328 0.0624105 0.92393 
0.811286 0.645558 -0.0178394 1.5897 
0.781158 0.640652 -0.0345459 1.55091 
0.8208 0.631007 -0.0232763 1.60828 
0.817732 0.641563 -0.0284164 1.59969 
0.435888 0.553918 0.0468372 0.918989 
0.440045 0.55665 0.0536713 0.926833 
0.431159 0.553886 0.0458762 0.91096 
0.435706 0.555214 0.0489163 0.919101 
0.430365 0.548247 0.0242103 0.907546 
0.437048 0.547986 0.0288824 0.9195 
0.432344 0.549665 0.0299987 0.911614 
0.433375 0.548667 0.0277579 0.913192 
0.446942 0.551819 0.0539751 0.937724 
0.443889 0.555219 0.0557963 0.933333 
0.439347 0.55217 0.0484818 0.924601 
0.442805 0.552169 0.0526991 0.930778 
0.445491 0.549755 0.0424485 0.934686 
0.447288 0.550264 0.0497382 0.938259 
0.440272 0.550881 0.0453419 0.925837 
0.444547 0.55071 0.0462226 0.933105 
0.43557 0.549804 0.0333394 0.917338 
0.440667 0.549837 0.0318237 0.92598 
0.442824 0.54877 0.0367425 0.929728 
0.439059 0.548906 0.0338899 0.92313 
0.472042 0.579391 0.0387027 0.988365 
0.487143 0.590983 0.0462516 1.01836 
0.47677 0.581739 0.0485743 0.997434 
0.47828 0.583726 0.0442991 1.00075 
0.477859 0.577372 0.0699609 0.997473 
0.465723 0.561873 0.0699755 0.972834 
0.459299 0.55909 0.0611014 0.960888 
0.467226 0.565403 0.0669289 0.976081 
0.546528 0.621631 0.0855064 1.12637 
0.533372 0.61412 0.0904054 1.10743 
0.523153 0.611395 0.0772256 1.08798 
0.533914 0.615387 0.0843898 1.10724 
0.46536 0.558703 0.0767851 0.972106 
0.474732 0.563343 0.0888954 0.989541 
0.462564 0.561717 0.0813245 0.96792 
0.467429 0.561085 0.0826142 0.976166 
0.503958 0.591026 0.0964167 1.04665 
0.515936 0.597115 0.108242 1.06954 
0.49377 0.577353 0.0984094 1.02575 
0.504517 0.589104 0.100871 1.04725 
0.485343 0.582716 0.0758964 1.01212 
0.491844 0.584988 0.08525 1.02411 
0.474045 0.568095 0.0759513 0.988733 
0.483709 0.579454 0.0793507 1.00835 
0.525615 0.607174 0.0997244 1.09051 
0.520887 0.599505 0.107459 1.08008 
0.509167 0.594834 0.096313 1.05781 
0.517792 0.599673 0.101164 1.07481 
0.5123 0.603957 0.0747793 1.06636 
0.522417 0.607417 0.0884038 1.08519 
0.499075 0.593078 0.0755427 1.03988 
0.511548 0.601836 0.0792328 1.06431 
0.57706 0.62439 0.140589 1.18705 
0.607432 0.632427 0.158687 1.24138 
0.582686 0.622248 0.155164 1.19622 
0.588894 0.626722 0.1511 1.20827 
0.487421 0.568956 0.101489 1.01315 
0.502154 0.574498 0.115334 1.0406 
0.483598 0.568365 0.105253 1.00688 
0.490785 0.569901 0.106885 1.01962 
0.580311 0.627498 0.135903 1.19242 
0.59492 0.634027 0.134244 1.21438 
0.609989 0.635083 0.152626 1.24311 
0.595154 0.632877 0.140616 1.21705 
0.528552 0.595183 0.128539 1.0919 
0.531472 0.602539 0.122972 1.09984 
0.560883 0.613849 0.146461 1.15532 
0.539 0.603755 0.131998 1.11323 
0.544459 0.617008 0.106837 1.12712 
0.578952 0.629953 0.123157 1.18593 
0.56437 0.623239 0.123861 1.16361 
0.56227 0.623788 0.118269 1.15942 
0.515808 0.583328 0.155071 1.06905 
0.523069 0.58588 0.168326 1.08266 
0.503053 0.582129 0.155224 1.04653 
0.513721 0.584714 0.16011 1.06598 
0.536296 0.582428 0.154017 1.10398 
0.517602 0.576818 0.147109 1.07002 
0.507496 0.574731 0.135203 1.05137 
0.518178 0.574131 0.143735 1.07073 
0.550437 0.587667 0.164004 1.12975 
0.557653 0.582647 0.177294 1.14269 
0.528828 0.576622 0.157043 1.09047 
0.544657 0.580007 0.165491 1.11903 
0.433107 0.552474 0.0404791 0.913829 
0.424511 0.549981 0.0339846 0.898269 
0.430979 0.551871 0.033963 0.909873 
0.429679 0.552083 0.0361245 0.907654 
0.842472 0.642896 -0.0028975 1.65345 
0.856868 0.634115 -0.00405196 1.67632 
0.84624 0.639443 0.0034074 1.65683 
0.848761 0.638818 -0.0010431 1.66227 
0.839282 0.629134 -0.0197581 1.63455 
0.843148 0.627819 -0.0212817 1.64679 
0.84033 0.635136 -0.014672 1.63983 
0.84063 0.630335 -0.0184432 1.64032 
0.819623 0.601982 -0.018967 1.59812 
0.833578 0.61941 -0.0195688 1.61744 
0.823291 0.619734 -0.0177035 1.60857 
0.827916 0.615149 -0.0187049 1.61009 
0.822928 0.601396 -0.0206524 1.59847 
0.826896 0.599419 -0.0225768 1.60224 
0.833755 0.612587 -0.0212044 1.61428 
0.828372 0.602757 -0.0214626 1.60405 
0.828937 0.594261 -0.0301029 1.62747 
0.833656 0.591758 -0.0321912 1.63423 
0.839529 0.602887 -0.0306475 1.64563 
0.83312 0.594553 -0.0305279 1.63385 
0.839345 0.588289 -0.0350667 1.6284 
0.83261 0.573694 -0.0368662 1.62107 
0.842262 0.586543 -0.0360599 1.63457 
0.838749 0.58425 -0.0359014 1.6283 
0.813172 0.533791 -0.0339927 1.57306 
0.812657 0.528729 -0.0358132 1.57511 
0.821344 0.550231 -0.0350302 1.58887 
0.815005 0.535138 -0.0349739 1.57723 
0.811232 0.550864 -0.0398861 1.57586 
0.812838 0.546702 -0.0424844 1.57348 
0.81376 0.548752 -0.0416812 1.5785 
0.812944 0.549553 -0.0417098 1.57621 
0.808185 0.528709 -0.0343747 1.56755 
0.806061 0.531166 -0.0364482 1.56699 
0.80937 0.526397 -0.0362335 1.57077 
0.8081 0.528305 -0.0359503 1.56867 
0.808079 0.55548 -0.0244228 1.56513 
0.8 0.537161 -0.025573 1.55327 
0.804893 0.539516 -0.026309 1.56094 
0.80421 0.542297 -0.025297 1.55961 
0.80447 0.537226 -0.0342421 1.56447 
0.806103 0.536776 -0.0358237 1.56714 
0.807296 0.530307 -0.0336795 1.56605 
0.804534 0.531897 -0.0342715 1.56414 
0.816295 0.546527 -0.04349 1.58242 
0.818105 0.543437 -0.0463196 1.58233 
0.819137 0.544799 -0.0451331 1.58765 
0.81808 0.545661 -0.045365 1.58432 
0.675705 0.626867 0.224883 1.36347 
0.642192 0.626813 0.204709 1.30383 
0.668874 0.632087 0.209509 1.34998 
0.662129 0.629078 0.213385 1.33907 
0.641879 0.599828 0.238106 1.29526 
0.63547 0.60934 0.224608 1.28679 
0.671196 0.609387 0.24641 1.35229 
0.650964 0.607409 0.236577 1.31418 
0.579139 0.605889 0.177312 1.18477 
0.611167 0.619219 0.192827 1.24696 
0.611648 0.612695 0.201366 1.24513 
0.601075 0.613754 0.191154 1.22668 
0.480371 0.581085 0.0658174 1.00289 
0.462501 0.563724 0.0574652 0.967194 
0.475266 0.579175 0.0559581 0.993763 
0.473302 0.575808 0.0597226 0.988832 
0.425235 0.550145 0.0426101 0.899741 
0.4215 0.547788 0.03718 0.892558 
0.432132 0.552843 0.0424481 0.912217 
0.427502 0.551582 0.0399716 0.903978 
0.516902 0.59504 0.11371 1.07097 
0.512202 0.584394 0.117698 1.06028 
0.496013 0.576509 0.103882 1.02972 
0.508088 0.584772 0.111715 1.05292 
0.473674 0.565509 0.0790302 0.987683 
0.493134 0.583587 0.0889216 1.02576 
0.482799 0.56988 0.0908592 1.00485 
0.482893 0.572141 0.0860438 1.00525 
0.561682 0.619285 0.132483 1.15795 
0.564382 0.616151 0.146228 1.16224 
0.53546 0.602885 0.122524 1.10787 
0.555339 0.614666 0.134673 1.14512 
0.658846 0.634221 0.198022 1.33184 
0.631415 0.628631 0.192383 1.2843 
0.632942 0.63475 0.17681 1.28578 
0.641168 0.633111 0.189094 1.30063 
0.605735 0.62112 0.184381 1.23779 
0.573088 0.60802 0.168873 1.17462 
0.584638 0.618668 0.16554 1.19914 
0.586723 0.616405 0.172529 1.20215 
0.502235 0.601666 0.0520184 1.04878 
0.522755 0.61424 0.0534357 1.08351 
0.510084 0.605285 0.0632646 1.06397 
0.510944 0.606631 0.0565344 1.06534 
0.447481 0.557812 0.0211421 0.938791 
0.460033 0.572222 0.020011 0.9652 
0.460998 0.572033 0.0286313 0.96662 
0.456414 0.56848 0.0234428 0.957528 
0.46593 0.576969 0.0103063 0.97699 
0.806535 0.585182 0.027467 1.5448 
0.585726 0.613313 -0.0160166 1.17642 
0.54816 0.622316 0.00381622 1.11943 
0.857901 0.626564 -0.0238069 1.67681 
0.849277 0.626365 -0.0249276 1.66162 
0.852 0.620914 -0.0283219 1.66489 
0.853905 0.625962 -0.0255866 1.66855 
0.844848 0.640021 -0.00665392 1.65643 
0.852771 0.635494 -0.011664 1.66938 
0.858265 0.633762 -0.00795677 1.6785 
0.852423 0.637074 -0.00893071 1.66875 
0.838558 0.636633 -0.0131768 1.6328 
0.826955 0.628934 -0.0158922 1.61703 
0.838002 0.629688 -0.0180449 1.62991 
0.833674 0.632959 -0.0158125 1.62809 
0.839752 0.638647 -0.00718145 1.64639 
0.837386 0.642269 -0.0117166 1.65012 
0.847676 0.636257 -0.0120312 1.66105 
0.841993 0.639125 -0.00970456 1.65277 
0.833485 0.641572 -0.00588474 1.63769 
0.823969 0.642353 -0.0109302 1.62203 
0.834091 0.64269 -0.0111988 1.63795 
0.828313 0.643376 -0.0089997 1.63309 
0.818981 0.650954 0.000965849 1.61325 
0.83267 0.645803 -0.00127786 1.6358 
0.835798 0.644528 0.00504057 1.63997 
0.82902 0.648016 0.00125952 1.6298 
0.828273 0.637556 -0.0141049 1.61348 
0.822662 0.630917 -0.0139067 1.61495 
0.837497 0.639052 -0.0128825 1.62643 
0.833031 0.636908 -0.0135227 1.61798 
0.806852 0.590057 -0.0200115 1.58217 
0.816539 0.592688 -0.0237954 1.58885 
0.812722 0.596664 -0.0200715 1.59 
0.811794 0.596137 -0.0210093 1.58866 
0.799138 0.549769 -0.0154853 1.55093 
0.803584 0.576666 -0.0173358 1.57053 
0.803669 0.584245 -0.0152002 1.57608 
0.80155 0.570449 -0.0166971 1.56661 
0.80127 0.550029 -0.0126903 1.55144 
0.797988 0.546108 -0.0142306 1.54867 
0.805767 0.579852 -0.0152671 1.57262 
0.800524 0.55394 -0.0130741 1.55265 
0.790266 0.539435 -0.0133639 1.53931 
0.790858 0.543219 -0.0186307 1.54087 
0.794045 0.54083 -0.0162268 1.54543 
0.790456 0.535256 -0.0152638 1.53964 
0.794563 0.542117 -0.0181239 1.54505 
0.790996 0.540475 -0.0198769 1.54094 
0.794445 0.540823 -0.021504 1.54628 
0.793277 0.541293 -0.0202634 1.54401 
0.850802 0.635444 0.0262204 1.6635 
0.852206 0.636399 0.0143527 1.66498 
0.872453 0.623957 0.015468 1.70082 
0.85879 0.631521 0.0181964 1.67665 
0.827775 0.643388 0.0769962 1.62555 
0.839986 0.640044 0.0471918 1.64552 
0.864557 0.627512 0.0510883 1.68566 
0.842354 0.639196 0.0585791 1.64983 
0.797224 0.656113 0.032304 1.57265 
0.837083 0.643057 0.0174338 1.6415 
0.833503 0.643356 0.0326529 1.63413 
0.826433 0.64697 0.0254861 1.62263 
0.792672 0.651345 0.0993255 1.56501 
0.74528 0.65906 0.103074 1.48344 
0.758728 0.663133 0.0654898 1.50774 
0.768551 0.657846 0.0921413 1.52371 
0.82562 0.626922 0.166604 1.62137 
0.793619 0.638089 0.159597 1.56645 
0.805104 0.642854 0.128064 1.5863 
0.808659 0.637108 0.151399 1.59254 
0.807771 0.615241 0.223854 1.59237 
0.799061 0.613129 0.2363 1.57745 
0.7766 0.622417 0.227411 1.53869 
0.794701 0.616986 0.230051 1.57012 
0.631872 0.652862 0.0803858 1.282 
0.616598 0.646921 0.0968067 1.25675 
0.597911 0.644643 0.0692715 1.2227 
0.614586 0.648237 0.0825724 1.25303 
0.653662 0.641164 0.167011 1.32164 
0.628798 0.638139 0.160241 1.27752 
0.613263 0.637108 0.141982 1.24543 
0.630402 0.639391 0.156934 1.28212 
0.738012 0.640829 0.187958 1.46969 
0.695617 0.644227 0.175732 1.39723 
0.698644 0.647979 0.16221 1.40092 
0.711017 0.644997 0.174695 1.42258 
0.746727 0.636129 0.199829 1.48504 
0.742422 0.632742 0.211838 1.47919 
0.706651 0.640888 0.188923 1.41653 
0.7322 0.637002 0.201236 1.46141 
0.759662 0.643779 0.171687 1.50937 
0.750744 0.641765 0.184689 1.49586 
0.716252 0.649444 0.162061 1.43521 
0.740453 0.645573 0.174729 1.47809 
0.798493 0.608613 0.246896 1.57552 
0.801459 0.604471 0.257489 1.58068 
0.773656 0.615 0.249778 1.53289 
0.791028 0.609129 0.252156 1.56274 
0.55609 0.628176 0.074449 1.14598 
0.544253 0.624941 0.0570166 1.12387 
0.569377 0.635531 0.0610803 1.1703 
0.556336 0.629355 0.064393 1.14678 
0.499199 0.600224 0.0457239 1.04359 
0.501395 0.602668 0.0356459 1.04701 
0.5197 0.612801 0.0465124 1.07798 
0.50682 0.605403 0.0424686 1.05658 
0.470271 0.574275 0.0510817 0.981019 
0.455739 0.55799 0.0523515 0.954268 
0.454036 0.557908 0.0448658 0.950458 
0.459948 0.563137 0.0492827 0.961792 
0.474638 0.582376 0.0353466 0.994144 
0.490443 0.595354 0.0330111 1.02605 
0.489081 0.593251 0.0426432 1.02307 
0.48427 0.590368 0.0372813 1.0138 
0.798392 0.650022 -0.00570008 1.54491 
0.807026 0.64929 -0.0108396 1.59041 
0.811467 0.648101 -0.0076836 1.60081 
0.810133 0.649713 -0.00673174 1.59917 
0.508989 0.607511 0.0319967 1.05966 
0.532448 0.62366 0.0273151 1.10486 
0.525697 0.616636 0.0426658 1.08951 
0.522773 0.615469 0.0346838 1.08361 
0.796333 0.657551 0.00696515 1.57371 
0.829826 0.646959 0.0116872 1.63072 
0.782611 0.660385 0.0252723 1.54851 
0.807027 0.654617 0.0163782 1.59072 
0.716159 0.661915 0.0987239 1.43372 
0.678891 0.663489 0.0799056 1.36922 
0.727805 0.666043 0.0618979 1.45391 
0.705409 0.664854 0.0777197 1.41523 
0.817141 0.645596 -0.010128 1.61133 
0.827755 0.642945 -0.00435452 1.62727 
0.813747 0.64764 -0.00589095 1.60385 
0.818978 0.644714 -0.00643434 1.61313 
0.814086 0.606211 -0.0215077 1.59145 
0.810864 0.597426 -0.0185015 1.59326 
0.813854 0.615963 -0.0171619 1.60169 
0.812928 0.604503 -0.0192603 1.5947 
0.679894 0.621295 0.00938698 1.35434 
0.823929 0.621029 -0.0236298 1.60864 
0.695802 0.648335 0.00018014 1.3886 
0.802226 0.630154 -0.0159229 1.51793 
0.779132 0.576641 -0.0389037 1.58394 
0.857161 0.592386 0.00628621 1.6599 
0.834391 0.604049 -0.0224643 1.59614 
0.859312 0.584067 -0.0309462 1.64785 
0.84049 0.639103 -0.0142668 1.65051 
0.84422 0.632052 -0.0204877 1.65658 
0.847827 0.634832 -0.0150175 1.66394 
0.843707 0.637254 -0.0164287 1.65944 
0.857443 0.61555 -0.0326143 1.6661 
0.863216 0.610828 -0.0354278 1.6674 
0.866088 0.61711 -0.034527 1.67973 
0.862925 0.615731 -0.0346716 1.67194 
0.834734 0.60519 -0.0281265 1.63434 
0.84274 0.610931 -0.0289321 1.64943 
0.844434 0.621228 -0.0257841 1.64942 
0.83979 0.612217 -0.0277279 1.64394 
0.850437 0.594271 -0.0349249 1.64357 
0.858096 0.601676 -0.0354055 1.65899 
0.849787 0.605407 -0.0324942 1.65402 
0.852618 0.600148 -0.0345939 1.65142 
0.820548 0.584684 -0.031116 1.61107 
0.82844 0.585961 -0.0328801 1.62201 
0.823144 0.587126 -0.0295635 1.61627 
0.823134 0.585448 -0.0308146 1.61634 
0.84036 0.525192 -0.0589538 1.62288 
0.840134 0.527551 -0.0595443 1.62125 
0.841539 0.525 -0.060773 1.62351 
0.84097 0.526229 -0.0596713 1.62286 
0.842499 0.519213 -0.0593473 1.62695 
0.840475 0.522592 -0.0586217 1.6232 
0.842408 0.523238 -0.0607606 1.6253 
0.842034 0.52209 -0.0595829 1.62554 
0.846331 0.518747 -0.0633537 1.63059 
0.843845 0.519038 -0.0606112 1.62861 
0.843547 0.52188 -0.0620794 1.62694 
0.844535 0.519961 -0.0619417 1.62903 
0.840084 0.500568 -0.0565812 1.62134 
0.838602 0.499247 -0.0538976 1.61816 
0.841608 0.510796 -0.0580201 1.62561 
0.840084 0.502901 -0.0556321 1.62147 
0.831855 0.516047 -0.0518634 1.61046 
0.829669 0.511722 -0.0491924 1.60467 
0.831297 0.525012 -0.0523959 1.61094 
0.831337 0.51746 -0.0506824 1.60954 
0.83608 0.502104 -0.0523892 1.61383 
0.835202 0.514285 -0.0522086 1.61567 
0.837078 0.517202 -0.0556641 1.61877 
0.836419 0.511659 -0.053956 1.61703 
0.835761 0.500642 -0.0511845 1.61306 
0.835492 0.506755 -0.0481521 1.61131 
0.83318 0.507069 -0.0512888 1.6106 
0.83506 0.504018 -0.0499293 1.61195 
0.846123 0.51661 -0.0629449 1.63176 
0.842522 0.507055 -0.0581855 1.62611 
0.843698 0.514814 -0.0603361 1.62899 
0.844304 0.514433 -0.0609354 1.62991 
0.84394 0.525289 -0.0503794 1.62946 
0.839451 0.515083 -0.049204 1.61941 
0.838602 0.503884 -0.0511688 1.61648 
0.841244 0.514027 -0.0502479 1.62109 
0.837702 0.529354 -0.0582474 1.61834 
0.83459 0.524417 -0.054067 1.61589 
0.834274 0.531577 -0.0548669 1.61516 
0.835762 0.530839 -0.0561247 1.61768 
0.855274 0.557752 -0.0485005 1.6592 
0.848824 0.541975 -0.0497975 1.64405 
0.851596 0.537239 -0.0517874 1.64623 
0.851855 0.546679 -0.050242 1.65047 
0.848378 0.564597 -0.0453824 1.64209 
0.842162 0.568384 -0.0435753 1.63963 
0.841944 0.554136 -0.0444007 1.62847 
0.844485 0.563115 -0.0444597 1.63688 
0.844925 0.53827 -0.0490851 1.63612 
0.846901 0.553838 -0.0469042 1.63983 
0.840286 0.527238 -0.0478832 1.62393 
0.843526 0.539729 -0.0482387 1.6329 
0.849866 0.574548 -0.0437155 1.65464 
0.843646 0.5715 -0.043281 1.64449 
0.850638 0.569536 -0.0450521 1.64906 
0.848079 0.57184 -0.0441351 1.64998 
0.822865 0.517604 -0.0450865 1.59377 
0.818589 0.517174 -0.0425309 1.58569 
0.822417 0.528472 -0.0468756 1.59494 
0.821089 0.519946 -0.0444561 1.59129 
0.829185 0.536299 -0.0527901 1.60267 
0.832108 0.537161 -0.0529057 1.61006 
0.828505 0.539734 -0.05068 1.60333 
0.830271 0.538781 -0.052312 1.60555 
0.82992 0.51198 -0.0457661 1.60378 
0.832868 0.523272 -0.0432755 1.60794 
0.826158 0.512084 -0.045054 1.59708 
0.829251 0.51385 -0.044978 1.60226 
0.924017 0.584336 0.0672332 1.78757 
0.926469 0.584328 0.0486756 1.79009 
0.947982 0.565721 0.062828 1.82174 
0.933474 0.578476 0.0612761 1.8027 
0.839857 0.623647 0.155263 1.64562 
0.826295 0.635819 0.121499 1.62275 
0.860169 0.619031 0.129016 1.67909 
0.84043 0.62719 0.13879 1.64616 
0.930543 0.58004 -0.0184177 1.79718 
0.924278 0.584316 -0.0249645 1.78577 
0.932396 0.577049 -0.0287276 1.79942 
0.929127 0.580126 -0.0240302 1.79381 
0.941933 0.570723 0.00297069 1.81422 
0.937736 0.574077 -0.00883251 1.80714 
0.946766 0.565124 -0.00684355 1.82174 
0.942018 0.570006 -0.0045276 1.81409 
0.913705 0.594634 -0.0124802 1.76934 
0.919648 0.588607 -0.0208729 1.77796 
0.926333 0.584167 -0.0147215 1.79065 
0.919762 0.589303 -0.0160728 1.7793 
0.916809 0.593511 0.00265678 1.77248 
0.913054 0.59606 -0.00683953 1.76824 
0.925979 0.584962 -0.00951875 1.78816 
0.918363 0.59134 -0.00496671 1.77605 
0.928417 0.585532 0.0283435 1.7924 
0.921495 0.588824 0.0146331 1.78085 
0.935072 0.577504 0.0139146 1.80293 
0.927738 0.584127 0.0182226 1.79087 
0.948117 0.564213 0.0247884 1.82661 
0.934105 0.579171 0.0280952 1.80254 
0.941279 0.572221 0.0168564 1.81408 
0.941153 0.572269 0.0233327 1.81436 
0.91175 0.596198 0.0606125 1.7644 
0.897448 0.607001 0.0500823 1.74088 
0.917651 0.592928 0.0435078 1.77417 
0.909217 0.599062 0.0493155 1.75996 
0.918787 0.591442 0.0337648 1.7758 
0.896226 0.607809 0.0369895 1.73822 
0.911232 0.597273 0.0193204 1.76319 
0.909273 0.598917 0.029889 1.76043 
0.888525 0.614467 0.0049566 1.72756 
0.88992 0.613036 -0.00538795 1.72833 
0.900893 0.604976 -0.00550959 1.74787 
0.892762 0.610856 -0.00209073 1.73373 
0.877868 0.618543 -0.0286704 1.71236 
0.885205 0.614383 -0.0308509 1.7243 
0.880872 0.619593 -0.024243 1.71681 
0.881293 0.617464 -0.0279517 1.7178 
0.93595 0.576765 0.0410664 1.80705 
0.947383 0.563339 0.0340261 1.82619 
0.947899 0.561911 0.0556421 1.82389 
0.94341 0.567835 0.042762 1.8191 
0.89401 0.610803 0.00779058 1.73629 
0.905224 0.602106 -0.00238345 1.75488 
0.909594 0.599402 0.0069125 1.76092 
0.903633 0.604296 0.00415719 1.7523 
0.952824 0.559552 -0.00427415 1.8318 
0.960359 0.55187 0.00166164 1.84532 
0.947223 0.565673 0.00410554 1.82334 
0.953287 0.55883 0.000269605 1.83298 
0.937961 0.525925 0.22897 1.8092 
0.937195 0.534626 0.206837 1.8074 
0.950912 0.516588 0.222765 1.83095 
0.942401 0.527331 0.218895 1.81656 
0.976906 0.463533 0.254321 1.87596 
0.965501 0.470713 0.270295 1.85707 
0.965184 0.479527 0.255902 1.85533 
0.969065 0.472034 0.259818 1.86342 
0.892111 0.558498 0.250405 1.73327 
0.875967 0.574297 0.241165 1.70639 
0.900333 0.559232 0.23441 1.74708 
0.890336 0.56372 0.242718 1.73051 
0.579323 0.632114 0.113806 1.18667 
0.546289 0.619485 0.0992784 1.12987 
0.558186 0.626645 0.0931228 1.14835 
0.561928 0.62698 0.100829 1.15532 
0.653821 0.644869 0.157895 1.32266 
0.613224 0.640373 0.1331 1.25199 
0.622025 0.643511 0.126952 1.26587 
0.630416 0.643837 0.138254 1.28114 
0.730334 0.656181 0.131323 1.45866 
0.756271 0.647447 0.15885 1.50296 
0.714218 0.653183 0.147408 1.43181 
0.734557 0.652854 0.145879 1.46628 
0.533036 0.596328 0.135644 1.10009 
0.566375 0.614683 0.152856 1.16465 
0.553322 0.599602 0.155508 1.13723 
0.551117 0.602669 0.14877 1.1341 
0.61772 0.633643 0.168755 1.25827 
0.613621 0.625204 0.183196 1.25224 
0.592878 0.623478 0.165517 1.21462 
0.607623 0.627228 0.173012 1.24136 
0.717046 0.609562 0.265059 1.43686 
0.755835 0.608981 0.269683 1.50406 
0.762662 0.60202 0.275392 1.51763 
0.742876 0.606856 0.272464 1.4832 
0.647188 0.615721 0.225059 1.31086 
0.680967 0.622061 0.236933 1.37358 
0.680203 0.614896 0.244845 1.37104 
0.669582 0.617992 0.236464 1.35291 
0.691333 0.632403 0.219329 1.38936 
0.731154 0.624922 0.239421 1.45849 
0.700442 0.626346 0.234692 1.40629 
0.708411 0.628035 0.231681 1.4195 
0.504663 0.571021 0.129852 1.04567 
0.516619 0.580246 0.130195 1.06773 
0.535902 0.586493 0.14976 1.10347 
0.518153 0.578319 0.135944 1.07039 
0.476434 0.573042 0.126051 0.996552 
0.46892 0.570337 0.115487 0.9823 
0.490401 0.576812 0.124459 1.02145 
0.480218 0.575246 0.121154 1.00341 
0.529601 0.603561 0.112906 1.09717 
0.533395 0.61076 0.104218 1.10558 
0.552391 0.617846 0.121781 1.14109 
0.538111 0.611304 0.11196 1.11409 
0.469911 0.569472 0.0967795 0.982809 
0.455193 0.565572 0.0885067 0.956354 
0.460772 0.566199 0.0848317 0.965706 
0.462423 0.567833 0.0896703 0.969184 
0.495301 0.572024 0.122403 1.0289 
0.485339 0.569915 0.110686 1.01053 
0.503712 0.574133 0.120544 1.04367 
0.493254 0.569474 0.117062 1.0247 
0.459748 0.566791 0.104061 0.965087 
0.453019 0.563906 0.0940372 0.952371 
0.470924 0.570681 0.101472 0.984911 
0.462469 0.568569 0.0990026 0.970028 
0.501836 0.591443 0.0895767 1.04416 
0.495736 0.589603 0.0794227 1.03288 
0.519731 0.604432 0.0923716 1.07946 
0.505427 0.594949 0.0870425 1.05164 
0.876122 0.621764 0.00935745 1.70628 
0.8553 0.634283 0.00747828 1.67095 
0.86469 0.629009 -0.00126186 1.68782 
0.866039 0.628171 0.00519304 1.68901 
0.899998 0.605011 -0.0193331 1.7454 
0.903416 0.602747 -0.0111865 1.75176 
0.892893 0.610398 -0.0110807 1.73344 
0.898998 0.605813 -0.0136307 1.74368 
0.876651 0.620823 0.0407384 1.70553 
0.858428 0.631389 0.035394 1.67682 
0.876674 0.621752 0.0216008 1.70731 
0.872495 0.624725 0.031488 1.70057 
0.918095 0.568637 0.171553 1.77458 
0.92652 0.552984 0.190105 1.78944 
0.906762 0.572449 0.184065 1.75666 
0.916261 0.564485 0.182283 1.77162 
0.807749 0.650119 0.0867812 1.59188 
0.785296 0.658992 0.0535056 1.55299 
0.825699 0.646195 0.0453628 1.62141 
0.802123 0.652373 0.0583499 1.58022 
0.864476 0.620123 0.109551 1.68478 
0.83812 0.635926 0.0961319 1.64219 
0.865798 0.624874 0.0668101 1.6869 
0.85659 0.628315 0.0876728 1.67235 
0.829547 0.62108 0.182818 1.62799 
0.81723 0.618603 0.203552 1.6074 
0.797538 0.632586 0.180922 1.5733 
0.814429 0.623714 0.190045 1.60219 
0.545522 0.623012 0.0772167 1.12464 
0.521631 0.611235 0.0699755 1.08477 
0.53267 0.618412 0.0596415 1.10134 
0.53296 0.617628 0.068996 1.10158 
0.549546 0.630126 0.0258905 1.13607 
0.563755 0.634488 0.0501201 1.16104 
0.539065 0.623225 0.0474598 1.11493 
0.54683 0.627166 0.0453333 1.1296 
0.601416 0.639924 0.111982 1.22888 
0.594382 0.637278 0.115515 1.21668 
0.569485 0.630971 0.096145 1.17133 
0.587717 0.636109 0.108418 1.20496 
0.871628 0.624815 -0.00365914 1.6991 
0.883453 0.617472 -0.00431379 1.7181 
0.88233 0.618351 0.00695073 1.71697 
0.878862 0.619696 -0.000501876 1.71019 
0.788055 0.549526 -0.00734323 1.52789 
0.837634 0.558693 -0.0264952 1.62246 
0.747857 0.534774 0.0389166 1.45622 
0.821693 0.539703 0.0145837 1.59761 
0.786501 0.517231 -0.0115264 1.52734 
0.793847 0.551962 -0.0116296 1.55731 
0.784551 0.507863 -0.0069505 1.51816 
0.785895 0.516258 -0.0144628 1.5256 
0.804755 0.553943 -0.0116737 1.55697 
0.814553 0.591113 -0.0126022 1.58565 
0.806392 0.587572 -0.00981798 1.56152 
0.812908 0.578302 -0.0105389 1.57375 
0.789308 0.531554 -0.0132456 1.53534 
0.799117 0.547639 -0.0118894 1.551 
0.79896 0.54788 -0.0121399 1.55611 
0.796503 0.549272 -0.0122103 1.5518 
0.788144 0.529754 -0.0128585 1.53421 
0.796131 0.543508 -0.0152892 1.54677 
0.799582 0.548513 -0.012322 1.55097 
0.795054 0.541853 -0.0142623 1.54509 
0.792472 0.560386 -0.0192955 1.53947 
0.795301 0.567687 -0.0199318 1.55059 
0.791804 0.560322 -0.0155393 1.53858 
0.792481 0.56048 -0.0186359 1.54135 
0.802591 0.54404 -0.0210034 1.55184 
0.812159 0.567324 -0.0226346 1.56932 
0.80934 0.573436 -0.0192602 1.5697 
0.808558 0.560909 -0.0207305 1.56334 
0.798095 0.561483 -0.0261195 1.55095 
0.79875 0.568431 -0.0259679 1.5593 
0.796588 0.569175 -0.0232389 1.55602 
0.799281 0.56925 -0.0264839 1.55697 
0.827043 0.596994 -0.0241624 1.60588 
0.828955 0.596994 -0.026121 1.61672 
0.833963 0.611199 -0.0220752 1.61791 
0.830967 0.601798 -0.0240134 1.61451 
0.819023 0.595718 -0.0232196 1.59299 
0.823117 0.598682 -0.0233787 1.59912 
0.81949 0.599387 -0.0211182 1.59457 
0.82211 0.599322 -0.0220238 1.59576 
0.818545 0.585276 -0.028745 1.60631 
0.822819 0.589619 -0.0279776 1.61351 
0.821697 0.591855 -0.0253748 1.60429 
0.820582 0.589163 -0.0271095 1.60832 
0.961883 0.545354 -0.0531742 1.85077 
0.9633 0.544756 -0.0432435 1.85131 
0.955119 0.55406 -0.0490539 1.83868 
0.960251 0.548306 -0.0483798 1.84696 
0.959575 0.552633 0.00715473 1.84378 
0.95403 0.557978 0.0202595 1.83562 
0.94783 0.56501 0.0110531 1.82459 
0.954356 0.558679 0.0120126 1.83588 
0.964258 0.545928 -0.0135889 1.85115 
0.964033 0.547125 -0.00251165 1.85058 
0.956981 0.554664 -0.00932276 1.83869 
0.962083 0.54918 -0.00841106 1.84701 
0.972773 0.537098 0.015613 1.86804 
0.960957 0.551558 0.019133 1.84731 
0.966005 0.545865 0.00906506 1.85574 
0.966135 0.544841 0.0142037 1.85531 
0.990825 0.512512 0.0138913 1.89429 
0.983434 0.523419 0.0125281 1.88318 
0.989132 0.513841 0.00601685 1.89147 
0.987327 0.516702 0.0105748 1.88837 
0.989224 0.514262 0.0189951 1.89189 
0.986986 0.516742 0.0278805 1.88986 
0.982428 0.523312 0.0194797 1.88206 
0.986936 0.518462 0.022366 1.89024 
0.91858 0.548363 0.224034 1.77733 
0.931524 0.541019 0.208233 1.79864 
0.929214 0.535095 0.231307 1.79479 
0.925915 0.541453 0.221655 1.78907 
0.905196 0.547386 0.250748 1.75511 
0.910609 0.550519 0.234096 1.76407 
0.924515 0.534236 0.243602 1.78745 
0.913554 0.544451 0.242715 1.76913 
0.911123 0.556944 0.214008 1.76425 
0.902141 0.5711 0.194476 1.74917 
0.924853 0.549325 0.200186 1.78677 
0.913647 0.559493 0.203488 1.76905 
0.956871 0.550459 0.0775801 1.84308 
0.973444 0.533567 0.0802997 1.86695 
0.958386 0.545504 0.0928818 1.84296 
0.962449 0.543233 0.0828968 1.84855 
0.947107 0.548241 0.140287 1.82442 
0.93769 0.563479 0.12318 1.80922 
0.95331 0.548719 0.11498 1.83482 
0.945075 0.552995 0.12682 1.82093 
0.955008 0.555722 0.0357171 1.83911 
0.962776 0.544659 0.0422026 1.84939 
0.95364 0.555906 0.0510948 1.83599 
0.95487 0.553333 0.0436465 1.83733 
1.00129 0.485467 0.106122 1.91252 
0.999824 0.489194 0.0982578 1.91063 
1.00376 0.481409 0.101558 1.91674 
1.00104 0.48558 0.101931 1.91252 
1.00022 0.480184 0.126373 1.91218 
1.00127 0.482985 0.115519 1.91239 
1.00478 0.4745 0.119801 1.92012 
1.00116 0.479331 0.120548 1.91351 
0.99595 0.495114 0.107264 1.90451 
0.998925 0.490258 0.0990461 1.90888 
0.999223 0.488964 0.107916 1.90889 
0.997947 0.490565 0.104459 1.9074 
0.986184 0.502526 0.130014 1.88795 
0.991819 0.498468 0.115326 1.89774 
0.994272 0.490999 0.129635 1.90052 
0.989767 0.496945 0.125796 1.89306 
0.95853 0.539831 0.120366 1.84264 
0.972046 0.520068 0.137965 1.8656 
0.957981 0.534928 0.139916 1.84184 
0.962326 0.534278 0.131969 1.84949 
0.963897 0.534827 0.113827 1.85134 
0.975668 0.521909 0.109034 1.87102 
0.975222 0.518898 0.12613 1.87033 
0.970855 0.525544 0.118424 1.86286 
0.985635 0.511458 0.102434 1.88783 
0.989563 0.50734 0.093617 1.89418 
0.989264 0.504048 0.104138 1.89272 
0.987881 0.506595 0.100342 1.8906 
0.981974 0.50911 0.123564 1.88077 
0.979729 0.515201 0.110526 1.87712 
0.988167 0.503402 0.111692 1.89101 
0.98409 0.509755 0.114779 1.88501 
0.96513 0.536111 0.100141 1.85339 
0.972439 0.529028 0.0843944 1.86533 
0.974609 0.525361 0.101106 1.86955 
0.970006 0.530956 0.093051 1.86154 
0.797248 0.53849 -0.0251639 1.5504 
0.796266 0.539325 -0.0236509 1.54884 
0.794641 0.540645 -0.0252316 1.54756 
0.796116 0.539327 -0.024563 1.5491 
0.819224 0.591601 -0.0245564 1.59695 
0.815295 0.578579 -0.0252924 1.58425 
0.809817 0.55781 -0.0278734 1.57613 
0.814326 0.57863 -0.0254517 1.58819 
0.84246 0.622726 -0.0237546 1.64466 
0.837943 0.620918 -0.0224712 1.62978 
0.834792 0.60758 -0.0266004 1.62913 
0.840236 0.619762 -0.0243329 1.63674 
0.81613 0.61272 -0.0182332 1.60127 
0.806365 0.595702 -0.0185617 1.58945 
0.812528 0.597964 -0.0181987 1.59252 
0.809238 0.598169 -0.0177464 1.59061 
0.802463 0.546268 -0.0109604 1.55328 
0.80137 0.572717 -0.010831 1.55121 
0.79878 0.541249 -0.0129291 1.54855 
0.802118 0.550158 -0.00953703 1.55299 
0.80233 0.593618 -0.0160936 1.58252 
0.805095 0.597342 -0.015104 1.58346 
0.801629 0.59098 -0.017452 1.5805 
0.801335 0.596583 -0.0158329 1.58542 
0.809584 0.595233 -0.0167368 1.58604 
0.81878 0.596608 -0.0183698 1.57815 
0.81318 0.604771 -0.0152115 1.58763 
0.814284 0.59875 -0.0153303 1.58425 
0.808258 0.594946 -0.0191208 1.58855 
0.803816 0.593253 -0.0177061 1.58621 
0.803425 0.594631 -0.0190911 1.5858 
0.803872 0.593698 -0.0185101 1.58526 
0.815299 0.625229 -0.0157815 1.60668 
0.824856 0.63905 -0.0155298 1.60694 
0.811697 0.625163 -0.0198725 1.60372 
0.813038 0.629814 -0.0166089 1.60305 
0.797192 0.570381 -0.0171956 1.55505 
0.798386 0.573501 -0.0129533 1.55777 
0.79343 0.560797 -0.0143414 1.5425 
0.797591 0.570467 -0.01526 1.55417 
0.796233 0.559916 -0.0247388 1.54682 
0.797836 0.569713 -0.0233409 1.55484 
0.794479 0.559465 -0.021714 1.54303 
0.796384 0.561477 -0.0232716 1.54792 
0.799677 0.543023 -0.0204577 1.5494 
0.804746 0.56572 -0.0192638 1.56377 
0.798139 0.544073 -0.0178014 1.54758 
0.801292 0.547988 -0.0187662 1.55065 
0.802584 0.576128 -0.00752723 1.56621 
0.797674 0.55916 -0.00842625 1.55072 
0.799731 0.569093 -0.00830599 1.56064 
0.803506 0.57892 -0.00804541 1.56814 
0.844011 0.567081 0.00734128 1.64902 
0.553695 0.619547 -0.00494518 1.12401 
0.719824 0.531013 -0.0599887 1.39756 
0.763626 0.581437 0.0359398 1.49453 
0.468883 0.579013 0.0212673 0.983037 
0.485454 0.592184 0.0276781 1.01651 
0.469532 0.578769 0.0304111 0.984009 
0.474452 0.583251 0.0263989 0.994248 
0.786712 0.552924 -0.0461262 1.5017 
0.456689 0.569915 0.0139068 0.958522 
0.541456 0.596478 0.0154574 1.09522 
0.562057 0.604061 -0.00454044 1.14033 
0.48318 0.59163 0.0188667 1.01246 
0.48917 0.595072 0.0241693 1.02351 
0.473695 0.58361 0.0178285 0.993254 
0.483153 0.591587 0.0188556 1.01239 
0.820541 0.60599 -0.0154614 1.59392 
0.826798 0.600163 -0.0189547 1.58283 
0.820115 0.609661 -0.00986084 1.58947 
0.824018 0.605936 -0.0157761 1.59709 
0.519852 0.615848 0.0223752 1.08081 
0.502248 0.603456 0.0257915 1.04701 
0.491825 0.597415 0.0184109 1.02799 
0.507076 0.607189 0.0226399 1.05585 
0.427654 0.550265 0.0231754 0.903353 
0.428627 0.550592 0.0283512 0.905327 
0.421759 0.548814 0.0233456 0.892939 
0.426238 0.550153 0.0245985 0.900939 
0.433663 0.545809 0.0182506 0.913294 
0.429291 0.547075 0.0201729 0.905393 
0.429081 0.54694 0.0164674 0.904826 
0.430489 0.546206 0.0182052 0.907327 
0.434998 0.55071 0.0354559 0.916562 
0.443127 0.550296 0.0396167 0.930327 
0.437189 0.551138 0.0417245 0.92054 
0.43861 0.550671 0.039043 0.922825 
0.435923 0.545524 0.0203967 0.91671 
0.438429 0.548318 0.0271925 0.921592 
0.430774 0.546339 0.0221556 0.908005 
0.43494 0.546861 0.0236158 0.915207 
0.443621 0.552585 0.0230154 0.930851 
0.458087 0.56846 0.0306215 0.96028 
0.443806 0.551531 0.0287006 0.931014 
0.448307 0.557021 0.0272394 0.940108 
0.423926 0.543516 0.00971838 0.895464 
0.430558 0.545358 0.00930978 0.907289 
0.427436 0.546005 0.0125214 0.901674 
0.42746 0.545003 0.0105791 0.901726 
0.419062 0.546458 0.0118005 0.887728 
0.424296 0.548446 0.0100842 0.896785 
0.425677 0.548581 0.0130754 0.8991 
0.42299 0.547726 0.0108922 0.894438 
0.816621 0.495482 -0.0161498 1.58458 
0.581341 0.579397 0.00120498 1.16092 
0.548349 0.588254 -0.0484455 1.10833 
0.709189 0.532382 -0.0534605 1.38616 
0.799034 0.55304 -0.00241124 1.54972 
0.81128 0.592846 -0.0151636 1.58751 
0.838151 0.535046 -0.0236763 1.62669 
0.799104 0.557153 -0.00176249 1.56371 
0.782845 0.556708 -0.0140889 1.52972 
0.738466 0.551377 -0.0471603 1.44444 
0.792479 0.515217 -0.00284134 1.53737 
0.80024 0.557448 -0.0291185 1.56794 
0.427279 0.549628 0.0173082 0.902218 
0.427855 0.549992 0.0210688 0.903576 
0.422558 0.549084 0.0204099 0.894332 
0.425716 0.549467 0.0193285 0.899741 
0.412096 0.542872 0.00635566 0.874552 
0.421347 0.547288 0.00680049 0.891693 
0.415162 0.544849 0.0101039 0.880477 
0.415542 0.54398 0.00772592 0.881143 
0.445339 0.553007 0.0318175 0.934136 
0.460601 0.570719 0.0343994 0.96529 
0.450206 0.555724 0.038156 0.94324 
0.4513 0.557699 0.0348004 0.945481 
0.433937 0.545046 0.0104408 0.913127 
0.434169 0.544517 0.0154434 0.913007 
0.4295 0.545553 0.0143362 0.905332 
0.432283 0.545149 0.0137521 0.910112 
0.438193 0.548967 0.00883734 0.920893 
0.455268 0.568676 0.014589 0.955642 
0.441589 0.551983 0.0166033 0.927128 
0.445512 0.556712 0.0139199 0.934855 
0.427691 0.551154 0.0299557 0.903911 
0.419366 0.546643 0.0316168 0.888424 
0.419269 0.546893 0.0255767 0.888229 
0.42315 0.549409 0.0278386 0.895628 
0.417511 0.545766 0.0146226 0.884866 
0.425095 0.549133 0.0153333 0.8984 
0.41971 0.547348 0.0192133 0.888996 
0.421263 0.54819 0.0162131 0.891831 
0.484664 0.586924 0.0546736 1.01295 
0.495455 0.596256 0.0524885 1.03471 
0.503919 0.600674 0.0635955 1.05097 
0.493928 0.59434 0.0567522 1.03136 
0.489993 0.587785 0.0679084 1.02207 
0.484576 0.585287 0.0583082 1.01069 
0.502544 0.598398 0.0671504 1.04758 
0.491927 0.590509 0.0643642 1.027 
0.456316 0.561822 0.0417647 0.955075 
0.465366 0.57438 0.0379686 0.974684 
0.470234 0.576991 0.0474911 0.984094 
0.464124 0.572126 0.0424642 0.971833 
0.427844 0.550615 0.0570039 0.904431 
0.429076 0.552465 0.0486756 0.90696 
0.439671 0.557615 0.0558314 0.926858 
0.433487 0.555062 0.0519652 0.915413 
0.450129 0.558557 0.0646123 0.945108 
0.459944 0.558409 0.0715335 0.962296 
0.456415 0.560983 0.0752162 0.956835 
0.455222 0.559129 0.0703311 0.954253 
0.823033 0.567251 0.288682 1.6162 
0.830053 0.581202 0.275232 1.63157 
0.846373 0.561557 0.277263 1.65635 
0.831302 0.57103 0.279945 1.6331 
0.654337 0.595358 0.24958 1.31727 
0.683085 0.605746 0.256594 1.37312 
0.697946 0.595319 0.268394 1.3973 
0.677287 0.599589 0.258681 1.36083 
0.781148 0.602905 0.273914 1.54655 
0.812153 0.591493 0.274436 1.60005 
0.786377 0.595606 0.278334 1.55917 
0.795253 0.596044 0.27722 1.57189 
0.643659 0.639108 0.173699 1.30466 
0.669732 0.641987 0.178537 1.35062 
0.666887 0.636647 0.193394 1.34589 
0.660197 0.638613 0.182196 1.33373 
0.79057 0.602892 0.270262 1.56169 
0.808831 0.59909 0.26531 1.59298 
0.815845 0.593389 0.270568 1.60534 
0.804891 0.597949 0.268955 1.58553 
0.762319 0.619604 0.241677 1.5134 
0.762606 0.623003 0.230802 1.51352 
0.789393 0.613077 0.24141 1.55975 
0.772383 0.618657 0.238045 1.53056 
0.716255 0.622475 0.246412 1.43439 
0.745258 0.620724 0.248512 1.48332 
0.750712 0.614739 0.26001 1.49329 
0.73738 0.6193 0.252118 1.47 
0.703696 0.63224 0.217873 1.41099 
0.742339 0.628016 0.224643 1.4784 
0.739312 0.624796 0.235681 1.47322 
0.728631 0.628278 0.22705 1.4546 
0.831643 0.604439 0.226076 1.63253 
0.852469 0.590014 0.23718 1.66734 
0.838974 0.595538 0.240424 1.64665 
0.84148 0.596333 0.235502 1.64923 
0.479188 0.572456 0.108814 1.00025 
0.489246 0.575195 0.120669 1.019 
0.471603 0.572142 0.110361 0.987131 
0.480496 0.573965 0.113077 1.00304 
0.705819 0.622393 0.247303 1.41757 
0.742414 0.613604 0.263736 1.48044 
0.70649 0.61544 0.256519 1.41932 
0.718167 0.616867 0.256243 1.43902 
0.585238 0.597088 0.227612 1.19744 
0.618344 0.600179 0.256776 1.25679 
0.570529 0.591522 0.229859 1.1707 
0.590871 0.599202 0.233318 1.20832 
0.563806 0.579559 0.190335 1.15389 
0.565219 0.583486 0.20423 1.15746 
0.5444 0.583832 0.185635 1.12013 
0.557694 0.580892 0.192803 1.14309 
0.614761 0.575997 0.232973 1.24576 
0.619506 0.576928 0.243039 1.25334 
0.58596 0.576015 0.222763 1.19342 
0.607085 0.576727 0.232231 1.23075 
0.887431 0.532378 0.217654 1.71858 
0.881323 0.550155 0.220045 1.69906 
0.867993 0.549246 0.198063 1.68906 
0.880366 0.544079 0.210948 1.70587 
0.915425 0.418261 0.169929 1.76008 
0.913291 0.451198 0.206965 1.76395 
0.90417 0.470424 0.183187 1.74667 
0.911713 0.45024 0.188764 1.75832 
0.865308 0.561818 0.23121 1.68438 
0.857113 0.57394 0.245985 1.67702 
0.85307 0.577754 0.231746 1.66695 
0.859032 0.571505 0.237768 1.67767 
0.457421 0.555195 0.066716 0.957396 
0.448807 0.556171 0.0607419 0.942207 
0.450829 0.551818 0.0581375 0.945014 
0.453063 0.555177 0.0623448 0.949411 
0.454826 0.564866 0.0792338 0.954925 
0.446816 0.561451 0.0834835 0.940688 
0.442264 0.559316 0.075343 0.932071 
0.448761 0.562787 0.0788403 0.944219 
0.446394 0.560063 0.0642441 0.938778 
0.452929 0.562888 0.0747334 0.950977 
0.442629 0.559795 0.070282 0.932773 
0.447659 0.561566 0.069581 0.941502 
0.47687 0.563222 0.0937368 0.993718 
0.47476 0.567419 0.0977293 0.990937 
0.464965 0.564129 0.0859372 0.972751 
0.471911 0.564785 0.0922772 0.985254 
0.882848 0.487333 0.145623 1.70468 
0.907778 0.414604 0.0958805 1.72619 
0.897608 0.483679 0.15901 1.73408 
0.894814 0.467824 0.140257 1.72234 
0.841985 0.54188 0.294972 1.64165 
0.825725 0.557594 0.293297 1.6136 
0.851335 0.54804 0.280855 1.65752 
0.841333 0.548248 0.290024 1.64047 
0.577282 0.590276 0.188606 1.17812 
0.569525 0.597452 0.175726 1.16496 
0.603797 0.606867 0.201187 1.22825 
0.583566 0.598533 0.188413 1.19054 
0.578364 0.576928 0.210928 1.17901 
0.574996 0.578104 0.197204 1.17364 
0.60329 0.577194 0.220822 1.22518 
0.585391 0.578258 0.209634 1.19277 
0.534915 0.582907 0.174431 1.10223 
0.527262 0.580206 0.160223 1.088 
0.552652 0.578325 0.179485 1.13373 
0.538296 0.580848 0.171122 1.10797 
0.500692 0.580548 0.160361 1.04219 
0.526406 0.589423 0.173977 1.08978 
0.511564 0.582621 0.176665 1.06259 
0.513779 0.585063 0.168318 1.06671 
0.49084 0.577179 0.149117 1.02388 
0.48327 0.575171 0.137206 1.00959 
0.507521 0.582418 0.147049 1.05378 
0.495355 0.580036 0.143313 1.03214 
0.507196 0.580577 0.142727 1.05271 
0.4878 0.577817 0.131879 1.01781 
0.498442 0.577879 0.131489 1.03634 
0.498616 0.579587 0.13519 1.03702 
0.544723 0.593594 0.187948 1.12323 
0.566167 0.596685 0.209676 1.16338 
0.531937 0.589171 0.187842 1.10024 
0.544202 0.592959 0.188651 1.12245 
0.83721 0.593197 0.243139 1.64316 
0.82428 0.600346 0.234178 1.62245 
0.8392 0.589833 0.232774 1.6472 
0.834367 0.595701 0.237279 1.63994 
0.940086 0.501169 0.274452 1.81443 
0.957009 0.488346 0.259781 1.84139 
0.955082 0.481394 0.276623 1.84059 
0.950738 0.489398 0.271477 1.832 
0.68297 0.41667 0.495741 1.36932 
0.765771 0.420041 0.511848 1.51924 
0.753681 0.360621 0.532869 1.47601 
0.735324 0.4037 0.51508 1.46518 
0.96637 0.449086 0.30116 1.85596 
0.965574 0.45981 0.286765 1.85472 
0.97862 0.442009 0.284741 1.87583 
0.970399 0.450099 0.29043 1.86196 
0.853553 0.537508 0.336802 1.66883 
0.855955 0.549511 0.314576 1.67255 
0.876142 0.524812 0.332681 1.70625 
0.86205 0.537695 0.327285 1.68244 
0.936157 0.51006 0.266508 1.80725 
0.937967 0.516831 0.248188 1.80953 
0.952643 0.497081 0.254872 1.83406 
0.94246 0.508314 0.256009 1.81698 
0.909702 0.51621 0.302452 1.76471 
0.923001 0.511004 0.287425 1.78638 
0.92445 0.499829 0.304931 1.78878 
0.918947 0.508432 0.298722 1.7797 
0.899676 0.509794 0.326035 1.74577 
0.902303 0.517124 0.312286 1.75153 
0.919512 0.497752 0.315548 1.77931 
0.907162 0.50838 0.317695 1.75871 
0.895227 0.53729 0.288024 1.74055 
0.916502 0.519142 0.285154 1.77585 
0.90115 0.526046 0.296942 1.75041 
0.905093 0.527703 0.29006 1.75681 
0.89501 0.541817 0.278034 1.74113 
0.898348 0.545365 0.266863 1.74417 
0.916382 0.524399 0.276502 1.77628 
0.902564 0.537891 0.274059 1.75217 
1.01702 0.35453 0.302022 1.94339 
1.01033 0.348902 0.325707 1.93266 
1.00876 0.369155 0.312924 1.92943 
1.01199 0.358557 0.312944 1.93602 
1.00008 0.389322 0.308852 1.91387 
0.988343 0.408122 0.315741 1.89059 
1.00103 0.400239 0.294905 1.91206 
0.99741 0.398351 0.307245 1.90637 
0.921551 0.424041 0.407038 1.78601 
0.910535 0.448311 0.393734 1.76494 
0.938152 0.428437 0.379478 1.81045 
0.924957 0.43353 0.393891 1.79034 
0.922856 0.372255 0.450896 1.78625 
0.928019 0.393495 0.428017 1.79744 
0.956544 0.357584 0.419962 1.84372 
0.936397 0.375461 0.432502 1.81054 
0.96472 0.310842 0.442908 1.85426 
0.930709 0.351589 0.457406 1.79765 
0.96546 0.338571 0.420576 1.85524 
0.952908 0.331075 0.442523 1.8339 
0.881938 0.337921 0.515734 1.71818 
0.831813 0.39625 0.508693 1.63401 
0.888332 0.371113 0.487529 1.72769 
0.869052 0.366479 0.509067 1.69666 
0.870906 0.464015 0.421929 1.70214 
0.895542 0.457271 0.402949 1.74154 
0.905486 0.432564 0.42021 1.76073 
0.889334 0.450724 0.415432 1.73241 
0.92554 0.487615 0.320707 1.78847 
0.923544 0.477028 0.34012 1.7853 
0.903972 0.50068 0.33406 1.75248 
0.9182 0.48786 0.333152 1.77643 
0.96526 0.363771 0.400489 1.85972 
0.94228 0.394839 0.410185 1.82179 
0.970574 0.381367 0.378662 1.86692 
0.96033 0.377954 0.39747 1.85112 
0.853315 0.481462 0.413315 1.67184 
0.839563 0.503028 0.397299 1.64673 
0.879606 0.473364 0.399157 1.71342 
0.859015 0.485817 0.404378 1.68017 
1.0078 0.383123 0.296662 1.92863 
1.00752 0.394248 0.28468 1.92369 
1.01583 0.385526 0.271564 1.94333 
1.01026 0.387403 0.283747 1.93163 
1.0167 0.363493 0.28912 1.94602 
1.01158 0.37565 0.298823 1.93388 
1.01837 0.378308 0.27233 1.9453 
1.01676 0.372368 0.286889 1.94268 
1.03228 0.320642 0.294962 1.96409 
1.0266 0.341796 0.288318 1.95461 
1.0336 0.334549 0.275049 1.96599 
1.03136 0.333282 0.285816 1.96329 
1.0287 0.306224 0.319963 1.95857 
1.0213 0.295795 0.349282 1.94633 
1.01548 0.323236 0.337632 1.93707 
1.02235 0.309507 0.334918 1.94886 
0.983996 0.387682 0.345948 1.88779 
0.983376 0.405716 0.329168 1.88343 
0.997109 0.384406 0.321709 1.90953 
0.988176 0.392868 0.331698 1.89388 
0.992024 0.427429 0.276199 1.89801 
1.00073 0.418594 0.264834 1.91229 
1.00023 0.412218 0.279018 1.91084 
0.997941 0.4195 0.273446 1.90837 
0.968144 0.440804 0.309703 1.85891 
0.981254 0.434365 0.290131 1.88014 
0.976765 0.426491 0.313814 1.87284 
0.97623 0.434056 0.304769 1.87248 
0.973104 0.396974 0.356352 1.86966 
0.959226 0.415612 0.359662 1.84375 
0.974501 0.413825 0.337307 1.86748 
0.969807 0.407975 0.351774 1.86206 
0.942868 0.477421 0.306934 1.81739 
0.957213 0.468804 0.29132 1.84125 
0.955828 0.459797 0.30728 1.83839 
0.951907 0.467978 0.302146 1.83189 
0.98718 0.446879 0.253404 1.89016 
0.997471 0.42764 0.258868 1.90691 
0.988887 0.435519 0.268903 1.89264 
0.990752 0.436957 0.260025 1.89549 
1.02262 0.422571 0.174343 1.94908 
1.01675 0.431157 0.18958 1.94146 
1.01647 0.437185 0.176219 1.94043 
1.018 0.430973 0.181177 1.94229 
1.04496 0.384777 0.16139 1.98595 
1.04387 0.381649 0.174518 1.9841 
1.03933 0.391528 0.176887 1.97689 
1.04282 0.386494 0.170083 1.983 
1.02929 0.395708 0.200924 1.96131 
1.03581 0.380061 0.204233 1.97063 
1.03103 0.385576 0.213243 1.96427 
1.03189 0.386927 0.206234 1.96424 
1.03836 0.389911 0.184081 1.97465 
1.04278 0.379509 0.182359 1.98059 
1.03969 0.379925 0.194196 1.97824 
1.03999 0.384035 0.187644 1.97688 
1.02807 0.412989 0.176204 1.95818 
1.03341 0.400473 0.180431 1.96663 
1.02877 0.40497 0.187917 1.96042 
1.02984 0.405478 0.181355 1.96045 
1.02955 0.4148 0.170916 1.96081 
1.03496 0.406084 0.162727 1.97039 
1.03459 0.403322 0.174052 1.9692 
1.03313 0.408771 0.169453 1.96718 
1.05314 0.359178 0.175283 1.99979 
1.05591 0.349033 0.180813 2.0039 
1.05276 0.352898 0.187071 1.99783 
1.054 0.353763 0.181215 2.0007 
1.04692 0.380354 0.161882 1.9886 
1.04986 0.370269 0.1694 1.99473 
1.04649 0.376854 0.175051 1.98985 
1.04762 0.37631 0.168709 1.99104 
1.04956 0.377499 0.15693 1.99184 
1.05528 0.364959 0.152468 2.00101 
1.05229 0.367352 0.163456 1.99841 
1.05216 0.36988 0.157621 1.99643 
1.03634 0.366709 0.224678 1.97173 
1.0325 0.378038 0.220094 1.96578 
1.03787 0.37291 0.209326 1.97375 
1.03568 0.372663 0.217489 1.97061 
1.01103 0.424549 0.22455 1.9297 
1.01432 0.426573 0.209016 1.93601 
1.01573 0.415794 0.222986 1.93973 
1.014 0.422519 0.218646 1.93592 
1.00879 0.418179 0.245504 1.92679 
1.00966 0.422369 0.233989 1.92749 
1.01528 0.4125 0.232927 1.93921 
1.01098 0.41694 0.23756 1.92997 
0.985473 0.417554 0.309187 1.88693 
0.987839 0.427367 0.286627 1.89131 
0.997662 0.40992 0.291419 1.90706 
0.989679 0.418728 0.295704 1.89369 
0.991637 0.446809 0.246004 1.89776 
1.00307 0.430127 0.237048 1.91583 
1.00131 0.428566 0.249553 1.91349 
0.998414 0.434276 0.243885 1.90846 
0.996831 0.458942 0.195556 1.91025 
0.989872 0.469726 0.202492 1.89402 
0.997831 0.464839 0.183372 1.908 
0.995459 0.464322 0.19466 1.90473 
0.989755 0.449635 0.239551 1.89444 
0.996346 0.447098 0.22571 1.9051 
1.00197 0.435374 0.230988 1.91408 
0.99598 0.444285 0.232855 1.90424 
0.985107 0.459679 0.236184 1.8885 
0.985099 0.470426 0.218802 1.88749 
0.991642 0.455584 0.225895 1.89974 
0.987313 0.462489 0.226993 1.89279 
0.941233 0.388084 0.144047 1.7848 
0.93659 0.346371 0.0739727 1.76918 
0.957366 0.270732 0.0647917 1.79308 
0.944785 0.321138 0.102278 1.78303 
0.836821 0.570198 0.196036 1.63789 
0.842963 0.580959 0.206954 1.63863 
0.843199 0.571453 0.188275 1.6573 
0.834588 0.574798 0.2061 1.64139 
0.88515 0.506265 0.169856 1.71362 
0.867645 0.539077 0.180735 1.68004 
0.870733 0.506125 0.160027 1.69147 
0.874438 0.51938 0.170491 1.69611 
0.851033 0.579962 0.218049 1.65895 
0.842448 0.580476 0.211907 1.63919 
0.852511 0.566178 0.198241 1.66075 
0.850995 0.575114 0.211934 1.64957 
0.873119 0.557547 0.218767 1.69319 
0.856192 0.575676 0.222234 1.66601 
0.863154 0.559264 0.200367 1.68041 
0.864316 0.563242 0.21348 1.67782 
0.872403 0.542752 0.257504 1.69243 
0.880806 0.544951 0.231836 1.70315 
0.889919 0.530966 0.235272 1.72185 
0.884054 0.538626 0.243721 1.70892 
0.864482 0.55345 0.260933 1.68622 
0.859683 0.569688 0.254467 1.6818 
0.870588 0.552325 0.240526 1.69348 
0.864765 0.558331 0.250874 1.68722 
0.850972 0.580553 0.249269 1.66874 
0.843975 0.588438 0.247452 1.65525 
0.847046 0.583863 0.23791 1.66256 
0.847602 0.584725 0.243741 1.66306 
0.859033 0.543122 0.175649 1.66831 
0.837123 0.50824 0.145825 1.62143 
0.864123 0.512679 0.152597 1.67578 
0.853765 0.52214 0.155435 1.65848 
0.860721 0.316378 0.544023 1.68101 
0.921618 0.240855 0.53471 1.78133 
0.859338 0.235203 0.560219 1.67699 
0.889106 0.266076 0.548575 1.72964 
0.7514 0.421913 0.490092 1.48693 
0.827963 0.424909 0.490817 1.6278 
0.834792 0.381755 0.517021 1.63798 
0.805846 0.411418 0.508212 1.5879 
1.00684 0.350856 0.351007 1.92477 
1.02953 0.353724 0.281404 1.96137 
1.03762 0.287385 0.317393 1.9729 
1.02285 0.33852 0.31594 1.94951 
1.01579 0.258817 0.387598 1.9363 
1.00695 0.327156 0.371358 1.92542 
1.03425 0.266427 0.340082 1.96619 
1.0201 0.279943 0.364119 1.94371 
0.940928 0.370422 0.380365 1.80509 
0.937677 0.333609 0.273581 1.77902 
0.971379 0.34383 0.35967 1.85552 
0.957671 0.350997 0.344634 1.82915 
0.626454 0.592434 0.278207 1.27028 
0.651348 0.584215 0.301778 1.31715 
0.603377 0.58176 0.279839 1.23033 
0.621697 0.587864 0.28087 1.26496 
0.531291 0.586715 0.196282 1.09878 
0.566001 0.595374 0.210952 1.163 
0.551185 0.589077 0.218123 1.13525 
0.553648 0.592188 0.208393 1.14001 
0.634464 0.574929 0.243105 1.28084 
0.672301 0.563137 0.267963 1.34763 
0.634715 0.570061 0.254041 1.27907 
0.64537 0.566895 0.25071 1.29964 
0.683237 0.547441 0.377123 1.3752 
0.643529 0.522411 0.380727 1.29722 
0.619787 0.540656 0.347825 1.25523 
0.65619 0.539059 0.365038 1.32206 
0.843762 0.429451 0.312915 1.62774 
0.872136 0.419414 0.292252 1.68635 
0.874182 0.396817 0.317744 1.66895 
0.866538 0.414874 0.307497 1.6699 
0.84951 0.451371 0.452229 1.66333 
0.830064 0.4769 0.42006 1.62628 
0.874066 0.434646 0.396834 1.6941 
0.853994 0.456212 0.42501 1.66718 
0.779673 0.490541 0.335886 1.52751 
0.774031 0.49839 0.310476 1.51952 
0.810244 0.46547 0.322867 1.57719 
0.785755 0.480703 0.31912 1.53357 
0.810231 0.556058 0.299443 1.58699 
0.825255 0.535669 0.307128 1.61327 
0.791235 0.533448 0.310981 1.55597 
0.809948 0.544612 0.306707 1.58704 
0.794553 0.517621 0.311714 1.5641 
0.833523 0.5222 0.304953 1.62711 
0.832737 0.498956 0.311256 1.62679 
0.821191 0.513539 0.311656 1.60638 
0.735158 0.582357 0.28657 1.4604 
0.779313 0.570631 0.29704 1.53463 
0.730439 0.570041 0.290606 1.45182 
0.750475 0.574857 0.292689 1.4839 
0.651146 0.588495 0.249967 1.30978 
0.705409 0.589539 0.27253 1.39803 
0.692549 0.57572 0.273975 1.38655 
0.683407 0.585771 0.268776 1.367 
0.707235 0.606545 0.265476 1.41737 
0.757815 0.596687 0.279311 1.50608 
0.726224 0.596033 0.276688 1.44939 
0.731415 0.600696 0.273521 1.45938 
0.786812 0.58856 0.285584 1.55753 
0.818426 0.586877 0.276376 1.61163 
0.803558 0.57575 0.289486 1.58467 
0.805231 0.584586 0.28425 1.58974 
0.864534 0.54001 0.27572 1.6795 
0.873695 0.517802 0.278581 1.69473 
0.85654 0.527269 0.291575 1.66616 
0.865361 0.528542 0.282641 1.68042 
0.878734 0.489094 0.27968 1.7029 
0.875598 0.454509 0.284069 1.69764 
0.859501 0.478935 0.296196 1.67163 
0.871917 0.473151 0.288043 1.69163 
0.816029 0.455849 0.338561 1.58446 
0.809471 0.486205 0.384997 1.58383 
0.790338 0.489724 0.357341 1.5473 
0.807943 0.476536 0.361415 1.57688 
0.808567 0.494583 0.431494 1.59431 
0.821147 0.465255 0.462051 1.61754 
0.774043 0.49886 0.442756 1.53628 
0.800321 0.488439 0.448198 1.58193 
0.772571 0.515163 0.372509 1.52236 
0.790992 0.51064 0.402399 1.55955 
0.743459 0.542592 0.39362 1.4821 
0.769523 0.525991 0.393852 1.52294 
0.837312 0.442891 0.337178 1.62156 
0.868868 0.422379 0.36294 1.67604 
0.829233 0.468412 0.390674 1.61844 
0.843754 0.443131 0.3622 1.63222 
0.920083 0.355825 0.264249 1.75354 
0.896152 0.381262 0.308937 1.71668 
0.891696 0.403251 0.277547 1.71732 
0.895639 0.371789 0.277317 1.71078 
0.788847 0.514132 0.420302 1.55961 
0.756695 0.517599 0.426472 1.50705 
0.737998 0.544 0.403602 1.47465 
0.761305 0.524803 0.418357 1.51461 
0.914461 0.408782 0.425738 1.77074 
0.87514 0.429057 0.455634 1.70725 
0.889793 0.416406 0.398308 1.72035 
0.898692 0.43072 0.433422 1.74643 
0.925286 0.398015 0.449403 1.79381 
0.9235 0.358844 0.463408 1.78717 
0.878662 0.409159 0.464792 1.711 
0.907737 0.387368 0.460849 1.76165 
0.685913 0.462294 0.455361 1.37057 
0.671079 0.498106 0.413261 1.34493 
0.728555 0.501498 0.433476 1.4529 
0.702398 0.491604 0.432023 1.40436 
0.643184 0.578511 0.319972 1.30435 
0.601027 0.575959 0.290271 1.22544 
0.651925 0.580575 0.313636 1.32202 
0.63399 0.582257 0.311632 1.28864 
0.822176 0.596074 0.259764 1.61649 
0.829618 0.593034 0.256058 1.62828 
0.832015 0.592943 0.257246 1.63285 
0.827854 0.593676 0.257453 1.62574 
0.765303 0.61595 0.253747 1.51777 
0.797221 0.604184 0.262119 1.57282 
0.773981 0.609123 0.26415 1.53233 
0.780412 0.610202 0.260648 1.54399 
0.810597 0.603607 0.248431 1.59604 
0.82503 0.595555 0.253782 1.62042 
0.813943 0.599638 0.256741 1.60195 
0.817467 0.599227 0.253235 1.60772 
0.819181 0.595608 0.262523 1.6106 
0.83292 0.591952 0.257801 1.63347 
0.827298 0.590375 0.265993 1.62449 
0.82884 0.592385 0.262255 1.62733 
0.820148 0.609106 0.227486 1.61341 
0.830234 0.599281 0.241754 1.6311 
0.813174 0.607265 0.239565 1.60167 
0.821558 0.605312 0.236103 1.61653 
0.83722 0.592448 0.250147 1.64201 
0.835278 0.588666 0.258849 1.63817 
0.832441 0.592127 0.253889 1.63325 
0.836079 0.591039 0.254321 1.64007 
0.817066 0.603114 0.246115 1.60777 
0.832564 0.59635 0.247078 1.63421 
0.828552 0.595033 0.252034 1.62706 
0.826321 0.597815 0.24866 1.62334 
0.85969 0.569531 0.273982 1.68039 
0.874543 0.554214 0.283798 1.70506 
0.858393 0.560328 0.292548 1.67781 
0.865238 0.561988 0.282832 1.68964 
0.857416 0.584346 0.244372 1.67604 
0.854205 0.580804 0.255897 1.67204 
0.844749 0.58964 0.247442 1.65583 
0.852319 0.585081 0.249151 1.669 
0.867055 0.577752 0.246857 1.69188 
0.883517 0.56175 0.25819 1.71954 
0.864596 0.573196 0.260429 1.68982 
0.87155 0.571296 0.254733 1.69976 
0.844232 0.587573 0.252571 1.65192 
0.846408 0.580198 0.25746 1.66256 
0.840445 0.584188 0.266067 1.6454 
0.844243 0.583881 0.259891 1.65549 
0.824185 0.599656 0.2503 1.61856 
0.832681 0.594592 0.249782 1.6345 
0.832209 0.594806 0.253917 1.63175 
0.829963 0.596585 0.25189 1.62925 
0.819006 0.602266 0.245984 1.61059 
0.8194 0.602748 0.239494 1.60937 
0.832488 0.595682 0.245642 1.63416 
0.827133 0.599814 0.242711 1.62465 
0.686841 0.616452 0.268477 1.38273 
0.774202 0.613086 0.241713 1.53663 
0.79055 0.610857 0.243896 1.56066 
0.758739 0.617566 0.251481 1.51089 
0.793888 0.579192 0.316114 1.56705 
0.771247 0.572152 0.336468 1.52817 
0.757418 0.588858 0.311551 1.50387 
0.773994 0.580356 0.323578 1.53327 
0.639665 0.596218 0.281955 1.30045 
0.622093 0.603064 0.259985 1.27043 
0.771759 0.61825 0.226351 1.53388 
0.662535 0.620988 0.250246 1.3392 
0.693393 0.569096 0.349743 1.39626 
0.637047 0.57647 0.322229 1.29542 
0.66122 0.585528 0.31277 1.33875 
0.662702 0.577849 0.327536 1.34171 
0.750017 0.568512 0.347945 1.49225 
0.720537 0.567263 0.35347 1.44348 
0.691507 0.585886 0.320573 1.39112 
0.721908 0.574292 0.343669 1.44492 
0.738832 0.487591 0.455836 1.47371 
0.79974 0.460778 0.465555 1.57739 
0.78099 0.447524 0.485309 1.54667 
0.774189 0.464577 0.472281 1.5345 
0.535376 0.532393 0.315723 1.10764 
0.494116 0.503718 0.317548 1.02956 
0.473092 0.508822 0.280283 0.990084 
0.502109 0.514697 0.299742 1.0447 
0.696788 0.561149 0.362508 1.40222 
0.673966 0.555477 0.368414 1.36029 
0.63661 0.568642 0.33442 1.29317 
0.671119 0.562391 0.357863 1.35612 
0.736452 0.499778 0.442834 1.46936 
0.766181 0.506547 0.429131 1.52222 
0.795434 0.475839 0.453331 1.57123 
0.765612 0.494625 0.441431 1.51912 
0.611233 0.566719 0.327372 1.24753 
0.648903 0.553005 0.365373 1.31531 
0.595271 0.551957 0.339048 1.21725 
0.616418 0.557501 0.342055 1.25641 
0.721157 0.551255 0.378352 1.4452 
0.743033 0.53035 0.40501 1.48324 
0.700188 0.544809 0.388103 1.40679 
0.720749 0.542567 0.389896 1.44417 
0.838859 0.589042 0.254461 1.64471 
0.836442 0.586776 0.264667 1.64039 
0.835816 0.591629 0.256627 1.63846 
0.83729 0.589904 0.256807 1.64212 
0.832467 0.588421 0.213599 1.6234 
0.840843 0.588014 0.223385 1.6483 
0.819709 0.60241 0.22885 1.61802 
0.829605 0.594176 0.221039 1.62731 
0.85114 0.564459 0.268756 1.66699 
0.837817 0.582618 0.270257 1.64491 
0.849624 0.57412 0.261755 1.66633 
0.847067 0.574157 0.269863 1.66295 
0.909172 0.434185 0.237752 1.75632 
0.916506 0.369519 0.235086 1.75117 
0.895426 0.418891 0.264554 1.72844 
0.906997 0.409371 0.245644 1.74602 
0.841294 0.448298 0.308907 1.63381 
0.847138 0.47073 0.304678 1.65165 
0.867305 0.441723 0.293907 1.68261 
0.850342 0.453378 0.30332 1.65482 
0.671168 0.572592 0.346001 1.35607 
0.710406 0.55957 0.353508 1.42017 
0.700969 0.560271 0.371846 1.40862 
0.696573 0.567598 0.360483 1.40057 
0.695572 0.547866 0.302657 1.38574 
0.701142 0.544424 0.291331 1.39669 
0.742137 0.525777 0.304948 1.46754 
0.710007 0.535905 0.297565 1.41093 
0.767849 0.539629 0.308003 1.51508 
0.730585 0.557016 0.298336 1.45125 
0.790481 0.561889 0.300155 1.55375 
0.766018 0.553969 0.304787 1.51272 
0.817907 0.463051 0.31241 1.59365 
0.788401 0.504649 0.312339 1.55235 
0.827922 0.484524 0.309192 1.61911 
0.81365 0.483417 0.31358 1.59179 
0.760151 0.505998 0.340782 1.49334 
0.736699 0.525187 0.336649 1.45782 
0.760256 0.507657 0.314456 1.49713 
0.755832 0.509167 0.32989 1.48734 
0.892676 0.520211 0.243097 1.72612 
0.886532 0.518398 0.264168 1.71594 
0.872588 0.540597 0.264538 1.69265 
0.883635 0.525959 0.257181 1.71174 
0.915578 0.427573 0.219938 1.76522 
0.926287 0.391287 0.185726 1.77366 
0.927502 0.362134 0.211062 1.76713 
0.924103 0.393881 0.204302 1.77437 
0.900345 0.505229 0.231556 1.73855 
0.904705 0.470916 0.232842 1.74445 
0.894717 0.496195 0.254412 1.72917 
0.900237 0.48978 0.24071 1.73777 
0.900816 0.503995 0.217968 1.73954 
0.902459 0.483111 0.191505 1.74233 
0.908031 0.467687 0.215194 1.751 
0.905358 0.484808 0.206016 1.74655 
0.921751 0.385911 0.101019 1.74854 
0.928686 0.419071 0.143893 1.77662 
0.907199 0.469702 0.161951 1.74954 
0.918071 0.428078 0.136147 1.75488 
0.903104 0.453977 0.245662 1.7437 
0.888502 0.445934 0.270713 1.71845 
0.889122 0.483907 0.265916 1.72 
0.894894 0.462049 0.260337 1.73019 
0.952398 0.242239 0.103847 1.787 
0.94672 0.325132 0.191382 1.78534 
0.941987 0.382912 0.170896 1.79013 
0.950353 0.330164 0.152819 1.7918 
0.954987 0.294614 0.469661 1.83903 
0.991849 0.247779 0.441972 1.89852 
0.961324 0.243602 0.489896 1.84884 
0.972445 0.26305 0.46839 1.86853 
0.884218 0.330383 0.521046 1.72089 
0.93117 0.31587 0.488284 1.80064 
0.932952 0.262939 0.515914 1.80225 
0.913867 0.300227 0.512152 1.76995 
0.943728 0.377626 0.427484 1.82077 
0.972452 0.353566 0.40323 1.8666 
0.95001 0.343333 0.444045 1.83047 
0.961839 0.362667 0.429636 1.85348 
0.777105 0.337912 0.521007 1.52496 
0.713095 0.389333 0.495938 1.41206 
0.823669 0.366291 0.529887 1.61893 
0.788996 0.373369 0.517241 1.55915 
0.901807 0.383067 0.341883 1.72716 
0.927939 0.339367 0.277156 1.76352 
0.932106 0.386428 0.378789 1.79023 
0.922963 0.364624 0.333416 1.7639 
0.605549 0.591858 0.261679 1.2354 
0.581373 0.581058 0.269691 1.19002 
0.559104 0.582824 0.24399 1.14952 
0.587229 0.58637 0.257766 1.20096 
0.674428 0.551208 0.278829 1.34951 
0.667028 0.563418 0.290682 1.33732 
0.628395 0.566905 0.270093 1.26744 
0.65795 0.561252 0.28057 1.32082 
0.746273 0.586605 0.285894 1.48284 
0.773887 0.58914 0.285989 1.53344 
0.786839 0.576261 0.293623 1.55323 
0.768758 0.585006 0.288863 1.52296 
0.588649 0.59087 0.200188 1.19872 
0.616709 0.60756 0.212949 1.25164 
0.617305 0.59106 0.223328 1.25052 
0.606822 0.595559 0.212789 1.23226 
0.634982 0.617278 0.215081 1.28974 
0.63375 0.623386 0.205616 1.28916 
0.668561 0.624332 0.227744 1.35168 
0.645137 0.621887 0.216104 1.30907 
0.850062 0.517866 0.297537 1.65467 
0.870876 0.503352 0.284883 1.68957 
0.854916 0.499236 0.300201 1.6643 
0.859622 0.50726 0.295001 1.67145 
0.623902 0.567008 0.317977 1.2683 
0.599358 0.551472 0.319212 1.21762 
0.572994 0.55709 0.287503 1.17042 
0.606376 0.561655 0.307299 1.2333 
0.705589 0.559859 0.340661 1.41029 
0.671745 0.581354 0.338151 1.35657 
0.67792 0.572428 0.323454 1.36185 
0.684206 0.573158 0.333806 1.37517 
0.742707 0.516625 0.312298 1.4657 
0.721052 0.536251 0.328351 1.43018 
0.693956 0.547124 0.315162 1.38589 
0.722446 0.533273 0.319636 1.43106 
0.757012 0.52412 0.363217 1.49506 
0.728758 0.551759 0.382328 1.4568 
0.727387 0.543933 0.356461 1.4468 
0.73792 0.541391 0.367396 1.46658 
0.680168 0.557185 0.368477 1.37073 
0.627352 0.551071 0.335254 1.27064 
0.650802 0.568118 0.340281 1.31795 
0.650445 0.559144 0.34775 1.31691 
0.680361 0.518423 0.397134 1.36493 
0.710498 0.541487 0.395088 1.42487 
0.727076 0.517152 0.419445 1.45298 
0.706365 0.526899 0.404244 1.41541 
0.9854 0.283197 0.237454 1.86578 
0.981325 0.330927 0.329858 1.86214 
0.955342 0.315923 0.235981 1.81186 
0.966648 0.301225 0.262352 1.83354 
0.802161 0.452312 0.477891 1.58328 
0.729677 0.454606 0.472109 1.45409 
0.754649 0.489147 0.449427 1.50098 
0.759154 0.469519 0.465302 1.50759 
1.06861 0.264117 0.236721 2.0226 
1.05369 0.330337 0.227337 1.99851 
1.07048 0.281068 0.19878 2.02216 
1.06273 0.290375 0.230623 2.01397 
1.06286 0.177255 0.320914 2.0116 
1.05571 0.227995 0.312715 2.00152 
1.07371 0.190411 0.279427 2.02948 
1.06707 0.197917 0.305272 2.02098 
1.05093 0.15736 0.36829 1.99384 
1.03118 0.137318 0.415241 1.9608 
1.02352 0.203079 0.407731 1.94977 
1.03897 0.166456 0.39856 1.97653 
0.864215 0.40369 0.481847 1.6878 
0.912565 0.347365 0.484472 1.76957 
0.872449 0.362809 0.508039 1.70055 
0.883672 0.372601 0.493011 1.72063 
0.990814 0.338384 0.401684 1.90145 
0.998923 0.269282 0.414668 1.90958 
0.964271 0.313046 0.44277 1.85412 
0.98596 0.305445 0.418467 1.88964 
1.0459 0.239445 0.337882 1.98735 
1.05467 0.182852 0.351182 2.00147 
1.03029 0.226571 0.385405 1.9624 
1.04218 0.216793 0.35841 1.9801 
1.09365 0.150503 0.226031 2.06211 
1.09123 0.128223 0.253444 2.05628 
1.08545 0.165521 0.252817 2.04846 
1.0916 0.148724 0.24377 2.06071 
1.01445 0.144153 0.451557 1.93526 
0.97666 0.201754 0.48791 1.87446 
1.00798 0.215717 0.437098 1.92669 
0.998023 0.186124 0.460368 1.90764 
1.08752 0.0978049 0.283457 2.05059 
1.08099 0.0621533 0.30936 2.03747 
1.06994 0.120932 0.326686 2.02185 
1.08192 0.0932153 0.308955 2.04395 
0.971828 -0.0190229 0.496185 1.86037 
0.947377 0.0368432 0.531263 1.81022 
1.01302 0.0736295 0.4689 1.93058 
0.978424 0.0295952 0.511565 1.88186 
0.816733 0.261796 0.558981 1.59387 
0.776666 0.323104 0.544054 1.54205 
0.828341 0.341512 0.540458 1.62594 
0.808365 0.312069 0.546879 1.5831 
1.0634 0.257726 0.25448 2.01242 
1.04934 0.271749 0.290621 1.98993 
1.04157 0.32691 0.255777 1.97979 
1.05625 0.28193 0.268631 2.00387 
1.08744 0.239458 0.170006 2.05024 
1.08611 0.237741 0.186699 2.04911 
1.08032 0.257795 0.18199 2.03864 
1.08456 0.244999 0.180615 2.04596 
1.07612 0.205719 0.26733 2.03539 
1.06049 0.241651 0.292448 2.01079 
1.07067 0.237789 0.256674 2.02629 
1.06761 0.2275 0.272009 2.02014 
1.09421 0.16537 0.21888 2.0643 
1.08773 0.181205 0.239008 2.05356 
1.09141 0.190172 0.213747 2.05911 
1.08987 0.178611 0.22326 2.05514 
1.09707 0.176587 0.1884 2.06778 
1.09572 0.166415 0.205507 2.06534 
1.09305 0.187186 0.202174 2.06107 
1.09612 0.176885 0.198196 2.06716 
1.10765 0.137713 0.165486 2.08563 
1.11136 0.125557 0.150579 2.09139 
1.1095 0.113344 0.173259 2.08842 
1.10903 0.125825 0.162388 2.08685 
0.899027 0.11839 0.567181 1.72877 
0.860494 0.179954 0.573373 1.67176 
0.929443 0.20381 0.542187 1.79448 
0.892506 0.170973 0.566103 1.73164 
1.081 0.19888 0.246208 2.04135 
1.07649 0.227056 0.238229 2.03417 
1.08664 0.20279 0.217129 2.05011 
1.08345 0.209308 0.234093 2.04657 
1.00503 0.112412 0.473945 1.91557 
0.942486 0.0975324 0.539495 1.81814 
0.956719 0.177352 0.52025 1.83944 
0.977152 0.132483 0.514144 1.87561 
1.0918 0.217219 0.173271 2.05788 
1.08826 0.225674 0.18235 2.05187 
1.08996 0.229568 0.170013 2.05467 
1.09018 0.224156 0.17531 2.05501 
1.06408 0.124694 0.355849 2.01713 
1.07566 0.0499765 0.343952 2.0335 
1.04779 0.0929448 0.401809 1.98992 
1.05809 0.0883077 0.368972 2.00369 
1.08523 0.224599 0.201786 2.04788 
1.0881 0.209472 0.208503 2.05317 
1.07928 0.232559 0.22402 2.0393 
1.08325 0.221215 0.211452 2.04416 
1.07733 0.263268 0.198243 2.03567 
1.08222 0.237738 0.199485 2.04231 
1.07448 0.248576 0.221506 2.03018 
1.07871 0.25053 0.206002 2.03766 
1.09179 0.21158 0.178136 2.05804 
1.09 0.20668 0.196126 2.05582 
1.08799 0.218646 0.189952 2.05143 
1.09022 0.212238 0.187961 2.05569 
1.09481 0.216182 0.155518 2.06267 
1.09328 0.215811 0.166751 2.06019 
1.09144 0.226506 0.162264 2.05673 
1.09333 0.219268 0.161624 2.06016 
1.09581 0.211063 0.155607 2.06454 
1.09653 0.205281 0.15842 2.06589 
1.09454 0.210195 0.164859 2.06243 
1.09568 0.209201 0.159396 2.0643 
1.09905 0.110592 0.236764 2.07124 
1.09925 0.137651 0.216747 2.07253 
1.1057 0.107563 0.203453 2.08189 
1.10023 0.119049 0.2185 2.07148 
1.10761 0.0230725 0.230078 2.08423 
1.09412 0.0347137 0.284383 2.06083 
1.09733 0.0739718 0.262068 2.06745 
1.09755 0.0425179 0.259046 2.06235 
1.07466 0.148049 0.30981 2.03221 
1.08232 0.16835 0.272616 2.04504 
1.08853 0.124274 0.276284 2.05515 
1.08011 0.146506 0.285999 2.03924 
1.09869 0.191268 0.165829 2.07046 
1.09971 0.192861 0.158147 2.07211 
1.10208 0.183508 0.159462 2.07462 
1.09966 0.188996 0.161526 2.07129 
1.10038 0.194404 0.147253 2.07163 
1.10002 0.196806 0.148523 2.07215 
1.09959 0.196316 0.146493 2.07112 
1.1 0.19496 0.147384 2.07139 
1.01827 -0.0237505 0.45334 1.94404 
1.03297 0.0614129 0.428816 1.96057 
1.06528 0.00908745 0.359625 2.01222 
1.04643 0.0208588 0.416118 1.98694 
1.11761 0.0207005 0.168606 2.10158 
1.11915 0.0594038 0.136848 2.10258 
1.12296 0.0219543 0.121563 2.1102 
1.11785 0.0312878 0.142336 2.10004 
1.06118 -0.108366 0.351077 2.01246 
1.07689 -0.00989184 0.321063 2.03038 
1.08007 -0.136787 0.283854 2.03934 
1.07266 -0.0704174 0.323357 2.02753 
1.11186 0.0831849 0.18068 2.09098 
1.11621 0.0700967 0.151871 2.09683 
1.11337 0.037122 0.183967 2.09329 
1.1143 0.0659726 0.170768 2.09382 
1.10903 0.0429313 0.209368 2.0836 
1.09956 0.0844219 0.238877 2.0676 
1.10815 0.0875197 0.198966 2.08317 
1.10745 0.070711 0.216306 2.08266 
1.09111 -0.0932287 0.246509 2.04969 
1.08816 -0.00549147 0.300703 2.05093 
1.10571 -0.0139447 0.219514 2.07494 
1.10151 -0.0357014 0.257484 2.07465 
1.04566 -0.11372 0.365986 1.98254 
1.0212 -0.078615 0.415091 1.93338 
1.07598 -0.0242783 0.345283 2.03394 
1.05125 -0.0808056 0.391594 2.00064 
1.10062 0.142897 0.201065 2.07293 
1.1047 0.14201 0.176984 2.08067 
1.10546 0.119382 0.188712 2.08122 
1.1047 0.134696 0.188988 2.08136 
1.1005 0.194847 0.152099 2.07327 
1.10049 0.197062 0.149393 2.07311 
1.10144 0.195076 0.148062 2.07461 
1.10027 0.195606 0.149868 2.07247 
1.10195 0.18533 0.154133 2.07476 
1.10043 0.192354 0.154519 2.07208 
1.1015 0.192013 0.148435 2.07417 
1.10207 0.189994 0.152489 2.07523 
1.09771 0.200043 0.154705 2.06808 
1.09873 0.198874 0.148807 2.07018 
1.09893 0.197131 0.154768 2.07077 
1.09807 0.198945 0.153009 2.06856 
1.09456 0.205595 0.168205 2.06265 
1.09659 0.2017 0.160452 2.06621 
1.09639 0.198441 0.16889 2.06657 
1.0957 0.201381 0.165881 2.06476 
1.09898 0.197217 0.1486 2.07029 
1.09973 0.196849 0.14962 2.07156 
1.09892 0.196542 0.152379 2.0705 
1.09963 0.197114 0.150219 2.0718 
1.09799 0.188598 0.17096 2.06911 
1.10203 0.180443 0.162533 2.07577 
1.09982 0.180305 0.17351 2.07271 
1.1 0.18229 0.168471 2.07255 
1.09419 0.193508 0.193037 2.06368 
1.09666 0.193282 0.177125 2.06726 
1.09699 0.183371 0.181846 2.06895 
1.0955 0.18996 0.184123 2.06528 
1.09671 0.208336 0.151652 2.06619 
1.09852 0.201045 0.147544 2.06981 
1.09761 0.203325 0.154443 2.06797 
1.09761 0.203712 0.151155 2.06792 
1.09605 0.209776 0.157786 2.0663 
1.09572 0.204102 0.160522 2.06488 
1.09478 0.212163 0.163169 2.06369 
1.09567 0.208926 0.160697 2.06573 
1.09945 0.204324 0.147695 2.07201 
1.10009 0.19965 0.148591 2.07231 
1.09925 0.20205 0.14974 2.0713 
1.09939 0.202012 0.148637 2.07125 
1.10481 0.198823 0.11482 2.08107 
1.10495 0.191782 0.12714 2.0811 
1.10284 0.202305 0.129117 2.07777 
1.10384 0.197819 0.123803 2.07905 
1.10637 0.204221 0.0807293 2.08312 
1.10891 0.188652 0.085868 2.08702 
1.10586 0.198474 0.0972927 2.08208 
1.10734 0.196684 0.0878323 2.08484 
1.11095 0.168163 0.114366 2.09012 
1.11355 0.152519 0.10633 2.09459 
1.11033 0.156315 0.125105 2.08849 
1.11186 0.158457 0.116835 2.09176 
1.10059 0.197876 0.146019 2.07325 
1.10007 0.198896 0.148322 2.07208 
1.09964 0.203253 0.146255 2.07196 
1.10044 0.200115 0.146868 2.0734 
1.10438 0.18236 0.149033 2.0786 
1.10281 0.190763 0.144699 2.077 
1.10522 0.185198 0.138367 2.08101 
1.10369 0.185978 0.143863 2.07727 
1.09852 0.19563 0.158241 2.0697 
1.09728 0.196392 0.165429 2.06801 
1.09747 0.198592 0.158501 2.06783 
1.09797 0.197391 0.160633 2.0692 
1.1093 0.15109 0.139644 2.08699 
1.11067 0.135598 0.143316 2.08982 
1.10736 0.14528 0.156359 2.08443 
1.10964 0.144081 0.146678 2.08841 
1.09552 0.197429 0.175533 2.06507 
1.0924 0.200451 0.191609 2.05997 
1.09345 0.206068 0.1755 2.06095 
1.09404 0.201957 0.180125 2.06262 
1.10305 0.160334 0.168459 2.07792 
1.10096 0.172792 0.175169 2.07389 
1.10271 0.17475 0.16241 2.07667 
1.1029 0.169498 0.168611 2.07765 
1.10338 0.153324 0.177457 2.07967 
1.10013 0.15672 0.197277 2.07401 
1.10039 0.169545 0.184142 2.07354 
1.10072 0.160085 0.185919 2.0732 
1.102 0.201 0.134811 2.07593 
1.10404 0.191225 0.134544 2.07893 
1.10196 0.194581 0.141293 2.07543 
1.10294 0.195814 0.137126 2.07772 
1.09882 0.215209 0.142722 2.07005 
1.1003 0.209025 0.137587 2.07289 
1.09918 0.208709 0.143786 2.0711 
1.0998 0.211295 0.141564 2.07217 
1.0977 0.211265 0.151846 2.0684 
1.09848 0.215869 0.146452 2.06949 
1.09886 0.209476 0.147136 2.07061 
1.09821 0.212212 0.148517 2.06904 
1.09655 0.228008 0.134935 2.06787 
1.09895 0.221681 0.127875 2.0713 
1.09777 0.221469 0.139331 2.06916 
1.09783 0.223803 0.13429 2.06976 
1.10096 0.217556 0.114306 2.07414 
1.10113 0.225101 0.0995206 2.07449 
1.10347 0.210019 0.105406 2.0785 
1.10202 0.217335 0.105916 2.07594 
1.0989 0.217279 0.138935 2.07081 
1.10009 0.217066 0.127403 2.07306 
1.10081 0.210654 0.133001 2.07411 
1.09978 0.215051 0.133094 2.07218 
1.09466 0.234898 0.13261 2.06468 
1.09276 0.244438 0.134068 2.06158 
1.09553 0.237782 0.124203 2.06638 
1.09445 0.238668 0.130221 2.06456 
1.11267 0.169035 0.0819616 2.09297 
1.11528 0.155754 0.0678948 2.09848 
1.11493 0.152679 0.0881178 2.0974 
1.11391 0.159067 0.079305 2.09514 
1.10201 0.22411 0.0924363 2.07602 
1.10466 0.213417 0.0832657 2.08047 
1.10462 0.207922 0.0972788 2.08037 
1.10368 0.215152 0.0909535 2.07867 
1.11181 0.179468 0.0581721 2.0914 
1.11368 0.164115 0.0605147 2.09516 
1.1118 0.174872 0.0749602 2.09135 
1.11294 0.172629 0.0646785 2.09371 
1.12706 0.0629547 0.0566968 2.11633 
1.12595 0.0414224 0.0852382 2.11543 
1.12369 0.0807041 0.0822007 2.11165 
1.12419 0.0633379 0.0747084 2.11112 
1.12694 -0.0218812 0.0340733 2.11561 
1.12485 -0.0825554 0.0787407 2.11437 
1.12595 -0.00200984 0.0945935 2.11595 
1.12599 -0.0327584 0.0857811 2.11593 
1.11296 -0.0358369 0.192631 2.09554 
1.11019 -0.111514 0.154457 2.08711 
1.10024 -0.121889 0.193558 2.07104 
1.10798 -0.0903335 0.185052 2.08557 
1.1007 0.193874 0.149458 2.07133 
1.09986 0.195287 0.153075 2.0697 
1.09913 0.199063 0.151118 2.0702 
1.10004 0.19561 0.150662 2.07002 
1.08668 0.281598 0.115533 2.05335 
1.08663 0.277151 0.128996 2.05283 
1.08377 0.287735 0.126076 2.04862 
1.08558 0.28201 0.1235 2.05133 
1.10356 0.205607 0.113456 2.07883 
1.10178 0.207282 0.127414 2.07568 
1.10124 0.214457 0.121068 2.07492 
1.10227 0.208974 0.121269 2.07669 
1.08964 0.248973 0.157639 2.05733 
1.0885 0.249816 0.163697 2.05502 
1.08755 0.255218 0.157691 2.05295 
1.08854 0.251264 0.159338 2.055 
1.0902 0.249582 0.142803 2.0574 
1.08954 0.248907 0.152266 2.0563 
1.08774 0.256094 0.153078 2.05326 
1.0895 0.25183 0.149572 2.05674 
1.09201 0.244831 0.142031 2.06098 
1.09242 0.238228 0.149192 2.06164 
1.09126 0.244258 0.150862 2.0603 
1.09172 0.242641 0.147454 2.06058 
1.09673 0.223977 0.143601 2.06777 
1.09438 0.230967 0.147194 2.06456 
1.09541 0.230534 0.140169 2.06629 
1.09543 0.228461 0.143491 2.06607 
1.09404 0.226058 0.157022 2.06337 
1.09162 0.231864 0.161776 2.05986 
1.09303 0.232109 0.15446 2.06237 
1.09303 0.229913 0.157727 2.0624 
1.09672 0.22264 0.147313 2.06736 
1.09522 0.223899 0.153221 2.0649 
1.09448 0.229567 0.150667 2.06455 
1.0955 0.225564 0.150545 2.06572 
1.09765 0.218434 0.148029 2.06816 
1.09711 0.213431 0.153627 2.06715 
1.09635 0.219375 0.153858 2.06598 
1.09717 0.217053 0.151961 2.06703 
1.10139 0.198442 0.142809 2.07536 
1.09996 0.204978 0.143861 2.07299 
1.1013 0.204235 0.137794 2.07513 
1.10052 0.202607 0.141307 2.07359 
1.09831 0.203935 0.15102 2.0698 
1.09739 0.208238 0.152769 2.06845 
1.09853 0.206832 0.148546 2.07041 
1.09814 0.206507 0.150914 2.06997 
1.10035 0.194507 0.148091 2.071 
1.09936 0.199354 0.14999 2.07077 
1.0998 0.197925 0.148873 2.07143 
1.09989 0.197455 0.149033 2.07155 
1.0982 0.198382 0.153821 2.0684 
1.09697 0.206444 0.154589 2.0681 
1.09838 0.20188 0.152246 2.06971 
1.09782 0.202251 0.153625 2.06875 
1.09755 0.198264 0.156057 2.06797 
1.09645 0.201159 0.159294 2.06651 
1.09673 0.206592 0.156314 2.0678 
1.09668 0.201708 0.156824 2.06667 
1.09594 0.20294 0.162552 2.06518 
1.09533 0.203761 0.168652 2.06333 
1.09438 0.2114 0.166226 2.06286 
1.09462 0.204959 0.165091 2.06216 
1.0886 0.227347 0.18168 2.05395 
1.08825 0.217341 0.185263 2.05083 
1.08395 0.231556 0.191798 2.04491 
1.08765 0.225819 0.186289 2.05201 
1.09645 0.212724 0.156707 2.06624 
1.09492 0.215783 0.161935 2.06372 
1.09564 0.218504 0.157358 2.06448 
1.09577 0.215678 0.158626 2.06482 
1.09366 0.206849 0.177006 2.05884 
1.09156 0.213044 0.183686 2.05584 
1.09054 0.221599 0.177973 2.05617 
1.09176 0.212209 0.177717 2.05617 
1.11564 0.135698 0.104822 2.09851 
1.11613 0.124683 0.112529 2.09881 
1.11388 0.127049 0.12414 2.0952 
1.11522 0.129031 0.114403 2.09767 
1.11116 0.169424 0.105449 2.09013 
1.11141 0.172088 0.090217 2.09047 
1.11358 0.157447 0.0968138 2.09443 
1.11241 0.166098 0.0972935 2.09229 
1.10711 0.178798 0.128454 2.08357 
1.10951 0.174025 0.119875 2.08798 
1.10954 0.164941 0.128754 2.08781 
1.10846 0.172421 0.124843 2.08544 
1.10638 0.193558 0.10308 2.08333 
1.10993 0.181419 0.0922699 2.08872 
1.1094 0.178648 0.104645 2.08754 
1.10844 0.184644 0.0995867 2.08628 
1.12258 0.115816 -0.0030579 2.10843 
1.12036 0.13725 -0.000805846 2.10546 
1.12174 0.129609 -0.0272349 2.10875 
1.12154 0.126891 -0.00982878 2.1068 
1.12576 0.0703114 0.0190466 2.11338 
1.12488 0.093319 0.00417355 2.11177 
1.12645 0.0767887 -0.0142491 2.11533 
1.12636 0.0787509 0.00305804 2.11526 
1.12102 0.120775 0.0357942 2.10602 
1.121 0.137839 0.0105945 2.10753 
1.1235 0.115651 0.0126412 2.11061 
1.12199 0.124231 0.0177967 2.10876 
1.11662 0.132693 0.0905013 2.09923 
1.12077 0.118811 0.0661691 2.10609 
1.12059 0.106329 0.0810297 2.10499 
1.11903 0.1195 0.0796167 2.10258 
1.11824 0.146006 0.047999 2.10235 
1.12056 0.141873 0.018404 2.1053 
1.12093 0.129685 0.0439594 2.10575 
1.11955 0.138932 0.0374143 2.10257 
1.11448 0.168326 0.0190393 2.09619 
1.11926 0.153368 0.0147786 2.10151 
1.11629 0.154567 0.0412266 2.09873 
1.11797 0.158602 0.0249287 2.10133 
1.10783 0.205463 0.0393463 2.08576 
1.11148 0.186033 0.0287641 2.09072 
1.11063 0.190738 0.0450452 2.08973 
1.11072 0.194239 0.0382486 2.0905 
1.11077 0.196896 -0.00348787 2.08961 
1.11325 0.184802 -0.0247558 2.09389 
1.11297 0.180776 0.00326882 2.09305 
1.11313 0.185998 -0.00806162 2.09464 
1.11086 0.149613 0.1296 2.08995 
1.11447 0.14146 0.110018 2.09687 
1.11254 0.134193 0.129444 2.09354 
1.11203 0.141586 0.12315 2.09166 
1.10589 0.179373 0.135623 2.08062 
1.10762 0.166424 0.138482 2.08418 
1.10424 0.175598 0.149281 2.07831 
1.10642 0.173623 0.141705 2.08271 
1.10603 0.185951 0.123532 2.08216 
1.1061 0.194377 0.110463 2.08309 
1.10841 0.181746 0.114566 2.08635 
1.107 0.187551 0.116621 2.08438 
1.11662 0.14552 0.06167 2.09945 
1.11944 0.129612 0.0613572 2.10353 
1.11598 0.139794 0.0851903 2.09816 
1.11792 0.137771 0.0693699 2.10221 
1.10827 0.159259 0.144223 2.08638 
1.10592 0.155738 0.159379 2.08285 
1.10466 0.171237 0.15566 2.07978 
1.10561 0.16209 0.153174 2.08139 
1.12127 0.0963469 0.100599 2.106 
1.1195 0.0865832 0.121594 2.10252 
1.11861 0.11133 0.111023 2.10246 
1.11935 0.0991266 0.11188 2.10251 
1.11621 0.0889282 0.145951 2.09742 
1.11153 0.0988021 0.169221 2.09008 
1.11289 0.115251 0.144076 2.09285 
1.11394 0.100518 0.153372 2.09451 
1.11666 0.115977 0.119557 2.09921 
1.11688 0.0928496 0.130399 2.09851 
1.1143 0.117525 0.131387 2.09566 
1.11618 0.109221 0.126127 2.09833 
1.12144 0.00150843 0.112266 2.10611 
1.11818 -0.0760159 0.140839 2.10441 
1.11259 -0.00953072 0.167585 2.09186 
1.12179 -0.0236751 0.135496 2.11018 
1.08919 0.230025 0.17475 2.05572 
1.08807 0.237637 0.174779 2.05372 
1.09003 0.233203 0.169509 2.05696 
1.08889 0.233397 0.172719 2.05483 
1.09273 0.220241 0.167699 2.06045 
1.09046 0.225156 0.172953 2.05715 
1.09104 0.228963 0.167539 2.05833 
1.0915 0.224594 0.169456 2.05889 
1.08327 0.247078 0.184266 2.04784 
1.08655 0.247645 0.172052 2.04995 
1.08666 0.243186 0.176722 2.05097 
1.08421 0.245647 0.176764 2.04628 
1.08717 0.247185 0.175154 2.05137 
1.08797 0.248499 0.175469 2.05337 
1.08687 0.25047 0.173974 2.0513 
1.08709 0.249901 0.174689 2.05118 
1.12174 0.0830034 0.0981647 2.10658 
1.12223 0.0447054 0.106785 2.10731 
1.11963 0.0713306 0.121162 2.10247 
1.12277 0.0677027 0.10941 2.10914 
1.11644 0.132728 0.098705 2.09959 
1.11989 0.10722 0.0935158 2.10372 
1.11723 0.119343 0.103794 2.09991 
1.11832 0.119512 0.0977562 2.10196 
1.12635 0.0479198 0.0433495 2.11362 
1.12748 0.00550221 0.0281771 2.11657 
1.12489 0.0164417 0.0764542 2.11201 
1.1287 0.0203824 0.0479402 2.12029 
1.12211 0.107253 0.0544089 2.10715 
1.12419 0.077804 0.0492377 2.1105 
1.12164 0.0913834 0.0709961 2.10642 
1.12389 0.0913301 0.0580323 2.11151 
1.12306 0.109444 0.0442007 2.10978 
1.12444 0.101334 0.0179529 2.11158 
1.1258 0.0803555 0.0335023 2.11428 
1.12396 0.097491 0.0326737 2.11005 
1.12682 0.0587818 -0.0174301 2.11521 
1.12739 0.0185922 0.00298842 2.11649 
1.12804 0.0559687 0.0234968 2.11829 
1.12773 0.0457577 0.00537855 2.11745 
1.07862 0.296609 0.147115 2.03983 
1.08126 0.292531 0.135884 2.04438 
1.08136 0.288142 0.148266 2.04411 
1.08029 0.292157 0.143598 2.04242 
1.10787 0.212134 -0.0103892 2.0849 
1.10457 0.228546 -0.0148122 2.0803 
1.10685 0.221231 -0.0277049 2.08343 
1.10686 0.220214 -0.0180237 2.08405 
1.10187 0.241547 -0.0138573 2.07596 
1.10005 0.250444 -0.00760485 2.07332 
1.10069 0.249524 -0.022661 2.07364 
1.10055 0.247136 -0.0143294 2.07417 
1.10471 0.229361 -0.0318164 2.07884 
1.10303 0.236126 -0.0192095 2.07803 
1.10158 0.244451 -0.028778 2.07354 
1.10354 0.237289 -0.0264898 2.07795 
1.10781 0.215241 -0.00117223 2.08524 
1.10437 0.229569 0.00788791 2.07978 
1.10482 0.229728 -0.00628279 2.08019 
1.10542 0.2251 0.000339936 2.08047 
1.1113 0.192901 -0.0347964 2.08961 
1.11033 0.203544 -0.0123678 2.08964 
1.10767 0.212571 -0.0330605 2.08335 
1.11024 0.20403 -0.0262217 2.08896 
1.1019 0.239505 0.0207533 2.07608 
1.10156 0.244209 0.0339786 2.07467 
1.0998 0.253044 0.0249823 2.07173 
1.1015 0.245788 0.0265144 2.07523 
1.10663 0.208124 0.0662327 2.08338 
1.10786 0.20948 0.0486851 2.08489 
1.1096 0.197391 0.0554359 2.088 
1.10773 0.204712 0.0565911 2.08496 
1.11031 0.185593 0.0764295 2.08937 
1.10724 0.202636 0.0724428 2.08444 
1.11022 0.189718 0.0625202 2.08892 
1.10924 0.192923 0.0704018 2.08746 
1.10114 0.231147 0.086558 2.0746 
1.10108 0.237694 0.0725537 2.07471 
1.10356 0.222045 0.076751 2.07879 
1.10197 0.23002 0.0783256 2.07605 
1.09669 0.25707 0.0840899 2.06811 
1.09929 0.246364 0.074835 2.07199 
1.09949 0.240253 0.0877728 2.07214 
1.09844 0.247881 0.0823737 2.07056 
1.08864 0.284938 0.0878853 2.05637 
1.09224 0.27236 0.0892264 2.06129 
1.08873 0.280473 0.0998132 2.05635 
1.09018 0.2792 0.092158 2.05865 
1.08967 0.284512 0.0806996 2.05802 
1.09246 0.278354 0.0686976 2.062 
1.09343 0.271452 0.0809333 2.06328 
1.09171 0.278005 0.0769571 2.06057 
1.0963 0.267669 0.00694909 2.06692 
1.09592 0.266946 -0.00384585 2.06643 
1.09767 0.259452 -0.000822928 2.06918 
1.09625 0.264411 0.000780659 2.06671 
1.08649 0.246268 0.166609 2.04907 
1.07948 0.254806 0.185539 2.03798 
1.07798 0.268803 0.150453 2.03348 
1.08588 0.261777 0.1653 2.0539 
1.11219 0.189733 0.0178089 2.09231 
1.10798 0.207608 0.0323744 2.08604 
1.10964 0.202487 0.00979576 2.08796 
1.10943 0.200755 0.0206478 2.08736 
1.11437 0.173841 0.0279522 2.09758 
1.11498 0.163024 0.0482606 2.09812 
1.11254 0.179543 0.0472182 2.09309 
1.11304 0.171036 0.0408774 2.09401 
1.11825 0.139308 -0.0353923 2.10117 
1.11805 0.147916 -0.0111046 2.1021 
1.11496 0.165311 -0.0379609 2.09621 
1.11844 0.153301 -0.0292291 2.10382 
1.12118 0.117033 -0.0345725 2.10611 
1.12369 0.0885177 -0.0276487 2.1101 
1.12439 0.103707 -0.00830482 2.11132 
1.12403 0.104751 -0.0239217 2.11131 
1.08235 0.307567 0.0843457 2.04587 
1.08494 0.297596 0.0871822 2.05105 
1.08166 0.305436 0.0980629 2.04465 
1.08354 0.303513 0.0897841 2.04846 
1.08934 0.293683 0.0481477 2.05757 
1.09101 0.28587 0.0575361 2.06001 
1.08808 0.295991 0.0578588 2.05569 
1.08917 0.29168 0.0544075 2.05714 
1.09556 0.258741 0.0914375 2.06623 
1.0983 0.242808 0.0959863 2.07034 
1.09486 0.255384 0.105682 2.06519 
1.09637 0.252686 0.0975358 2.06749 
1.08954 0.275631 0.105106 2.05744 
1.09359 0.266485 0.0941037 2.06351 
1.09271 0.263904 0.107731 2.06211 
1.09193 0.268671 0.10239 2.06088 
1.09773 0.257876 0.0479783 2.06924 
1.10018 0.245815 0.0454221 2.07353 
1.09962 0.246566 0.0585894 2.07275 
1.09936 0.250071 0.0504118 2.07252 
1.09267 0.281686 0.0201603 2.06173 
1.09422 0.274045 0.0169256 2.0641 
1.09336 0.278891 0.0286569 2.06227 
1.09366 0.278034 0.0220974 2.06331 
1.08898 0.295542 0.0158548 2.05562 
1.09058 0.289447 0.0187655 2.05846 
1.08875 0.295807 0.0231535 2.05572 
1.08926 0.293629 0.0194687 2.0562 
1.09263 0.280934 0.00567428 2.06113 
1.09429 0.275091 0.0108644 2.064 
1.09261 0.282137 0.0147178 2.06133 
1.09303 0.279135 0.0104624 2.06156 
1.10546 0.219473 0.0515168 2.08113 
1.10478 0.21817 0.0673679 2.08056 
1.1016 0.236269 0.0641645 2.07554 
1.10407 0.224841 0.0608085 2.07981 
1.11598 0.17255 -0.0282018 2.09823 
1.11834 0.157284 -0.00269152 2.10152 
1.11573 0.171933 0.00537874 2.09786 
1.11649 0.166991 -0.00749485 2.09801 
1.0955 0.269781 0.0177006 2.06615 
1.0966 0.264641 0.0234072 2.06809 
1.09443 0.275288 0.0300396 2.06433 
1.09516 0.269747 0.0236228 2.06581 
1.09643 0.264489 0.0521124 2.06789 
1.09827 0.254784 0.0613796 2.07072 
1.09437 0.272355 0.0597722 2.06488 
1.09624 0.264154 0.0575609 2.06761 
1.09648 0.23989 0.112672 2.06716 
1.09516 0.250864 0.110726 2.06552 
1.09811 0.238011 0.101472 2.06956 
1.09701 0.242875 0.108651 2.06837 
1.09966 0.222979 0.115628 2.07212 
1.098 0.233161 0.114108 2.07034 
1.10013 0.230291 0.101159 2.07371 
1.09897 0.228064 0.11085 2.07106 
1.0987 0.223823 0.122745 2.07078 
1.09643 0.229856 0.129694 2.06763 
1.09685 0.232291 0.120941 2.06817 
1.09748 0.228555 0.124275 2.06921 
1.08655 0.271068 0.14102 2.05208 
1.08591 0.265857 0.151583 2.05037 
1.08379 0.276869 0.150283 2.04735 
1.08546 0.271234 0.147718 2.04998 
1.09525 0.242922 0.120279 2.06565 
1.09274 0.248288 0.130121 2.06149 
1.09382 0.253094 0.117851 2.06349 
1.09407 0.247701 0.122802 2.06372 
1.09463 0.234846 0.138345 2.06539 
1.09335 0.235647 0.14597 2.06319 
1.09254 0.243267 0.138879 2.06158 
1.09355 0.237786 0.14078 2.06349 
1.0826 0.294365 0.121239 2.04697 
1.08215 0.302878 0.109397 2.04654 
1.08564 0.289091 0.111055 2.05216 
1.08333 0.295142 0.113552 2.04842 
1.08587 0.277398 0.136574 2.05145 
1.08313 0.282872 0.145645 2.04676 
1.08289 0.288068 0.133067 2.04692 
1.08402 0.28286 0.138369 2.04853 
1.09154 0.265322 0.11593 2.06043 
1.08852 0.270937 0.12658 2.05564 
1.0886 0.276727 0.112671 2.05622 
1.08965 0.271023 0.118315 2.05768 
1.09223 0.258865 0.120834 2.06122 
1.09121 0.254028 0.132534 2.0591 
1.08914 0.265514 0.131504 2.05636 
1.09088 0.25946 0.128441 2.05894 
1.07685 0.311721 0.127672 2.03773 
1.0801 0.306965 0.113531 2.04306 
1.08054 0.300765 0.125431 2.04385 
1.07911 0.306704 0.122138 2.04144 
1.09879 0.256046 -0.0211336 2.0706 
1.09804 0.255999 -0.00733726 2.0703 
1.09631 0.265118 -0.0100327 2.06717 
1.09819 0.258884 -0.013072 2.07026 
1.10053 0.174644 0.156832 2.07545 
1.09813 0.258049 0.0846658 2.06625 
1.10956 0.204597 0.0691104 2.08345 
1.10427 0.230841 0.0977009 2.07957 
1.0843 0.207142 0.217484 2.04581 
1.07653 0.224486 0.241031 2.03594 
1.08127 0.227125 0.216544 2.04217 
1.08353 0.219673 0.228304 2.04896 
1.092 0.228333 0.163959 2.06008 
1.09442 0.222602 0.159133 2.06322 
1.09373 0.21976 0.164002 2.06185 
1.09337 0.223528 0.162237 2.06165 
1.09371 0.207342 0.172005 2.0597 
1.09116 0.221389 0.175221 2.0574 
1.09339 0.215923 0.169044 2.06108 
1.09275 0.215904 0.172445 2.05966 
1.08917 0.244283 0.165135 2.05595 
1.09003 0.244578 0.159348 2.05758 
1.09083 0.237891 0.163908 2.05878 
1.08974 0.242292 0.162282 2.05692 
1.08825 0.24337 0.173648 2.05351 
1.08852 0.243222 0.167516 2.05423 
1.09009 0.237963 0.16829 2.05703 
1.08937 0.24193 0.169839 2.05577 
1.08374 0.239465 0.189489 2.04758 
1.08609 0.238629 0.177547 2.04941 
1.0878 0.23083 0.17997 2.05354 
1.08626 0.235878 0.181998 2.05133 
1.08664 0.250916 0.171701 2.05054 
1.08808 0.247051 0.168587 2.05353 
1.08804 0.246624 0.174133 2.05333 
1.08765 0.247488 0.171196 2.05253 
1.08284 0.254451 0.184135 2.04522 
1.08483 0.25255 0.176477 2.04798 
1.08646 0.247491 0.179465 2.0504 
1.08565 0.25074 0.180046 2.04953 
1.0817 0.262929 0.182882 2.04455 
1.08145 0.268501 0.174317 2.04327 
1.08425 0.259093 0.176022 2.0483 
1.08239 0.263853 0.177747 2.04511 
1.09148 0.235863 0.161845 2.06021 
1.09099 0.242068 0.156584 2.05922 
1.09266 0.23591 0.154443 2.06227 
1.0916 0.23776 0.157614 2.06016 
1.07706 0.298193 0.154315 2.03698 
1.07994 0.289231 0.15594 2.04151 
1.07564 0.297787 0.165507 2.03443 
1.07782 0.295185 0.158709 2.03829 
1.06485 0.315962 0.187828 2.01662 
1.06671 0.31951 0.178903 2.02037 
1.07061 0.306785 0.177161 2.02613 
1.06772 0.313717 0.181568 2.02172 
1.07644 0.311292 0.134995 2.0374 
1.07978 0.299352 0.133151 2.04231 
1.07738 0.302829 0.143282 2.0382 
1.07792 0.304517 0.137481 2.03948 
1.07992 0.323589 0.00760734 2.04113 
1.08082 0.320751 0.00621852 2.04259 
1.08106 0.320249 0.00968032 2.04286 
1.08062 0.321557 0.00777656 2.04229 
1.07803 0.330109 0.00555336 2.03755 
1.07875 0.327155 0.00733616 2.03924 
1.07817 0.329229 0.00869327 2.03832 
1.07822 0.328808 0.00722217 2.03837 
1.07982 0.325248 0.00299583 2.04039 
1.08049 0.321948 0.00446724 2.042 
1.07957 0.324663 0.00602752 2.04058 
1.07987 0.323923 0.00454698 2.04091 
1.09199 0.284257 -0.0171851 2.05888 
1.09366 0.2755 -0.0207448 2.06224 
1.09438 0.273316 -0.0136066 2.06338 
1.09398 0.279163 -0.0172531 2.06341 
1.08016 0.320768 0.0591526 2.04222 
1.07803 0.327593 0.0618417 2.03766 
1.07932 0.324876 0.0525518 2.04092 
1.07898 0.324226 0.0576934 2.03987 
1.08628 0.29614 0.0790541 2.0533 
1.08333 0.307129 0.0769331 2.04801 
1.08609 0.300271 0.0677865 2.05281 
1.08504 0.301194 0.0745291 2.05102 
1.09783 0.255078 0.0688913 2.06987 
1.09529 0.264098 0.078699 2.06584 
1.09438 0.272323 0.0656199 2.06492 
1.09592 0.264224 0.0707342 2.06714 
1.08583 0.288692 0.103653 2.05204 
1.08206 0.302537 0.103137 2.04626 
1.08635 0.2918 0.0915982 2.05369 
1.08467 0.294021 0.0994572 2.05065 
1.0779 0.32388 0.0830266 2.03678 
1.07793 0.326443 0.07089 2.03722 
1.08031 0.316652 0.0777707 2.04173 
1.07877 0.322302 0.0766855 2.03842 
1.07486 0.325072 0.108895 2.03222 
1.07695 0.323417 0.0954203 2.03536 
1.07863 0.314571 0.103834 2.03927 
1.07683 0.320909 0.102454 2.0355 
1.07546 0.316876 0.124455 2.0349 
1.07427 0.323769 0.115759 2.0317 
1.0784 0.312692 0.111597 2.03935 
1.07622 0.317574 0.117519 2.03575 
1.06434 0.3548 0.114605 2.01372 
1.06315 0.361957 0.104695 2.01117 
1.06699 0.351387 0.102078 2.01763 
1.06504 0.355657 0.107322 2.01466 
1.06741 0.35324 0.092586 2.01821 
1.06365 0.362848 0.0963915 2.0119 
1.06608 0.360146 0.0787369 2.01581 
1.06576 0.3589 0.0890309 2.01522 
1.07471 0.334121 0.0877712 2.03122 
1.07093 0.344384 0.0920934 2.02482 
1.07237 0.343316 0.0804494 2.02722 
1.07254 0.340963 0.0866801 2.02741 
1.07049 0.338231 0.113235 2.02468 
1.06591 0.350348 0.117916 2.01683 
1.06914 0.346364 0.103617 2.02211 
1.06857 0.345142 0.111507 2.02155 
1.07301 0.322414 0.129955 2.03099 
1.06915 0.331544 0.133112 2.0241 
1.0724 0.328025 0.12108 2.0288 
1.07149 0.326747 0.12768 2.02775 
1.05475 0.377055 0.122099 1.99706 
1.05369 0.384479 0.112636 1.99625 
1.05871 0.3725 0.109107 2.0037 
1.05593 0.377702 0.115223 1.99944 
1.07986 0.324653 0.0130267 2.0411 
1.07976 0.324432 0.00924158 2.04087 
1.08084 0.321341 0.0113491 2.04257 
1.08011 0.3234 0.0112016 2.04134 
1.1019 0.241573 0.0130205 2.07607 
1.09954 0.254738 0.018452 2.07196 
1.10026 0.250903 0.00538277 2.07325 
1.09996 0.249135 0.0123029 2.07292 
1.10612 0.215031 0.0297901 2.08308 
1.10437 0.226274 0.0158907 2.08037 
1.10806 0.210993 0.00859364 2.08497 
1.10706 0.217285 0.0178273 2.08436 
1.10528 0.222048 0.0354874 2.08154 
1.1031 0.237177 0.0371814 2.07753 
1.10401 0.231154 0.0229727 2.07986 
1.10398 0.229544 0.0319747 2.07919 
1.08553 0.310093 0.0274184 2.05063 
1.0855 0.308966 0.0213254 2.05017 
1.0872 0.303974 0.0254786 2.05311 
1.08595 0.307902 0.0245365 2.05089 
1.08125 0.321956 0.0333478 2.04485 
1.08182 0.320818 0.0282166 2.04531 
1.08339 0.315871 0.0304416 2.04783 
1.08204 0.319582 0.0306651 2.04567 
1.08097 0.32368 0.0237069 2.04388 
1.08 0.328261 0.021928 2.04216 
1.08135 0.323378 0.0199535 2.04366 
1.08066 0.325405 0.021742 2.04316 
1.10242 0.236677 0.00693707 2.07653 
1.10069 0.247393 -0.00100001 2.07317 
1.10287 0.237617 -0.00616595 2.07663 
1.10245 0.24018 9.15449e-05 2.07663 
1.09746 0.259917 0.0419535 2.06902 
1.0986 0.256691 0.0302759 2.07091 
1.09984 0.249161 0.0389316 2.07273 
1.09821 0.255009 0.0370943 2.07032 
1.10474 0.225408 0.0451711 2.0802 
1.10055 0.240129 0.0601313 2.07354 
1.10146 0.239089 0.0454799 2.07438 
1.10259 0.236184 0.0505143 2.07694 
1.09226 0.28391 0.0300607 2.06083 
1.08931 0.293527 0.0262551 2.0565 
1.09131 0.286189 0.0225023 2.05964 
1.09113 0.287864 0.0262606 2.05932 
1.09333 0.277931 0.0550008 2.06355 
1.09365 0.278258 0.041128 2.06371 
1.09515 0.270973 0.0471669 2.06613 
1.09393 0.275942 0.0475805 2.06439 
1.09192 0.282389 0.053404 2.0614 
1.08997 0.291424 0.0436578 2.05814 
1.09241 0.28359 0.0405315 2.06182 
1.09182 0.285673 0.0458214 2.06131 
1.0965 0.266237 0.0120298 2.06681 
1.09844 0.257131 0.00555582 2.06983 
1.09802 0.26037 0.0176168 2.06947 
1.09792 0.261067 0.0118264 2.06929 
1.09618 0.266218 0.0404933 2.06696 
1.09471 0.274747 0.0349939 2.06466 
1.09639 0.263052 0.0295042 2.06788 
1.09603 0.267577 0.03494 2.06694 
1.09574 0.267628 -0.0133228 2.06636 
1.09578 0.271824 -0.0214179 2.06626 
1.09795 0.260375 -0.0249127 2.06933 
1.09654 0.265636 -0.0184638 2.06707 
1.0929 0.278989 0.00114056 2.06168 
1.09451 0.271679 -0.00398869 2.06436 
1.09509 0.272533 0.00648687 2.06494 
1.09447 0.274484 0.00115166 2.06434 
1.09222 0.281704 -0.00330157 2.06072 
1.09142 0.285465 -0.0135158 2.05912 
1.09407 0.275179 -0.0093312 2.06351 
1.0922 0.280602 -0.00854367 2.06054 
1.08941 0.292718 0.00145535 2.05628 
1.09073 0.287172 0.00303061 2.05814 
1.08926 0.294353 0.00875823 2.05572 
1.08962 0.291205 0.00437762 2.05609 
1.08637 0.30317 0.00490264 2.05108 
1.08616 0.303491 0.000201202 2.05121 
1.08781 0.298267 -0.000191803 2.05375 
1.08661 0.301493 0.00199085 2.05151 
1.08544 0.308013 0.0156071 2.04966 
1.08629 0.304248 0.0099509 2.05075 
1.08743 0.300732 0.0125395 2.0527 
1.08639 0.304283 0.0126163 2.05093 
1.08394 0.311654 0.00778046 2.04739 
1.08373 0.311535 0.0036491 2.04719 
1.08532 0.307503 0.00609309 2.04955 
1.08431 0.309851 0.00579987 2.04786 
1.08757 0.299197 -0.00993412 2.05225 
1.08916 0.292922 -0.0128386 2.05486 
1.08859 0.295299 -0.00519778 2.05509 
1.08872 0.296113 -0.00917519 2.05483 
1.08928 0.292092 -0.00331159 2.05618 
1.09017 0.289891 -0.0110654 2.05736 
1.09079 0.285547 -0.00216868 2.05818 
1.09024 0.289019 -0.00553727 2.05769 
1.08549 0.305913 -0.00349148 2.05012 
1.08469 0.309309 -0.00577782 2.04794 
1.08597 0.304191 -0.00806191 2.04976 
1.08561 0.306822 -0.00578688 2.04994 
1.08814 0.297913 0.00950901 2.05371 
1.08664 0.301978 0.00703655 2.05117 
1.08814 0.296471 0.00232071 2.05402 
1.08774 0.298989 0.00618071 2.05322 
1.08374 0.311494 -5.38164e-05 2.0473 
1.08416 0.311331 -0.00371727 2.04762 
1.0848 0.307655 -0.00178657 2.04901 
1.08418 0.31002 -0.00181421 2.04793 
1.08544 0.30619 0.00466422 2.04973 
1.08406 0.310527 0.00195062 2.04784 
1.08516 0.306534 0.000298573 2.04957 
1.08502 0.307755 0.00235973 2.04941 
1.083 0.314182 0.00716234 2.04584 
1.08186 0.31774 0.00481521 2.04424 
1.08295 0.314135 0.00340671 2.04596 
1.08269 0.315382 0.00506712 2.04558 
1.08156 0.318722 0.00307305 2.04371 
1.08198 0.3188 -0.000235623 2.0439 
1.08269 0.31534 0.00149532 2.0456 
1.08203 0.317599 0.00148209 2.04436 
1.08313 0.31397 -0.00015597 2.04621 
1.08233 0.317123 -0.00201318 2.04391 
1.08338 0.313269 -0.00383968 2.04569 
1.08307 0.315171 -0.00193783 2.04575 
1.07929 0.326306 0.0127066 2.04012 
1.07859 0.328271 0.0103915 2.03894 
1.07914 0.326156 0.00912652 2.0398 
1.07906 0.326873 0.0107242 2.03973 
1.08019 0.323851 0.00133195 2.04028 
1.08123 0.320538 -0.00029745 2.04203 
1.08089 0.320906 0.00296766 2.04248 
1.08087 0.322146 0.00137162 2.04205 
1.07574 0.337119 0.00941387 2.03397 
1.07551 0.33802 0.00852632 2.03292 
1.0761 0.336235 0.00762581 2.03391 
1.07581 0.337201 0.00857549 2.03372 
1.07549 0.338861 0.0173816 2.03403 
1.07503 0.34149 0.0196693 2.03355 
1.0749 0.34013 0.0166846 2.03293 
1.07513 0.340025 0.0178229 2.03345 
1.07696 0.333514 0.01154 2.03624 
1.07734 0.332761 0.0141277 2.03685 
1.07649 0.335122 0.0132705 2.03544 
1.07698 0.333781 0.0129738 2.03629 
1.07645 0.337917 0.0199769 2.03595 
1.07557 0.341116 0.0202563 2.03464 
1.07584 0.338254 0.0181537 2.03478 
1.07593 0.339208 0.019386 2.03509 
1.07091 0.35082 0.0161875 2.02656 
1.07145 0.349765 0.016852 2.02731 
1.07098 0.35106 0.017293 2.02658 
1.07112 0.350518 0.0167865 2.0268 
1.07184 0.347808 0.0127269 2.02732 
1.07166 0.348577 0.0139435 2.02752 
1.07141 0.34906 0.0131078 2.02678 
1.07168 0.348455 0.0132919 2.02728 
1.07257 0.346323 0.0142011 2.02898 
1.07264 0.346435 0.0155446 2.02914 
1.07209 0.347684 0.0147138 2.02825 
1.07245 0.346818 0.0148107 2.02882 
1.07284 0.345206 0.0117727 2.02886 
1.07264 0.345923 0.0129761 2.02898 
1.07232 0.346507 0.012256 2.02804 
1.07265 0.345899 0.0123667 2.02873 
1.07391 0.344815 0.0195817 2.03187 
1.07447 0.344021 0.0207459 2.03293 
1.07362 0.346815 0.0216591 2.03193 
1.07401 0.345285 0.0206512 2.03226 
1.07286 0.347754 0.0198253 2.03041 
1.07349 0.345791 0.0193279 2.03125 
1.07323 0.347785 0.0213956 2.03133 
1.07319 0.347132 0.0201828 2.03101 
1.07304 0.345371 0.0163877 2.02998 
1.07344 0.343948 0.0156473 2.03051 
1.07352 0.344337 0.0173833 2.03093 
1.07336 0.344519 0.0164682 2.03054 
1.07458 0.344289 0.0220599 2.03334 
1.0739 0.345271 0.0247113 2.03312 
1.07365 0.346971 0.0228741 2.03223 
1.07409 0.345584 0.023209 2.03299 
1.07579 0.337196 0.014462 2.03428 
1.07572 0.337904 0.0162608 2.03419 
1.07507 0.339316 0.01559 2.03302 
1.07555 0.338187 0.0154297 2.03394 
1.07556 0.34035 0.0249509 2.03566 
1.07438 0.343705 0.0252705 2.03398 
1.07512 0.342646 0.0223968 2.03431 
1.07499 0.342198 0.0242208 2.03458 
1.07035 0.353574 0.0190947 2.02573 
1.07067 0.353533 0.0199978 2.02643 
1.07037 0.354323 0.0198663 2.02594 
1.0705 0.353802 0.0196347 2.0261 
0.97766 0.265639 0.455924 1.87664 
1.00163 0.210329 0.454067 1.91804 
0.937705 0.271235 0.503392 1.81151 
0.968467 0.245527 0.475988 1.86124 
1.06927 0.354908 0.022842 2.02398 
1.06953 0.354355 0.0226581 2.02444 
1.0694 0.354451 0.0233662 2.0242 
1.06939 0.354594 0.0229733 2.02422 
1.06898 0.355806 0.0228867 2.02338 
1.06907 0.355409 0.0229014 2.02353 
1.06908 0.355474 0.0233296 2.02365 
1.06904 0.355591 0.0230765 2.02354 
1.06894 0.355792 0.0225631 2.02315 
1.06902 0.355699 0.0220709 2.02314 
1.06909 0.355354 0.0225715 2.02342 
1.06899 0.355598 0.0223937 2.02316 
1.07449 0.340638 0.0117216 2.03225 
1.07407 0.342017 0.0120128 2.03155 
1.07427 0.341742 0.0107671 2.03148 
1.07425 0.341481 0.011491 2.03175 
1.07549 0.337852 0.010274 2.03372 
1.07499 0.339183 0.0112076 2.03302 
1.07525 0.338879 0.00946134 2.03293 
1.07522 0.338647 0.0103373 2.03322 
1.07563 0.337432 0.0111046 2.0341 
1.07576 0.337071 0.0126521 2.03433 
1.07512 0.338758 0.0119783 2.03334 
1.07552 0.337767 0.0118843 2.03398 
1.07067 0.353625 0.0266482 2.02791 
1.07126 0.352297 0.0243664 2.02879 
1.07144 0.351621 0.0264358 2.02925 
1.07111 0.352448 0.0256741 2.02867 
1.07044 0.353148 0.018691 2.02584 
1.07073 0.352141 0.0183626 2.02626 
1.07079 0.352943 0.0196426 2.02657 
1.07065 0.352691 0.0188997 2.0262 
1.06989 0.354714 0.0196769 2.025 
1.07015 0.353915 0.0191018 2.02539 
1.07022 0.35458 0.0197598 2.02561 
1.07011 0.354385 0.0194563 2.02537 
1.07012 0.353187 0.0172232 2.02519 
1.07058 0.352244 0.0177026 2.02592 
1.07029 0.353191 0.0181178 2.02547 
1.07034 0.352836 0.0176902 2.0255 
1.07192 0.347931 0.0140475 2.02796 
1.07212 0.3472 0.0128566 2.0279 
1.07242 0.346576 0.0135314 2.02869 
1.07213 0.347275 0.0134818 2.02816 
1.06843 0.360319 0.015238 2.02367 
1.06809 0.361441 0.0169093 2.02293 
1.06832 0.361484 0.0144763 2.02253 
1.06824 0.36103 0.0155222 2.02294 
1.06999 0.355959 0.0205573 2.02579 
1.06954 0.357659 0.0198746 2.02543 
1.0701 0.356332 0.0196598 2.02634 
1.06986 0.356715 0.0201433 2.02584 
1.06814 0.361353 0.0194043 2.02415 
1.06802 0.361504 0.0184752 2.0235 
1.06827 0.360827 0.0183589 2.02421 
1.06819 0.361285 0.0187447 2.02407 
1.06863 0.357332 0.0218827 2.02284 
1.06865 0.35736 0.022165 2.02291 
1.06865 0.358136 0.0218024 2.02313 
1.06868 0.357584 0.0219819 2.02304 
1.06902 0.356219 0.023216 2.02363 
1.06892 0.356458 0.0228328 2.02337 
1.06896 0.356163 0.0228298 2.02339 
1.06898 0.356295 0.0229962 2.02352 
1.06832 0.357729 0.0225609 2.02228 
1.06838 0.357858 0.0223029 2.02242 
1.06852 0.357504 0.0224206 2.02268 
1.0684 0.357686 0.0224567 2.02244 
1.06734 0.362763 0.0219114 2.0224 
1.06734 0.362518 0.0225077 2.02201 
1.0675 0.362618 0.0214457 2.0221 
1.06735 0.362612 0.0220252 2.02205 
1.06762 0.362586 0.0217216 2.02309 
1.0674 0.36286 0.021684 2.02284 
1.0677 0.36254 0.0211237 2.02352 
1.06756 0.362688 0.0215349 2.02316 
1.06755 0.362639 0.0220079 2.02293 
1.06739 0.362796 0.0224498 2.02283 
1.06733 0.362877 0.022028 2.02267 
1.06735 0.362878 0.022175 2.02279 
1.06984 0.355633 0.0268004 2.02636 
1.06952 0.356476 0.0273223 2.02545 
1.06918 0.357251 0.0254415 2.02554 
1.06951 0.356618 0.0265467 2.02575 
1.06773 0.363287 0.0232082 2.02118 
1.06757 0.362381 0.023297 2.02185 
1.06786 0.362046 0.0243854 2.02189 
1.06766 0.362511 0.0236743 2.02142 
1.06795 0.362233 0.0185228 2.02261 
1.06771 0.362683 0.0200425 2.02211 
1.0678 0.363417 0.0187167 2.02155 
1.06785 0.362671 0.0190817 2.02212 
1.06787 0.362029 0.0189542 2.02296 
1.06777 0.36235 0.0203173 2.0234 
1.06772 0.362483 0.020348 2.02254 
1.06781 0.362336 0.0198948 2.02304 
1.07112 0.351886 0.0318119 2.02719 
1.07052 0.353636 0.0283517 2.02731 
1.07134 0.351792 0.0283569 2.02894 
1.07101 0.352733 0.0295365 2.02805 
1.06973 0.35649 0.0444564 2.02283 
1.07151 0.35224 0.0375666 2.02661 
1.07217 0.350086 0.0416819 2.02739 
1.07114 0.353005 0.0411077 2.0255 
1.06923 0.357277 0.0270367 2.02487 
1.06865 0.358972 0.0257692 2.02437 
1.06887 0.358149 0.0252588 2.02511 
1.06892 0.358201 0.0260153 2.02481 
1.0701 0.357064 0.0330336 2.02465 
1.07006 0.35534 0.0297866 2.02544 
1.07082 0.353228 0.0325283 2.02635 
1.07017 0.354762 0.0314724 2.025 
1.06909 0.357824 0.0430032 2.02157 
1.0696 0.357845 0.0359915 2.02286 
1.07082 0.354224 0.0359623 2.02536 
1.07007 0.357008 0.0383092 2.02397 
1.06779 0.362253 0.0332946 2.01965 
1.06792 0.362937 0.0290999 2.02029 
1.06884 0.360297 0.0326883 2.02191 
1.06818 0.361862 0.0316531 2.02062 
1.06858 0.360906 0.0275435 2.02235 
1.06811 0.362846 0.0270752 2.021 
1.06827 0.361588 0.0258453 2.02212 
1.06836 0.361789 0.0267395 2.02181 
1.06878 0.356554 0.0191132 2.02323 
1.06873 0.356933 0.0187961 2.02258 
1.06874 0.356568 0.0183374 2.02255 
1.06881 0.35675 0.0188112 2.02289 
1.06878 0.35655 0.0194546 2.02328 
1.0687 0.35684 0.0198912 2.02316 
1.06874 0.356996 0.0191975 2.0228 
1.06869 0.356808 0.0195132 2.02312 
1.06955 0.35524 0.0195235 2.02434 
1.06909 0.355895 0.0192924 2.02372 
1.06929 0.355387 0.0187756 2.02397 
1.06933 0.355507 0.0191839 2.02406 
1.06957 0.355492 0.0198498 2.02446 
1.06938 0.356046 0.0202888 2.02424 
1.06914 0.35596 0.0196615 2.02382 
1.06937 0.355752 0.0199521 2.02411 
1.06985 0.353833 0.0173416 2.02475 
1.07007 0.353727 0.0182319 2.02507 
1.06953 0.354708 0.0180998 2.02427 
1.06983 0.354114 0.0178802 2.02471 
1.07014 0.355316 0.0202364 2.02566 
1.06988 0.356618 0.0210759 2.02553 
1.06988 0.355356 0.0201782 2.02514 
1.06996 0.355767 0.0204933 2.02542 
1.06869 0.357842 0.0210949 2.02309 
1.0686 0.358087 0.0213223 2.02288 
1.06856 0.357529 0.0209748 2.02271 
1.06862 0.357748 0.0211252 2.02285 
1.06968 0.353984 0.0165615 2.02438 
1.0692 0.354805 0.0164918 2.02316 
1.06956 0.353954 0.0157976 2.02376 
1.06953 0.354397 0.0163216 2.02395 
1.06955 0.357488 0.0212585 2.02513 
1.06921 0.358189 0.0215155 2.02463 
1.06937 0.35691 0.0208716 2.02453 
1.06939 0.357522 0.0211774 2.02479 
1.06877 0.356119 0.0178061 2.02261 
1.06888 0.355588 0.0172058 2.02276 
1.06905 0.355606 0.0180285 2.0235 
1.06895 0.355872 0.017737 2.0231 
1.06744 0.362785 0.0216004 2.0227 
1.06759 0.362592 0.0209887 2.02244 
1.06771 0.362561 0.0209057 2.02335 
1.06757 0.362654 0.0211562 2.02285 
1.04456 0.422478 0.0223341 1.98319 
1.0375 0.436013 0.0212729 1.97195 
1.04302 0.425611 0.0136407 1.98008 
1.04202 0.428719 0.0188255 1.97991 
1.06242 0.377323 0.0285335 2.00949 
1.06252 0.375945 0.0360858 2.00941 
1.05892 0.384296 0.0330632 2.00458 
1.0614 0.379037 0.0324414 2.00777 
1.0475 0.414254 0.0520399 1.98807 
1.04357 0.418586 0.0629855 1.98118 
1.04251 0.423909 0.0481981 1.9802 
1.04486 0.418547 0.0539647 1.98369 
1.05363 0.39953 0.0178904 1.99626 
1.05508 0.395446 0.0283741 1.99871 
1.04983 0.41002 0.0251966 1.99147 
1.05294 0.401495 0.0238918 1.99588 
1.04995 0.406133 0.0663619 1.99173 
1.04503 0.415834 0.0676359 1.98398 
1.04983 0.408601 0.0565282 1.99207 
1.04809 0.410235 0.0637584 1.98881 
1.0821 0.319035 0.0181291 2.04508 
1.08116 0.322185 0.00611742 2.04401 
1.08469 0.310842 0.0127198 2.04946 
1.08318 0.317326 0.0123955 2.04753 
1.07749 0.33293 0.0237179 2.03735 
1.0778 0.332468 0.0183387 2.03812 
1.0795 0.32699 0.0220916 2.04063 
1.07854 0.330863 0.021617 2.03943 
1.07555 0.340423 0.0168125 2.03492 
1.075 0.342572 0.0135228 2.03464 
1.0764 0.337436 0.0152184 2.03633 
1.07579 0.340198 0.0152049 2.03567 
1.07805 0.332312 0.000872887 2.03944 
1.0763 0.337939 0.00321229 2.0368 
1.07516 0.340561 -0.00300805 2.03455 
1.0766 0.337087 -3.27878e-05 2.03727 
1.02637 0.455333 -0.0424788 1.95393 
1.02777 0.452378 -0.0357062 1.95504 
1.02354 0.460167 -0.0357005 1.94881 
1.02608 0.456157 -0.0386677 1.95315 
1.02861 0.447546 -0.0614834 1.95853 
1.03259 0.438695 -0.0630842 1.9641 
1.03279 0.43998 -0.0539723 1.96383 
1.03125 0.442014 -0.059667 1.96182 
1.03094 0.43525 -0.095891 1.96391 
1.03317 0.43255 -0.0868494 1.96692 
1.02886 0.441073 -0.0919741 1.96077 
1.03115 0.436082 -0.0917648 1.9642 
1.03816 0.420501 -0.0906528 1.97454 
1.04096 0.41582 -0.0861251 1.97886 
1.03654 0.425196 -0.0843052 1.97168 
1.03873 0.420422 -0.087127 1.97541 
1.03271 0.431284 -0.0957863 1.96674 
1.03605 0.424697 -0.0936756 1.97162 
1.03465 0.428859 -0.0862039 1.96895 
1.03439 0.42834 -0.0918524 1.96879 
1.02709 0.448768 -0.106853 1.95971 
1.02916 0.438186 -0.100651 1.96143 
1.02686 0.444532 -0.0966792 1.95795 
1.02751 0.443207 -0.101457 1.95916 
1.03187 0.430934 -0.112588 1.96552 
1.03515 0.42385 -0.110952 1.97124 
1.03177 0.431594 -0.104063 1.96601 
1.03297 0.428791 -0.108823 1.96746 
1.05016 0.398456 -0.0794791 1.99348 
1.05222 0.395468 -0.0711646 1.99587 
1.04699 0.407203 -0.0734387 1.98775 
1.05008 0.400138 -0.0750214 1.99308 
1.0403 0.424571 -0.0549484 1.97541 
1.04268 0.420834 -0.0486135 1.97896 
1.03666 0.431877 -0.0500935 1.96901 
1.04002 0.425744 -0.0515065 1.9749 
1.03559 0.430521 -0.0697306 1.9688 
1.03631 0.427468 -0.0774321 1.97092 
1.04088 0.419694 -0.0735312 1.97771 
1.03755 0.426131 -0.0733894 1.97242 
1.03506 0.435293 -0.05293 1.9672 
1.03501 0.433579 -0.0616749 1.9674 
1.0383 0.428249 -0.0592168 1.97267 
1.03599 0.432638 -0.0577277 1.96884 
1.0305 0.441048 -0.0757139 1.96258 
1.03368 0.433352 -0.0782911 1.96724 
1.03335 0.435729 -0.0704771 1.96593 
1.0323 0.436746 -0.0750736 1.96486 
1.04492 0.417329 -0.0402496 1.98242 
1.04723 0.412731 -0.0327825 1.98544 
1.04174 0.42426 -0.0344893 1.97661 
1.045 0.418101 -0.0359898 1.98237 
1.04785 0.410028 -0.0557506 1.98824 
1.04548 0.415658 -0.0493649 1.98397 
1.0435 0.41857 -0.0564681 1.98095 
1.04544 0.414599 -0.0539332 1.98393 
1.05035 0.404525 -0.0535135 1.99212 
1.05305 0.398394 -0.0471006 1.99617 
1.04771 0.41097 -0.0474238 1.98749 
1.0506 0.404513 -0.0494501 1.99255 
1.06735 0.365858 0.00472851 2.01933 
1.06534 0.370754 0.00825004 2.01531 
1.06599 0.369174 0.00115522 2.01664 
1.0662 0.368734 0.00470495 2.01695 
1.06869 0.359322 0.0159102 2.02472 
1.06936 0.358036 0.0167934 2.02582 
1.0687 0.359622 0.0174427 2.02488 
1.06889 0.359065 0.0167132 2.02514 
1.0713 0.353823 0.00549123 2.0284 
1.0716 0.352797 0.00928569 2.02955 
1.07045 0.355768 0.00857959 2.02697 
1.07099 0.353991 0.00775545 2.02798 
1.07323 0.347284 0.0172096 2.03123 
1.0735 0.345504 0.0190743 2.03119 
1.07264 0.347647 0.0187428 2.02967 
1.07308 0.346821 0.0182838 2.03056 
1.07211 0.351458 0.012827 2.03061 
1.07278 0.349231 0.0151313 2.03104 
1.07174 0.351747 0.0153171 2.02939 
1.07219 0.350816 0.0143438 2.03032 
1.07453 0.344605 0.0140243 2.03411 
1.07503 0.342584 0.0166837 2.03431 
1.07392 0.346014 0.0157672 2.03276 
1.07444 0.344293 0.0153801 2.03353 
1.07259 0.350157 0.0119795 2.03148 
1.07384 0.346488 0.0127943 2.03319 
1.07331 0.34781 0.0145685 2.03197 
1.07332 0.348247 0.0131468 2.03244 
1.07687 0.336389 0.00618242 2.0377 
1.07882 0.330064 0.00483118 2.04065 
1.07749 0.333574 0.0115933 2.03812 
1.07774 0.333283 0.00788726 2.03885 
1.07385 0.346042 0.00703608 2.03317 
1.07496 0.342198 0.00645651 2.03477 
1.07445 0.344076 0.0100363 2.03407 
1.07448 0.344399 0.00815248 2.03425 
1.07391 0.3455 0.00419413 2.03304 
1.07453 0.343264 -0.00210877 2.0338 
1.0753 0.341207 0.00300464 2.03529 
1.0745 0.343198 0.00138667 2.03382 
1.06649 0.367068 0.0121157 2.01786 
1.0653 0.370077 0.0106963 2.01551 
1.06731 0.36554 0.00771641 2.01922 
1.06649 0.367571 0.00991787 2.0178 
1.06766 0.36438 0.0168477 2.02073 
1.06725 0.365381 0.0144879 2.01946 
1.06793 0.363616 0.0142924 2.02125 
1.06764 0.36453 0.0152395 2.02055 
1.06742 0.365234 0.0178877 2.02007 
1.06656 0.366726 0.0192081 2.01796 
1.06681 0.366495 0.015708 2.01857 
1.06694 0.366233 0.0175912 2.01891 
1.07377 0.343 0.0156511 2.03111 
1.07429 0.34153 0.0158416 2.03198 
1.07385 0.343435 0.0174535 2.03144 
1.07392 0.342538 0.0163936 2.03134 
1.07291 0.345476 0.014227 2.02955 
1.0733 0.3443 0.0148496 2.03025 
1.07294 0.345617 0.0156034 2.02967 
1.07305 0.345078 0.014897 2.02979 
1.07394 0.342296 0.0134005 2.03141 
1.07426 0.341273 0.0148345 2.03191 
1.07379 0.342762 0.0146496 2.03114 
1.07402 0.342035 0.0142451 2.03153 
1.07396 0.342377 0.0106096 2.03068 
1.07379 0.342844 0.0118937 2.03097 
1.07339 0.343757 0.0111815 2.02982 
1.07377 0.34308 0.0112704 2.03065 
1.07444 0.341064 0.0100512 2.0314 
1.07495 0.339564 0.00933461 2.03216 
1.07472 0.340048 0.0111098 2.03248 
1.07476 0.340328 0.0102126 2.0322 
1.0725 0.349067 0.0205453 2.03005 
1.07278 0.34901 0.0220939 2.03081 
1.0719 0.351196 0.0225035 2.02957 
1.07242 0.349847 0.0216644 2.03022 
1.07188 0.349039 0.0178197 2.02819 
1.07224 0.348735 0.0189157 2.02917 
1.07177 0.350084 0.0193204 2.02832 
1.07199 0.349153 0.0186467 2.0286 
1.07403 0.343492 0.0183968 2.03183 
1.07451 0.341188 0.0168646 2.0323 
1.07471 0.342576 0.0196143 2.03311 
1.07446 0.342421 0.0183091 2.0325 
1.07209 0.348363 0.0172477 2.02846 
1.07259 0.346921 0.0169528 2.02927 
1.07247 0.347969 0.0185414 2.02943 
1.0724 0.347693 0.0175698 2.02906 
1.07295 0.345145 0.0130368 2.02959 
1.07319 0.344495 0.0118282 2.02966 
1.07356 0.343498 0.0124827 2.03066 
1.07321 0.344408 0.012451 2.02996 
1.06784 0.362104 0.0221851 2.02307 
1.06752 0.362634 0.022468 2.023 
1.06768 0.362396 0.0220361 2.02289 
1.06769 0.362419 0.0222296 2.02302 
1.06745 0.362476 0.0229565 2.02292 
1.06762 0.36191 0.0235557 2.02322 
1.0674 0.362222 0.023161 2.02241 
1.06743 0.36219 0.0232551 2.02281 
1.06724 0.362837 0.0222509 2.02239 
1.06731 0.362724 0.0226654 2.02268 
1.06728 0.362454 0.0228085 2.02212 
1.06726 0.362711 0.0225451 2.02241 
1.06795 0.362002 0.022324 2.02332 
1.06797 0.361828 0.0226148 2.02356 
1.06762 0.362446 0.0226739 2.02318 
1.06785 0.362093 0.022522 2.02337 
1.06857 0.359172 0.0216446 2.02335 
1.06855 0.360242 0.0221668 2.02388 
1.06856 0.35999 0.0219668 2.02372 
1.06854 0.35985 0.0219377 2.02364 
1.06831 0.360895 0.022696 2.02395 
1.06787 0.361599 0.0235349 2.02374 
1.06812 0.361514 0.0228952 2.02381 
1.06814 0.361366 0.0230947 2.02395 
1.06854 0.360511 0.0221174 2.02396 
1.06845 0.360605 0.0223563 2.0239 
1.06846 0.3613 0.0226473 2.02414 
1.06845 0.360773 0.0223284 2.02394 
1.06854 0.360484 0.0220968 2.02381 
1.06853 0.360396 0.0220827 2.02386 
1.06835 0.361303 0.0225444 2.02385 
1.06853 0.360735 0.0222034 2.02399 
1.06862 0.359814 0.0219003 2.02367 
1.06862 0.358771 0.0216133 2.02319 
1.06862 0.359776 0.0218648 2.0237 
1.06865 0.359458 0.0218092 2.02358 
1.06861 0.358527 0.0215088 2.02308 
1.06858 0.358683 0.0215383 2.02313 
1.06863 0.359512 0.0218192 2.02357 
1.06861 0.358863 0.0215891 2.02324 
1.0682 0.358227 0.021342 2.0221 
1.06845 0.358246 0.0214327 2.02262 
1.06838 0.358381 0.0216253 2.02254 
1.06838 0.358252 0.0214647 2.02248 
1.06837 0.357763 0.0207698 2.02241 
1.06843 0.357558 0.0204353 2.02255 
1.06845 0.357543 0.0207316 2.02258 
1.06842 0.357624 0.0206386 2.02253 
1.06854 0.358004 0.0212684 2.02275 
1.0684 0.357789 0.0209415 2.02246 
1.06849 0.357607 0.0209148 2.0226 
1.06845 0.357751 0.0210366 2.02254 
1.06813 0.358196 0.0210436 2.02187 
1.06824 0.358138 0.0207131 2.02186 
1.06827 0.35801 0.0208553 2.02218 
1.06821 0.358115 0.0208677 2.02199 
1.06835 0.357886 0.0206964 2.02231 
1.06835 0.357996 0.0204785 2.02206 
1.06847 0.357709 0.0203338 2.02247 
1.06838 0.357859 0.0204968 2.02228 
1.06945 0.358103 0.0222411 2.02531 
1.06895 0.358102 0.0236673 2.02521 
1.06872 0.359115 0.0231707 2.02475 
1.06902 0.358465 0.0229562 2.02509 
1.06912 0.357127 0.0238653 2.0256 
1.06973 0.356477 0.0225888 2.026 
1.06976 0.355872 0.023376 2.02623 
1.06956 0.356554 0.0232837 2.02592 
1.06854 0.358838 0.0216208 2.02318 
1.06867 0.358621 0.0214175 2.02331 
1.06847 0.359992 0.0221062 2.02363 
1.0686 0.359184 0.0217067 2.02347 
1.07196 0.348442 0.0164535 2.0281 
1.07193 0.348192 0.0152746 2.02806 
1.07249 0.347026 0.0161082 2.02893 
1.07214 0.347855 0.0159438 2.02836 
1.0711 0.350985 0.0179627 2.02684 
1.07158 0.349672 0.0175853 2.0276 
1.07145 0.35068 0.0190019 2.02766 
1.07141 0.350389 0.0181508 2.02741 
1.07105 0.350329 0.0156391 2.02677 
1.07156 0.349044 0.0151599 2.02752 
1.07161 0.349209 0.0163244 2.02756 
1.0714 0.349536 0.0156923 2.02728 
1.07283 0.347851 0.0305694 2.03157 
1.07223 0.349517 0.0280563 2.03084 
1.07318 0.346406 0.0274211 2.03242 
1.07278 0.347985 0.0287171 2.03174 
1.07348 0.34507 0.0390017 2.03026 
1.07335 0.345884 0.0340761 2.03126 
1.07447 0.342637 0.03409 2.03329 
1.07388 0.344636 0.0358261 2.03185 
1.07161 0.350756 0.0326558 2.02792 
1.07178 0.350582 0.0293004 2.02965 
1.07241 0.348697 0.0317626 2.03012 
1.07188 0.350021 0.0313474 2.02921 
1.06991 0.35534 0.0287927 2.02562 
1.07027 0.354458 0.0281984 2.02683 
1.07093 0.352404 0.0315464 2.02662 
1.07043 0.354105 0.0294305 2.02651 
1.06868 0.36004 0.0271257 2.02289 
1.06822 0.360833 0.0256429 2.0225 
1.06838 0.359492 0.0258374 2.02332 
1.06851 0.3601 0.0262505 2.02309 
1.06927 0.357141 0.0275556 2.0246 
1.06898 0.358984 0.0277494 2.02361 
1.0687 0.358726 0.0262373 2.02394 
1.0689 0.358014 0.0271702 2.02371 
1.06916 0.359712 0.0314342 2.02261 
1.06839 0.362749 0.0282052 2.02133 
1.06879 0.360398 0.0286583 2.0225 
1.06874 0.361099 0.0294071 2.02211 
1.06943 0.356567 0.0289352 2.0243 
1.06949 0.358499 0.0319556 2.02331 
1.06895 0.359226 0.0290025 2.02302 
1.06942 0.35818 0.0301062 2.02407 
1.06649 0.366148 0.0288397 2.01714 
1.0674 0.364364 0.0283416 2.01928 
1.06724 0.364039 0.0322742 2.01855 
1.06699 0.364741 0.0299395 2.01815 
1.06627 0.367022 0.0262838 2.01689 
1.06633 0.366772 0.0227194 2.0173 
1.06701 0.365178 0.0262711 2.01866 
1.06653 0.366176 0.0251318 2.01757 
1.06745 0.362043 0.0235153 2.02216 
1.06761 0.361578 0.0239089 2.02303 
1.06782 0.361438 0.024483 2.02224 
1.06769 0.36168 0.023962 2.02261 
1.06798 0.36124 0.0240784 2.02402 
1.06827 0.360221 0.0237786 2.0244 
1.06816 0.360238 0.024872 2.02409 
1.0681 0.360711 0.0242493 2.02415 
1.06912 0.35681 0.0245874 2.02568 
1.06968 0.355458 0.0240938 2.02645 
1.06995 0.355223 0.0258807 2.02663 
1.06965 0.355891 0.024858 2.02628 
1.0711 0.35288 0.0223683 2.02823 
1.07044 0.354485 0.0228639 2.02723 
1.07071 0.353627 0.0212187 2.02706 
1.07071 0.353614 0.0220817 2.02748 
1.07188 0.350636 0.0259759 2.03006 
1.07179 0.351387 0.0237835 2.02959 
1.07263 0.349367 0.0234873 2.03086 
1.07213 0.350499 0.0243853 2.03021 
1.07028 0.354389 0.026058 2.02719 
1.07021 0.354671 0.0240425 2.02697 
1.07098 0.353032 0.0236642 2.02826 
1.07045 0.354109 0.0246646 2.02757 
1.06847 0.359544 0.023848 2.02466 
1.06872 0.358613 0.0244257 2.02498 
1.06841 0.359656 0.0249982 2.0244 
1.06843 0.359329 0.0244081 2.02471 
1.06839 0.360591 0.0227288 2.02409 
1.06837 0.360164 0.0232713 2.02431 
1.06794 0.361285 0.0237024 2.02389 
1.06821 0.360693 0.0232038 2.02408 
1.06856 0.36016 0.0223631 2.02408 
1.06888 0.359423 0.0220847 2.02433 
1.06858 0.359693 0.0228281 2.02439 
1.06867 0.359812 0.0224211 2.02427 
1.06965 0.357481 0.0220755 2.02556 
1.06976 0.356879 0.0223006 2.0258 
1.06918 0.357575 0.0235174 2.02541 
1.06957 0.35738 0.0226326 2.02563 
1.07016 0.355762 0.0219293 2.02625 
1.07055 0.354289 0.0211945 2.02667 
1.07017 0.355291 0.022697 2.02663 
1.0703 0.355154 0.0219574 2.02652 
1.07018 0.35552 0.0206204 2.02587 
1.07007 0.356314 0.0215312 2.02595 
1.06989 0.356899 0.0213652 2.02566 
1.07007 0.356261 0.021189 2.02587 
1.07095 0.353014 0.0206244 2.02724 
1.07133 0.351693 0.0202868 2.02787 
1.07128 0.352351 0.0219571 2.02845 
1.07121 0.352375 0.0209892 2.02793 
1.07035 0.354833 0.0203959 2.0261 
1.07058 0.354111 0.0206275 2.02651 
1.07024 0.355638 0.0213795 2.02617 
1.0704 0.354864 0.0207804 2.02623 
1.07158 0.35094 0.0203705 2.02834 
1.0722 0.34952 0.0200031 2.02944 
1.07159 0.351649 0.0221335 2.02895 
1.07182 0.350796 0.0209065 2.029 
1.07098 0.351629 0.0185319 2.02672 
1.07126 0.351473 0.019519 2.02742 
1.07096 0.352619 0.019799 2.02691 
1.07108 0.351883 0.0193118 2.02703 
1.06975 0.3537 0.0155487 2.0242 
1.07007 0.352724 0.0148813 2.02475 
1.0699 0.353388 0.0162691 2.02469 
1.06994 0.353187 0.0156183 2.02455 
1.07089 0.350518 0.0149973 2.02652 
1.0712 0.349713 0.0137183 2.0266 
1.07142 0.349222 0.0145002 2.02728 
1.07115 0.349852 0.0144083 2.02682 
1.07018 0.352838 0.0167422 2.02531 
1.07059 0.351616 0.0161668 2.02605 
1.07068 0.351782 0.0172428 2.02607 
1.07047 0.352104 0.0166955 2.02582 
1.07045 0.351524 0.0140854 2.02543 
1.07089 0.350376 0.0135219 2.02608 
1.07067 0.351118 0.014911 2.02614 
1.07069 0.350979 0.0142003 2.0259 
1.06956 0.354908 0.018615 2.02433 
1.07004 0.354048 0.0187468 2.0251 
1.06977 0.354824 0.0194105 2.02474 
1.06979 0.354571 0.0189416 2.02469 
1.06918 0.355243 0.0170784 2.02341 
1.06961 0.354259 0.0170164 2.02433 
1.06928 0.355095 0.0178283 2.02388 
1.06932 0.354899 0.0173268 2.02384 
1.07007 0.352989 0.0162128 2.0251 
1.07029 0.352176 0.0148834 2.02523 
1.07047 0.351752 0.0155483 2.02585 
1.07027 0.352352 0.0155725 2.02543 
1.06889 0.356207 0.0190083 2.02341 
1.06885 0.356353 0.0183046 2.02294 
1.06905 0.355729 0.0184485 2.02359 
1.06887 0.356122 0.0186013 2.0233 
1.06821 0.358135 0.0211568 2.02208 
1.06832 0.35797 0.0210115 2.02229 
1.06843 0.358101 0.0212807 2.02255 
1.0683 0.358065 0.0211542 2.02227 
1.06865 0.357398 0.0192916 2.02247 
1.06858 0.357557 0.0200103 2.02264 
1.06859 0.357696 0.0196799 2.0224 
1.06864 0.357528 0.0197038 2.02254 
1.06838 0.357897 0.0210739 2.0224 
1.06852 0.358187 0.0213414 2.02275 
1.06848 0.358163 0.0213384 2.02268 
1.0685 0.358031 0.021233 2.02266 
1.06863 0.357059 0.0203693 2.02301 
1.06852 0.357368 0.0206456 2.02275 
1.06851 0.357408 0.0203487 2.0227 
1.0685 0.357269 0.020461 2.02279 
1.06871 0.356918 0.0205696 2.02303 
1.06873 0.357465 0.0210037 2.02312 
1.06859 0.357336 0.020809 2.02281 
1.06869 0.357184 0.0208147 2.02301 
1.06895 0.356244 0.019775 2.02355 
1.06919 0.356269 0.020354 2.02385 
1.06885 0.356562 0.0201886 2.02335 
1.06902 0.356315 0.0201026 2.02364 
1.06884 0.359079 0.0217506 2.02413 
1.0687 0.360014 0.0220782 2.0241 
1.06884 0.358683 0.0214551 2.02381 
1.06872 0.359304 0.0216904 2.02395 
1.06919 0.357017 0.0208972 2.02409 
1.06902 0.358358 0.0214732 2.02426 
1.06888 0.357889 0.0212167 2.02366 
1.06906 0.357748 0.0212129 2.02404 
1.06887 0.356735 0.0205082 2.02335 
1.06915 0.35665 0.0206615 2.02387 
1.06889 0.35736 0.021001 2.02346 
1.06897 0.356842 0.0207512 2.02345 
1.0697 0.355653 0.0202158 2.02479 
1.06969 0.356865 0.0210257 2.02524 
1.06945 0.356355 0.020572 2.02456 
1.06965 0.356217 0.0206052 2.02497 
1.06941 0.358164 0.0217986 2.0251 
1.06877 0.359286 0.0227972 2.02461 
1.06909 0.358876 0.0220202 2.0246 
1.06916 0.358899 0.0222474 2.02485 
1.06859 0.357069 0.0200798 2.02298 
1.06856 0.357413 0.020088 2.0227 
1.0687 0.357228 0.0194461 2.02267 
1.06864 0.357247 0.0199296 2.02282 
1.06853 0.357711 0.0201705 2.02252 
1.06841 0.357963 0.0203063 2.02202 
1.06855 0.357709 0.0198902 2.02229 
1.06853 0.357844 0.0201405 2.02237 
1.06798 0.358401 0.0216468 2.02171 
1.06807 0.358299 0.021393 2.02184 
1.06828 0.358385 0.0216788 2.02233 
1.0681 0.358352 0.0215826 2.02194 
1.06843 0.359554 0.0219304 2.02296 
1.06835 0.358685 0.0219356 2.02254 
1.06841 0.358722 0.0218739 2.02269 
1.06837 0.358898 0.021917 2.02262 
1.06802 0.358405 0.022016 2.02175 
1.06789 0.358443 0.0218096 2.02121 
1.06788 0.35847 0.0217852 2.02145 
1.06792 0.358452 0.0218847 2.02146 
1.06791 0.358341 0.021094 2.02111 
1.06811 0.35823 0.0207729 2.02154 
1.06802 0.358288 0.0211031 2.02159 
1.06802 0.358311 0.0210052 2.02144 
1.06784 0.358477 0.0216362 2.02127 
1.0678 0.358468 0.0216197 2.02096 
1.06781 0.358435 0.021374 2.02093 
1.06782 0.358461 0.0215539 2.02105 
1.04646 0.393945 -0.132998 1.98837 
1.04884 0.38989 -0.126191 1.99245 
1.04565 0.397718 -0.123867 1.98753 
1.04718 0.394086 -0.127512 1.98993 
1.04779 0.377317 -0.15002 1.99083 
1.04571 0.388722 -0.14338 1.98668 
1.04323 0.387045 -0.153579 1.98453 
1.04597 0.384852 -0.14823 1.988 
1.05177 0.379367 -0.136272 1.99645 
1.05063 0.38575 -0.129088 1.9952 
1.04828 0.388625 -0.136596 1.99113 
1.05011 0.384555 -0.133942 1.99391 
1.05525 0.360135 -0.143599 2.00269 
1.05342 0.370044 -0.141323 1.99924 
1.05161 0.36806 -0.146889 1.9968 
1.05346 0.365516 -0.14383 1.99966 
1.05854 0.354219 -0.138183 2.00754 
1.06216 0.351602 -0.131028 2.01289 
1.05945 0.360941 -0.13183 2.00855 
1.06043 0.35571 -0.133798 2.01024 
1.0682 0.361427 0.0220854 2.02333 
1.06829 0.360544 0.0219491 2.02311 
1.06844 0.360509 0.0220053 2.02352 
1.0683 0.360843 0.0220004 2.02333 
1.06827 0.358214 0.0222403 2.02206 
1.06822 0.358284 0.0221648 2.02214 
1.06836 0.358134 0.0223099 2.02238 
1.0683 0.358213 0.02225 2.02224 
1.06812 0.358292 0.0220398 2.02171 
1.06789 0.35844 0.0218627 2.02118 
1.06809 0.35837 0.0220828 2.02184 
1.06807 0.358349 0.0220168 2.02161 
1.06796 0.358355 0.0212865 2.02154 
1.06787 0.35845 0.0215519 2.02139 
1.06785 0.358407 0.0212912 2.02111 
1.06788 0.358415 0.0213724 2.02132 
1.06824 0.358417 0.0220125 2.02231 
1.06832 0.358365 0.0220476 2.02245 
1.06818 0.358283 0.0220846 2.0222 
1.06825 0.358331 0.0220645 2.02232 
1.06852 0.359905 0.0219098 2.02342 
1.06838 0.359863 0.0218923 2.02298 
1.06848 0.358944 0.0218351 2.0229 
1.06845 0.359596 0.0219174 2.02312 
1.06801 0.361758 0.0220577 2.0231 
1.06786 0.36202 0.0218991 2.02293 
1.06814 0.360986 0.0219122 2.02296 
1.06802 0.36165 0.0219613 2.02301 
1.06295 0.357231 -0.122419 2.01468 
1.06067 0.361259 -0.127659 2.01073 
1.06335 0.352785 -0.127437 2.01488 
1.06224 0.357108 -0.125916 2.01318 
1.06827 0.358026 0.0224548 2.02223 
1.06816 0.357834 0.0226283 2.02201 
1.06807 0.357778 0.0227144 2.02186 
1.06817 0.357909 0.0226118 2.02203 
1.06828 0.358177 0.0222334 2.02213 
1.06836 0.358124 0.0223448 2.02241 
1.06829 0.358022 0.0223997 2.02224 
1.06834 0.358094 0.0223286 2.02231 
1.06836 0.358783 0.0219351 2.02256 
1.06834 0.359926 0.0217567 2.02287 
1.06846 0.359057 0.0218102 2.02285 
1.06842 0.359229 0.0218441 2.0228 
1.06825 0.358238 0.0221596 2.02229 
1.06835 0.358262 0.0221102 2.02247 
1.06835 0.358129 0.0222664 2.02243 
1.06831 0.358184 0.0221905 2.02241 
1.0682 0.358459 0.0219436 2.0222 
1.06802 0.358402 0.0217784 2.02182 
1.06829 0.358457 0.0217944 2.02237 
1.06818 0.358423 0.021843 2.02215 
1.06834 0.358651 0.0219892 2.0225 
1.06832 0.35864 0.0220059 2.02245 
1.06829 0.359518 0.0219429 2.02265 
1.06836 0.358878 0.0219556 2.02259 
1.06806 0.358354 0.0220541 2.02194 
1.06796 0.358411 0.021854 2.0217 
1.06815 0.358391 0.0220012 2.02211 
1.06804 0.358376 0.0219679 2.02191 
1.06434 0.343483 -0.129638 2.01646 
1.0635 0.340967 -0.134023 2.01572 
1.06543 0.334438 -0.131002 2.0185 
1.06415 0.338612 -0.130853 2.0163 
1.06847 0.339871 -0.122866 2.02298 
1.06551 0.343708 -0.127321 2.01829 
1.06659 0.333353 -0.128096 2.02016 
1.06691 0.339232 -0.125981 2.02057 
1.06771 0.343521 -0.120982 2.02193 
1.06488 0.352588 -0.12084 2.01794 
1.06488 0.348375 -0.125508 2.01729 
1.06588 0.348493 -0.122338 2.01905 
1.06809 0.361664 0.0197665 2.02409 
1.06792 0.362149 0.0202179 2.02386 
1.06799 0.361774 0.0189059 2.02357 
1.06794 0.361927 0.0196812 2.02384 
1.06888 0.359491 0.019444 2.02483 
1.06842 0.360813 0.0196642 2.02435 
1.06855 0.360245 0.0186356 2.02467 
1.06856 0.360266 0.0192521 2.02459 
1.06954 0.357712 0.0175779 2.02603 
1.06921 0.358699 0.0190622 2.02538 
1.06878 0.359556 0.0180916 2.02501 
1.06919 0.358649 0.0183162 2.02549 
1.06955 0.355894 0.0211418 2.0246 
1.06909 0.356155 0.0214976 2.02348 
1.06891 0.357337 0.0210287 2.02361 
1.06918 0.356454 0.0212377 2.02389 
1.06851 0.358317 0.0219592 2.02283 
1.06854 0.357644 0.0222678 2.02276 
1.06842 0.357939 0.0221941 2.02253 
1.06851 0.357949 0.0221259 2.02275 
1.06852 0.360721 0.0202919 2.0242 
1.0687 0.359079 0.02075 2.02366 
1.06865 0.359757 0.0207503 2.02378 
1.06864 0.359894 0.0205562 2.02383 
1.06866 0.356917 0.0220718 2.02283 
1.06878 0.356666 0.0224793 2.02301 
1.06867 0.357101 0.0223547 2.02292 
1.06871 0.35686 0.0222822 2.02291 
1.06865 0.359056 0.0211061 2.02345 
1.06859 0.357774 0.021608 2.0229 
1.06866 0.358568 0.0215058 2.02327 
1.06863 0.358452 0.0214081 2.02318 
1.06887 0.356103 0.0219121 2.0229 
1.06885 0.356094 0.0223627 2.02292 
1.06869 0.356674 0.0219572 2.02267 
1.06881 0.356262 0.0220648 2.02281 
1.06863 0.359001 0.0210289 2.02339 
1.06863 0.35826 0.0210566 2.02322 
1.06857 0.357704 0.0214982 2.02283 
1.06858 0.358336 0.021216 2.02308 
1.06898 0.359101 0.0199096 2.02462 
1.0688 0.358886 0.020539 2.02389 
1.06851 0.360563 0.0200226 2.02416 
1.06876 0.35955 0.0202124 2.02424 
1.06929 0.358045 0.0200883 2.02493 
1.06961 0.356292 0.0207774 2.02499 
1.06899 0.357844 0.0207456 2.02401 
1.06926 0.357436 0.0204924 2.0246 
1.0707 0.354358 0.0198637 2.02689 
1.07025 0.35513 0.0205023 2.02615 
1.07041 0.355774 0.0196451 2.02679 
1.07052 0.355062 0.0200415 2.02673 
1.07018 0.353863 0.0217955 2.02564 
1.06983 0.354043 0.0220326 2.0249 
1.07005 0.354657 0.0213654 2.02541 
1.07004 0.354175 0.0217248 2.02536 
1.06886 0.356222 0.0225284 2.02305 
1.06883 0.356467 0.0225502 2.02308 
1.06869 0.356694 0.0221409 2.02277 
1.0688 0.356418 0.0224182 2.02292 
1.06947 0.354515 0.0223376 2.02422 
1.06919 0.355065 0.022586 2.02367 
1.06916 0.355388 0.0220846 2.0234 
1.06927 0.354976 0.0223201 2.02378 
1.06823 0.361698 0.021207 2.02384 
1.06786 0.362215 0.0216154 2.02333 
1.06789 0.362301 0.0210266 2.02377 
1.06799 0.362102 0.021287 2.02369 
1.06859 0.358484 0.0218451 2.02311 
1.06869 0.35843 0.0218764 2.02333 
1.06863 0.357659 0.0221425 2.02297 
1.06862 0.3581 0.0219182 2.02307 
1.06838 0.358403 0.0220237 2.02257 
1.06847 0.358553 0.0219033 2.02279 
1.06841 0.358115 0.0220891 2.02253 
1.06839 0.358313 0.0219941 2.02256 
1.06833 0.360448 0.0216078 2.02316 
1.06849 0.360673 0.0213462 2.02365 
1.06852 0.359572 0.0216767 2.02319 
1.06845 0.360303 0.0215477 2.02336 
1.06794 0.361945 0.0216989 2.02307 
1.06833 0.361314 0.0213564 2.02364 
1.06817 0.361074 0.0216298 2.02305 
1.06816 0.361479 0.0215784 2.0233 
1.06863 0.357114 0.0216671 2.02275 
1.06872 0.357607 0.0212017 2.02321 
1.06887 0.356485 0.0216193 2.02305 
1.06872 0.357058 0.0214845 2.02291 
1.06858 0.360533 0.0212548 2.02381 
1.06866 0.359823 0.0209885 2.02372 
1.06867 0.359269 0.0213635 2.02349 
1.06865 0.35992 0.021217 2.02373 
1.0685 0.360942 0.0210668 2.024 
1.06845 0.361079 0.0202848 2.02426 
1.06865 0.360259 0.0207133 2.02395 
1.06856 0.360795 0.020632 2.0241 
1.06836 0.358051 0.02221 2.0224 
1.06836 0.358079 0.0222936 2.02241 
1.06836 0.358226 0.0221233 2.02246 
1.06837 0.358109 0.0222034 2.02245 
1.06859 0.360519 0.021348 2.02382 
1.06873 0.359251 0.0215578 2.02362 
1.0686 0.359255 0.0216629 2.0233 
1.06862 0.359651 0.0215258 2.02351 
1.06795 0.362102 0.020654 2.024 
1.06823 0.361484 0.0202712 2.02423 
1.06831 0.361514 0.0209959 2.02403 
1.06816 0.361715 0.0206842 2.02411 
1.0688 0.356764 0.0227037 2.02314 
1.06871 0.356952 0.0228621 2.02307 
1.06866 0.357123 0.0225556 2.02291 
1.06873 0.35695 0.0227274 2.02306 
1.06825 0.357856 0.0225352 2.02216 
1.06832 0.358024 0.0223745 2.02232 
1.06835 0.357932 0.0223143 2.02236 
1.0683 0.357959 0.0224037 2.02226 
1.06802 0.357644 0.0228536 2.02171 
1.06814 0.357677 0.0227892 2.02196 
1.06816 0.357393 0.0230214 2.02195 
1.06806 0.357561 0.0228774 2.0218 
1.06809 0.357799 0.0226618 2.0219 
1.06824 0.357912 0.0225055 2.02216 
1.06831 0.358051 0.0224229 2.02231 
1.06822 0.35791 0.0225361 2.02215 
1.07738 0.319085 -0.106197 2.03725 
1.07998 0.313345 -0.0982959 2.04162 
1.0772 0.322615 -0.0963108 2.03785 
1.07814 0.318275 -0.100305 2.03853 
1.0679 0.329384 -0.127598 2.02234 
1.07013 0.323244 -0.124872 2.0259 
1.06954 0.334694 -0.122173 2.02477 
1.06914 0.328188 -0.124508 2.02434 
1.07299 0.315519 -0.122367 2.03063 
1.07559 0.308235 -0.119713 2.03488 
1.07588 0.31929 -0.116158 2.03535 
1.07481 0.313895 -0.118909 2.03382 
1.09283 0.270333 -0.0925407 2.06285 
1.0894 0.2826 -0.0981538 2.05737 
1.08961 0.266503 -0.101121 2.05822 
1.09139 0.275114 -0.0983176 2.06111 
1.08725 0.303136 -0.0142758 2.05423 
1.08727 0.302058 -0.0266328 2.05424 
1.09145 0.288883 -0.0161765 2.06072 
1.08839 0.298036 -0.019849 2.05562 
1.08693 0.292868 -0.080897 2.05225 
1.0883 0.286739 -0.0902088 2.05488 
1.08961 0.282697 -0.0773599 2.05612 
1.08805 0.286681 -0.0825889 2.0537 
1.08593 0.29922 -0.063635 2.05159 
1.08625 0.297219 -0.0752456 2.05121 
1.0894 0.287564 -0.0709537 2.05591 
1.08721 0.295256 -0.0701286 2.05289 
1.08067 0.314053 -0.0816273 2.04346 
1.08227 0.308452 -0.0906917 2.04535 
1.08368 0.304452 -0.0823376 2.04732 
1.08233 0.309208 -0.0848596 2.04544 
1.06656 0.350966 -0.109443 2.02147 
1.06478 0.352517 -0.116076 2.01767 
1.06791 0.343348 -0.116204 2.02221 
1.06655 0.348742 -0.113551 2.02074 
1.05691 0.380516 -0.0806437 2.00442 
1.05861 0.37772 -0.0725073 2.00649 
1.05537 0.387487 -0.0704738 2.00103 
1.05709 0.381913 -0.0745959 2.00437 
1.05255 0.381102 -0.12772 1.99818 
1.05365 0.374781 -0.134471 1.99935 
1.05638 0.370442 -0.130442 2.00388 
1.05445 0.375762 -0.131061 2.00096 
1.0744 0.324803 -0.115919 2.03264 
1.07118 0.333477 -0.119214 2.02741 
1.07184 0.321329 -0.12187 2.02878 
1.07265 0.327348 -0.119291 2.03 
1.07233 0.333295 -0.108982 2.02973 
1.0709 0.334456 -0.115478 2.02656 
1.07433 0.326023 -0.11189 2.03216 
1.07251 0.331088 -0.112044 2.02939 
1.07556 0.326989 -0.0979803 2.03532 
1.07342 0.33145 -0.104638 2.03167 
1.07554 0.323813 -0.107439 2.03421 
1.075 0.327354 -0.103271 2.0341 
1.06997 0.346977 -0.0867917 2.02719 
1.07144 0.344129 -0.0788838 2.02926 
1.06714 0.354092 -0.0835639 2.02191 
1.06953 0.348476 -0.0830794 2.02626 
1.07074 0.340382 -0.103045 2.0282 
1.07 0.345218 -0.0955391 2.02747 
1.06795 0.348773 -0.102719 2.02439 
1.06961 0.344813 -0.100444 2.02675 
1.07464 0.33275 -0.0889477 2.03469 
1.07285 0.339693 -0.0795284 2.03152 
1.07158 0.341882 -0.0881355 2.02987 
1.07318 0.338277 -0.0855038 2.03253 
1.0783 0.32632 -0.0677345 2.04055 
1.0754 0.335399 -0.0733224 2.03603 
1.07907 0.324581 -0.0755614 2.04206 
1.07741 0.32842 -0.0727043 2.03922 
1.06882 0.349253 -0.0917792 2.02547 
1.0661 0.356339 -0.0883257 2.02059 
1.06683 0.35294 -0.0989256 2.02253 
1.06734 0.353095 -0.0928622 2.02302 
1.06772 0.363102 -0.0254853 2.02016 
1.06494 0.369378 -0.0335753 2.01528 
1.06831 0.36068 -0.0354118 2.02157 
1.06736 0.364326 -0.0315806 2.01974 
1.06672 0.366933 -0.00609898 2.0181 
1.0683 0.362728 -0.0146212 2.02111 
1.06905 0.360519 -0.00829027 2.02244 
1.06798 0.363426 -0.00938151 2.02037 
1.06396 0.37354 -0.020226 2.01341 
1.06432 0.372335 -0.0294739 2.01428 
1.06667 0.366523 -0.0223677 2.01834 
1.06478 0.370729 -0.0239268 2.01477 
1.08469 0.310732 -0.0262126 2.04991 
1.08471 0.311843 -0.0167685 2.05042 
1.08154 0.322493 -0.0190388 2.04558 
1.08345 0.315895 -0.020621 2.04866 
1.08478 0.307421 -0.0513342 2.05034 
1.08512 0.30813 -0.0392983 2.05105 
1.08257 0.317274 -0.0437999 2.04745 
1.08428 0.310958 -0.044601 2.05002 
1.08661 0.300822 -0.0520665 2.05263 
1.08932 0.291686 -0.0449135 2.05668 
1.08683 0.302049 -0.0386483 2.05315 
1.08759 0.298035 -0.0452368 2.05415 
1.09583 0.272032 -0.00581522 2.06705 
1.10131 0.252894 -0.00133589 2.07384 
1.09768 0.264274 0.0180011 2.06821 
1.09961 0.262591 0.00441186 2.07266 
1.0561 0.389004 -0.0610296 2.00173 
1.05964 0.380485 -0.0542247 2.00713 
1.05649 0.389811 -0.0489279 2.00185 
1.05714 0.386447 -0.0544438 2.0029 
1.05707 0.386596 -0.0656603 2.00361 
1.06021 0.377549 -0.0674173 2.00897 
1.06046 0.376728 -0.0582943 2.00827 
1.05899 0.379986 -0.064491 2.00642 
1.04739 0.408141 -0.0690782 1.98826 
1.05224 0.397527 -0.0671315 1.99587 
1.05003 0.404585 -0.0618742 1.99233 
1.04974 0.403418 -0.0661314 1.99171 
1.05237 0.392903 -0.0816245 1.99749 
1.05532 0.38453 -0.0830501 2.00212 
1.05404 0.390695 -0.0724517 1.99915 
1.0538 0.389445 -0.079047 1.99936 
1.05886 0.375035 -0.0837622 2.00797 
1.0627 0.365459 -0.082433 2.0144 
1.06055 0.372428 -0.0756458 2.01028 
1.06048 0.37102 -0.0807514 2.01033 
1.06287 0.347426 -0.131942 2.0142 
1.05865 0.348775 -0.139585 2.00758 
1.0614 0.342443 -0.136401 2.01173 
1.0613 0.346929 -0.135816 2.01203 
1.0649 0.356271 -0.106682 2.01922 
1.06174 0.364292 -0.105176 2.01417 
1.06327 0.357894 -0.113057 2.01599 
1.06342 0.35983 -0.108586 2.01701 
1.07069 0.338885 -0.107891 2.0274 
1.06798 0.347545 -0.107334 2.02376 
1.06947 0.339705 -0.114147 2.0248 
1.06944 0.342052 -0.109867 2.02546 
1.06459 0.359969 -0.0902064 2.01808 
1.0624 0.364381 -0.099327 2.01525 
1.06514 0.357029 -0.100722 2.01996 
1.06398 0.360378 -0.0968215 2.01763 
1.05778 0.365427 -0.1336 2.00593 
1.05484 0.368956 -0.137619 2.00124 
1.0563 0.358926 -0.139795 2.00391 
1.05635 0.364505 -0.136844 2.00368 
1.05833 0.369543 -0.118322 2.00812 
1.05921 0.365431 -0.1253 2.00872 
1.0616 0.361047 -0.120121 2.01305 
1.05974 0.365385 -0.121198 2.01006 
1.05622 0.37417 -0.119178 2.0047 
1.05323 0.380415 -0.123676 1.99959 
1.05729 0.370417 -0.126411 2.00577 
1.05553 0.374999 -0.123321 2.00325 
1.0688 0.356798 0.023019 2.02328 
1.06889 0.356621 0.0228957 2.0234 
1.06898 0.356381 0.0232641 2.02358 
1.0689 0.356611 0.0230468 2.02347 
1.06822 0.357552 0.022812 2.02214 
1.0685 0.357154 0.0229973 2.02268 
1.06834 0.357219 0.02306 2.02229 
1.06834 0.357342 0.022974 2.02235 
1.06833 0.357562 0.0227108 2.02232 
1.06857 0.357328 0.0225662 2.02278 
1.06855 0.357166 0.0228774 2.02276 
1.06848 0.357373 0.0227192 2.02262 
1.08608 0.293954 -0.0998498 2.05173 
1.08294 0.303076 -0.0986489 2.04625 
1.08279 0.302671 -0.10599 2.0469 
1.08376 0.300014 -0.101415 2.04779 
1.07291 0.348094 -0.00469397 2.03059 
1.07139 0.352829 5.70191e-05 2.02777 
1.07088 0.354876 -0.00506711 2.02619 
1.07187 0.351822 -0.00342854 2.02859 
1.07992 0.308707 -0.112365 2.04224 
1.07719 0.317225 -0.113674 2.03731 
1.07739 0.305477 -0.116598 2.03809 
1.07875 0.31194 -0.114933 2.04045 
1.08132 0.289323 -0.115445 2.04477 
1.08162 0.30311 -0.113792 2.04561 
1.07817 0.298127 -0.117707 2.03923 
1.08029 0.296145 -0.115094 2.04333 
1.0806 0.308682 -0.101067 2.04229 
1.07784 0.315677 -0.109292 2.03762 
1.08098 0.308365 -0.107985 2.04374 
1.07982 0.310985 -0.106571 2.04141 
1.08526 0.297413 -0.0853936 2.04947 
1.08332 0.302238 -0.0938108 2.04646 
1.08644 0.292012 -0.0939182 2.05169 
1.08529 0.296885 -0.0910516 2.04985 
1.07934 0.318179 -0.0840139 2.04164 
1.07759 0.322441 -0.0909411 2.0388 
1.08046 0.313523 -0.0927571 2.04245 
1.07922 0.317974 -0.0893414 2.04124 
1.06856 0.356962 0.0232095 2.02274 
1.06868 0.356905 0.02307 2.02304 
1.06891 0.356415 0.0233401 2.0234 
1.06874 0.35672 0.0231759 2.02307 
1.08757 0.269882 -0.106086 2.0543 
1.08789 0.285697 -0.10273 2.05537 
1.0846 0.279968 -0.110936 2.04993 
1.08681 0.277739 -0.105853 2.0539 
1.06905 0.356043 0.0233485 2.02369 
1.06901 0.355968 0.0229869 2.02353 
1.06907 0.355644 0.0234231 2.02368 
1.06904 0.355878 0.0232344 2.02364 
1.09049 0.256508 -0.101546 2.05821 
1.09372 0.241666 -0.0967866 2.06286 
1.09493 0.261837 -0.0926077 2.06659 
1.09288 0.253054 -0.0962074 2.06329 
1.06902 0.358575 0.0139984 2.02495 
1.0697 0.357346 0.0112715 2.02579 
1.06976 0.356819 0.0132694 2.02646 
1.0694 0.35759 0.0128768 2.02555 
1.06806 0.36126 0.0175985 2.02344 
1.06833 0.360158 0.0160592 2.024 
1.06831 0.360423 0.0174376 2.02418 
1.06822 0.360688 0.0170135 2.02392 
1.06847 0.360939 0.012955 2.02269 
1.0692 0.35857 0.0111513 2.02445 
1.06868 0.359503 0.0139113 2.02398 
1.06885 0.359702 0.0127206 2.02386 
1.07084 0.35253 0.0203922 2.02675 
1.07098 0.351048 0.0213062 2.02671 
1.0708 0.352103 0.0213405 2.02653 
1.0709 0.351854 0.0209897 2.02672 
1.07012 0.356208 0.0180134 2.02661 
1.07065 0.354633 0.0192074 2.02707 
1.07042 0.355701 0.0191366 2.02693 
1.07044 0.355438 0.0187922 2.02688 
1.07115 0.35174 0.0195588 2.02716 
1.07112 0.350788 0.0208004 2.0269 
1.07092 0.352571 0.0199234 2.02698 
1.07104 0.351671 0.0200768 2.02693 
1.0722 0.346245 0.022675 2.02854 
1.0722 0.346887 0.0228271 2.02874 
1.07197 0.347216 0.0219427 2.02817 
1.07211 0.346749 0.0224439 2.02845 
1.07022 0.351589 0.0232698 2.02524 
1.06995 0.351977 0.023742 2.02465 
1.06994 0.352387 0.0231433 2.02484 
1.07002 0.35201 0.0233954 2.02489 
1.06985 0.353021 0.0230213 2.02486 
1.06977 0.353222 0.0235057 2.02466 
1.06974 0.353687 0.0227486 2.02478 
1.06979 0.353314 0.0230754 2.02477 
1.06982 0.352884 0.0237999 2.02463 
1.06984 0.352706 0.0232981 2.02472 
1.06986 0.352283 0.0238835 2.02456 
1.06981 0.35262 0.0236446 2.02456 
1.06971 0.353502 0.0236465 2.02467 
1.06955 0.354138 0.0236063 2.02447 
1.06963 0.353983 0.0228534 2.0246 
1.06962 0.353845 0.0233514 2.02451 
1.10316 0.192929 -0.0828001 2.07718 
1.10343 0.224819 -0.0737899 2.07996 
1.09788 0.220701 -0.0910279 2.06897 
1.10179 0.212987 -0.0819482 2.0773 
1.07009 0.352345 0.0227228 2.02515 
1.07048 0.352245 0.0220966 2.02595 
1.07035 0.351534 0.0228667 2.02553 
1.07029 0.352005 0.0225545 2.0255 
1.11474 0.152543 -0.033935 2.10153 
1.10893 0.155488 -0.0709542 2.08643 
1.11725 0.104853 -0.0518885 2.1015 
1.11307 0.139514 -0.0512802 2.09617 
1.10336 0.231865 -0.0175897 2.08103 
1.10671 0.227706 -0.0496015 2.08573 
1.11199 0.213114 -0.0264253 2.09185 
1.10658 0.224666 -0.0332988 2.08422 
1.0921 0.278599 -0.0404261 2.06119 
1.09704 0.2659 -0.0411136 2.06679 
1.09385 0.275582 -0.0235261 2.06347 
1.095 0.273204 -0.034751 2.06573 
1.08783 0.298589 -0.0321378 2.05443 
1.09101 0.286197 -0.0374527 2.05962 
1.09267 0.284442 -0.0219522 2.06246 
1.09019 0.289613 -0.0307364 2.05796 
1.08696 0.296982 -0.0586741 2.05331 
1.09025 0.284631 -0.065095 2.05707 
1.08991 0.28645 -0.0523779 2.05765 
1.0889 0.289238 -0.0584264 2.05645 
1.09297 0.271338 -0.0696207 2.06132 
1.09505 0.264716 -0.0777371 2.06579 
1.09629 0.259429 -0.0585803 2.06678 
1.09455 0.264043 -0.0683183 2.06436 
1.09686 0.25685 -0.0859482 2.06919 
1.09675 0.236103 -0.0901635 2.0693 
1.10113 0.240075 -0.0762634 2.07596 
1.09863 0.246104 -0.0847678 2.0722 
1.09789 0.251262 -0.0564851 2.07036 
1.09724 0.258517 -0.0774761 2.06955 
1.10176 0.244919 -0.0659036 2.07683 
1.09889 0.25193 -0.0676504 2.07188 
1.09141 0.275934 -0.0776965 2.05907 
1.08964 0.282108 -0.0916243 2.05715 
1.09319 0.271114 -0.0852719 2.06309 
1.09141 0.27642 -0.0852855 2.05977 
1.07027 0.35324 0.0218511 2.02574 
1.0705 0.352664 0.02181 2.02607 
1.07006 0.35273 0.0224566 2.02519 
1.07029 0.352856 0.0220113 2.02566 
1.07129 0.349524 0.0240903 2.02713 
1.07166 0.348925 0.0235902 2.02797 
1.07199 0.348377 0.0241354 2.02854 
1.07167 0.348937 0.0239438 2.02792 
1.10295 0.238189 0.010472 2.0811 
1.10503 0.228265 0.0431675 2.08762 
1.09939 0.254311 0.0328674 2.0761 
1.10133 0.238591 0.0270141 2.07574 
1.09972 0.256978 -0.0357173 2.07223 
1.10096 0.251698 -0.0168383 2.07302 
1.09604 0.270393 -0.0175839 2.06743 
1.09875 0.259319 -0.0230669 2.0697 
1.11362 0.194965 -0.00149075 2.09533 
1.10857 0.202308 0.0398219 2.08917 
1.10596 0.22632 0.00076061 2.08111 
1.11378 0.209513 0.0106591 2.0924 
1.10731 0.182275 -0.0696165 2.08615 
1.11075 0.189088 -0.0432215 2.09155 
1.10599 0.218087 -0.06179 2.08371 
1.10868 0.197163 -0.0588613 2.08827 
1.11912 0.093306 -0.0083237 2.10499 
1.11036 0.153768 0.0560216 2.09128 
1.11131 0.153398 -0.00765678 2.09128 
1.1184 0.128074 0.0130253 2.10879 
1.07225 0.345861 0.0214507 2.02846 
1.07219 0.345963 0.0223462 2.02841 
1.07198 0.346977 0.021539 2.02802 
1.07214 0.346248 0.0217551 2.02832 
1.07465 0.340813 0.0235005 2.03282 
1.07404 0.341903 0.0246522 2.03173 
1.07411 0.341964 0.0232669 2.03187 
1.07429 0.341474 0.0239426 2.03218 
1.07342 0.343487 0.0248306 2.03058 
1.07305 0.344176 0.0246456 2.02982 
1.07334 0.343597 0.0243553 2.03048 
1.07329 0.343747 0.0246359 2.03033 
1.07226 0.347884 0.0239797 2.02904 
1.0719 0.348408 0.0234268 2.02842 
1.07222 0.347538 0.0232971 2.02896 
1.07217 0.348004 0.0236162 2.02894 
1.0681 0.362453 0.01506 2.0219 
1.068 0.36209 0.0173566 2.02241 
1.06783 0.36346 0.0174255 2.02141 
1.06798 0.362629 0.0166774 2.02193 
1.07057 0.353014 0.0214714 2.02632 
1.07033 0.353632 0.0216158 2.02595 
1.07028 0.354323 0.0212066 2.02583 
1.07044 0.353619 0.0213935 2.02616 
1.07074 0.353458 0.0202848 2.02679 
1.07066 0.352875 0.0211074 2.0265 
1.07038 0.354293 0.0208551 2.02617 
1.07062 0.353366 0.0207387 2.02647 
1.07163 0.348586 0.0208778 2.0276 
1.0713 0.349872 0.0210782 2.02714 
1.07133 0.350678 0.0197742 2.0273 
1.07142 0.349621 0.0205983 2.02731 
1.07132 0.349407 0.0229412 2.02727 
1.07077 0.350535 0.0229865 2.02626 
1.07114 0.350118 0.0221694 2.02691 
1.07107 0.349966 0.0226991 2.0268 
1.07037 0.351142 0.0235157 2.02545 
1.07056 0.350629 0.0240321 2.02571 
1.07007 0.35156 0.0239475 2.02482 
1.0703 0.351131 0.0238349 2.02524 
1.07098 0.35074 0.0219102 2.02667 
1.07062 0.351071 0.0227005 2.02601 
1.07069 0.351859 0.0219044 2.02629 
1.07076 0.351258 0.0222344 2.02632 
1.07131 0.349461 0.0233973 2.02729 
1.07094 0.350085 0.0239294 2.02647 
1.07067 0.35062 0.0233815 2.02605 
1.07096 0.350085 0.0236092 2.02659 
1.06916 0.355106 0.023074 2.02378 
1.06931 0.354689 0.0235848 2.02405 
1.06914 0.355232 0.0235317 2.02375 
1.06918 0.355013 0.0233721 2.02382 
1.06978 0.355084 0.0213803 2.02489 
1.06966 0.354447 0.0220059 2.02455 
1.06929 0.35544 0.0217829 2.02375 
1.06958 0.354929 0.0217067 2.02433 
1.07013 0.353454 0.0221194 2.02543 
1.06995 0.353017 0.0226407 2.02505 
1.06987 0.353668 0.0223594 2.02498 
1.06999 0.353336 0.0223941 2.02519 
1.07404 0.342236 0.0224228 2.03174 
1.07405 0.343047 0.0208602 2.03184 
1.07467 0.341181 0.0224898 2.03285 
1.07432 0.34211 0.0218824 2.0323 
1.07438 0.340507 0.0268678 2.03219 
1.07402 0.341705 0.0254879 2.03168 
1.07477 0.340244 0.0244232 2.03296 
1.07437 0.340807 0.0254766 2.03222 
1.07264 0.344708 0.022746 2.02913 
1.07233 0.345455 0.0227303 2.02863 
1.07249 0.34527 0.0218321 2.02888 
1.07241 0.345125 0.022416 2.02871 
1.07344 0.343294 0.0226083 2.03063 
1.07286 0.344195 0.022756 2.02954 
1.07273 0.344768 0.021853 2.02928 
1.07302 0.344072 0.0223811 2.02984 
1.07324 0.343764 0.0240073 2.0303 
1.07293 0.34448 0.0243113 2.02962 
1.07292 0.344308 0.0234967 2.02966 
1.07302 0.344189 0.0239118 2.02983 
1.0719 0.348709 0.0193454 2.02817 
1.07173 0.348259 0.0205021 2.02771 
1.07144 0.35042 0.0192751 2.02752 
1.07171 0.349112 0.019712 2.02783 
1.07366 0.343061 0.0220712 2.03105 
1.07291 0.344671 0.0213181 2.02964 
1.07362 0.343985 0.0206507 2.03108 
1.07334 0.343841 0.0213447 2.03045 
1.07359 0.343 0.0230782 2.03096 
1.07338 0.343355 0.0237231 2.03056 
1.07307 0.343912 0.0231053 2.02996 
1.07335 0.343421 0.0233046 2.0305 
1.07258 0.34593 0.0243978 2.02915 
1.07243 0.345739 0.0235228 2.02887 
1.0727 0.345141 0.0244986 2.02917 
1.07252 0.345593 0.0240817 2.02896 
1.07215 0.347358 0.022752 2.02873 
1.07183 0.348256 0.0229313 2.0282 
1.07191 0.347658 0.021878 2.02813 
1.07197 0.347689 0.0224557 2.02838 
1.0725 0.346269 0.0240756 2.02915 
1.07236 0.346732 0.0233432 2.02908 
1.07233 0.346112 0.0232391 2.02878 
1.07242 0.346396 0.023574 2.02904 
1.07257 0.346554 0.0243321 2.02936 
1.07244 0.34744 0.0242456 2.02937 
1.07239 0.347065 0.0235758 2.02921 
1.07248 0.346982 0.0240514 2.02931 
1.09648 0.175013 0.182012 2.0627 
1.10605 0.165567 0.113214 2.08002 
1.09827 0.0641466 0.186548 2.04681 
1.11221 0.158576 0.169156 2.09429 
1.0869 0.300966 0.0391116 2.05204 
1.08836 0.298848 0.0209172 2.05511 
1.09178 0.283502 0.0329891 2.05913 
1.09052 0.294513 0.031204 2.05962 
1.08813 0.290055 0.0764399 2.05612 
1.08588 0.301666 0.0508167 2.05423 
1.09292 0.278262 0.0476454 2.06617 
1.08709 0.289749 0.058165 2.05453 
1.07856 0.327655 0.0368141 2.03921 
1.08133 0.321446 0.0286205 2.04384 
1.08211 0.316723 0.0392011 2.04495 
1.08134 0.322198 0.0346215 2.04455 
1.10144 0.239267 -0.024377 2.07565 
1.09943 0.247745 -0.0443426 2.07227 
1.1031 0.238339 -0.0522807 2.07878 
1.10233 0.239659 -0.0392111 2.07854 
1.13092 0.00995003 0.0434413 2.11541 
1.1145 0.145889 0.0926876 2.10429 
1.12173 0.0600741 -0.00293193 2.10791 
1.11971 0.0852617 0.0627303 2.10174 
0.975791 0.0280521 0.468706 1.85191 
1.09183 0.166226 0.256589 2.06661 
1.08866 -0.0754256 0.289195 2.04449 
1.04372 0.0353265 0.393688 1.99156 
1.06385 0.349518 0.143999 2.01543 
1.06448 0.358868 0.0988467 2.01824 
1.07819 0.316364 0.113009 2.04055 
1.06675 0.341736 0.118012 2.01565 
1.0724 0.345457 0.0233235 2.02876 
1.07264 0.344774 0.023343 2.02913 
1.07273 0.34487 0.0242387 2.02925 
1.07256 0.345114 0.0236728 2.02901 
1.06187 0.37233 0.0342737 2.01174 
1.06046 0.380073 0.0636546 2.01083 
1.0485 0.406737 0.0448104 1.99097 
1.056 0.382713 0.0507111 2.0012 
1.07139 0.350556 0.0441854 2.02805 
1.07284 0.34401 0.0582215 2.031 
1.06791 0.356472 0.0650763 2.02281 
1.06993 0.350287 0.0550901 2.02425 
1.07055 0.350056 0.0279123 2.02568 
1.0707 0.35026 0.0348174 2.02632 
1.06765 0.357425 0.0300386 2.02091 
1.06966 0.352466 0.0317275 2.02435 
1.07145 0.34772 0.028549 2.0272 
1.0722 0.34541 0.0294798 2.02835 
1.07133 0.347559 0.0335535 2.02717 
1.07192 0.346967 0.0301827 2.02817 
1.08795 0.299364 0.00570106 2.05435 
1.08698 0.302642 -0.00757825 2.05317 
1.09112 0.288473 -0.00756645 2.05952 
1.08936 0.296456 -0.00278406 2.05719 
1.0951 0.277076 0.0206986 2.06636 
1.09029 0.294525 0.0126343 2.05928 
1.0937 0.280961 -0.00118412 2.06462 
1.09175 0.284228 0.0100347 2.05998 
1.08868 0.271885 0.0884368 2.05443 
1.09462 0.262354 0.0504568 2.06573 
1.09933 0.235073 0.0691778 2.07119 
1.09868 0.256829 0.0721281 2.07414 
1.08285 0.305467 0.0832693 2.04465 
1.0791 0.325457 0.0673756 2.0398 
1.08191 0.31098 0.0553176 2.04586 
1.08148 0.315246 0.0664421 2.04349 
1.08084 0.324332 0.0172986 2.04349 
1.07857 0.330887 0.0146609 2.03982 
1.08006 0.326782 0.00739608 2.04259 
1.07957 0.32716 0.012715 2.04121 
1.08551 0.309035 0.0347967 2.05084 
1.08337 0.316661 0.024688 2.04778 
1.08659 0.306487 0.0206085 2.05339 
1.08446 0.310242 0.0266813 2.04848 
1.07618 0.337057 0.0234095 2.03531 
1.07539 0.339431 0.0226655 2.03405 
1.07562 0.339871 0.0199919 2.03476 
1.07585 0.338742 0.0219035 2.03495 
1.07787 0.331166 0.0325316 2.03825 
1.07756 0.332897 0.0265541 2.03769 
1.08021 0.325934 0.026307 2.04236 
1.07824 0.329913 0.0289649 2.03859 
1.07616 0.334926 0.0326951 2.03496 
1.07507 0.338398 0.029431 2.03328 
1.07636 0.335355 0.0275641 2.03542 
1.07595 0.336245 0.029753 2.03475 
0.96852 0.314934 0.425538 1.86023 
1.07231 0.210321 0.274937 2.02071 
0.969459 0.191999 0.501728 1.87756 
1.04459 0.222287 0.382694 1.98573 
0.447695 0.396528 0.370704 0.934255 
0.84595 0.416511 0.4524 1.64601 
0.716265 0.332647 0.491739 1.41844 
0.756567 0.433553 0.469387 1.4931 
1.0604 0.325824 0.176115 2.00769 
1.081 0.29195 0.127821 2.03748 
1.07988 0.264132 0.192429 2.02978 
1.07729 0.297724 0.164042 2.03983 
1.07316 0.343499 0.0362652 2.03043 
1.0743 0.340242 0.0309993 2.03206 
1.07551 0.337081 0.0356824 2.03417 
1.07442 0.34019 0.0346444 2.03243 
1.08944 0.26938 0.116191 2.05959 
1.10822 0.208966 0.100026 2.08739 
1.0992 0.22234 0.164003 2.07231 
1.09335 0.23391 0.125643 2.0581 
1.07422 0.337206 0.0690827 2.03312 
1.07829 0.318656 0.0928031 2.0372 
1.06748 0.352141 0.0829458 2.01868 
1.0741 0.336396 0.0841737 2.03373 
1.07896 0.329151 0.0530613 2.03786 
1.07795 0.33028 0.0417957 2.03857 
1.08101 0.318518 0.0466546 2.04524 
1.07866 0.325504 0.0473705 2.03974 
1.07292 0.343734 0.0272408 2.02963 
1.07299 0.343815 0.0260521 2.02975 
1.07353 0.342816 0.0259711 2.03082 
1.07314 0.343424 0.0263671 2.03006 
1.06549 0.362542 0.0360665 2.01737 
1.06936 0.352129 0.0403566 2.02379 
1.06354 0.364314 0.0584898 2.01386 
1.06731 0.359911 0.0424468 2.02131 
1.05441 0.37841 0.0907586 1.99728 
1.04651 0.381419 0.14138 1.98256 
1.03531 0.419592 0.0858505 1.96908 
1.04891 0.394728 0.107094 1.99341 
0.715668 0.620001 0.223311 1.44853 
0.518414 0.542122 0.248191 1.07157 
0.474795 0.540379 0.161518 0.987552 
0.599414 0.586898 0.210082 1.22252 
0.796429 0.597887 0.271509 1.55989 
0.867936 0.48568 0.392502 1.69514 
0.639066 0.565819 0.323912 1.29196 
0.759156 0.559563 0.325958 1.49949 
0.936106 0.449753 0.168203 1.79587 
0.96003 0.483488 0.241961 1.84599 
0.892056 0.563595 0.233755 1.73604 
0.923827 0.506539 0.230549 1.78302 
0.931417 0.387425 0.0297689 1.77779 
0.938891 0.370443 0.0719249 1.75541 
0.904056 0.426589 0.0674112 1.73747 
0.928283 0.400188 0.0601494 1.77168 
0.951552 0.365057 0.0145067 1.80456 
0.979633 0.301537 0.0175185 1.85488 
0.950998 0.352453 0.0787974 1.79512 
0.959281 0.330573 0.0325891 1.79656 
1.02693 0.441386 0.104875 1.95644 
1.03991 0.391514 0.175547 1.97676 
1.00557 0.447928 0.195117 1.92043 
1.02124 0.432053 0.159967 1.9464 
1.04985 0.341521 0.217075 1.99418 
1.07364 0.25676 0.255095 2.02782 
1.0073 0.346863 0.331401 1.9216 
1.04066 0.308285 0.274601 1.9734 
0.866983 0.564968 0.263635 1.69168 
0.96228 0.472703 0.269517 1.84654 
0.939387 0.474304 0.334939 1.81053 
0.939102 0.499169 0.303552 1.81181 
0.766689 0.619416 -0.0393869 1.51347 
0.779122 0.609972 0.050513 1.53339 
0.707761 0.655319 0.0127045 1.41238 
0.745258 0.630223 -0.00203093 1.47509 
0.895726 0.449682 0.0840314 1.71565 
0.921296 0.430888 0.135122 1.7579 
0.877463 0.535845 0.198104 1.69849 
0.895049 0.458637 0.130279 1.7036 
0.785984 0.625216 -0.145876 1.54721 
0.743812 0.567438 -0.109083 1.44638 
0.723111 0.556308 -0.142308 1.42728 
0.746718 0.576415 -0.129284 1.4713 
0.575435 0.630234 -0.027551 1.17915 
0.442764 0.536551 0.0340159 0.926325 
0.580929 0.567518 -0.0389016 1.16998 
0.494108 0.575518 -0.00848264 1.02581 
0.799549 0.6327 -0.115374 1.57219 
0.659021 0.646156 -0.0748565 1.32084 
0.711102 0.585712 -0.108163 1.40334 
0.746958 0.639906 -0.0907766 1.47601 
0.824118 0.555484 0.101058 1.60274 
0.879072 0.470706 0.0842554 1.68784 
0.840331 0.563869 0.170379 1.6336 
0.862357 0.530546 0.126692 1.66941 
0.695621 0.650577 0.0547001 1.38842 
0.791657 0.610105 0.0870469 1.55454 
0.786555 0.620792 0.158876 1.54698 
0.761214 0.636789 0.108823 1.50407 
0.803721 0.554234 -0.072943 1.56494 
0.826745 0.522608 -0.096787 1.60068 
0.829428 0.512055 -0.0640871 1.60153 
0.82447 0.528566 -0.0804857 1.59638 
0.906623 0.456624 -0.0351098 1.73358 
0.906065 0.449817 -0.0442071 1.73183 
0.907103 0.435487 -0.0353223 1.7323 
0.90696 0.446907 -0.0381289 1.73315 
0.901522 0.44466 -0.0128975 1.72323 
0.905765 0.454996 -0.0285112 1.73204 
0.906599 0.433016 -0.0267148 1.73087 
0.904316 0.443575 -0.0238664 1.72754 
0.906004 0.515767 -0.0379908 1.74307 
0.91074 0.534912 -0.0443461 1.7538 
0.909191 0.516425 -0.0432683 1.74863 
0.908952 0.522599 -0.0426116 1.74959 
0.650219 0.651833 0.0577773 1.31136 
0.736312 0.635538 0.183873 1.46091 
0.557686 0.591329 0.0968816 1.14058 
0.668652 0.656194 0.0953039 1.34561 
0.908864 0.411319 0.00540024 1.73213 
0.899896 0.432754 0.0368545 1.71725 
0.897639 0.433493 0.0041684 1.7146 
0.90324 0.422317 0.0117831 1.72491 
0.907133 0.419744 -0.0241789 1.73013 
0.909947 0.410234 -0.0105013 1.73474 
0.901841 0.434026 -0.00779872 1.72222 
0.90639 0.42009 -0.012409 1.72912 
0.948073 0.365654 -0.0162506 1.79522 
0.945924 0.372055 -0.0667172 1.79253 
0.964846 0.31276 -0.0453087 1.8187 
0.955921 0.356257 -0.038198 1.8096 
0.916235 0.40395 -0.0434506 1.74596 
0.922705 0.403238 -0.0463312 1.75764 
0.918885 0.398679 -0.0240664 1.75048 
0.919025 0.400751 -0.0384411 1.75002 
0.913505 0.409277 -0.0533158 1.74164 
0.910954 0.42138 -0.0651692 1.73859 
0.918985 0.410546 -0.0582141 1.75107 
0.914673 0.41449 -0.0590517 1.74463 
0.999532 0.439864 0.247493 1.91167 
1.03388 0.3695 0.217121 1.96368 
0.990945 0.396021 0.333633 1.89609 
1.01152 0.396262 0.252411 1.92746 
0.952651 0.401837 0.131047 1.81356 
0.990617 0.38516 0.0953154 1.8837 
0.981016 0.453153 0.185268 1.87524 
0.975919 0.419937 0.139108 1.86383 
0.918804 0.402345 0.00285239 1.75047 
0.9328 0.389642 0.0108911 1.77437 
0.914477 0.418943 0.0437145 1.74066 
0.92088 0.402426 0.0203458 1.75118 
0.92117 0.397033 -0.0149394 1.75307 
0.926615 0.397479 -0.0428176 1.76253 
0.932918 0.385866 -0.0160853 1.77242 
0.929106 0.393523 -0.0250642 1.76885 
0.942331 0.37912 -0.0283696 1.78988 
0.930622 0.399508 -0.0538071 1.77035 
0.93889 0.388235 -0.0645803 1.78237 
0.936655 0.387566 -0.0520587 1.77766 
1.07773 0.330496 0.00915488 2.03763 
1.07721 0.332366 0.00922016 2.03671 
1.07763 0.331471 0.00631813 2.03693 
1.07753 0.331418 0.008278 2.03718 
1.07659 0.334382 0.009574 2.03568 
1.07603 0.336228 0.0096316 2.03461 
1.07645 0.335436 0.0078709 2.03486 
1.07634 0.335364 0.00901134 2.03506 
1.0773 0.332392 0.00572225 2.03601 
1.07695 0.333368 0.00867201 2.03614 
1.07663 0.334505 0.00687206 2.03492 
1.07703 0.333438 0.00715656 2.0359 
1.0779 0.330565 0.0110396 2.03782 
1.07775 0.331597 0.013638 2.03757 
1.07732 0.332399 0.010949 2.03686 
1.07765 0.331516 0.0118581 2.03739 
1.07927 0.329605 0.0236125 2.04129 
1.08046 0.325272 0.0257388 2.04334 
1.07871 0.330135 0.0279753 2.04091 
1.07928 0.328243 0.0258703 2.04163 
1.08123 0.320539 0.013303 2.04303 
1.0812 0.321536 0.0164925 2.0433 
1.08014 0.323986 0.0147948 2.04162 
1.08093 0.321972 0.0148107 2.04283 
1.0822 0.317866 0.013643 2.04456 
1.08385 0.313718 0.016232 2.04735 
1.0822 0.319036 0.0171027 2.04488 
1.08264 0.316721 0.0157157 2.0451 
1.07449 0.340656 0.0144487 2.03228 
1.07413 0.341691 0.0128915 2.03175 
1.07456 0.340308 0.012656 2.03244 
1.0744 0.340852 0.0132961 2.03222 
1.0756 0.337658 0.0135625 2.03408 
1.07488 0.339636 0.0147237 2.03289 
1.07494 0.339294 0.0128397 2.0331 
1.07511 0.338843 0.0137225 2.03328 
0.999587 0.495425 0.0695529 1.90986 
0.999536 0.495394 0.069676 1.90993 
0.999501 0.49553 0.0697835 1.90969 
0.999537 0.495418 0.0696446 1.90972 
0.869398 0.497528 0.139296 1.67773 
0.838919 0.491937 0.12894 1.60516 
0.866129 0.456727 0.112433 1.65151 
0.861981 0.475473 0.125449 1.649 
0.902822 0.404926 0.0781846 1.70927 
0.879387 0.482918 0.134766 1.69195 
0.881714 0.445095 0.0944292 1.67796 
0.888381 0.431141 0.104051 1.68792 
0.889129 0.503992 0.184717 1.71917 
0.893354 0.520975 0.208768 1.72769 
0.871255 0.539155 0.188814 1.69006 
0.885587 0.523526 0.19428 1.71273 
0.701925 0.60737 0.226769 1.39079 
0.839879 0.589993 0.206773 1.63965 
0.810514 0.604931 0.22418 1.60355 
0.819515 0.59671 0.203894 1.62782 
0.839171 0.557176 0.187527 1.63368 
0.81188 0.53112 0.182719 1.58337 
0.836505 0.562739 0.18846 1.62956 
0.836586 0.559112 0.179857 1.63023 
0.840734 0.547352 0.177669 1.63515 
0.802567 0.532624 0.162023 1.56212 
0.822866 0.520293 0.15547 1.59723 
0.818521 0.529713 0.162505 1.59125 
0.648152 0.618266 0.222418 1.30848 
0.809184 0.579056 0.174965 1.55521 
0.844338 0.582919 0.207941 1.64106 
0.789837 0.580664 0.213964 1.53842 
0.541044 0.579197 0.23824 1.11855 
0.515351 0.561057 0.241478 1.07061 
0.609316 0.596601 0.214265 1.23572 
0.517302 0.562934 0.241339 1.07407 
0.705007 0.558777 0.223514 1.38572 
0.427575 0.512361 0.19741 0.904123 
0.769964 0.510822 0.208381 1.49338 
0.621555 0.553084 0.19339 1.23585 
0.848054 0.50607 0.388556 1.65988 
0.87759 0.496993 0.376585 1.70863 
0.884716 0.478815 0.390175 1.72156 
0.869725 0.493676 0.386062 1.69571 
0.998337 0.497052 0.0709014 1.9079 
0.998164 0.497468 0.0695399 1.90752 
0.998849 0.496366 0.07022 1.90863 
0.99853 0.49696 0.0702469 1.90824 
0.999732 0.495394 0.0709491 1.9103 
0.999103 0.496219 0.0713271 1.90928 
0.999242 0.495934 0.0704938 1.90939 
0.999248 0.495793 0.0709575 1.90939 
1.00365 0.48685 0.0810296 1.91632 
1.00467 0.48733 0.0766894 1.91762 
1.00695 0.482757 0.0786394 1.92145 
1.00552 0.48579 0.0796748 1.91961 
1.00004 0.494145 0.0763666 1.91079 
1.00024 0.492064 0.0805645 1.91111 
0.999264 0.494636 0.0807701 1.9094 
0.999853 0.493528 0.0789975 1.91039 
1.00026 0.493156 0.0759048 1.91091 
1.0033 0.490051 0.076331 1.9167 
1.0019 0.490195 0.0792327 1.91406 
1.00132 0.491241 0.0771257 1.91267 
0.998434 0.497128 0.0728289 1.90816 
0.999068 0.496088 0.0747378 1.9092 
0.997516 0.498435 0.0743834 1.90666 
0.997933 0.497158 0.0744667 1.9069 
1.00188 0.492191 0.0707065 1.91382 
1.00179 0.492804 0.0687951 1.91369 
1.00265 0.490957 0.069339 1.91518 
1.00239 0.492045 0.0697445 1.91508 
1.00011 0.494856 0.0713118 1.91082 
1.00095 0.493597 0.0718905 1.91279 
1.00026 0.494331 0.0730422 1.91139 
1.00023 0.494259 0.072053 1.91107 
1.00022 0.494693 0.0708886 1.91109 
1.0006 0.494378 0.0702662 1.91182 
1.00066 0.493966 0.0709513 1.91191 
1.00055 0.494459 0.0707545 1.91192 
0.994045 0.50324 0.0689607 1.90136 
0.994862 0.502224 0.0730497 1.90232 
0.992967 0.505969 0.07257 1.89851 
0.994208 0.50376 0.0710439 1.90139 
0.999651 0.495345 0.0698185 1.91004 
0.99973 0.495307 0.0704259 1.9103 
0.999395 0.49563 0.0701372 1.90956 
0.99963 0.495417 0.07019 1.91007 
1.0008 0.494133 0.0695838 1.91209 
1.00075 0.494261 0.0690877 1.91216 
1.00119 0.493584 0.0690127 1.91277 
1.00099 0.493969 0.0693174 1.91249 
1.00029 0.494961 0.0697986 1.91127 
1.00046 0.49469 0.0699924 1.91165 
1.00018 0.494907 0.0703533 1.91106 
1.00027 0.494865 0.0700734 1.9112 
1.00033 0.494925 0.0696776 1.91133 
1.00027 0.494905 0.0695525 1.91125 
1.00039 0.49477 0.0696889 1.91149 
1.00035 0.494898 0.0696136 1.91148 
0.88109 0.553891 0.2763 1.71759 
0.867089 0.567863 0.268 1.69405 
0.887432 0.555571 0.26469 1.72628 
0.878113 0.559119 0.270808 1.71236 
0.849586 0.581234 0.261698 1.66336 
0.839102 0.585863 0.26221 1.64518 
0.841759 0.589818 0.251256 1.64993 
0.843215 0.585997 0.257725 1.65216 
0.928215 0.52654 0.249674 1.79346 
0.923678 0.521646 0.268493 1.786 
0.907534 0.54109 0.260246 1.75892 
0.92053 0.529347 0.26098 1.78092 
0.839236 0.567738 0.297473 1.64412 
0.819896 0.575193 0.299107 1.61163 
0.829161 0.582836 0.276995 1.62715 
0.829536 0.576699 0.289309 1.62786 
0.888401 0.533492 0.302811 1.72887 
0.866704 0.550564 0.301978 1.69177 
0.882773 0.546165 0.290057 1.71937 
0.878631 0.543219 0.298014 1.71261 
0.889772 0.528757 0.309536 1.73 
0.885115 0.523808 0.324728 1.72164 
0.866302 0.54847 0.309457 1.69072 
0.880046 0.533067 0.316693 1.71395 
0.823036 0.594023 0.262291 1.61721 
0.829374 0.593842 0.256718 1.62786 
0.829612 0.589069 0.263262 1.62818 
0.827968 0.592828 0.259663 1.62663 
0.935433 0.5461 0.181212 1.80279 
0.930816 0.558528 0.167281 1.79624 
0.946584 0.545087 0.162794 1.82287 
0.938924 0.548858 0.170888 1.80944 
0.956393 0.515794 0.212792 1.84007 
0.942864 0.533207 0.200911 1.81726 
0.956541 0.517125 0.19504 1.83905 
0.951508 0.520811 0.203855 1.83169 
0.901619 0.566552 0.218025 1.74929 
0.885551 0.581432 0.211687 1.72201 
0.892655 0.578393 0.196361 1.73367 
0.891847 0.57496 0.20794 1.73212 
0.857621 0.606281 0.185674 1.67513 
0.883103 0.588097 0.18837 1.71787 
0.873851 0.59099 0.203058 1.70233 
0.871741 0.594802 0.193643 1.69875 
0.885258 0.601246 0.14141 1.71959 
0.907866 0.579002 0.162701 1.75644 
0.89425 0.585584 0.170697 1.73524 
0.896942 0.587364 0.160818 1.7386 
0.856818 0.610933 0.168986 1.6738 
0.870462 0.609157 0.143336 1.69493 
0.881881 0.593537 0.175382 1.71573 
0.869123 0.605229 0.16112 1.69409 
0.834799 0.608778 0.210474 1.63694 
0.843928 0.611753 0.190528 1.6522 
0.862498 0.595413 0.209886 1.68361 
0.847554 0.605793 0.203365 1.6585 
0.581772 0.638659 0.0703574 1.19318 
0.600837 0.641958 0.0992663 1.22785 
0.569445 0.632584 0.0849276 1.17132 
0.583792 0.638077 0.083954 1.19693 
0.744005 0.654167 -0.00904509 1.47762 
0.582607 0.643638 0.0436702 1.19542 
0.629826 0.659683 -1.12029e-05 1.27787 
0.631132 0.651345 0.0196749 1.2804 
0.669149 0.658829 0.0958945 1.35146 
0.709271 0.659631 0.114449 1.42217 
0.68999 0.655403 0.129638 1.38845 
0.68922 0.658923 0.115071 1.38764 
0.704452 0.665324 0.0187602 1.40803 
0.635284 0.655239 0.0621143 1.28846 
0.602976 0.648098 0.049522 1.23274 
0.62863 0.656653 0.0387306 1.27709 
0.741905 0.666675 0.0151947 1.4787 
0.736881 0.666995 0.0377382 1.46965 
0.665769 0.663302 0.0543915 1.34563 
0.707788 0.668579 0.0381366 1.41975 
0.789438 0.649594 0.11573 1.55991 
0.772843 0.646464 0.148936 1.53119 
0.750476 0.655728 0.124566 1.49266 
0.769334 0.650709 0.128533 1.52473 
0.675847 0.649322 0.146961 1.36042 
0.667885 0.64577 0.159241 1.34824 
0.63833 0.646689 0.130345 1.29572 
0.66003 0.647375 0.146736 1.33417 
0.649397 0.65457 0.0958713 1.31342 
0.673608 0.65284 0.13097 1.35667 
0.636823 0.649395 0.11405 1.29284 
0.653696 0.652691 0.113118 1.32117 
0.768466 0.630865 0.207935 1.5245 
0.801514 0.61932 0.218432 1.5816 
0.76751 0.627013 0.219415 1.52311 
0.780422 0.625996 0.215651 1.5454 
0.691329 0.635372 0.205137 1.38911 
0.691459 0.639688 0.189368 1.38908 
0.730734 0.632119 0.214574 1.45803 
0.705059 0.63642 0.203358 1.41304 
0.780676 0.636113 0.184314 1.54493 
0.805261 0.622119 0.20855 1.58858 
0.773927 0.63427 0.197791 1.53719 
0.78776 0.631132 0.196856 1.55872 
0.960468 0.547205 0.0645244 1.84663 
0.9667 0.541571 0.0522476 1.85568 
0.972804 0.529353 0.0732405 1.86553 
0.967979 0.539308 0.0638468 1.85897 
0.812417 0.593584 0.2709 1.59927 
0.825152 0.588385 0.270008 1.62085 
0.809195 0.585265 0.290301 1.59386 
0.814186 0.589541 0.277926 1.60243 
0.866415 0.589835 0.219001 1.69029 
0.859036 0.58846 0.231763 1.678 
0.83914 0.602578 0.221584 1.64443 
0.855209 0.593703 0.224675 1.67151 
0.880626 0.581414 0.221302 1.71405 
0.898119 0.565306 0.229165 1.74359 
0.873615 0.579141 0.233602 1.70239 
0.883279 0.574697 0.227507 1.71847 
1.04094 0.424495 0.063609 1.97667 
1.0352 0.435876 0.0595325 1.96842 
1.03974 0.428739 0.0506237 1.97507 
1.03847 0.429401 0.0585894 1.97267 
1.04739 0.408919 0.0834425 1.98774 
1.04546 0.415894 0.0730638 1.98506 
1.05068 0.405734 0.0737766 1.99322 
1.0477 0.410004 0.0767339 1.98868 
1.03636 0.428048 0.0892569 1.96858 
1.03378 0.435867 0.0811842 1.96595 
1.03991 0.423984 0.0770436 1.97469 
1.0371 0.428597 0.083378 1.97034 
1.01109 0.478836 0.0622973 1.92893 
1.00919 0.482682 0.0648771 1.92577 
1.00758 0.485405 0.0616058 1.92288 
1.00835 0.483069 0.0613081 1.92433 
1.01536 0.46938 0.0814758 1.9357 
1.01452 0.468191 0.0861042 1.93381 
1.01182 0.475433 0.080095 1.92944 
1.01375 0.470915 0.0825819 1.93248 
1.0217 0.454656 0.09376 1.94643 
1.01682 0.46058 0.0913551 1.93719 
1.02204 0.45271 0.0852324 1.94576 
1.0196 0.45481 0.0897962 1.9413 
1.01292 0.470209 0.101495 1.93176 
1.00841 0.477242 0.101452 1.92458 
1.01368 0.467748 0.0954478 1.93292 
1.01177 0.472563 0.0990713 1.93018 
1.00098 0.48175 0.110825 1.91399 
1.00596 0.478162 0.10455 1.92034 
1.00581 0.474877 0.113333 1.92079 
1.00427 0.478227 0.109426 1.91907 
1.00134 0.487928 0.0958409 1.91301 
1.0059 0.481082 0.0917649 1.92026 
1.00526 0.482234 0.0974127 1.9196 
1.00443 0.483642 0.0948836 1.91817 
1.00151 0.489155 0.0912189 1.91369 
1.00183 0.488925 0.0851711 1.9139 
1.00408 0.484115 0.0885453 1.91704 
1.00235 0.487799 0.088731 1.91491 
0.999438 0.492111 0.0893148 1.91003 
0.998296 0.494763 0.08413 1.90743 
1.00083 0.490896 0.0840279 1.9125 
0.999317 0.492793 0.085156 1.90973 
0.996641 0.499415 0.0759101 1.90501 
0.999227 0.495326 0.0759321 1.90945 
0.997608 0.497366 0.0790173 1.90658 
0.998284 0.497517 0.0768393 1.90827 
0.992015 0.506395 0.0775792 1.8983 
0.995404 0.501907 0.0752547 1.90339 
0.995592 0.501013 0.0807724 1.90398 
0.99364 0.503239 0.0786783 1.90021 
0.998985 0.496316 0.0723394 1.90894 
0.999908 0.495097 0.0713187 1.91045 
0.999581 0.495379 0.0733219 1.90991 
0.999697 0.495577 0.0722437 1.91018 
0.991512 0.505594 0.0847433 1.89717 
0.989388 0.508441 0.0794836 1.89443 
0.995199 0.500404 0.0837077 1.90287 
0.992443 0.505246 0.0827198 1.89904 
1.00119 0.493698 0.0686284 1.91281 
1.00106 0.494516 0.0687654 1.9128 
1.0012 0.494591 0.0684825 1.91319 
1.00106 0.494161 0.0685603 1.91275 
1.00109 0.494033 0.0677884 1.91266 
1.00134 0.493557 0.0681222 1.91307 
1.00113 0.49451 0.0682453 1.91299 
1.00113 0.49395 0.0680119 1.91269 
1.00394 0.489869 0.0693697 1.91654 
1.00346 0.489839 0.0726238 1.91766 
1.00229 0.491982 0.0717402 1.91476 
1.0027 0.49064 0.0709265 1.91544 
1.00851 0.481471 0.0747678 1.92454 
1.00599 0.486426 0.0749732 1.9207 
1.00816 0.483774 0.0706008 1.92459 
1.00725 0.484098 0.0732546 1.9222 
1.00134 0.493304 0.0703969 1.91344 
1.00097 0.494012 0.0699735 1.91242 
1.00152 0.493209 0.0692294 1.9133 
1.0012 0.493478 0.0697604 1.9127 
0.997426 0.496591 0.0853296 1.90632 
0.997178 0.494761 0.091632 1.90626 
0.99402 0.501758 0.0888999 1.90132 
0.996477 0.497045 0.0895671 1.90459 
1.00903 0.479908 0.0810586 1.92518 
1.00665 0.481075 0.085077 1.92093 
1.00376 0.486502 0.083606 1.91673 
1.00585 0.482483 0.0831271 1.91936 
1.01759 0.465151 0.0713735 1.93794 
1.01658 0.470401 0.0640036 1.93683 
1.02046 0.462722 0.0633782 1.94229 
1.01942 0.465274 0.0664245 1.94231 
1.01529 0.462994 0.0878985 1.93424 
1.01644 0.467208 0.0810693 1.9381 
1.02024 0.457628 0.0820425 1.94242 
1.0182 0.462231 0.0839651 1.93985 
1.01189 0.475887 0.0762954 1.92906 
1.01505 0.471993 0.068295 1.93477 
1.01557 0.46908 0.0753159 1.93387 
1.01382 0.472213 0.0731925 1.93135 
0.79424 0.552347 0.359196 1.56789 
0.831249 0.540799 0.354901 1.631 
0.81769 0.531595 0.376086 1.60813 
0.815184 0.541387 0.364543 1.60386 
0.76847 0.526265 0.404741 1.52689 
0.746546 0.546971 0.381244 1.48924 
0.797632 0.526464 0.392878 1.57683 
0.77229 0.53315 0.395205 1.5338 
0.769812 0.595899 0.294288 1.52501 
0.800392 0.597099 0.275499 1.57773 
0.795805 0.585063 0.30225 1.57065 
0.789741 0.596438 0.287011 1.56001 
0.698425 0.592215 0.311185 1.40904 
0.740191 0.591174 0.310358 1.47186 
0.752644 0.574329 0.338436 1.49664 
0.727362 0.586258 0.319853 1.4533 
0.694283 0.602622 0.288169 1.39451 
0.777221 0.609737 0.258331 1.53646 
0.734396 0.601536 0.289407 1.46744 
0.729849 0.612219 0.272566 1.45455 
0.792763 0.562282 0.345471 1.56552 
0.807967 0.56908 0.324283 1.59134 
0.827484 0.549551 0.343967 1.62467 
0.809714 0.561228 0.33749 1.59437 
0.829633 0.595511 0.25534 1.62671 
0.818773 0.598179 0.259159 1.60962 
0.819477 0.601191 0.253281 1.61032 
0.82298 0.598184 0.255265 1.61576 
0.831321 0.593263 0.255911 1.63139 
0.833279 0.591345 0.255398 1.63469 
0.833094 0.589568 0.260431 1.63452 
0.831477 0.590914 0.257235 1.63108 
0.836481 0.582349 0.27061 1.64012 
0.851199 0.576084 0.270146 1.66576 
0.846236 0.569424 0.288049 1.6569 
0.844014 0.576265 0.277258 1.65346 
1.03668 0.435349 0.0452591 1.96997 
1.0327 0.43957 0.0546853 1.96363 
1.03053 0.447376 0.0435101 1.96075 
1.03314 0.441167 0.0468368 1.96511 
1.044 0.423929 0.0286023 1.98252 
1.04044 0.428482 0.0373816 1.97633 
1.03801 0.435495 0.0263701 1.97264 
1.04067 0.429333 0.0300631 1.977 
1.04662 0.417518 0.0332964 1.98659 
1.04825 0.413167 0.044103 1.98926 
1.04256 0.423854 0.0418755 1.97974 
1.04595 0.418386 0.0397817 1.98551 
1.06742 0.359439 0.06476 2.0177 
1.06858 0.357984 0.0522532 2.02007 
1.07022 0.352854 0.0565884 2.02298 
1.06906 0.356657 0.0576084 2.02098 
1.06267 0.374677 0.0511039 2.00965 
1.06409 0.371715 0.0430726 2.01209 
1.06639 0.365047 0.0473666 2.01618 
1.06429 0.370544 0.0472779 2.01238 
1.05224 0.402395 0.0530693 1.99542 
1.05712 0.387399 0.0560576 2.00183 
1.05326 0.397596 0.0629837 1.99662 
1.05458 0.395979 0.0569767 1.99894 
1.05762 0.389561 0.0269208 2.00192 
1.05649 0.393294 0.0157347 2.00009 
1.05939 0.385896 0.0174807 2.00459 
1.05786 0.389405 0.0200255 2.00212 
1.05299 0.401186 0.0475643 1.99656 
1.05666 0.391022 0.039299 2.00115 
1.05812 0.385822 0.0497764 2.00331 
1.05569 0.392529 0.0456881 1.99991 
1.05101 0.406716 0.0431184 1.99355 
1.04958 0.411276 0.0311892 1.99141 
1.05422 0.397605 0.0346855 1.99788 
1.05166 0.405543 0.036216 1.99452 
1.06375 0.37408 0.0277384 2.01177 
1.0651 0.370421 0.0291948 2.01437 
1.06412 0.372505 0.0346417 2.01227 
1.06436 0.372286 0.0304726 2.01286 
1.06074 0.382163 0.0197504 2.00676 
1.06191 0.378801 0.0245352 2.00858 
1.05891 0.385985 0.0290713 2.00386 
1.0606 0.382275 0.0244894 2.00656 
1.05937 0.385676 0.00334718 2.00449 
1.05963 0.385007 0.0116706 2.00496 
1.05653 0.392658 0.0100463 1.99981 
1.05874 0.387836 0.00828963 2.00375 
1.06177 0.380864 0.0028618 2.00873 
1.06352 0.375775 0.00944496 2.01186 
1.06176 0.380666 0.0113122 2.00874 
1.06223 0.378832 0.00810864 2.00929 
1.06769 0.363886 0.0216574 2.02099 
1.06768 0.363896 0.0195846 2.02112 
1.06762 0.36301 0.0207112 2.0217 
1.06765 0.363624 0.0207043 2.02123 
1.06417 0.373226 0.0245618 2.01272 
1.06567 0.368904 0.0223019 2.01591 
1.06537 0.369457 0.0262903 2.01504 
1.0651 0.370491 0.0242715 2.01458 
1.06542 0.370498 0.0130738 2.01581 
1.06644 0.367484 0.0143349 2.01762 
1.06605 0.368066 0.0181651 2.01684 
1.06586 0.368544 0.0151462 2.01646 
1.04831 0.395299 0.115555 1.98731 
1.043 0.404016 0.12606 1.97863 
1.04289 0.406185 0.115687 1.9782 
1.04513 0.401523 0.119566 1.98225 
1.01224 0.43055 0.207374 1.93181 
1.00801 0.430427 0.222477 1.9242 
1.00201 0.440836 0.219409 1.91334 
1.00813 0.432872 0.216005 1.92347 
1.02515 0.415876 0.177269 1.95321 
1.0249 0.410282 0.19112 1.95357 
1.01835 0.425199 0.194738 1.94325 
1.0232 0.416763 0.187174 1.95032 
1.01216 0.452927 0.15349 1.93193 
1.01851 0.443561 0.144572 1.94334 
1.01591 0.444162 0.161018 1.9381 
1.01582 0.446971 0.152342 1.93796 
1.02834 0.422876 0.153147 1.95911 
1.0329 0.412155 0.157412 1.96645 
1.0284 0.420009 0.165464 1.95956 
1.02962 0.418775 0.159129 1.9619 
1.0172 0.405413 0.235644 1.94194 
1.01746 0.39429 0.253692 1.94277 
1.0097 0.411069 0.251853 1.92793 
1.01581 0.403519 0.247094 1.93992 
1.04654 0.348638 0.21479 1.98708 
1.03986 0.359884 0.22567 1.97726 
1.04065 0.367107 0.208964 1.97822 
1.04231 0.358211 0.217054 1.98077 
1.05872 0.32831 0.198871 2.00647 
1.05285 0.340472 0.208746 1.99747 
1.05282 0.345689 0.197291 1.99699 
1.05488 0.33768 0.201921 2.0003 
1.06368 0.336287 0.162376 2.01726 
1.06783 0.325007 0.160086 2.02334 
1.0659 0.325759 0.169215 2.01992 
1.06563 0.329084 0.163849 2.01981 
1.08804 0.228588 0.197562 2.05223 
1.08954 0.238706 0.181006 2.05565 
1.09598 0.214425 0.185513 2.06706 
1.08714 0.231127 0.183753 2.04927 
1.06413 0.312265 0.197624 2.015 
1.06929 0.296914 0.196451 2.02381 
1.06488 0.306305 0.208517 2.01678 
1.06616 0.305042 0.200911 2.01857 
1.0819 0.272086 0.165331 2.04358 
1.08259 0.277328 0.156187 2.04511 
1.08485 0.26615 0.157291 2.04839 
1.08325 0.271369 0.159497 2.04583 
1.05406 0.274065 0.27841 2.0017 
1.06551 0.241934 0.271217 2.01909 
1.05447 0.248472 0.297846 2.00452 
1.05743 0.254802 0.283036 2.0043 
0.979271 0.466669 0.241521 1.87962 
0.969993 0.479686 0.243273 1.86252 
0.979907 0.47592 0.22263 1.87796 
0.976558 0.473265 0.236025 1.8733 
1.06271 0.323933 0.188979 2.01367 
1.06004 0.337689 0.182039 2.01041 
1.06433 0.326312 0.180329 2.01703 
1.06203 0.329481 0.184082 2.01287 
1.04206 0.367083 0.204141 1.9808 
1.04933 0.354514 0.198546 1.99175 
1.04844 0.349824 0.208712 1.99027 
1.0468 0.357998 0.204231 1.98816 
1.04165 0.372576 0.198082 1.98107 
1.04545 0.371728 0.184718 1.98467 
1.04789 0.36084 0.192904 1.98944 
1.04524 0.368342 0.191841 1.98558 
1.0276 0.390425 0.217063 1.95713 
1.02277 0.402341 0.219395 1.95002 
1.02672 0.399167 0.203317 1.95588 
1.02621 0.397161 0.212789 1.9553 
1.02546 0.377844 0.247513 1.95569 
1.03014 0.377966 0.22799 1.96114 
1.03364 0.365674 0.234709 1.96656 
1.02995 0.372758 0.237067 1.96086 
1.02327 0.38672 0.246986 1.95137 
1.02177 0.400008 0.230136 1.94943 
1.02736 0.385239 0.228178 1.95676 
1.02379 0.391639 0.235067 1.95224 
1.03433 0.348839 0.258684 1.96637 
1.02606 0.371757 0.255849 1.95472 
1.03487 0.357739 0.240916 1.96812 
1.03236 0.359727 0.25111 1.96489 
1.05092 0.334257 0.222404 1.99388 
1.05273 0.321804 0.236281 1.99727 
1.04912 0.333419 0.235321 1.99159 
1.05131 0.330683 0.230899 1.99501 
0.999089 0.34552 0.354895 1.91452 
0.982108 0.348851 0.384715 1.88642 
0.983048 0.370313 0.366336 1.88778 
0.987969 0.355758 0.368053 1.89689 
1.00242 0.37378 0.323293 1.91849 
1.00228 0.354859 0.339775 1.92029 
0.98916 0.375129 0.350226 1.89697 
0.998415 0.367337 0.338459 1.9126 
1.02313 0.343087 0.299171 1.94967 
1.02818 0.319843 0.308834 1.95851 
1.01694 0.33443 0.324422 1.94031 
1.02264 0.33154 0.310747 1.94835 
1.04573 0.299322 0.277918 1.98692 
1.03802 0.308211 0.291916 1.97404 
1.0383 0.324726 0.271728 1.97374 
1.04048 0.310118 0.280248 1.97689 
1.01018 0.300612 0.368244 1.92929 
0.989399 0.330131 0.386627 1.89531 
1.00713 0.329516 0.352077 1.92421 
1.00289 0.318308 0.369763 1.91686 
1.0431 0.258723 0.325934 1.98256 
1.02888 0.277201 0.346591 1.95803 
1.03573 0.292245 0.31538 1.96928 
1.03528 0.2748 0.329221 1.96834 
1.05261 0.215105 0.32781 1.99989 
1.06914 0.162635 0.330195 2.02301 
1.03712 0.184601 0.389845 1.9748 
1.0506 0.176507 0.352448 1.9917 
1.04804 0.28395 0.28429 1.9903 
1.04656 0.261523 0.3073 1.98815 
1.03905 0.29271 0.302064 1.9748 
1.0457 0.281238 0.297261 1.98739 
1.04567 0.329972 0.241802 1.98616 
1.05007 0.317304 0.24462 1.99347 
1.04095 0.332444 0.256134 1.97917 
1.04534 0.3247 0.248035 1.98597 
1.0382 0.351972 0.238718 1.97398 
1.04228 0.337957 0.240384 1.9807 
1.04101 0.340605 0.254702 1.97571 
1.03904 0.344041 0.245402 1.97536 
1.04014 0.353313 0.232021 1.97699 
1.04849 0.341256 0.220769 1.99067 
1.04479 0.341112 0.232773 1.98438 
1.04457 0.346469 0.228122 1.98404 
1.07078 0.295739 0.188257 2.02619 
1.06601 0.31056 0.190885 2.01842 
1.07199 0.300659 0.178874 2.02848 
1.06949 0.302075 0.18599 2.02399 
1.07778 0.279903 0.174737 2.03734 
1.07382 0.287491 0.183465 2.03114 
1.07453 0.293628 0.174607 2.03227 
1.0755 0.286678 0.177698 2.03399 
1.08063 0.283829 0.159051 2.04227 
1.07954 0.278947 0.168103 2.04011 
1.07637 0.29263 0.168775 2.03554 
1.07876 0.285209 0.165217 2.03897 
1.08507 0.26151 0.160879 2.04855 
1.08478 0.259669 0.171052 2.04876 
1.08236 0.267946 0.169413 2.04433 
1.08438 0.263303 0.167327 2.04767 
1.08038 0.258279 0.194579 2.04141 
1.08089 0.251783 0.205962 2.04351 
1.07602 0.265035 0.20631 2.03435 
1.07855 0.258247 0.201527 2.03794 
1.07101 0.284127 0.208526 2.02664 
1.06617 0.298506 0.211736 2.01851 
1.07098 0.289792 0.198974 2.02689 
1.06958 0.291138 0.207164 2.02485 
1.05609 0.316182 0.232135 2.0032 
1.05346 0.330102 0.219123 1.9976 
1.05996 0.311794 0.219626 2.00793 
1.05618 0.31868 0.22301 2.00181 
1.04099 0.326259 0.262799 1.97764 
1.05104 0.308702 0.249471 1.99524 
1.04839 0.302108 0.266326 1.99084 
1.04727 0.313572 0.260023 1.98964 
1.05427 0.332689 0.213002 1.99896 
1.06089 0.320556 0.202039 2.00999 
1.06075 0.315546 0.212775 2.00951 
1.05898 0.32348 0.209815 2.00721 
1.0183 0.14614 0.443621 1.9372 
1.01403 -0.0106266 0.434185 1.92913 
0.985845 0.0507468 0.493873 1.89162 
1.0024 0.0716697 0.460609 1.91421 
1.06993 0.219857 0.27129 2.02442 
1.06766 0.187451 0.29455 2.01838 
1.05739 0.226702 0.303079 2.0046 
1.06997 0.216347 0.290294 2.02442 
1.07705 0.212938 0.253674 2.03948 
1.09 0.189432 0.227596 2.05829 
1.08299 0.16955 0.262536 2.05393 
1.07995 0.189901 0.245255 2.03947 
1.00807 0.402504 0.275611 1.92402 
1.00703 0.410569 0.262117 1.92367 
1.01584 0.392231 0.265385 1.93856 
1.0101 0.401137 0.267701 1.92752 
1.05832 0.362459 0.139896 2.00486 
1.05557 0.37396 0.133488 2.00117 
1.06115 0.360909 0.130242 2.0102 
1.05799 0.366122 0.134985 2.00468 
1.05735 0.346844 0.174839 2.0066 
1.05465 0.357233 0.170463 2.00257 
1.05952 0.346075 0.1654 2.01069 
1.05697 0.350373 0.170413 2.00629 
1.04957 0.379086 0.15034 1.99027 
1.05241 0.378271 0.138346 1.99538 
1.05505 0.367838 0.145788 1.99937 
1.05282 0.374767 0.144522 1.99603 
1.03562 0.383847 0.196722 1.97148 
1.02973 0.397517 0.19408 1.96226 
1.03572 0.392824 0.185036 1.97011 
1.03401 0.391796 0.191903 1.96913 
1.03995 0.400939 0.151729 1.97568 
1.04159 0.402343 0.14015 1.97714 
1.04401 0.391747 0.15068 1.98202 
1.0422 0.398332 0.147461 1.97888 
1.03825 0.396796 0.171582 1.97578 
1.03875 0.400268 0.158706 1.97559 
1.04369 0.388646 0.15849 1.98343 
1.04008 0.394611 0.163444 1.97802 
1.03209 0.41925 0.147482 1.96327 
1.03924 0.408361 0.138753 1.9736 
1.03677 0.408086 0.149682 1.97095 
1.03601 0.411941 0.144579 1.96852 
0.838447 0.519456 0.379229 1.64345 
0.84739 0.529867 0.357901 1.65835 
0.868198 0.508512 0.369565 1.69331 
0.852098 0.52023 0.368537 1.66611 
0.792005 0.510723 0.416601 1.56757 
0.817839 0.512989 0.400457 1.61061 
0.831708 0.491 0.419391 1.63555 
0.813271 0.505475 0.412242 1.60385 
0.79943 0.534486 0.382439 1.5781 
0.751664 0.553824 0.371499 1.49713 
0.774022 0.555317 0.362693 1.53398 
0.77449 0.548481 0.372074 1.5352 
0.802258 0.600351 0.265527 1.58146 
0.762269 0.606682 0.275578 1.51545 
0.796548 0.60525 0.253602 1.57345 
0.787509 0.604178 0.266548 1.55911 
0.81688 0.471964 0.445925 1.60845 
0.788997 0.50177 0.426889 1.56202 
0.831813 0.481623 0.430205 1.6363 
0.813586 0.485057 0.436024 1.60447 
0.708012 0.488787 0.456456 1.41918 
0.75359 0.44631 0.493009 1.49838 
0.681615 0.453907 0.471683 1.37277 
0.718121 0.467848 0.474786 1.43677 
0.580879 0.535015 0.352899 1.19126 
0.652705 0.518523 0.413186 1.32172 
0.55143 0.508472 0.356193 1.13633 
0.594247 0.524488 0.372501 1.21533 
0.691937 0.536055 0.398128 1.39068 
0.740775 0.520868 0.416034 1.47695 
0.704455 0.515551 0.424575 1.41305 
0.714975 0.524707 0.414868 1.43173 
0.553718 0.586837 0.231694 1.13615 
0.495844 0.550305 0.240327 1.03497 
0.455201 0.525424 0.214588 0.956509 
0.474402 0.544326 0.210919 0.993142 
0.634351 0.59111 0.290813 1.29091 
0.605413 0.579469 0.297421 1.23818 
0.582204 0.587507 0.258553 1.19486 
0.606216 0.585089 0.287531 1.23987 
0.582135 0.56659 0.304352 1.19409 
0.560633 0.551347 0.310722 1.15361 
0.534027 0.55632 0.275677 1.10539 
0.558214 0.558521 0.29692 1.14975 
0.80881 0.391375 0.52402 1.59393 
0.866632 0.325663 0.537749 1.69071 
0.800762 0.335038 0.544077 1.58176 
0.830695 0.354843 0.536829 1.63062 
0.551246 0.492955 0.380766 1.13534 
0.667031 0.502602 0.430973 1.34607 
0.62217 0.465809 0.442794 1.26402 
0.623967 0.489759 0.418368 1.26835 
0.833574 0.437979 0.471995 1.63613 
0.875285 0.39424 0.482868 1.70628 
0.821159 0.419268 0.495979 1.61547 
0.843861 0.418506 0.482809 1.65275 
0.849718 0.450002 0.450304 1.66508 
0.85936 0.463559 0.434096 1.68326 
0.896298 0.428128 0.433085 1.74485 
0.868538 0.447011 0.43834 1.69813 
0.668817 0.520916 0.41198 1.34974 
0.60399 0.54017 0.358256 1.23089 
0.661061 0.54145 0.384667 1.33636 
0.644828 0.534888 0.387388 1.30793 
0.494577 0.542404 0.248988 1.02955 
0.460757 0.514896 0.250492 0.966758 
0.447036 0.516202 0.224677 0.940763 
0.469472 0.524598 0.239255 0.983041 
0.580586 0.57342 0.290883 1.19189 
0.535833 0.562901 0.265202 1.1087 
0.558753 0.577002 0.262272 1.15191 
0.558202 0.572468 0.271321 1.15058 
0.534637 0.542284 0.302418 1.10644 
0.483318 0.520676 0.266589 1.00944 
0.512094 0.547526 0.267873 1.06553 
0.510495 0.53891 0.278203 1.06127 
0.953239 0.430532 0.356532 1.834 
0.941577 0.450666 0.350105 1.81491 
0.969179 0.425003 0.336674 1.85986 
0.956295 0.43526 0.348262 1.8392 
0.939182 0.407237 0.402938 1.8164 
0.951291 0.415386 0.375175 1.83327 
0.966297 0.392592 0.374526 1.85987 
0.952148 0.405874 0.383079 1.83619 
0.915168 0.456275 0.38145 1.77193 
0.928505 0.459347 0.358715 1.79326 
0.939398 0.439535 0.368653 1.8117 
0.926927 0.452111 0.369949 1.79009 
1.0008 0.494567 0.068136 1.91224 
1.00101 0.494956 0.0684067 1.91296 
1.0007 0.495348 0.0686876 1.91252 
1.0009 0.495065 0.0684972 1.9127 
1.00034 0.495229 0.0670286 1.91138 
1.00065 0.49472 0.0675596 1.91186 
1.0003 0.495315 0.0676243 1.91134 
1.00048 0.495095 0.0674518 1.91165 
1.00191 0.493618 0.0644999 1.91404 
1.00068 0.493582 0.0628062 1.91145 
1.00143 0.493096 0.0610821 1.91276 
1.00181 0.493885 0.0627898 1.91382 
1.01153 0.458793 0.137635 1.93143 
1.01721 0.447767 0.139407 1.94106 
1.01168 0.456184 0.146865 1.93101 
1.01305 0.454057 0.141915 1.93425 
1.00076 0.47598 0.137559 1.9122 
1.00698 0.465434 0.137227 1.92332 
1.00634 0.463916 0.145907 1.9222 
1.00477 0.468934 0.139776 1.91964 
1.01062 0.466587 0.120736 1.92898 
1.01714 0.456195 0.120612 1.93802 
1.01172 0.462303 0.127678 1.93198 
1.013 0.461648 0.123327 1.93169 
1.03074 0.430525 0.123533 1.95915 
1.02892 0.429188 0.138023 1.9576 
1.02527 0.437649 0.135393 1.95088 
1.02891 0.432867 0.131728 1.95577 
1.00347 0.467051 0.150189 1.91742 
0.997302 0.478355 0.150784 1.90662 
0.999158 0.479449 0.1397 1.90951 
0.999512 0.474845 0.147263 1.91016 
1.04394 0.398495 0.136293 1.9805 
1.0501 0.384588 0.136276 1.99099 
1.04715 0.387281 0.146818 1.98708 
1.04683 0.390484 0.139971 1.98599 
1.05055 0.359048 0.186919 1.99431 
1.04767 0.370724 0.180887 1.98995 
1.05129 0.364175 0.175717 1.99666 
1.0496 0.364974 0.180927 1.99289 
1.00167 0.493337 0.0667423 1.91315 
1.00155 0.493177 0.06796 1.91326 
1.00111 0.49396 0.0674311 1.91233 
1.00162 0.493422 0.0674473 1.91347 
1.00493 0.486944 0.0730742 1.91866 
1.00403 0.489075 0.0683277 1.91782 
1.00627 0.485043 0.0699143 1.9212 
1.00557 0.486608 0.0704346 1.92016 
1.0022 0.491105 0.0745761 1.91444 
1.00065 0.493164 0.0745272 1.9116 
1.00148 0.492438 0.0724328 1.91317 
1.00163 0.492413 0.0740079 1.91373 
0.878578 0.292459 0.543684 1.7108 
0.856094 0.225372 0.561235 1.65341 
0.805212 0.284219 0.559015 1.57563 
0.84608 0.271685 0.560541 1.65621 
0.945016 0.453266 0.339677 1.8211 
0.960276 0.445778 0.321514 1.84652 
0.969664 0.429237 0.328781 1.86177 
0.957852 0.442379 0.330909 1.84204 
0.894206 0.486098 0.369959 1.73662 
0.919215 0.468984 0.359542 1.77813 
0.902586 0.469945 0.380609 1.75022 
0.907026 0.475203 0.370249 1.75799 
0.892927 0.493768 0.357026 1.73517 
0.894802 0.502802 0.343324 1.73735 
0.916992 0.477485 0.350145 1.77509 
0.90141 0.492034 0.350603 1.74858 
0.990357 0.179559 0.475306 1.89426 
0.914073 0.185717 0.544316 1.7742 
0.919061 0.257202 0.52911 1.77778 
0.946948 0.210747 0.52197 1.82497 
1.01173 0.220634 0.416116 1.93088 
0.989725 0.262448 0.427443 1.89296 
1.01435 0.268517 0.385513 1.93391 
1.0081 0.2503 0.412112 1.92585 
1.048 0.0154744 0.350705 1.96765 
1.03212 0.148238 0.414962 1.95861 
1.0672 0.111693 0.317859 2.01801 
1.06702 0.106806 0.363902 2.02839 
0.967073 0.0616715 0.500445 1.85565 
0.920125 0.12274 0.542844 1.76511 
1.01543 0.140302 0.456951 1.93901 
0.970075 0.110128 0.514252 1.87558 
0.856668 0.43446 0.459175 1.67609 
0.905118 0.412242 0.437442 1.75942 
0.894117 0.396543 0.461752 1.73874 
0.886767 0.412412 0.455778 1.72722 
1.03135 0.346885 0.269257 1.96301 
1.02486 0.355191 0.28061 1.95375 
1.02351 0.370777 0.265463 1.95224 
1.02612 0.357286 0.271511 1.9549 
