1.0003 0.494917 0.0693927 1.91131 
1.00055 0.494657 0.0691225 1.91176 
1.00052 0.494572 0.0694719 1.91166 
1.00046 0.494737 0.0693257 1.91159 
0.980111 0.506421 0.160362 1.88036 
0.982895 0.499983 0.169969 1.88261 
0.975413 0.509547 0.173111 1.87172 
0.979198 0.506291 0.168193 1.87757 
0.98658 0.501838 0.15431 1.89105 
0.994402 0.491997 0.152014 1.90265 
0.990315 0.495963 0.162112 1.89552 
0.990387 0.495826 0.155498 1.89608 
0.982648 0.509164 0.135276 1.8834 
0.978343 0.506268 0.145407 1.87155 
0.969322 0.522915 0.141929 1.86146 
0.976704 0.512943 0.142596 1.87253 
0.983822 0.505343 0.133783 1.88376 
0.989735 0.495558 0.145229 1.89276 
0.982152 0.503488 0.145376 1.88052 
0.984727 0.502654 0.140742 1.88542 
0.987257 0.504376 0.132042 1.89168 
0.998437 0.490065 0.129906 1.90762 
0.995309 0.493296 0.138223 1.90265 
0.993206 0.493359 0.132811 1.89884 
1.01551 0.459262 0.125532 1.93542 
1.01983 0.453954 0.116229 1.94238 
1.02059 0.45042 0.125304 1.94364 
1.01834 0.454041 0.12138 1.93941 
0.994848 0.500493 0.108625 1.90264 
0.999162 0.49145 0.109442 1.90915 
0.997213 0.491457 0.117537 1.9063 
0.996747 0.492613 0.110575 1.90465 
1.02451 0.449424 0.0917341 1.94997 
1.02945 0.444462 0.0801316 1.95856 
1.0305 0.436587 0.0877461 1.95973 
1.02831 0.444983 0.0859416 1.95723 
1.01217 0.469326 0.110767 1.93025 
1.0143 0.464995 0.102995 1.93274 
1.01699 0.460104 0.109463 1.9372 
1.01459 0.464032 0.107028 1.9334 
1.02476 0.452596 0.0706169 1.95011 
1.02329 0.461554 0.0588801 1.95077 
1.02846 0.448432 0.0603775 1.95658 
1.02605 0.454008 0.0608666 1.95377 
1.01535 0.469725 0.0981703 1.93894 
1.01552 0.465389 0.0908609 1.93407 
1.01932 0.462827 0.0950956 1.94482 
1.01681 0.465749 0.094497 1.93826 
1.01167 0.473283 0.0849856 1.92958 
1.00921 0.477455 0.0849598 1.92481 
1.01075 0.480033 0.0792341 1.9295 
1.01063 0.476857 0.0822275 1.9287 
1.03677 0.42964 0.0658271 1.96982 
1.03167 0.440548 0.0708117 1.96178 
1.03335 0.440323 0.0601896 1.96508 
1.03436 0.439148 0.0649469 1.96719 
1.05319 0.395774 0.0841301 1.99719 
1.05012 0.398628 0.0964204 1.99172 
1.04711 0.40999 0.0887982 1.98808 
1.04939 0.398264 0.0903006 1.99035 
1.02683 0.442646 0.108302 1.95412 
1.02202 0.450515 0.109846 1.94595 
1.02355 0.453915 0.0993987 1.95149 
1.02443 0.448131 0.105108 1.95051 
1.03658 0.423327 0.104835 1.96979 
1.03255 0.43177 0.106243 1.96208 
1.03529 0.433373 0.0972853 1.96974 
1.03477 0.429768 0.101771 1.96761 
1.04171 0.419186 0.0913112 1.97967 
1.03958 0.420413 0.100039 1.97479 
1.03649 0.431769 0.0948253 1.97246 
1.03835 0.422735 0.0970055 1.97407 
1.04052 0.424421 0.0717979 1.97802 
1.04187 0.416503 0.0808645 1.97897 
1.03697 0.428604 0.0865895 1.97141 
1.03987 0.425975 0.0801778 1.97746 
1.04979 0.405029 0.0692312 1.99205 
1.05223 0.395721 0.0757954 1.99502 
1.04705 0.40871 0.0824445 1.98724 
1.05017 0.405256 0.0768227 1.99334 
1.03668 0.417086 0.11844 1.96817 
1.03133 0.429089 0.111367 1.95931 
1.03664 0.41881 0.110381 1.96808 
1.03541 0.422462 0.114471 1.9669 
1.04836 0.389068 0.118121 1.98649 
1.04264 0.404199 0.121198 1.97786 
1.04795 0.396346 0.108912 1.98714 
1.04664 0.398515 0.115766 1.98527 
1.03094 0.427928 0.13265 1.96111 
1.03103 0.431862 0.115848 1.9604 
1.03666 0.419894 0.124727 1.96959 
1.0327 0.425429 0.124486 1.96246 
1.02817 0.439806 0.104406 1.95556 
1.02402 0.451903 0.0973727 1.9512 
1.03083 0.438964 0.0964003 1.96227 
1.02692 0.443894 0.101315 1.95561 
1.02308 0.445974 0.122603 1.94837 
1.02117 0.450457 0.114487 1.94404 
1.02676 0.439492 0.113503 1.95279 
1.02374 0.445359 0.11787 1.94812 
1.02647 0.432802 0.154218 1.9549 
1.02042 0.442138 0.157284 1.94453 
1.02692 0.431828 0.143709 1.9531 
1.02413 0.43561 0.150858 1.9499 
1.0092 0.46924 0.123928 1.92477 
1.00393 0.478531 0.123947 1.91617 
1.00919 0.470972 0.116583 1.92456 
1.0074 0.470786 0.120845 1.92061 
1.02593 0.433862 0.140204 1.95094 
1.02115 0.444037 0.151815 1.94625 
1.023 0.441659 0.132939 1.94617 
1.02341 0.43859 0.141795 1.94772 
1.0122 0.451236 0.157009 1.92815 
1.00726 0.466062 0.159941 1.92196 
1.01035 0.45869 0.148514 1.92559 
1.01043 0.456454 0.156223 1.92546 
1.0113 0.471951 0.0886992 1.92746 
1.00776 0.481242 0.093949 1.92526 
1.00794 0.477857 0.0878849 1.92182 
1.00954 0.476398 0.0911669 1.92502 
1.0191 0.456481 0.105682 1.94072 
1.01585 0.465577 0.10164 1.93782 
1.01995 0.458686 0.0982111 1.94446 
1.01788 0.461069 0.101944 1.94084 
1.00915 0.473168 0.106738 1.92446 
1.00713 0.478075 0.100033 1.92115 
1.01153 0.469494 0.101086 1.92832 
1.00933 0.474774 0.103454 1.92505 
1.04427 0.224203 0.348806 1.9812 
1.03879 0.276837 0.329939 1.97155 
1.05488 0.254741 0.299801 1.99705 
1.04567 0.254936 0.319058 1.98057 
0.944426 0.357401 0.438845 1.81904 
0.9797 0.313849 0.425429 1.8771 
0.951076 0.31876 0.46112 1.83123 
0.958722 0.327301 0.440139 1.84015 
0.997974 0.341935 0.369612 1.90542 
1.02061 0.307349 0.352837 1.9434 
1.00505 0.310727 0.389082 1.92202 
1.00866 0.318075 0.364322 1.92233 
0.998758 0.468771 0.169296 1.90621 
0.990144 0.476504 0.182882 1.89232 
0.99133 0.479042 0.169399 1.89322 
0.993416 0.474801 0.172368 1.8963 
1.0146 0.475754 0.0504162 1.93506 
1.01824 0.469053 0.0545649 1.94139 
1.01435 0.47533 0.058205 1.93457 
1.01577 0.473025 0.0543975 1.93673 
1.03881 0.433042 -0.017906 1.97336 
1.0335 0.444894 -0.0171311 1.96593 
1.03666 0.436304 -0.0250187 1.96982 
1.03683 0.438039 -0.0211337 1.97068 
1.01895 0.468936 0.00842741 1.94245 
1.02244 0.463956 0.00201828 1.94817 
1.02372 0.460166 0.00794594 1.9498 
1.0218 0.464683 0.00587474 1.94716 
1.01739 0.473033 0.00676965 1.93975 
1.0162 0.474517 -0.000487756 1.93687 
1.0199 0.468397 -0.000460851 1.943 
1.0177 0.471421 0.00199774 1.93908 
1.01474 0.47736 0.022779 1.93551 
1.01725 0.473054 0.0158227 1.94011 
1.01934 0.468731 0.0208378 1.94208 
1.0173 0.472855 0.0193429 1.93953 
1.01111 0.482347 0.0228692 1.92967 
1.0069 0.488211 0.0225988 1.92177 
1.00977 0.484046 0.0175244 1.92669 
1.00942 0.485636 0.0211596 1.92674 
1.00716 0.482918 0.00196811 1.92125 
1.0087 0.479401 -0.00619757 1.92385 
1.01215 0.481398 -0.00198939 1.93057 
1.01003 0.482584 -0.00140364 1.92713 
1.01798 0.472186 -0.0214862 1.94065 
1.01566 0.476744 -0.0275877 1.93664 
1.01849 0.470326 -0.028516 1.94123 
1.01713 0.472743 -0.0253205 1.93883 
1.01188 0.478399 0.065888 1.93076 
1.01071 0.478418 0.0718833 1.92829 
1.00892 0.48198 0.0675103 1.92565 
1.01056 0.477937 0.0691769 1.92776 
1.01086 0.481409 0.0550456 1.92902 
1.01137 0.47923 0.0588569 1.92943 
1.00708 0.48595 0.0585804 1.92266 
1.00995 0.481645 0.0574594 1.92704 
1.02097 0.466199 0.0613927 1.94703 
1.02143 0.461915 0.0700535 1.94691 
1.01865 0.469571 0.0724709 1.94292 
1.02011 0.467463 0.0701565 1.9463 
1.02856 0.449373 0.0528247 1.95706 
1.02382 0.462286 0.05585 1.95138 
1.02632 0.456435 0.0459394 1.95437 
1.02548 0.455378 0.0525016 1.95188 
1.02775 0.448767 0.0787051 1.95606 
1.02447 0.452695 0.0882079 1.9509 
1.02455 0.453195 0.0786251 1.94969 
1.02602 0.450137 0.0819192 1.95249 
1.0717 0.357542 0.0161389 2.02784 
1.07259 0.355143 0.0157243 2.02926 
1.07224 0.355683 0.0175529 2.0284 
1.07213 0.356258 0.0167336 2.02851 
1.07 0.361688 0.0168506 2.02501 
1.07088 0.359383 0.0163339 2.02643 
1.07075 0.359679 0.0177592 2.02612 
1.07068 0.360279 0.0171689 2.02623 
1.07232 0.356249 0.00960302 2.02873 
1.07331 0.354089 0.0067745 2.03039 
1.07396 0.351965 0.00983238 2.03165 
1.0732 0.354406 0.00863573 2.03048 
1.07063 0.361399 0.0129581 2.02644 
1.07142 0.359099 0.0114512 2.02762 
1.07111 0.35931 0.0143867 2.02695 
1.07108 0.360087 0.0133134 2.02711 
1.0705 0.362009 0.0122108 2.02596 
1.07005 0.363431 0.00975024 2.02498 
1.07125 0.360089 0.0105347 2.02722 
1.07061 0.361295 0.0104943 2.02598 
1.07719 0.340908 0.0204645 2.03602 
1.07597 0.345222 0.0173049 2.03443 
1.0773 0.341751 0.0160114 2.03674 
1.07686 0.343198 0.0179426 2.03595 
1.07409 0.346542 0.0246361 2.02987 
1.07381 0.347172 0.0240759 2.02937 
1.07403 0.347444 0.0233361 2.02996 
1.07394 0.346993 0.0239562 2.02964 
1.07419 0.34561 0.0278738 2.0299 
1.07429 0.345662 0.0259383 2.03007 
1.07465 0.344457 0.0273777 2.03071 
1.07441 0.345552 0.0274146 2.03037 
1.07379 0.346546 0.0344473 2.02943 
1.07416 0.34574 0.029946 2.02992 
1.07494 0.344509 0.0300602 2.03149 
1.07427 0.345848 0.0307577 2.03017 
1.07267 0.348243 0.026858 2.02698 
1.07349 0.346404 0.0260909 2.02837 
1.07344 0.346836 0.0279011 2.02858 
1.07331 0.347215 0.0272787 2.02835 
1.07373 0.345839 0.0255684 2.02895 
1.07364 0.345965 0.0252713 2.02878 
1.0739 0.345973 0.0253629 2.02936 
1.07375 0.345878 0.025435 2.02899 
1.07424 0.349437 0.0193009 2.03135 
1.07511 0.347884 0.0181132 2.03305 
1.07511 0.346314 0.0208684 2.03236 
1.07473 0.348216 0.0193003 2.0321 
1.07257 0.353585 0.0190369 2.0284 
1.07331 0.351298 0.0192391 2.02962 
1.07293 0.35151 0.0203976 2.02854 
1.07292 0.352174 0.0198179 2.02894 
1.07222 0.353363 0.0208453 2.02746 
1.07252 0.354122 0.0195186 2.02846 
1.0728 0.352034 0.020791 2.02836 
1.07254 0.353028 0.0202861 2.02812 
1.0714 0.35834 0.0182372 2.0272 
1.07149 0.358141 0.0167542 2.02752 
1.07204 0.356407 0.0183205 2.02809 
1.07157 0.357713 0.0175125 2.02746 
1.07136 0.354555 0.0223173 2.02558 
1.07121 0.355805 0.0214053 2.02569 
1.07171 0.354406 0.0213759 2.02647 
1.07142 0.354909 0.0218618 2.02588 
1.07027 0.361279 0.0191654 2.02545 
1.06995 0.362256 0.0177329 2.02508 
1.07081 0.360172 0.0185613 2.02647 
1.07036 0.361125 0.0184141 2.02569 
1.07341 0.352732 0.0160876 2.03049 
1.0746 0.349383 0.0169209 2.03239 
1.07379 0.351066 0.0182811 2.03082 
1.07402 0.350957 0.0171675 2.03144 
1.06989 0.362648 0.016136 2.02516 
1.07025 0.36225 0.0143431 2.0258 
1.0708 0.360222 0.0156075 2.02647 
1.07031 0.361757 0.0151634 2.02583 
1.06901 0.364873 0.0187992 2.02371 
1.0696 0.363531 0.0173487 2.02469 
1.06942 0.363476 0.0186249 2.02412 
1.06933 0.364262 0.0182703 2.02428 
1.07222 0.357686 0.00814013 2.02878 
1.07163 0.359622 0.00361325 2.02755 
1.07286 0.356215 0.00522651 2.02986 
1.07213 0.357309 0.00565202 2.0284 
1.06953 0.364097 0.0156713 2.02463 
1.06904 0.365499 0.0145389 2.02368 
1.06987 0.363582 0.0139483 2.02518 
1.06941 0.364396 0.0149212 2.02437 
1.06781 0.36836 0.0107977 2.02059 
1.06738 0.368458 0.00637052 2.01972 
1.06876 0.366173 0.00834596 2.02232 
1.06811 0.367893 0.00799047 2.02121 
1.06766 0.368049 0.00482746 2.02021 
1.07004 0.363978 0.00345458 2.0248 
1.06924 0.365587 0.0070864 2.02329 
1.06907 0.365234 0.00497589 2.02266 
1.06598 0.371567 0.0103995 2.01731 
1.06671 0.370177 0.006474 2.01858 
1.06703 0.370094 0.0105306 2.01929 
1.06657 0.37075 0.00982765 2.01845 
1.06545 0.37272 -0.00366011 2.0168 
1.06824 0.368368 -0.00507351 2.02148 
1.06725 0.370022 0.00150471 2.01949 
1.06701 0.369303 -0.0026049 2.01868 
1.06037 0.385934 -0.000290694 2.00847 
1.06317 0.379075 -0.001678 2.01298 
1.06245 0.379116 0.00622782 2.01123 
1.06221 0.380302 -0.000551173 2.01092 
1.07116 0.358511 -0.0272042 2.02598 
1.06818 0.366319 -0.0256625 2.02108 
1.06885 0.363143 -0.0356219 2.02212 
1.06923 0.362824 -0.0279941 2.02276 
1.05947 0.387248 -0.00376303 2.00678 
1.06137 0.385099 -0.0121237 2.01056 
1.06257 0.37992 -0.0066887 2.01196 
1.06098 0.383994 -0.00670681 2.0095 
1.06685 0.367568 -0.0678182 2.02067 
1.06271 0.377454 -0.0716241 2.01401 
1.06466 0.370541 -0.0786166 2.01718 
1.06487 0.371017 -0.0731503 2.01701 
1.07172 0.345962 -0.102496 2.02902 
1.07412 0.340942 -0.096623 2.03282 
1.07106 0.34989 -0.0948545 2.02766 
1.0719 0.344987 -0.0975128 2.02865 
1.07792 0.334148 -0.0828314 2.03866 
1.07451 0.345407 -0.0795126 2.03315 
1.0761 0.338874 -0.0889935 2.03581 
1.07576 0.338345 -0.0832495 2.03518 
1.08437 0.309405 -0.079115 2.04791 
1.08469 0.311072 -0.0685455 2.04815 
1.08157 0.319126 -0.0796808 2.04358 
1.08367 0.314007 -0.0770869 2.04717 
1.08069 0.334187 -0.0499169 2.04323 
1.07617 0.34552 -0.0546058 2.03624 
1.07964 0.33705 -0.0599518 2.04168 
1.07849 0.336814 -0.0547658 2.03962 
1.06858 0.361285 -0.0691408 2.02303 
1.06645 0.365105 -0.0806757 2.02001 
1.07042 0.355976 -0.0775948 2.0266 
1.06848 0.361844 -0.0757348 2.02351 
1.07331 0.351278 -0.0483674 2.0305 
1.07404 0.349641 -0.040321 2.03144 
1.07074 0.359534 -0.041617 2.02573 
1.07254 0.351054 -0.0431982 2.02831 
1.07701 0.33853 -0.0673156 2.03665 
1.07479 0.34694 -0.0613318 2.03368 
1.07418 0.34692 -0.0721573 2.03242 
1.076 0.3454 -0.065895 2.03586 
1.07904 0.335197 -0.0459486 2.03995 
1.0767 0.343643 -0.0408827 2.03638 
1.07592 0.345228 -0.0502993 2.03531 
1.07726 0.34338 -0.0462044 2.03785 
1.08387 0.316782 -0.0597348 2.04753 
1.08197 0.323977 -0.0506871 2.04421 
1.08097 0.326215 -0.061525 2.04241 
1.08262 0.325109 -0.0583009 2.04592 
1.08031 0.325595 -0.0780898 2.04233 
1.08395 0.317887 -0.0674848 2.04836 
1.08023 0.328162 -0.0691184 2.04209 
1.08126 0.322748 -0.0706968 2.04337 
1.09277 0.285339 -0.0696648 2.06174 
1.09585 0.274796 -0.0588685 2.06692 
1.09344 0.288959 -0.0554631 2.06262 
1.09388 0.283745 -0.0592353 2.06347 
1.08035 0.337108 -0.0268653 2.04261 
1.07773 0.342826 -0.0355315 2.03819 
1.0809 0.335352 -0.0384424 2.04368 
1.07956 0.335907 -0.0345103 2.04036 
1.08206 0.330081 -0.0062433 2.04475 
1.08138 0.33127 -0.0161725 2.04397 
1.08425 0.322053 -0.0125181 2.04828 
1.08264 0.3281 -0.0127498 2.04599 
1.08627 0.313235 0.00229538 2.05081 
1.08225 0.325525 -0.00231645 2.04413 
1.08582 0.314736 -0.00824368 2.0504 
1.08458 0.318423 -0.00126023 2.04831 
1.07728 0.342339 0.011624 2.03693 
1.07535 0.348104 0.0102868 2.03389 
1.07657 0.345013 0.00687233 2.03587 
1.07621 0.345609 0.00944695 2.03531 
1.06551 0.372703 -0.0173838 2.01684 
1.06433 0.375141 -0.00848177 2.01497 
1.06288 0.38003 -0.0155485 2.01293 
1.06431 0.375232 -0.0147402 2.015 
1.07786 0.342002 -0.0173197 2.03777 
1.07568 0.349416 -0.0110903 2.03445 
1.07434 0.351352 -0.0195429 2.03194 
1.07606 0.347944 -0.0172776 2.03502 
1.07025 0.36239 -0.000629935 2.02475 
1.06767 0.367772 0.00229777 2.02012 
1.06914 0.364029 -0.00527241 2.02266 
1.06895 0.365306 -0.00105607 2.02255 
1.05216 0.401697 -0.0610827 1.99561 
1.05165 0.401728 -0.0501571 1.99404 
1.04904 0.407834 -0.057052 1.99036 
1.05169 0.404048 -0.0561949 1.99529 
1.07258 0.353922 -0.0698636 2.03041 
1.073 0.351633 -0.0606577 2.03073 
1.07001 0.35845 -0.0633973 2.02536 
1.07171 0.353682 -0.0647088 2.02837 
1.06071 0.385031 -0.0395207 2.00967 
1.05636 0.395222 -0.0440842 2.00288 
1.06 0.386091 -0.0476189 2.0082 
1.05913 0.388356 -0.0449505 2.00716 
1.06638 0.370072 -0.0432185 2.0188 
1.06294 0.379236 -0.0395916 2.01303 
1.06275 0.37892 -0.0489163 2.01314 
1.06385 0.376395 -0.0424199 2.01443 
1.06739 0.367103 -0.0565984 2.02092 
1.06787 0.366821 -0.046121 2.02144 
1.06397 0.377258 -0.0528462 2.01594 
1.06647 0.369438 -0.053284 2.01915 
1.07385 0.348593 -0.0347694 2.03042 
1.07305 0.352755 -0.0273988 2.02901 
1.07075 0.358893 -0.03768 2.02541 
1.07269 0.35383 -0.034073 2.02874 
1.069 0.360172 -0.0585487 2.02291 
1.0719 0.352826 -0.0551561 2.02787 
1.06963 0.360534 -0.0471845 2.02363 
1.07035 0.35876 -0.0530326 2.02545 
1.07393 0.352915 -0.00490463 2.03136 
1.07266 0.355502 0.00235774 2.02907 
1.07165 0.35911 0.000476169 2.02733 
1.07296 0.355699 0.000598045 2.02979 
1.07235 0.35502 -0.0171358 2.02808 
1.07362 0.354137 -0.0108897 2.03065 
1.07061 0.359677 -0.0105456 2.02499 
1.07214 0.356424 -0.0122564 2.02789 
1.06844 0.366127 -0.0194455 2.02145 
1.07116 0.358735 -0.0188236 2.02592 
1.06993 0.36312 -0.0118886 2.02389 
1.07004 0.362877 -0.0174535 2.02413 
1.07565 0.345604 -0.0318045 2.03413 
1.07809 0.340627 -0.0245787 2.03806 
1.07412 0.350592 -0.0242148 2.03136 
1.07576 0.346271 -0.0260096 2.0343 
1.07904 0.336339 -0.0146762 2.03946 
1.07954 0.335819 -0.00668976 2.04045 
1.07639 0.344904 -0.00894695 2.03518 
1.07836 0.338983 -0.00871163 2.03846 
1.06077 0.384938 -0.0210458 2.00957 
1.05754 0.391231 -0.0236499 2.00383 
1.06048 0.386049 -0.0291826 2.00942 
1.05995 0.386819 -0.0251246 2.00824 
1.08395 0.318367 -0.0347668 2.04723 
1.08079 0.329137 -0.0265756 2.04219 
1.08146 0.324942 -0.0395671 2.04334 
1.08244 0.325646 -0.0339006 2.04547 
1.07367 0.346787 0.0244434 2.02897 
1.07393 0.346291 0.024908 2.02946 
1.0736 0.346221 0.0250034 2.02874 
1.07374 0.346384 0.0248087 2.02906 
1.07644 0.342424 0.0242869 2.03446 
1.07551 0.344022 0.0259746 2.03274 
1.07534 0.344806 0.0231269 2.03257 
1.07573 0.343741 0.0246937 2.03322 
1.07676 0.338897 0.0397406 2.03453 
1.07525 0.340639 0.0494493 2.03176 
1.07375 0.34645 0.0416601 2.02946 
1.07588 0.342388 0.0420529 2.03325 
1.08326 0.319279 0.0539309 2.0467 
1.08114 0.325957 0.054223 2.04252 
1.08196 0.325182 0.0462261 2.0448 
1.08185 0.32194 0.0519852 2.04352 
1.08652 0.305857 0.0730599 2.05247 
1.08579 0.310324 0.0616378 2.05153 
1.08894 0.300098 0.0625669 2.05562 
1.08734 0.30771 0.0647726 2.05443 
1.08107 0.322489 0.0687858 2.04199 
1.08099 0.325234 0.05923 2.04201 
1.08311 0.317279 0.0604565 2.04571 
1.08199 0.323534 0.0626877 2.04447 
1.07099 0.349879 0.0699532 2.02577 
1.07458 0.344709 0.0662444 2.03149 
1.07445 0.342832 0.0770433 2.03099 
1.07332 0.344322 0.0706262 2.02834 
1.06483 0.366011 0.0666566 2.01459 
1.06793 0.360426 0.0585932 2.02041 
1.06771 0.357949 0.0661209 2.01959 
1.06675 0.359672 0.0635825 2.01713 
1.06735 0.36291 0.0437717 2.01889 
1.06995 0.359437 0.0428911 2.02413 
1.06895 0.358802 0.0489003 2.02214 
1.06846 0.360436 0.044874 2.02131 
1.05267 0.401112 0.0646054 1.9969 
1.05681 0.392491 0.0561823 2.00296 
1.05532 0.391744 0.071058 2.00026 
1.05536 0.391564 0.0640671 1.99953 
1.06598 0.37202 0.0218573 2.01757 
1.06584 0.37152 0.0239596 2.01708 
1.06497 0.373162 0.0209967 2.01556 
1.06558 0.372198 0.0221742 2.01666 
1.07636 0.345339 0.0215468 2.03559 
1.07528 0.349266 0.023942 2.03425 
1.07552 0.348199 0.0212109 2.03442 
1.07568 0.347406 0.0224926 2.03437 
1.07871 0.335691 0.0176371 2.03835 
1.07776 0.339782 0.0197959 2.03734 
1.07834 0.337708 0.0162763 2.03738 
1.07816 0.337411 0.0178709 2.03739 
1.07634 0.345758 0.0267823 2.03638 
1.07531 0.348741 0.0251591 2.03443 
1.07673 0.344543 0.0230483 2.03607 
1.0762 0.346661 0.0249691 2.03591 
1.07855 0.338398 0.0314929 2.04023 
1.07751 0.342422 0.0290248 2.03853 
1.07944 0.337534 0.0268972 2.0407 
1.07858 0.339785 0.0291403 2.04001 
1.0786 0.335692 0.0428093 2.03863 
1.07908 0.335711 0.036611 2.04006 
1.08057 0.330454 0.0410862 2.04275 
1.07925 0.333121 0.040647 2.03993 
1.07756 0.338423 0.0414363 2.03653 
1.07644 0.343195 0.0372004 2.03512 
1.07791 0.338269 0.03632 2.03801 
1.07739 0.340317 0.0381303 2.03693 
1.08024 0.329237 0.0515592 2.04085 
1.07905 0.334291 0.0464362 2.03916 
1.08066 0.327978 0.0452023 2.042 
1.08007 0.330642 0.0472195 2.04094 
1.08546 0.314313 0.0430359 2.04991 
1.08446 0.315812 0.0518014 2.04933 
1.08297 0.322425 0.0438189 2.04719 
1.08431 0.318835 0.045752 2.04919 
1.0836 0.32443 0.0319635 2.04759 
1.08563 0.317482 0.0379133 2.05075 
1.0829 0.324781 0.039628 2.04697 
1.084 0.321037 0.0367702 2.04766 
1.08702 0.310806 0.0278553 2.05276 
1.08973 0.301325 0.0320826 2.05713 
1.08772 0.310918 0.0365858 2.05401 
1.08831 0.307417 0.0332357 2.05515 
1.08005 0.328107 0.0691161 2.04039 
1.07732 0.338598 0.0629712 2.03562 
1.08007 0.331567 0.0604911 2.04079 
1.07897 0.331419 0.0631698 2.03807 
1.07423 0.346081 0.0570917 2.03068 
1.07073 0.354676 0.0533303 2.0257 
1.07377 0.34954 0.050464 2.02999 
1.07281 0.349383 0.0533696 2.02804 
1.07763 0.340277 0.0336409 2.03821 
1.07606 0.343962 0.0350321 2.03474 
1.07661 0.343946 0.0309833 2.03662 
1.07656 0.342271 0.0334414 2.036 
1.06737 0.368219 0.021976 2.02032 
1.06742 0.367185 0.0218819 2.01987 
1.06745 0.367167 0.0217548 2.01995 
1.06742 0.367254 0.0218334 2.01996 
1.06715 0.369938 0.0221594 2.02079 
1.06723 0.369138 0.0220904 2.02059 
1.06718 0.370142 0.0223084 2.02101 
1.06719 0.369893 0.0222938 2.02087 
1.06709 0.370229 0.022885 2.02093 
1.06695 0.370624 0.0223777 2.02078 
1.06712 0.370472 0.022517 2.02113 
1.06707 0.370549 0.022619 2.02103 
1.06721 0.369892 0.0218286 2.02097 
1.06732 0.369046 0.0219665 2.02079 
1.06731 0.369045 0.0220514 2.0207 
1.06728 0.369136 0.0219759 2.02073 
1.06741 0.368027 0.0221739 2.02038 
1.06742 0.368157 0.0221246 2.02052 
1.0675 0.366879 0.0222168 2.02004 
1.06745 0.367954 0.0220961 2.02042 
1.06728 0.346717 0.132967 2.02023 
1.07107 0.336866 0.129664 2.02734 
1.06813 0.340287 0.141403 2.02334 
1.06841 0.339932 0.135261 2.02211 
1.0586 0.365559 0.138854 2.0037 
1.06366 0.355448 0.134032 2.01239 
1.05984 0.360971 0.145361 2.00922 
1.06081 0.360762 0.140092 2.00827 
1.06303 0.361115 0.118827 2.01344 
1.06821 0.349186 0.113313 2.02062 
1.06598 0.351544 0.123845 2.01625 
1.0652 0.351899 0.11951 2.01567 
1.05907 0.375434 0.0870125 2.00487 
1.05733 0.385349 0.0799832 2.0032 
1.06154 0.375467 0.0729207 2.00959 
1.05899 0.375272 0.0800285 2.00478 
1.05414 0.379034 0.117057 1.99647 
1.05801 0.372923 0.101433 2.00306 
1.05895 0.368093 0.111057 2.00469 
1.05734 0.374993 0.109568 2.00245 
1.05164 0.390168 0.0976842 1.99291 
1.05516 0.387286 0.083607 1.99948 
1.0561 0.378978 0.0917546 1.9996 
1.055 0.387634 0.0910652 1.9994 
1.07686 0.335407 0.0853454 2.03477 
1.08007 0.328505 0.080959 2.04097 
1.07915 0.326698 0.0931111 2.03947 
1.0784 0.32765 0.08607 2.03725 
1.07551 0.346055 0.0341676 2.03375 
1.0745 0.348605 0.0317508 2.03228 
1.07556 0.345648 0.0304411 2.03461 
1.07519 0.346904 0.0318845 2.0337 
1.07491 0.34679 0.0454851 2.03151 
1.07538 0.346174 0.0397877 2.03303 
1.0766 0.34171 0.0438381 2.03491 
1.07559 0.344501 0.043469 2.03307 
1.074 0.349393 0.0436559 2.02981 
1.07269 0.353882 0.0393848 2.0279 
1.07439 0.348908 0.0388977 2.03122 
1.07367 0.351239 0.0403456 2.02963 
1.07432 0.349636 0.0299945 2.03252 
1.0747 0.350271 0.026844 2.03365 
1.07567 0.347135 0.0283459 2.03524 
1.07472 0.348805 0.0286643 2.03355 
1.07061 0.359894 0.0333117 2.02466 
1.07157 0.357421 0.0321439 2.0266 
1.07181 0.356863 0.0358399 2.02666 
1.07124 0.358232 0.0334678 2.02566 
1.07299 0.354272 0.0256866 2.03062 
1.07397 0.351932 0.0256602 2.03253 
1.07357 0.350987 0.0286794 2.03093 
1.07348 0.35271 0.02675 2.0313 
1.07145 0.359369 0.0232791 2.02826 
1.07199 0.357673 0.0249002 2.02918 
1.07101 0.359923 0.0256792 2.02747 
1.07142 0.358879 0.0245884 2.02827 
1.07204 0.355412 0.0180343 2.02751 
1.07149 0.35744 0.0186523 2.02671 
1.07157 0.356072 0.0171028 2.02649 
1.07161 0.356233 0.0178125 2.02671 
1.08036 0.333132 0.0225491 2.04207 
1.08012 0.332267 0.0188075 2.04117 
1.08185 0.327288 0.0181908 2.04384 
1.0806 0.33045 0.0203369 2.04194 
1.0753 0.345967 0.0193736 2.03343 
1.07616 0.343445 0.0168429 2.03385 
1.07643 0.343016 0.0195503 2.03513 
1.07611 0.344058 0.0182042 2.0346 
1.07387 0.352558 0.0207261 2.03147 
1.07453 0.349846 0.0204633 2.03249 
1.07442 0.351109 0.0228836 2.03275 
1.0743 0.351451 0.0214662 2.03239 
1.07485 0.347147 0.0158391 2.03151 
1.07494 0.346417 0.0142625 2.03151 
1.0758 0.344439 0.0150993 2.03308 
1.0751 0.345844 0.0150185 2.0317 
1.07772 0.335791 0.00599305 2.03541 
1.07593 0.337295 0.00432759 2.03213 
1.07682 0.334822 0.00292595 2.03359 
1.0771 0.33634 0.00448348 2.03448 
1.07676 0.341436 0.0143994 2.03434 
1.077 0.340231 0.0116758 2.03464 
1.07755 0.338599 0.0136146 2.03545 
1.07698 0.339874 0.0130629 2.03451 
1.07685 0.341291 0.0187012 2.0354 
1.07656 0.34212 0.0157834 2.03416 
1.07733 0.339302 0.0152208 2.03556 
1.07715 0.34102 0.016772 2.03554 
1.07501 0.34677 0.0185896 2.03272 
1.07472 0.347431 0.0168471 2.03159 
1.07574 0.344611 0.0162162 2.03304 
1.0753 0.346317 0.0175119 2.03257 
1.07484 0.346002 0.0124807 2.03111 
1.07455 0.345836 0.0110986 2.03041 
1.07519 0.344432 0.0107925 2.03149 
1.0749 0.345384 0.0115764 2.031 
1.08827 0.30581 0.0112983 2.05279 
1.08966 0.296916 0.00543367 2.05409 
1.09042 0.299339 0.0144871 2.05634 
1.0894 0.301812 0.0103718 2.05466 
1.08431 0.319001 0.0168702 2.04668 
1.08625 0.311249 0.0143484 2.04908 
1.08582 0.312561 0.0213349 2.04953 
1.08579 0.315114 0.0175061 2.04946 
1.08259 0.326559 0.0266536 2.0456 
1.08073 0.3319 0.0242229 2.04253 
1.08214 0.325192 0.0203153 2.04421 
1.08208 0.328501 0.0234056 2.04502 
1.08643 0.3142 0.0351035 2.05153 
1.08454 0.321854 0.0293963 2.04907 
1.08599 0.314767 0.0277158 2.05106 
1.08561 0.318 0.0302608 2.05055 
1.08133 0.328306 0.0386296 2.04457 
1.08019 0.334448 0.0342679 2.04309 
1.08246 0.328209 0.0319295 2.04571 
1.08125 0.331168 0.0345831 2.04465 
1.08636 0.308566 -0.00370556 2.04908 
1.08489 0.313291 -0.00307332 2.04687 
1.08484 0.311377 -0.00802818 2.04695 
1.08538 0.310764 -0.00530155 2.04756 
1.08109 0.327866 0.0114969 2.04094 
1.08209 0.325111 0.0101941 2.04268 
1.08248 0.323181 0.0138606 2.04325 
1.08176 0.325626 0.0117301 2.04207 
1.08037 0.329795 0.00979738 2.03977 
1.08024 0.32998 0.0066317 2.03976 
1.08128 0.327277 0.00858441 2.04137 
1.08083 0.329138 0.00829859 2.04075 
1.08295 0.321691 0.014141 2.04393 
1.08241 0.323492 0.0101013 2.043 
1.08379 0.319217 0.00829959 2.04527 
1.08332 0.321646 0.0113807 2.0447 
1.07228 0.352868 0.0144225 2.0269 
1.07177 0.35347 0.0138096 2.02604 
1.07237 0.352025 0.0133591 2.02702 
1.07213 0.352852 0.0139033 2.02663 
1.04543 0.411171 0.0919587 1.98442 
1.04706 0.401627 0.0992598 1.98613 
1.04248 0.411932 0.101415 1.97916 
1.04514 0.409741 0.0966258 1.98399 
1.05916 0.385129 0.0447418 2.00456 
1.05741 0.393268 0.0361251 2.00305 
1.06017 0.379262 0.0373546 2.00613 
1.05887 0.386378 0.0381776 2.00442 
1.0675 0.354076 0.0928922 2.02023 
1.07274 0.34322 0.0898198 2.02814 
1.0708 0.34473 0.10142 2.02474 
1.06988 0.34418 0.0933787 2.02305 
1.06465 0.364914 0.0700445 2.0138 
1.06768 0.355664 0.0714681 2.0188 
1.06684 0.35547 0.0814804 2.01718 
1.06665 0.357656 0.072716 2.01688 
1.05865 0.38591 0.0550315 2.00502 
1.06068 0.37521 0.0634287 2.00732 
1.05722 0.384461 0.0717405 2.00276 
1.05971 0.385259 0.0646777 2.0079 
1.05999 0.380125 0.0523772 2.00669 
1.06477 0.370493 0.0493048 2.01491 
1.06288 0.371174 0.0601105 2.01097 
1.06255 0.372425 0.0519378 2.01012 
1.0702 0.354804 0.0561778 2.02473 
1.07316 0.346607 0.0597714 2.02839 
1.07075 0.351718 0.064537 2.02563 
1.0711 0.351476 0.0601873 2.02633 
1.06354 0.354615 0.127242 2.01227 
1.05814 0.36445 0.132615 2.00337 
1.06131 0.362837 0.121535 2.00935 
1.06153 0.361234 0.126021 2.00966 
1.06586 0.342538 0.144909 2.01896 
1.06218 0.352194 0.147382 2.01304 
1.06545 0.348574 0.135118 2.01701 
1.0647 0.350117 0.142393 2.01754 
1.07302 0.324064 0.139377 2.03035 
1.06954 0.332539 0.142923 2.02491 
1.07267 0.329891 0.130266 2.03009 
1.07183 0.331142 0.138007 2.02929 
1.07276 0.324832 0.147475 2.03021 
1.07108 0.326099 0.157026 2.02778 
1.06946 0.333072 0.149585 2.02493 
1.07073 0.326883 0.152044 2.02657 
1.05814 0.364176 0.150166 2.00628 
1.05341 0.373833 0.154819 2.00016 
1.05727 0.368316 0.141567 2.00212 
1.05653 0.369867 0.148147 2.00321 
1.01963 0.427909 0.189318 1.94053 
1.02546 0.413724 0.186791 1.95044 
1.02276 0.416056 0.199539 1.94546 
1.02319 0.421695 0.191679 1.94681 
1.05524 0.358305 0.174037 2.00073 
1.05761 0.346219 0.180208 2.00371 
1.05282 0.361568 0.180714 1.99552 
1.05531 0.355929 0.177355 2.00078 
1.06039 0.354157 0.155892 2.00998 
1.06158 0.345877 0.163708 2.01159 
1.05802 0.355128 0.165225 2.00599 
1.06004 0.35236 0.160399 2.00933 
1.068 0.33455 0.152436 2.02182 
1.06918 0.328039 0.160674 2.02422 
1.06602 0.336503 0.162 2.01941 
1.06786 0.334551 0.157997 2.02241 
1.07638 0.298361 0.168109 2.03252 
1.07614 0.292688 0.174356 2.03184 
1.07281 0.304802 0.176801 2.02665 
1.07549 0.300057 0.174413 2.03174 
1.08568 0.284725 0.134874 2.04878 
1.08806 0.271382 0.137216 2.05148 
1.08471 0.278202 0.146164 2.04589 
1.08643 0.278152 0.137531 2.04878 
1.08367 0.274066 0.163696 2.04431 
1.08165 0.278931 0.166641 2.04138 
1.08341 0.278443 0.157228 2.0438 
1.08267 0.277794 0.161841 2.04254 
1.08999 0.147913 0.223481 2.05078 
1.11028 -0.0196589 0.0720245 2.10059 
1.09152 -0.0439341 0.190275 2.05517 
1.10116 0.0841186 0.184722 2.07826 
1.06352 0.309748 0.216842 2.0118 
1.05805 0.324915 0.218461 2.00314 
1.06194 0.320391 0.204648 2.00939 
1.06146 0.319727 0.211607 2.00859 
1.07381 0.274416 0.21695 2.02972 
1.07019 0.287141 0.212762 2.02207 
1.07616 0.273131 0.198669 2.03128 
1.07267 0.277086 0.212286 2.02637 
1.05695 0.314757 0.239545 2.00567 
1.05664 0.320434 0.224404 2.00008 
1.06212 0.303668 0.2231 2.00894 
1.05935 0.310733 0.229771 2.00584 
1.09293 0.221599 0.173866 2.0597 
1.11931 0.208196 0.121482 2.11897 
1.09479 0.179402 0.219017 2.06588 
1.10441 0.183087 0.178341 2.0833 
1.08069 0.280937 0.185797 2.04067 
1.07854 0.284928 0.180278 2.0366 
1.08161 0.283016 0.177432 2.0426 
1.07942 0.282516 0.18135 2.03775 
1.05784 0.304487 0.24438 2.00547 
1.06488 0.293627 0.223745 2.01289 
1.06814 0.282354 0.234603 2.02203 
1.0643 0.294429 0.233927 2.01443 
1.07258 0.298714 0.188742 2.0269 
1.07197 0.306438 0.183039 2.02647 
1.07564 0.293684 0.180856 2.03188 
1.0727 0.298205 0.183371 2.02637 
1.07074 0.296013 0.210679 2.02468 
1.072 0.29554 0.197624 2.02598 
1.07578 0.285585 0.199187 2.0324 
1.07308 0.292044 0.20038 2.02796 
1.06666 0.304818 0.210409 2.01716 
1.06368 0.316872 0.201059 2.01207 
1.06912 0.302143 0.197707 2.02047 
1.06587 0.307628 0.204613 2.01527 
1.07965 0.283257 0.168027 2.03771 
1.08159 0.303629 0.1308 2.04645 
1.08982 0.256112 0.14885 2.05631 
1.08531 0.275206 0.150018 2.04888 
0.983877 0.497089 0.177704 1.88451 
0.971456 0.505124 0.196115 1.86493 
0.972723 0.511342 0.183114 1.86776 
0.976599 0.503487 0.184842 1.87218 
0.985632 0.483619 0.176955 1.88261 
0.983088 0.477844 0.190289 1.87712 
0.974403 0.490365 0.196694 1.86451 
0.981488 0.484186 0.189736 1.87644 
0.963476 0.52796 0.145638 1.8503 
0.975795 0.510963 0.15279 1.87142 
0.967976 0.520272 0.165434 1.85919 
0.968681 0.517494 0.153496 1.85768 
1.01069 0.453841 0.180928 1.92907 
1.01664 0.444907 0.167483 1.93677 
1.0161 0.441404 0.180491 1.93618 
1.01403 0.444202 0.174691 1.93129 
0.991075 0.475334 0.193432 1.89507 
1.00217 0.459452 0.186207 1.91237 
0.998637 0.460647 0.198096 1.9079 
0.997255 0.46089 0.190389 1.90318 
1.00457 0.465165 0.16631 1.91669 
1.01215 0.448481 0.163577 1.92857 
1.00637 0.457381 0.175045 1.91985 
1.00824 0.459222 0.167755 1.92376 
0.995597 0.477755 0.149686 1.89901 
0.998198 0.469279 0.15959 1.90352 
0.9928 0.479563 0.162456 1.8951 
0.996381 0.476728 0.159334 1.90164 
0.998858 0.477965 0.146834 1.9066 
1.0072 0.463816 0.146291 1.91995 
1.00248 0.470038 0.155708 1.91296 
1.00302 0.471503 0.149391 1.91376 
1.0067 0.455387 0.187058 1.92218 
1.01308 0.439795 0.188081 1.929 
1.00511 0.453018 0.197743 1.91964 
1.00728 0.452525 0.193036 1.924 
1.00204 0.492994 0.0662273 1.91441 
1.00259 0.492157 0.0675009 1.91531 
1.00171 0.493148 0.0683115 1.91368 
1.00199 0.492692 0.0674609 1.91406 
1.00035 0.495233 0.0667955 1.91149 
1.001 0.494587 0.0663979 1.91259 
1.0008 0.49468 0.0673865 1.91226 
1.00066 0.494924 0.0668701 1.91197 
1.00017 0.495279 0.0666635 1.91138 
1.00035 0.49497 0.0651631 1.91161 
1.00109 0.494402 0.065471 1.91271 
1.00052 0.49512 0.0657531 1.91206 
1.0005 0.495689 0.068796 1.9121 
1.00033 0.495417 0.0681596 1.91155 
1.00061 0.494911 0.0680381 1.91196 
1.00046 0.495162 0.0683549 1.91168 
1.0482 0.387859 -0.14125 1.99064 
1.04367 0.398847 -0.141462 1.98331 
1.04591 0.386238 -0.148107 1.98766 
1.04633 0.391152 -0.145223 1.98808 
1.03808 0.412882 -0.138421 1.97516 
1.03288 0.430932 -0.131373 1.96797 
1.03481 0.430648 -0.143605 1.97398 
1.03412 0.419734 -0.136346 1.96792 
1.08198 0.306093 -0.110575 2.04462 
1.0812 0.289637 -0.111832 2.04367 
1.08579 0.297818 -0.10512 2.05055 
1.0833 0.29888 -0.110351 2.04678 
1.04445 0.414436 -0.0938652 1.9851 
1.04708 0.409653 -0.0861252 1.98852 
1.04383 0.418263 -0.0848777 1.98374 
1.04519 0.413183 -0.088848 1.9856 
1.03719 0.428867 -0.102932 1.97388 
1.04182 0.420796 -0.0995699 1.98176 
1.03818 0.428979 -0.095277 1.97567 
1.03908 0.426004 -0.0990005 1.97684 
1.03161 0.440226 -0.0954612 1.96417 
1.03431 0.433425 -0.101981 1.96867 
1.0354 0.433211 -0.0942482 1.97031 
1.03381 0.436857 -0.0976098 1.9682 
1.03386 0.428843 -0.121014 1.96773 
1.03949 0.418645 -0.118009 1.97688 
1.03609 0.42726 -0.111758 1.97113 
1.03633 0.424317 -0.116343 1.9709 
1.04443 0.411259 -0.112252 1.9854 
1.04812 0.403509 -0.106029 1.99126 
1.04486 0.412265 -0.10324 1.98617 
1.04568 0.408079 -0.106957 1.98673 
1.05301 0.388507 -0.11554 1.99764 
1.05046 0.396522 -0.108447 1.9941 
1.04973 0.395013 -0.119494 1.99295 
1.05139 0.392944 -0.113786 1.99562 
1.05562 0.385115 -0.111605 2.00277 
1.05757 0.382126 -0.104912 2.00587 
1.05335 0.393989 -0.105485 1.99941 
1.05533 0.386489 -0.108302 2.00215 
1.05597 0.39399 -0.00245014 2.00077 
1.05336 0.401534 0.00513764 1.99587 
1.05242 0.402917 -0.0053609 1.99464 
1.05403 0.40047 -0.000619347 1.99754 
1.05546 0.396893 -0.0172137 2.00057 
1.05712 0.392948 -0.00761029 2.00293 
1.0531 0.403455 -0.0105479 1.99636 
1.05509 0.396586 -0.0120354 1.99945 
1.06147 0.381442 0.0129151 2.00969 
1.061 0.381899 0.0188587 2.00823 
1.05994 0.385685 0.0147277 2.00742 
1.06103 0.382137 0.0145698 2.00826 
1.06556 0.372603 0.0358195 2.01695 
1.06611 0.370753 0.0416717 2.01803 
1.06299 0.376948 0.0375503 2.01274 
1.06432 0.373364 0.0376279 2.01441 
1.06367 0.376965 0.0295234 2.01384 
1.0643 0.374185 0.0326547 2.01412 
1.06233 0.378407 0.0345355 2.01159 
1.06336 0.376471 0.0326453 2.013 
1.06211 0.379527 0.0133216 2.0112 
1.0634 0.376559 0.0176647 2.01287 
1.06144 0.380579 0.0199559 2.00975 
1.06247 0.379373 0.017904 2.01184 
1.0666 0.371806 0.021582 2.01887 
1.06689 0.371293 0.0208014 2.01949 
1.06693 0.371031 0.0219254 2.0196 
1.06682 0.371265 0.0214873 2.01929 
1.06603 0.371567 0.0246288 2.01765 
1.06622 0.372075 0.0224713 2.01812 
1.06674 0.371074 0.0237678 2.01897 
1.06642 0.371768 0.0238731 2.01852 
1.06505 0.373578 0.0196844 2.01587 
1.06603 0.372421 0.0185973 2.01777 
1.06601 0.372293 0.0209365 2.01777 
1.06574 0.372394 0.0197244 2.01708 
1.06732 0.369812 0.0242238 2.02031 
1.06732 0.369549 0.0235325 2.02079 
1.06758 0.368771 0.0242231 2.02099 
1.06736 0.369162 0.0239728 2.02046 
1.05417 0.399197 -0.0281112 1.99839 
1.04965 0.409037 -0.0302672 1.99127 
1.05286 0.401824 -0.0374772 1.99648 
1.05249 0.402752 -0.0326301 1.99572 
1.05294 0.401191 -0.0229765 1.9959 
1.0507 0.406532 -0.0150947 1.99183 
1.04951 0.409111 -0.0253263 1.99064 
1.05111 0.406296 -0.0207822 1.99327 
1.0589 0.387983 -0.0361947 2.00645 
1.05624 0.394123 -0.0290634 2.00178 
1.05525 0.396113 -0.0396766 2.0005 
1.05687 0.39327 -0.0347377 2.00324 
1.05975 0.385971 -0.0172194 2.00724 
1.05867 0.387733 -0.00877935 2.00494 
1.05719 0.391551 -0.0194746 2.003 
1.05844 0.389548 -0.0157108 2.00522 
1.0272 0.457351 0.0147245 1.95685 
1.03026 0.44938 0.018711 1.96049 
1.02409 0.460917 0.0211054 1.94972 
1.027 0.454805 0.018009 1.95488 
1.03008 0.449634 -0.0109452 1.9589 
1.03154 0.448412 -0.00319313 1.96301 
1.02585 0.45744 -0.00539721 1.95254 
1.02949 0.45258 -0.00676198 1.95942 
1.02167 0.464367 -0.0154841 1.94545 
1.02711 0.455698 -0.0152424 1.95435 
1.02355 0.462047 -0.0078474 1.94868 
1.02383 0.460216 -0.0127374 1.9484 
1.03957 0.430669 -0.028298 1.97468 
1.04428 0.420696 -0.0274832 1.982 
1.04131 0.428518 -0.0188069 1.97717 
1.04174 0.426797 -0.0241909 1.97817 
1.02942 0.450296 -0.0273788 1.95842 
1.03389 0.4413 -0.0281664 1.96538 
1.03085 0.448853 -0.0187946 1.95964 
1.03132 0.445964 -0.0240507 1.96085 
1.03032 0.448286 -0.0325246 1.95994 
1.03293 0.442998 -0.0404788 1.9642 
1.03475 0.438208 -0.0332989 1.96659 
1.03274 0.442962 -0.0360768 1.96382 
1.03787 0.435451 0.008087 1.97328 
1.03334 0.442979 0.0174064 1.96541 
1.03481 0.442713 0.00603444 1.96906 
1.03559 0.440182 0.0106869 1.96982 
1.05128 0.40937 0.0071341 1.99359 
1.0456 0.42163 0.00555647 1.98636 
1.05038 0.411462 -0.00144106 1.99196 
1.04938 0.412829 0.00288187 1.9903 
1.04921 0.412082 0.0112931 1.9902 
1.04547 0.420455 0.0188237 1.98602 
1.04475 0.422438 0.00926578 1.98523 
1.04639 0.419613 0.013058 1.98812 
1.07465 0.345996 0.0488208 2.03068 
1.07664 0.340674 0.0478601 2.03458 
1.07564 0.341892 0.0561359 2.03213 
1.07566 0.343798 0.0503575 2.03268 
1.07105 0.356524 0.0420311 2.02557 
1.0723 0.352576 0.0464456 2.02675 
1.06956 0.356749 0.0494767 2.02361 
1.0712 0.355125 0.0466924 2.02589 
1.07281 0.354212 0.0379822 2.02836 
1.07396 0.351504 0.0343187 2.03128 
1.07448 0.34948 0.0368553 2.03174 
1.07351 0.351444 0.036353 2.02983 
1.06579 0.367793 0.0337836 2.01632 
1.06691 0.366997 0.0333917 2.01863 
1.06639 0.365395 0.0392683 2.01717 
1.06621 0.367193 0.0347858 2.01715 
1.07226 0.356094 0.0301691 2.02888 
1.07255 0.355397 0.0268817 2.02995 
1.0733 0.352782 0.0298938 2.03066 
1.0725 0.354162 0.0287816 2.02932 
1.03508 0.438562 0.0357622 1.96747 
1.02961 0.451579 0.038999 1.95965 
1.03292 0.444417 0.0296071 1.96457 
1.03262 0.443519 0.0350099 1.96344 
1.01858 0.470377 0.0253186 1.94117 
1.01759 0.47257 0.0329324 1.93975 
1.01465 0.476892 0.0262088 1.93488 
1.01671 0.473663 0.0283649 1.9383 
1.0122 0.480485 0.0113304 1.93023 
1.01413 0.477454 0.00331637 1.93311 
1.01548 0.475217 0.00886113 1.93618 
1.01426 0.477875 0.00768056 1.93416 
1.02938 0.44999 0.0236103 1.95812 
1.02685 0.456503 0.0334647 1.95523 
1.02415 0.460583 0.0248663 1.94992 
1.02702 0.456675 0.0270679 1.95492 
0.998178 0.463316 0.0061197 1.89964 
0.996788 0.47453 -0.00420962 1.89765 
0.99377 0.437295 -0.00433711 1.8886 
0.995856 0.459775 -0.00379402 1.89505 
0.988267 0.504264 -0.0211849 1.88804 
0.989596 0.498289 -0.0307882 1.88925 
0.992192 0.494625 -0.023737 1.89387 
0.989886 0.497199 -0.0253593 1.8898 
0.975661 0.527404 -0.0292597 1.86856 
0.969043 0.537012 -0.0244575 1.85789 
0.968972 0.533467 -0.0345192 1.85687 
0.971329 0.531779 -0.0299481 1.86055 
0.975933 0.517348 -0.0430167 1.86651 
0.97668 0.522906 -0.032141 1.86984 
0.970094 0.529387 -0.0390097 1.85839 
0.97403 0.524203 -0.037593 1.86459 
0.985419 0.514161 -0.017394 1.88414 
0.980574 0.521886 -0.0107933 1.87712 
0.980796 0.519702 -0.0224033 1.87624 
0.982235 0.518149 -0.0168853 1.87858 
0.979485 0.519864 0.00978315 1.87473 
0.98122 0.519731 -0.00213825 1.87721 
0.987074 0.512978 0.00185734 1.88772 
0.982083 0.516921 0.00232934 1.87839 
0.976882 0.524506 0.0130046 1.87219 
0.970897 0.53237 0.0048245 1.86145 
0.975773 0.524059 -4.98093e-05 1.86721 
0.974771 0.527777 0.00577187 1.86681 
0.94948 0.558936 -0.0315513 1.82586 
0.941012 0.563907 -0.0345852 1.81062 
0.948353 0.553546 -0.0411659 1.82194 
0.946736 0.559251 -0.035365 1.82075 
0.95319 0.552022 -0.0155808 1.83042 
0.955007 0.552901 -0.0248379 1.83474 
0.962896 0.543372 -0.0207648 1.84731 
0.956854 0.548187 -0.0208393 1.83642 
0.948414 0.558111 -0.0136798 1.8231 
0.940419 0.567818 -0.0159851 1.81026 
0.947634 0.558613 -0.0223591 1.82118 
0.946549 0.562221 -0.0169872 1.82082 
0.987885 0.392513 -0.0494841 1.87317 
0.987517 0.398118 -0.0590505 1.87302 
0.986131 0.377743 -0.0557304 1.86906 
0.987132 0.390435 -0.056235 1.87175 
0.994213 0.451322 -0.0446762 1.8905 
0.991294 0.447472 -0.0556048 1.88504 
0.992572 0.420693 -0.0518564 1.88443 
0.993478 0.445689 -0.05012 1.88935 
0.99332 0.449149 -0.0364112 1.88812 
0.992639 0.443668 -0.0445914 1.88649 
0.991319 0.397246 -0.0382195 1.88071 
0.994952 0.443327 -0.0377765 1.89178 
0.993709 0.414852 -0.011406 1.88707 
0.991319 0.395332 -0.00655767 1.8801 
0.989687 0.390854 -0.0164598 1.87655 
0.991507 0.393891 -0.0107066 1.88129 
0.993398 0.488641 -0.0251673 1.89491 
0.990024 0.493064 -0.0342233 1.889 
0.995762 0.477898 -0.0305791 1.89657 
0.992994 0.488241 -0.0302353 1.89416 
0.988947 0.494079 -0.0409024 1.88715 
0.988286 0.490467 -0.0516272 1.88538 
0.99223 0.47752 -0.0453487 1.89101 
0.9902 0.488926 -0.0465798 1.88958 
0.986841 0.486546 -0.0602352 1.88264 
0.985719 0.475206 -0.0678905 1.87815 
0.989049 0.466551 -0.0620728 1.88325 
0.987336 0.475901 -0.0626098 1.88207 
0.952924 0.382111 -0.176556 1.80718 
0.94467 0.405739 -0.172049 1.7972 
0.945544 0.391231 -0.184808 1.79422 
0.947417 0.391109 -0.177058 1.79733 
0.974465 0.450179 -0.100938 1.85379 
0.973972 0.471876 -0.0951047 1.85682 
0.967675 0.466906 -0.107628 1.8442 
0.972455 0.464543 -0.100669 1.85361 
0.977369 0.395231 -0.0981053 1.85539 
0.974824 0.419863 -0.102768 1.85266 
0.974467 0.398157 -0.106827 1.85067 
0.974646 0.399252 -0.101361 1.84965 
0.982218 0.446725 -0.0868687 1.86879 
0.977246 0.469176 -0.0921051 1.8631 
0.97756 0.448326 -0.0967909 1.86058 
0.977935 0.449848 -0.0924825 1.86054 
0.924818 0.449272 -0.163098 1.76906 
0.92013 0.444695 -0.17578 1.75669 
0.926356 0.431738 -0.180481 1.76529 
0.923608 0.44189 -0.172228 1.76238 
0.942319 0.437046 -0.143571 1.79904 
0.930659 0.444184 -0.154166 1.77906 
0.939039 0.424815 -0.15706 1.79063 
0.936697 0.436394 -0.152048 1.78985 
0.961239 0.458797 -0.118155 1.83181 
0.954078 0.441038 -0.130186 1.81784 
0.961675 0.434394 -0.12304 1.83012 
0.958736 0.442075 -0.122564 1.82519 
0.956133 0.466481 -0.118164 1.8245 
0.943566 0.470314 -0.128583 1.801 
0.948654 0.451916 -0.130486 1.80853 
0.949986 0.464947 -0.126855 1.81266 
0.941398 0.448738 -0.14004 1.79783 
0.937068 0.469249 -0.13719 1.79037 
0.930772 0.455492 -0.147916 1.78031 
0.935854 0.455119 -0.141822 1.78806 
0.971312 0.400938 -0.10929 1.84435 
0.973434 0.422352 -0.10333 1.85008 
0.967098 0.417984 -0.115205 1.83846 
0.971467 0.4155 -0.107689 1.84663 
0.83972 0.553487 -0.11639 1.63152 
0.861355 0.534703 -0.126964 1.66266 
0.861426 0.54377 -0.109168 1.6576 
0.856151 0.544591 -0.117438 1.65377 
0.933263 0.563333 -0.062731 1.79738 
0.941431 0.556599 -0.063522 1.81125 
0.93648 0.564228 -0.0552328 1.80347 
0.937051 0.560666 -0.0608418 1.80364 
0.924483 0.548134 -0.0945896 1.77736 
0.930912 0.554486 -0.0852966 1.79225 
0.918331 0.559962 -0.084399 1.76867 
0.925119 0.555884 -0.0882691 1.78139 
0.933315 0.543375 -0.0965501 1.79375 
0.941937 0.539212 -0.0944181 1.80944 
0.936925 0.550413 -0.0881186 1.80317 
0.936959 0.544074 -0.0940945 1.8006 
0.916227 0.500897 -0.134275 1.75609 
0.930117 0.489875 -0.13235 1.77909 
0.922203 0.511068 -0.1256 1.76841 
0.923116 0.500429 -0.130868 1.76837 
0.945802 0.535761 -0.0882938 1.81519 
0.952459 0.535757 -0.0815482 1.82906 
0.940071 0.54666 -0.0846204 1.80741 
0.946365 0.540573 -0.0849763 1.8183 
0.942331 0.52005 -0.108331 1.80583 
0.943647 0.531231 -0.0995366 1.81012 
0.933277 0.534797 -0.102916 1.79199 
0.940885 0.529291 -0.103114 1.80525 
0.927508 0.523554 -0.116378 1.7809 
0.939167 0.51792 -0.11298 1.80123 
0.928278 0.535275 -0.107355 1.78453 
0.930992 0.524666 -0.112934 1.78631 
0.959128 0.483793 -0.111338 1.83103 
0.960396 0.500394 -0.100742 1.83638 
0.951295 0.501498 -0.110428 1.82049 
0.957615 0.497453 -0.106297 1.83179 
0.964385 0.510818 -0.0869675 1.84532 
0.970656 0.51166 -0.0759184 1.85898 
0.96144 0.52382 -0.0795909 1.84308 
0.965202 0.516044 -0.0814332 1.84838 
0.929619 0.566472 -0.057873 1.791 
0.933107 0.566668 -0.0518497 1.79739 
0.92796 0.570201 -0.0515956 1.78855 
0.930707 0.568288 -0.0538376 1.7934 
0.922254 0.570642 -0.0501986 1.77875 
0.921589 0.570427 -0.0526041 1.77735 
0.924657 0.571563 -0.050778 1.7829 
0.922597 0.570795 -0.0512089 1.77938 
0.934964 0.555475 -0.0750873 1.79933 
0.942159 0.554098 -0.0682356 1.81254 
0.932255 0.562038 -0.0672159 1.79544 
0.936621 0.558266 -0.070731 1.80312 
1.04876 0.399331 -0.109569 1.99117 
1.04466 0.406937 -0.117091 1.98474 
1.0477 0.398965 -0.119986 1.98943 
1.04746 0.402442 -0.115946 1.98964 
1.05703 0.384712 -0.101158 2.0053 
1.05523 0.389337 -0.0928136 2.00179 
1.05322 0.39399 -0.101709 1.99924 
1.05503 0.390349 -0.0984824 2.00195 
1.05105 0.399496 -0.0975136 1.99574 
1.05373 0.394365 -0.0896328 1.99946 
1.05066 0.402979 -0.0870298 1.99476 
1.05187 0.397768 -0.0912754 1.99637 
1.05972 0.371245 -0.117122 2.00901 
1.05861 0.376854 -0.107355 2.00671 
1.05645 0.379583 -0.114435 2.0033 
1.05856 0.377221 -0.112754 2.00743 
1.06232 0.374718 -0.0888439 2.01367 
1.05812 0.385223 -0.0891738 2.00688 
1.0596 0.379847 -0.0968595 2.00969 
1.05989 0.378932 -0.0917562 2.00938 
1.06169 0.379028 -0.0660346 2.01166 
1.06571 0.370543 -0.0624408 2.01828 
1.06178 0.37948 -0.0566937 2.01119 
1.06293 0.376544 -0.0605039 2.01348 
1.0402 0.425269 -0.067238 1.9763 
1.03923 0.42864 -0.0604509 1.97444 
1.0358 0.433982 -0.0634328 1.96864 
1.03829 0.429811 -0.0640402 1.97318 
1.0407 0.422247 -0.0809558 1.97732 
1.04126 0.4214 -0.074762 1.97805 
1.03667 0.429758 -0.0783668 1.97028 
1.03979 0.425414 -0.0782889 1.97615 
1.04224 0.418678 -0.0949379 1.98137 
1.04122 0.42177 -0.0862871 1.97906 
1.03872 0.42643 -0.0911157 1.9754 
1.04085 0.422498 -0.0907564 1.97916 
1.04612 0.410842 -0.0804321 1.98585 
1.04304 0.417633 -0.0729481 1.98074 
1.04317 0.418186 -0.0792398 1.98183 
1.04422 0.415093 -0.0765366 1.98274 
1.04532 0.416577 -0.059269 1.98471 
1.04126 0.424513 -0.0593125 1.97761 
1.04262 0.420208 -0.0652497 1.9797 
1.043 0.420019 -0.0613981 1.98035 
1.02393 0.457746 -0.0457731 1.94926 
1.0197 0.465913 -0.0465832 1.94316 
1.02319 0.457859 -0.051606 1.94795 
1.02261 0.460731 -0.0474605 1.94778 
1.0284 0.438508 -0.111132 1.95765 
1.02998 0.43384 -0.118886 1.96066 
1.03318 0.431109 -0.110589 1.96542 
1.03094 0.435073 -0.113861 1.96239 
1.02183 0.450166 -0.100417 1.94724 
1.02642 0.446399 -0.106263 1.95564 
1.02846 0.446862 -0.0988015 1.95938 
1.02624 0.449411 -0.102008 1.95571 
1.01576 0.449728 -0.0851436 1.9345 
1.01956 0.451804 -0.0924568 1.94257 
1.02235 0.456504 -0.0889213 1.9486 
1.0206 0.453991 -0.0903239 1.94516 
1.01048 0.404049 -0.0777043 1.91884 
0.99416 0.315056 -0.0690151 1.87508 
1.01597 0.422433 -0.0895907 1.93293 
1.00659 0.394043 -0.0730842 1.90977 
1.00641 0.344166 -0.0785352 1.90351 
0.991957 0.249401 -0.0685521 1.86495 
1.00174 0.285955 -0.0700112 1.89031 
0.993511 0.283229 -0.0766006 1.87207 
1.02461 0.437224 -0.126703 1.95106 
1.0155 0.4119 -0.110618 1.93012 
1.01402 0.392592 -0.110954 1.92682 
1.01556 0.413258 -0.114446 1.93053 
1.01154 0.41488 -0.0888854 1.92209 
0.997984 0.314607 -0.0639437 1.88416 
1.00779 0.380423 -0.0845357 1.91046 
1.00937 0.378523 -0.0864381 1.91445 
0.993539 0.299809 -0.0640372 1.87244 
1.00307 0.365997 -0.0617978 1.8998 
0.991014 0.29771 -0.0611354 1.86654 
0.992187 0.30304 -0.0645959 1.86961 
0.989354 0.294862 -0.0906561 1.8625 
0.990467 0.264816 -0.0816606 1.8617 
0.989667 0.266719 -0.074159 1.85977 
0.989418 0.267956 -0.0788306 1.85879 
0.986454 0.33778 -0.0901856 1.86324 
0.988542 0.318261 -0.0924957 1.86369 
0.988868 0.319999 -0.0858746 1.8642 
0.987614 0.32123 -0.0889187 1.86213 
0.979732 0.329756 -0.131209 1.84913 
0.980262 0.308178 -0.137205 1.84807 
0.982918 0.310449 -0.121444 1.85274 
0.980968 0.310845 -0.13017 1.84905 
1.01663 0.427273 -0.110906 1.93534 
1.02719 0.439484 -0.122285 1.9579 
1.02653 0.444395 -0.113687 1.95674 
1.02449 0.444036 -0.116954 1.95249 
1.01985 0.447083 -0.101174 1.9435 
1.01759 0.429766 -0.105674 1.93731 
1.02458 0.448117 -0.109104 1.95322 
1.02046 0.445902 -0.104659 1.94507 
0.988079 0.240033 -0.0977265 1.85453 
0.988303 0.228133 -0.105864 1.85432 
0.988491 0.191331 -0.0824541 1.85236 
0.989966 0.226666 -0.093969 1.85872 
1.04486 0.416982 -0.0413478 1.98264 
1.05054 0.406364 -0.0426749 1.99274 
1.04736 0.412658 -0.0336989 1.9868 
1.0478 0.413575 -0.0391291 1.9882 
1.03676 0.433909 -0.0351534 1.97006 
1.03529 0.438519 -0.0441024 1.96804 
1.04005 0.42836 -0.0429247 1.97553 
1.03706 0.43297 -0.0402606 1.97032 
1.04046 0.413956 -0.122602 1.97758 
1.03332 0.425244 -0.126874 1.96638 
1.03911 0.411596 -0.135225 1.97639 
1.03813 0.418466 -0.129711 1.97523 
1.04788 0.406045 -0.0888629 1.98947 
1.04529 0.410946 -0.0976374 1.98608 
1.04871 0.403157 -0.100238 1.9918 
1.04731 0.407644 -0.0953813 1.98964 
1.04229 0.417208 -0.103858 1.98167 
1.03741 0.42431 -0.108338 1.97314 
1.04117 0.416412 -0.113053 1.97952 
1.04065 0.420076 -0.108931 1.97924 
1.00768 0.489299 0.025709 1.92387 
1.01027 0.483668 0.0278656 1.92829 
1.00849 0.48595 0.0326591 1.92536 
1.00876 0.485814 0.0289384 1.9256 
0.994472 0.490604 0.0310367 1.89778 
0.9958 0.477676 0.02639 1.89921 
0.995742 0.473993 0.0384933 1.89893 
0.993984 0.478048 0.0314901 1.89449 
1.01122 0.482324 0.016549 1.92956 
1.01478 0.477726 0.0145466 1.93578 
1.01213 0.479832 0.0225016 1.9311 
1.0126 0.47979 0.0180287 1.93193 
1.00729 0.48601 0.0124799 1.92217 
1.00945 0.485484 0.0165086 1.92518 
1.00637 0.490091 0.0225617 1.92087 
1.00833 0.488266 0.0164382 1.92454 
1.00811 0.485691 0.00595868 1.92431 
1.01247 0.481958 0.00246357 1.93097 
1.01111 0.48537 0.0104481 1.92893 
1.01036 0.484238 0.00639139 1.92746 
1.01631 0.473881 -0.0192658 1.93757 
1.01046 0.477228 -0.0164117 1.92682 
1.01274 0.475838 -0.0221035 1.93092 
1.01417 0.477518 -0.0193137 1.93408 
0.994619 0.494959 -0.00836127 1.89809 
0.991319 0.503891 -0.00131883 1.89321 
0.989363 0.504375 -0.0129522 1.88945 
0.991975 0.502148 -0.00692975 1.89467 
0.995135 0.464833 -0.0302889 1.8939 
0.993753 0.448809 -0.0253805 1.89035 
0.994651 0.479127 -0.0253457 1.89502 
0.99612 0.465867 -0.0270991 1.89604 
0.997195 0.485383 0.00481536 1.90199 
0.992335 0.501378 -0.000266517 1.89447 
0.995585 0.492205 -0.00585891 1.89933 
0.99501 0.492664 -0.00084878 1.89764 
0.993187 0.453818 0.0171302 1.89068 
0.993713 0.449057 0.0111076 1.89075 
1.0006 0.468439 0.0217978 1.90828 
0.995013 0.449304 0.0166268 1.89443 
0.996843 0.471497 0.0381163 1.90129 
0.993908 0.454829 0.0278542 1.89313 
0.999266 0.47237 0.0301531 1.90545 
0.997329 0.468033 0.0324675 1.90171 
0.996608 0.497821 0.0321096 1.90294 
0.99396 0.498584 0.021892 1.89769 
0.999829 0.489803 0.0246064 1.90626 
0.996315 0.496365 0.0273145 1.90227 
0.99282 0.500958 0.0127478 1.89606 
0.992464 0.501362 0.00404672 1.89447 
0.997832 0.490536 0.0062753 1.90267 
0.995271 0.499566 0.00792687 1.90055 
0.989931 0.466737 -0.0557404 1.88479 
0.991434 0.465315 -0.0460676 1.88748 
0.987514 0.485598 -0.0548448 1.8836 
0.989199 0.470008 -0.0538472 1.88454 
0.99425 0.439604 -0.0216945 1.89011 
0.994502 0.432896 -0.0121624 1.89031 
0.995761 0.47195 -0.0132496 1.89558 
0.994031 0.443115 -0.0130049 1.88914 
0.992203 0.396475 -0.0313785 1.88298 
0.992709 0.42212 -0.0210165 1.88481 
0.994938 0.447913 -0.0306728 1.89168 
0.992448 0.422274 -0.0289172 1.88409 
0.990981 0.377119 -0.0252383 1.87915 
0.998368 0.416759 -0.00929422 1.89667 
0.98946 0.391738 -0.0229391 1.87575 
0.988513 0.379868 -0.0196655 1.87393 
0.976223 0.524942 -0.0222758 1.8683 
0.978036 0.525417 -0.00991482 1.87291 
0.972174 0.532987 -0.0172424 1.8629 
0.975164 0.528682 -0.0167348 1.86768 
0.994208 0.491724 -0.0109408 1.89681 
0.988853 0.503786 -0.0176183 1.88903 
0.992063 0.494947 -0.0193116 1.89347 
0.991342 0.494682 -0.0159438 1.89223 
0.988696 0.50969 -0.000725948 1.89031 
0.981538 0.519858 -0.00660711 1.87822 
0.985646 0.512204 -0.0119721 1.88364 
0.984884 0.513006 -0.00728161 1.88325 
1.00107 0.470382 0.0226061 1.90812 
0.993798 0.440392 0.0114422 1.89127 
0.999021 0.454405 0.0161056 1.90209 
0.998702 0.452174 0.0165669 1.90199 
0.997283 0.488577 0.0185825 1.90356 
0.994553 0.499561 0.0157899 1.89934 
0.998254 0.489864 0.0111631 1.90467 
0.99647 0.490824 0.0154075 1.90057 
0.996704 0.49189 0.0413156 1.90144 
0.994645 0.491409 0.0347851 1.89767 
0.995046 0.480136 0.0374998 1.89809 
0.997561 0.489617 0.0373565 1.9033 
0.995447 0.499392 0.0451552 1.90191 
0.992183 0.504773 0.0386523 1.89569 
0.994036 0.499238 0.0390053 1.89773 
0.994693 0.50172 0.0403703 1.89955 
0.984998 0.516038 0.0298378 1.88363 
0.972967 0.530145 0.0350227 1.86365 
0.978279 0.525385 0.023733 1.87306 
0.978204 0.522512 0.0292013 1.87156 
0.993829 0.501497 0.0328885 1.89904 
0.989641 0.509441 0.0298007 1.89237 
0.991287 0.504346 0.0239863 1.89408 
0.99071 0.504874 0.0276879 1.89321 
0.994261 0.502403 0.0450329 1.89941 
0.987812 0.514222 0.0431167 1.89045 
0.989628 0.510293 0.0387522 1.89203 
0.989534 0.508452 0.0418757 1.89132 
0.9755 0.527707 -0.0076036 1.8687 
0.967154 0.537588 -0.00394788 1.85498 
0.968973 0.533855 -0.0139795 1.857 
0.970023 0.532432 -0.009562 1.85871 
1.02195 0.462788 -0.0196581 1.94596 
1.02622 0.454319 -0.0258759 1.95266 
1.02854 0.453434 -0.0196771 1.95704 
1.02613 0.457817 -0.0221631 1.95362 
1.02001 0.467086 -0.0202718 1.94343 
1.02188 0.466456 -0.0276375 1.94752 
1.02483 0.458515 -0.027062 1.95135 
1.02202 0.462842 -0.0257617 1.94636 
1.0164 0.473194 -0.00530369 1.93662 
1.01918 0.46857 -0.012049 1.94144 
1.02102 0.465393 -0.00619671 1.94391 
1.01916 0.46929 -0.00799421 1.94148 
1.01453 0.479243 -0.0068087 1.93447 
1.01099 0.480129 -0.0121161 1.92872 
1.01661 0.475848 -0.0140116 1.93816 
1.01352 0.47869 -0.0109462 1.93297 
0.995954 0.454368 -0.0193686 1.8949 
0.997607 0.481821 -0.0106461 1.90035 
0.995393 0.479118 -0.0196019 1.89582 
0.996669 0.477622 -0.0165651 1.89945 
1.00198 0.448783 0.00634431 1.90503 
0.989108 0.40548 0.000270051 1.87949 
0.998576 0.439105 -0.00393998 1.89926 
0.996412 0.433665 0.00148009 1.8956 
0.993838 0.432364 0.00543603 1.88986 
0.993519 0.433159 -0.000445436 1.88678 
0.991274 0.419537 -0.00321517 1.88369 
0.98963 0.420964 -0.00131102 1.88092 
1.01131 0.463861 -0.0366011 1.92791 
1.0157 0.475139 -0.0394657 1.93748 
1.01248 0.477541 -0.0313567 1.93157 
1.01302 0.475282 -0.036779 1.93275 
1.02695 0.455815 -0.0412822 1.95508 
1.03092 0.448873 -0.0431198 1.96145 
1.02782 0.452055 -0.0337752 1.95609 
1.02858 0.451749 -0.0388157 1.95726 
1.01932 0.467788 -0.0420358 1.94262 
1.02303 0.461019 -0.0410934 1.94839 
1.02042 0.466129 -0.0346048 1.94397 
1.02086 0.463931 -0.0393935 1.94437 
1.01482 0.475857 -0.0301537 1.93558 
1.0171 0.471334 -0.0385123 1.93883 
1.01864 0.468837 -0.0326576 1.94093 
1.01727 0.47257 -0.0339379 1.93954 
1.00927 0.458677 -0.0390961 1.92327 
1.01411 0.469087 -0.0475331 1.93379 
1.01557 0.47214 -0.0450858 1.93703 
1.01439 0.469859 -0.0452519 1.93444 
1.02571 0.45478 -0.073457 1.9542 
1.02218 0.461515 -0.0745135 1.94891 
1.02476 0.455886 -0.079977 1.9529 
1.02428 0.457897 -0.0756907 1.95229 
1.0225 0.461531 -0.0595372 1.94837 
1.01768 0.469163 -0.060792 1.9409 
1.01966 0.464875 -0.0667536 1.94401 
1.02064 0.466902 -0.061707 1.94621 
1.03122 0.443914 -0.0637305 1.96219 
1.0266 0.453493 -0.0592294 1.95489 
1.02851 0.450065 -0.0664745 1.95837 
1.0285 0.449008 -0.0636974 1.95779 
1.01934 0.472261 -0.0483992 1.94457 
1.01814 0.47204 -0.0551193 1.9424 
1.02191 0.463636 -0.0536391 1.94764 
1.01971 0.469415 -0.0529429 1.94461 
1.00523 0.431483 -0.0407974 1.91212 
0.999745 0.391358 -0.0426708 1.89556 
1.01105 0.461443 -0.0491389 1.92669 
1.00497 0.430672 -0.0414948 1.91081 
0.990957 0.348059 -0.0352559 1.87253 
0.996863 0.374193 -0.0271811 1.88572 
0.98579 0.331112 -0.0360647 1.8604 
0.988569 0.345313 -0.0331397 1.86765 
0.987282 0.315489 -0.0485045 1.86005 
0.987716 0.32809 -0.0419121 1.86372 
0.985884 0.321246 -0.0429695 1.85769 
0.986963 0.318412 -0.0443064 1.8604 
0.988105 0.307733 -0.0543156 1.86076 
0.990012 0.301994 -0.0580411 1.86474 
0.993932 0.332219 -0.0524183 1.87711 
0.989037 0.3048 -0.054519 1.86305 
1.02812 0.453047 0.0094489 1.95732 
1.0319 0.44668 0.00584688 1.96387 
1.03112 0.445626 0.0159574 1.96114 
1.03112 0.448874 0.0102663 1.96291 
1.01896 0.469548 0.0122436 1.94242 
1.02261 0.462624 0.0128343 1.94842 
1.02096 0.466124 0.0189613 1.94552 
1.02072 0.466246 0.0150112 1.94514 
1.0253 0.459297 -0.00139218 1.95286 
1.03052 0.450672 0.00110719 1.96206 
1.02672 0.456286 0.00576779 1.95534 
1.02709 0.455411 0.00198945 1.9558 
1.00124 0.388732 -0.0451057 1.89765 
1.00457 0.404978 -0.049956 1.90712 
1.01112 0.460516 -0.0553274 1.92683 
1.00447 0.413609 -0.0545151 1.90793 
1.02186 0.465539 0.0290719 1.94691 
1.02386 0.460367 0.0352274 1.94949 
1.01926 0.468187 0.0356972 1.94225 
1.02165 0.464356 0.0330802 1.94606 
1.04028 0.431028 -0.00719006 1.97623 
1.04078 0.430318 0.00140217 1.97783 
1.03638 0.439969 0.000177525 1.97144 
1.03942 0.433772 -0.00276778 1.97593 
1.03274 0.444776 -0.0124727 1.96344 
1.03768 0.435853 -0.01274 1.97169 
1.03402 0.443932 -0.00346322 1.96698 
1.0348 0.441293 -0.00906049 1.96707 
1.04728 0.415251 -0.0223248 1.98727 
1.04936 0.412331 -0.0136799 1.99041 
1.04406 0.42421 -0.0150737 1.98269 
1.04715 0.41661 -0.0178756 1.98697 
1.04318 0.425148 -0.00968198 1.98057 
1.04747 0.41623 -0.00801643 1.98704 
1.04318 0.425098 0.00084329 1.98162 
1.04474 0.422258 -0.0047963 1.98337 
1.02751 0.447854 0.0714731 1.95448 
1.02439 0.452716 0.0737527 1.94873 
1.02906 0.446074 0.062172 1.95693 
1.02694 0.449784 0.0707387 1.95416 
1.02224 0.464415 0.0498231 1.9491 
1.01997 0.46764 0.0392737 1.94324 
1.02399 0.459304 0.0403407 1.94898 
1.02268 0.464654 0.0429223 1.94835 
0.999449 0.495541 0.0679767 1.90956 
0.999671 0.494869 0.0678548 1.90985 
0.99963 0.495177 0.0684915 1.90981 
0.999656 0.495352 0.0681156 1.9099 
0.998654 0.496779 0.068183 1.90831 
0.999088 0.496308 0.0679572 1.909 
0.999004 0.496403 0.0683594 1.90889 
0.998963 0.496444 0.0681885 1.90882 
0.998887 0.495704 0.0660976 1.90854 
0.999673 0.494511 0.0666871 1.91001 
0.999292 0.495789 0.0672301 1.90929 
0.999526 0.495277 0.0665772 1.90966 
1.0109 0.481775 0.0455977 1.92956 
1.00749 0.488 0.0469562 1.92389 
1.00992 0.48603 0.0415498 1.92828 
1.00993 0.48491 0.0443232 1.92832 
1.00389 0.489363 0.0672051 1.91715 
1.00516 0.488425 0.0627472 1.91944 
1.00591 0.487546 0.0661268 1.92099 
1.00465 0.488498 0.0657965 1.91842 
1.00305 0.492791 0.0557165 1.91597 
1.00486 0.490853 0.0525557 1.91927 
1.00512 0.488981 0.056555 1.91924 
1.0048 0.491112 0.0541665 1.91939 
1.00181 0.493025 0.0651507 1.9136 
1.00242 0.493442 0.0609198 1.91519 
1.0035 0.491676 0.0621032 1.91691 
1.00246 0.492347 0.0629792 1.91495 
0.998865 0.495311 0.0652314 1.90828 
0.999362 0.494146 0.064971 1.90934 
0.999563 0.493865 0.066742 1.90972 
0.999011 0.493954 0.065519 1.9085 
0.998624 0.496143 0.0645173 1.90775 
0.998049 0.496005 0.0617364 1.90677 
0.999038 0.493512 0.0624472 1.90844 
0.998755 0.495401 0.0628798 1.90794 
0.996789 0.495293 0.0554023 1.90397 
0.997135 0.493116 0.0509941 1.90359 
0.999929 0.491716 0.0552815 1.91 
0.998105 0.49213 0.0536221 1.90581 
0.998152 0.49771 0.0683633 1.90758 
0.997367 0.499148 0.0670966 1.90639 
0.998104 0.498136 0.0664126 1.90755 
0.997951 0.4984 0.0672268 1.90734 
0.996774 0.489736 0.0492585 1.90282 
0.998558 0.487385 0.0494426 1.90664 
1.00015 0.491187 0.0560083 1.9103 
0.997924 0.487576 0.0510119 1.9053 
1.00009 0.495346 0.0680622 1.91107 
0.999769 0.494804 0.0678962 1.91023 
0.999926 0.494973 0.0674889 1.91064 
0.999921 0.495012 0.0678668 1.91067 
1.00701 0.487359 0.0352217 1.92232 
1.00201 0.489185 0.0410737 1.91334 
1.005 0.488121 0.0317954 1.91872 
1.00537 0.489837 0.0354401 1.91976 
1.01537 0.474731 0.0336229 1.93586 
1.01105 0.482326 0.0340236 1.92886 
1.01368 0.479304 0.0290706 1.93379 
1.01363 0.478685 0.03169 1.93336 
1.00551 0.492172 0.0461155 1.92146 
1.00202 0.491192 0.0430965 1.91381 
1.0062 0.489519 0.0403106 1.9218 
1.00464 0.492053 0.0431155 1.91894 
1.00384 0.490177 0.0663023 1.9171 
1.00231 0.493133 0.0652159 1.91516 
1.00412 0.490469 0.063439 1.91808 
1.00378 0.491371 0.0647219 1.91767 
0.999753 0.492176 0.0591941 1.90981 
0.999059 0.492037 0.0617231 1.90843 
0.997649 0.493613 0.0591799 1.90546 
0.998742 0.491981 0.0604501 1.90761 
1.0044 0.492298 0.0514206 1.91832 
1.00236 0.495192 0.0557142 1.91523 
1.00289 0.492558 0.0493597 1.91601 
1.00355 0.493945 0.0518015 1.91747 
0.993609 0.499957 0.0971347 1.89993 
0.992077 0.506307 0.0888716 1.89775 
0.996968 0.49464 0.092687 1.90468 
0.993842 0.499459 0.0916774 1.89945 
0.936517 0.56426 0.140627 1.81055 
0.935541 0.562032 0.120409 1.80485 
0.950517 0.546122 0.138137 1.8305 
0.941 0.556407 0.131122 1.81399 
0.959163 0.525655 0.173568 1.84297 
0.948888 0.537161 0.173417 1.82634 
0.957288 0.530845 0.148981 1.83843 
0.954629 0.532943 0.165548 1.83609 
0.904863 0.594403 0.102101 1.75421 
0.917162 0.586908 0.0771273 1.77454 
0.927077 0.575586 0.101658 1.79103 
0.916813 0.584125 0.0929908 1.77294 
0.980363 0.523467 0.0811335 1.87928 
0.988702 0.509806 0.0883287 1.89259 
0.98315 0.515033 0.0923132 1.88318 
0.985009 0.514698 0.0889056 1.88577 
0.984669 0.516528 0.0338873 1.88358 
0.983375 0.518496 0.0427921 1.88215 
0.975806 0.527654 0.0406226 1.8684 
0.982492 0.521811 0.0388714 1.88138 
0.997054 0.498978 0.0716916 1.90589 
0.997991 0.497766 0.0693962 1.90728 
0.997892 0.497591 0.0714923 1.90718 
0.997681 0.498123 0.0704496 1.90681 
0.982904 0.518236 0.0779349 1.88304 
0.98834 0.509414 0.0761284 1.89112 
0.987848 0.511956 0.0842651 1.89222 
0.9853 0.515143 0.0799371 1.88728 
0.988854 0.511828 0.048046 1.8916 
0.994301 0.504785 0.0470821 1.90113 
0.990508 0.509262 0.0547229 1.89463 
0.991742 0.507708 0.0496808 1.89709 
0.999613 0.495687 0.0688783 1.90996 
0.999179 0.496152 0.0685353 1.90919 
0.999336 0.495962 0.0682189 1.90945 
0.999296 0.49597 0.0684931 1.90938 
0.998796 0.496839 0.068805 1.90864 
0.99896 0.496505 0.0685204 1.90885 
0.99906 0.496345 0.0687376 1.90902 
0.998993 0.496537 0.0686451 1.90894 
0.999088 0.496146 0.069849 1.90909 
0.998681 0.49676 0.0692744 1.90837 
0.999203 0.496207 0.069138 1.90931 
0.998942 0.496441 0.069511 1.90884 
0.999651 0.495422 0.069339 1.91001 
0.999395 0.49578 0.0695817 1.9096 
0.999371 0.495854 0.0690529 1.90955 
0.999484 0.495653 0.0693663 1.90974 
0.999864 0.495206 0.069818 1.91044 
1.00015 0.495043 0.0698025 1.91103 
1 0.495105 0.0703458 1.91075 
1 0.495117 0.0699253 1.91074 
0.968816 0.535823 0.035139 1.85794 
0.964037 0.543644 0.0257069 1.85047 
0.973629 0.531206 0.0200445 1.86591 
0.969447 0.537564 0.0273207 1.8593 
0.979669 0.52264 0.0475077 1.87581 
0.976233 0.529495 0.0647522 1.87226 
0.97338 0.533185 0.048046 1.86787 
0.974737 0.528232 0.051121 1.86779 
0.99159 0.506742 0.0647627 1.8957 
0.994602 0.502169 0.0680423 1.90152 
0.991214 0.50735 0.0696277 1.89603 
0.992468 0.506521 0.067633 1.89862 
0.995719 0.501 0.0579141 1.90349 
0.992724 0.506213 0.0567414 1.89899 
0.995134 0.500965 0.0529769 1.90137 
0.994556 0.503022 0.0561418 1.90098 
0.99599 0.501675 0.060137 1.90389 
0.995331 0.501505 0.0657842 1.90269 
0.993502 0.504793 0.0610967 1.90051 
0.99506 0.502761 0.0621223 1.90222 
0.996327 0.499819 0.0692527 1.90439 
0.998107 0.497846 0.0693692 1.90754 
0.99625 0.499916 0.0712298 1.90435 
0.996895 0.499694 0.070364 1.9057 
0.983459 0.520184 0.067882 1.8848 
0.988236 0.512479 0.0623286 1.891 
0.988324 0.50981 0.0704426 1.89088 
0.98719 0.51388 0.0666858 1.88943 
0.997054 0.499612 0.0630721 1.90569 
0.998062 0.497838 0.0654208 1.90742 
0.996355 0.500085 0.0654597 1.90441 
0.996924 0.499095 0.0646099 1.90523 
0.943149 0.563434 0.0943717 1.81795 
0.949786 0.554704 0.0724073 1.82595 
0.955477 0.545692 0.0932294 1.83521 
0.950335 0.551834 0.0868001 1.82651 
0.902462 0.588781 0.121121 1.74797 
0.925803 0.571868 0.11584 1.7878 
0.919436 0.574548 0.139218 1.77934 
0.914956 0.583494 0.128042 1.77132 
0.926911 0.578027 0.0731627 1.78948 
0.945197 0.560901 0.0694724 1.81872 
0.932808 0.573958 0.0923316 1.80073 
0.932852 0.575307 0.0778886 1.80125 
0.887921 0.606158 0.0619772 1.72313 
0.908534 0.593784 0.0678096 1.75841 
0.889557 0.602936 0.0916356 1.72671 
0.896055 0.605448 0.0755852 1.74075 
0.894048 0.608803 0.0327318 1.73457 
0.893687 0.610295 0.0167402 1.73358 
0.90782 0.595742 0.01312 1.7548 
0.896254 0.604582 0.0202969 1.73563 
0.930424 0.478032 -0.137418 1.779 
0.915456 0.49003 -0.140693 1.75449 
0.922473 0.466191 -0.148611 1.76647 
0.924057 0.478892 -0.142295 1.76894 
0.945981 0.501004 -0.116698 1.81172 
0.944184 0.484873 -0.125737 1.80434 
0.955417 0.479393 -0.116356 1.82409 
0.947658 0.485968 -0.120443 1.80979 
0.940992 0.5071 -0.116136 1.80254 
0.928915 0.511408 -0.121639 1.78042 
0.936441 0.490405 -0.127252 1.79003 
0.936116 0.504949 -0.120945 1.79292 
0.959172 0.511463 -0.0975987 1.83557 
0.94989 0.526394 -0.0971257 1.82153 
0.949558 0.513941 -0.105569 1.81827 
0.952435 0.51608 -0.100936 1.82331 
0.897984 0.550818 -0.0342716 1.72933 
0.905449 0.558892 -0.0457165 1.74374 
0.909686 0.546795 -0.03546 1.74967 
0.903315 0.550866 -0.0387585 1.7378 
0.915885 0.570383 -0.0584337 1.767 
0.909646 0.567941 -0.0579214 1.75452 
0.911753 0.568932 -0.0701552 1.75929 
0.912789 0.569479 -0.0612038 1.76093 
0.922266 0.563428 -0.052386 1.77727 
0.922105 0.564236 -0.0491665 1.77721 
0.921568 0.569074 -0.0506903 1.77739 
0.921535 0.564214 -0.0511016 1.77566 
0.923396 0.531856 -0.0503744 1.77209 
0.920742 0.524693 -0.0555522 1.76644 
0.922431 0.510447 -0.0533736 1.76648 
0.922707 0.523181 -0.052047 1.76942 
0.919649 0.532903 -0.0362738 1.76491 
0.923023 0.533575 -0.043373 1.77181 
0.922095 0.518299 -0.0372088 1.76702 
0.922149 0.530118 -0.0394095 1.77001 
0.921303 0.551611 -0.0535661 1.77267 
0.921199 0.536386 -0.0553543 1.76822 
0.923086 0.540895 -0.0518757 1.77329 
0.921436 0.541984 -0.0542285 1.76946 
0.919268 0.569186 -0.0530176 1.7736 
0.920598 0.563536 -0.0537138 1.77394 
0.921162 0.56938 -0.0509638 1.77657 
0.920934 0.56858 -0.0521724 1.7757 
0.924416 0.531933 -0.0477288 1.77456 
0.92363 0.509247 -0.0479204 1.76933 
0.925109 0.515917 -0.0430255 1.77322 
0.923315 0.516262 -0.0469149 1.76887 
0.861541 0.537399 0.0295363 1.66052 
0.898847 0.503506 0.0534489 1.72496 
0.861517 0.561679 0.06811 1.67286 
0.871299 0.525685 0.0485482 1.67664 
0.99944 0.495546 0.067568 1.90953 
0.999555 0.494555 0.067016 1.90978 
0.999715 0.494644 0.0676239 1.90995 
0.9995 0.49484 0.0673046 1.90958 
0.998488 0.497423 0.0680564 1.9082 
0.998536 0.497293 0.0670903 1.90819 
0.99906 0.49664 0.0676234 1.90911 
0.998516 0.497171 0.0676132 1.90806 
0.982223 0.517808 0.0533401 1.87982 
0.987705 0.51401 0.059125 1.89092 
0.978645 0.524546 0.0635472 1.87613 
0.982763 0.520868 0.0590595 1.88367 
0.984549 0.339388 -0.0308372 1.85926 
0.985651 0.336869 -0.0363971 1.86045 
0.987842 0.361386 -0.0304388 1.86808 
0.986589 0.337596 -0.0337659 1.86283 
1.00429 0.443607 -0.015185 1.9103 
0.991057 0.363179 -0.0174432 1.87565 
1.00584 0.45268 -0.0207048 1.91471 
1.00099 0.433548 -0.0137342 1.90324 
0.993933 0.47676 -0.0364781 1.89528 
0.990568 0.492783 -0.0383951 1.8905 
0.993018 0.477513 -0.042176 1.89276 
0.991937 0.478538 -0.0393728 1.89103 
0.989992 0.413322 -0.0535307 1.87995 
0.990116 0.443365 -0.0593852 1.88314 
0.989246 0.422716 -0.0631206 1.87942 
0.989669 0.42437 -0.0563166 1.87906 
0.984187 0.359644 -0.0311281 1.86142 
0.986118 0.38046 -0.0384317 1.86874 
0.985687 0.356089 -0.0373454 1.86471 
0.985673 0.363344 -0.0367079 1.86584 
0.989242 0.390941 -0.0373625 1.8774 
0.991 0.441571 -0.0456908 1.883 
0.990231 0.411027 -0.0489314 1.88042 
0.989839 0.414559 -0.0416802 1.87874 
0.970563 0.517113 -0.0711574 1.85851 
0.965364 0.527769 -0.0642864 1.84987 
0.962586 0.52629 -0.074341 1.84498 
0.966397 0.523141 -0.069876 1.85115 
0.985511 0.50471 -0.0375454 1.88307 
0.979571 0.516862 -0.0329006 1.87368 
0.980044 0.510903 -0.0435742 1.87356 
0.981472 0.509224 -0.0384914 1.87576 
0.952994 0.538586 -0.0779863 1.83003 
0.94695 0.549303 -0.0707187 1.82056 
0.941547 0.549073 -0.0802451 1.81073 
0.947486 0.543931 -0.076515 1.82023 
0.960019 0.515698 -0.0935357 1.83856 
0.957639 0.52749 -0.0844917 1.83638 
0.952443 0.526617 -0.0916245 1.82553 
0.956637 0.523302 -0.0890734 1.83388 
0.96081 0.534153 -0.0619068 1.84285 
0.95073 0.544951 -0.0668994 1.82627 
0.956258 0.534049 -0.0720555 1.83392 
0.956063 0.538929 -0.0672901 1.83494 
0.967754 0.531173 -0.0439736 1.85459 
0.967098 0.526409 -0.054519 1.85251 
0.974085 0.519265 -0.0503866 1.86446 
0.969856 0.524436 -0.0498404 1.85674 
0.986217 0.503987 -0.0311515 1.88384 
0.986188 0.50946 -0.0215872 1.88472 
0.981484 0.515441 -0.0276405 1.87692 
0.984444 0.510331 -0.0266443 1.88176 
0.964954 0.541938 -0.0233517 1.85126 
0.956138 0.550972 -0.0291295 1.83639 
0.963189 0.540105 -0.0338112 1.84663 
0.961966 0.545689 -0.028306 1.84628 
0.951907 0.547862 -0.0520383 1.82859 
0.950687 0.546438 -0.0623038 1.82631 
0.95948 0.536402 -0.0587922 1.84051 
0.953579 0.542151 -0.0580892 1.82991 
0.973202 0.514537 -0.0650346 1.86222 
0.975696 0.516159 -0.0534502 1.8671 
0.968304 0.524414 -0.0593005 1.85468 
0.972469 0.519086 -0.0595232 1.86133 
0.974919 0.488427 -0.0869984 1.86109 
0.974959 0.503817 -0.0765997 1.86296 
0.96821 0.500328 -0.0904727 1.851 
0.973342 0.498287 -0.0839853 1.8599 
0.965176 0.480337 -0.105885 1.84298 
0.97197 0.482628 -0.0940818 1.85488 
0.965336 0.497103 -0.0975781 1.84555 
0.966792 0.486833 -0.100436 1.84549 
0.983528 0.450326 -0.0817299 1.87105 
0.984428 0.471187 -0.0754382 1.87635 
0.978198 0.471013 -0.0872332 1.86401 
0.983009 0.467352 -0.0813524 1.87295 
0.983719 0.501505 -0.0582399 1.88001 
0.978919 0.511828 -0.0535001 1.87209 
0.977997 0.507761 -0.0651094 1.86974 
0.980519 0.506447 -0.0589002 1.87413 
0.988576 0.434697 -0.0669751 1.87842 
0.988652 0.453421 -0.0631669 1.88063 
0.986199 0.463843 -0.0714325 1.87745 
0.98827 0.452186 -0.0686101 1.88055 
0.986472 0.501495 -0.0402456 1.88472 
0.98084 0.509514 -0.0470903 1.87531 
0.984742 0.499837 -0.0508662 1.8807 
0.984149 0.504114 -0.0467055 1.87979 
0.905992 0.547051 -0.102657 1.74492 
0.919646 0.54576 -0.0998346 1.76951 
0.91224 0.559109 -0.0866534 1.75899 
0.912025 0.550269 -0.098461 1.75577 
0.965081 0.433548 -0.114707 1.83584 
0.971789 0.436851 -0.104575 1.84751 
0.964042 0.457243 -0.112053 1.83666 
0.966759 0.441228 -0.11242 1.8395 
0.982985 0.485506 -0.0683746 1.87513 
0.984267 0.494186 -0.0611173 1.87893 
0.978126 0.500152 -0.0697927 1.86831 
0.982108 0.494447 -0.0667981 1.87547 
1.01419 0.476716 0.0469134 1.93471 
1.01831 0.473536 0.0430989 1.94238 
1.01999 0.468509 0.0504236 1.94564 
1.01745 0.473302 0.0466233 1.94165 
1.00617 0.489142 0.0521622 1.92158 
1.00834 0.485613 0.0527293 1.92495 
1.00602 0.487175 0.0581187 1.92051 
1.00656 0.487173 0.0545274 1.92179 
1.01111 0.483498 0.0382783 1.92957 
1.01417 0.477941 0.0396177 1.93454 
1.01235 0.480326 0.0450861 1.93227 
1.01219 0.481061 0.0415338 1.93215 
0.982033 0.33989 -0.102934 1.85595 
0.98672 0.319527 -0.0963669 1.86068 
0.984034 0.339169 -0.0923779 1.85948 
0.985604 0.338305 -0.0993699 1.86194 
0.97491 0.379786 -0.10553 1.84988 
0.977813 0.360549 -0.104528 1.85272 
0.977815 0.377974 -0.0972709 1.85473 
0.977176 0.37721 -0.104441 1.85434 
0.983837 0.392968 -0.0814634 1.86664 
0.982932 0.420782 -0.0845836 1.86725 
0.98192 0.394496 -0.0907827 1.86336 
0.981869 0.395558 -0.0833214 1.86223 
0.955243 0.395425 -0.154566 1.81542 
0.947628 0.405149 -0.164095 1.80243 
0.955429 0.382673 -0.16703 1.81082 
0.952616 0.395957 -0.162772 1.81098 
0.962819 0.410028 -0.127066 1.83184 
0.960085 0.394752 -0.13904 1.82467 
0.965675 0.385392 -0.132064 1.83371 
0.962231 0.395627 -0.130915 1.82949 
0.958913 0.418595 -0.12755 1.82485 
0.95081 0.42658 -0.136863 1.81172 
0.955549 0.404539 -0.139329 1.81804 
0.954933 0.418435 -0.135441 1.82023 
0.981279 0.334607 -0.124754 1.85121 
0.983906 0.317499 -0.118012 1.85484 
0.981825 0.341852 -0.112693 1.85438 
0.982575 0.334421 -0.117462 1.85537 
0.987701 0.296359 -0.109843 1.86035 
0.989743 0.272282 -0.101136 1.86085 
0.988243 0.298136 -0.0972414 1.86056 
0.989192 0.294683 -0.105388 1.86277 
0.987272 0.292397 -0.11634 1.85912 
0.989649 0.261605 -0.118518 1.86154 
0.990554 0.266101 -0.107855 1.86288 
0.987903 0.268194 -0.113162 1.85731 
0.983244 0.339797 -0.111001 1.85702 
0.986433 0.315838 -0.114532 1.8599 
0.987693 0.316644 -0.101899 1.86232 
0.985082 0.317657 -0.107636 1.85784 
0.982137 0.292014 -0.137816 1.85023 
0.986295 0.263235 -0.125199 1.85355 
0.984435 0.29463 -0.119452 1.85402 
0.986456 0.291918 -0.130123 1.8589 
0.970985 0.335297 -0.148607 1.83224 
0.976053 0.311673 -0.143567 1.83963 
0.97615 0.333046 -0.136853 1.84188 
0.975276 0.33148 -0.143954 1.84098 
0.973842 0.279693 -0.160302 1.8324 
0.978208 0.248117 -0.147662 1.83623 
0.979004 0.293036 -0.151184 1.84516 
0.978439 0.278155 -0.152133 1.84197 
0.959406 0.360979 -0.173483 1.81666 
0.960628 0.336592 -0.179537 1.81748 
0.966331 0.348955 -0.164742 1.82768 
0.96165 0.349353 -0.17301 1.81944 
0.971423 0.196276 -0.147379 1.81917 
0.976411 0.221569 -0.145077 1.8317 
0.971731 0.255277 -0.15966 1.82688 
0.973827 0.223125 -0.154623 1.82831 
0.983809 0.20284 -0.128749 1.84572 
0.989083 0.147062 -0.112796 1.85003 
0.987517 0.209512 -0.116209 1.85291 
0.986284 0.200099 -0.122103 1.85054 
0.98222 0.291231 -0.148005 1.852 
0.982781 0.246019 -0.139608 1.84723 
0.986169 0.252892 -0.128527 1.85438 
0.983301 0.254966 -0.138625 1.84805 
0.97729 0.175902 -0.147932 1.83231 
0.983411 0.144926 -0.128118 1.84264 
0.978394 0.199593 -0.13484 1.83453 
0.97882 0.171229 -0.127958 1.83197 
0.984579 0.442895 -0.080616 1.87328 
0.988225 0.432187 -0.0722171 1.87845 
0.984995 0.462882 -0.0756115 1.87583 
0.985467 0.444356 -0.0749069 1.87354 
0.976255 0.500932 -0.0765517 1.86569 
0.977506 0.486846 -0.0852876 1.86649 
0.982091 0.483781 -0.0760307 1.87478 
0.977423 0.486951 -0.0805478 1.86569 
0.977407 0.422017 -0.0974424 1.85697 
0.979212 0.396958 -0.0921772 1.85837 
0.981481 0.425194 -0.0850402 1.86451 
0.980858 0.421012 -0.0914374 1.86435 
0.971032 0.371829 -0.123812 1.84217 
0.97688 0.361117 -0.113096 1.85193 
0.973054 0.38121 -0.113499 1.84682 
0.973361 0.3697 -0.115096 1.84601 
0.986959 0.342026 -0.0650797 1.86506 
0.986963 0.328765 -0.0578876 1.86181 
0.986531 0.35359 -0.058779 1.86619 
0.987 0.34329 -0.0597838 1.8651 
0.984183 0.352106 -0.0841308 1.86347 
0.98582 0.350956 -0.0753324 1.86589 
0.983859 0.367896 -0.0788268 1.86408 
0.984034 0.353384 -0.0775364 1.86288 
0.980122 0.356763 -0.103089 1.85734 
0.982451 0.35502 -0.0937844 1.8614 
0.979956 0.374009 -0.0960321 1.85865 
0.980386 0.357452 -0.0958987 1.85702 
0.988228 0.323306 -0.078251 1.8623 
0.987485 0.33846 -0.0733558 1.86406 
0.985725 0.339401 -0.0824218 1.86196 
0.987362 0.336028 -0.0800385 1.86405 
0.988677 0.314105 -0.0753346 1.86245 
0.988507 0.29992 -0.0679416 1.86044 
0.988212 0.329239 -0.0709034 1.86356 
0.988767 0.316242 -0.0698321 1.86261 
0.989213 0.194094 -0.0784483 1.8544 
0.989178 0.229374 -0.0759742 1.85586 
0.990968 0.243976 -0.0893211 1.8609 
0.989945 0.218659 -0.0845338 1.85592 
0.998823 0.41059 -0.0204854 1.89544 
1.00083 0.447574 -0.0238053 1.904 
0.991891 0.362205 -0.0198915 1.8773 
0.998543 0.406101 -0.0275824 1.89521 
0.945611 0.413862 -0.156928 1.80131 
0.952678 0.40437 -0.148904 1.81336 
0.947085 0.426919 -0.144149 1.80714 
0.948245 0.412755 -0.149422 1.80577 
0.92996 0.428162 -0.178211 1.77271 
0.937359 0.423672 -0.167714 1.78886 
0.926214 0.444725 -0.162389 1.77177 
0.929393 0.429704 -0.170865 1.77406 
0.971862 0.353688 -0.147457 1.83692 
0.975426 0.35124 -0.136685 1.84503 
0.970526 0.368655 -0.136291 1.84063 
0.972323 0.353947 -0.138471 1.83905 
0.984072 0.369491 -0.071959 1.86467 
0.985432 0.352366 -0.0682839 1.8648 
0.985551 0.363542 -0.0614926 1.86647 
0.985397 0.362405 -0.0683768 1.86601 
0.983894 0.423167 -0.077679 1.86902 
0.983889 0.394681 -0.0749824 1.86608 
0.986824 0.41065 -0.0687599 1.87284 
0.985277 0.409063 -0.0742051 1.86932 
0.980723 0.37469 -0.0891366 1.85965 
0.982592 0.356551 -0.0858754 1.86072 
0.982737 0.374703 -0.0797019 1.86296 
0.982379 0.372896 -0.0871244 1.86307 
0.99094 0.268579 -0.0961497 1.86327 
0.989542 0.261109 -0.0889416 1.8581 
0.98968 0.292848 -0.0952683 1.86308 
0.989254 0.27459 -0.0905447 1.86019 
0.970514 0.335046 -0.159083 1.83424 
0.971724 0.303867 -0.166153 1.83414 
0.976948 0.309222 -0.154519 1.84357 
0.972209 0.312699 -0.161576 1.83464 
1.02683 0.429128 -0.13242 1.95526 
1.02449 0.434112 -0.133594 1.95146 
1.01232 0.39407 -0.107642 1.92282 
1.02761 0.428761 -0.134451 1.95711 
1.00971 0.372852 -0.119956 1.91301 
1.02106 0.418685 -0.138587 1.94076 
0.999553 0.336595 -0.105961 1.89367 
1.01805 0.381165 -0.125865 1.9325 
1.03448 0.409317 -0.158139 1.96955 
1.03784 0.407899 -0.143482 1.97315 
1.03008 0.423897 -0.149022 1.96221 
1.03361 0.414617 -0.155481 1.96743 
0.986395 0.366802 -0.0531304 1.86817 
0.985913 0.3544 -0.0465436 1.86482 
0.987317 0.380111 -0.0473046 1.8706 
0.986297 0.367822 -0.0487128 1.86811 
0.98456 0.382744 -0.0720555 1.86693 
0.985656 0.375882 -0.0630805 1.86868 
0.986194 0.396918 -0.0658915 1.87044 
0.98517 0.383314 -0.066085 1.86782 
0.986646 0.329672 -0.0500563 1.86117 
0.985605 0.338382 -0.0445215 1.86083 
0.985891 0.353541 -0.0526533 1.86488 
0.986409 0.339973 -0.0499389 1.8631 
0.988729 0.302194 -0.0608592 1.86134 
0.987545 0.315121 -0.0562799 1.85989 
0.988309 0.330403 -0.0652052 1.86365 
0.988132 0.314222 -0.0625161 1.86099 
0.989975 0.273608 -0.0667183 1.86089 
0.988464 0.286484 -0.0647442 1.8595 
0.989153 0.300686 -0.07374 1.86201 
0.989437 0.283768 -0.0695577 1.8609 
0.988528 0.29714 -0.08865 1.86031 
0.990561 0.271512 -0.0749406 1.86212 
0.988777 0.300617 -0.0820283 1.86118 
0.990129 0.296769 -0.0830403 1.86422 
0.990328 0.25 -0.0710692 1.86102 
0.999391 0.330434 -0.0806869 1.88852 
0.990703 0.263594 -0.0697968 1.86339 
0.991247 0.264 -0.0678893 1.86495 
1.00132 0.374012 -0.0672842 1.89696 
0.99758 0.354785 -0.0601628 1.88729 
0.990389 0.300718 -0.0572842 1.86552 
0.998087 0.347524 -0.057641 1.88753 
1.02828 0.450807 -0.0748901 1.95884 
1.02751 0.451771 -0.0812146 1.95787 
1.03226 0.443604 -0.0786888 1.96566 
1.02911 0.44874 -0.0785278 1.96015 
1.0269 0.454568 -0.0467478 1.95501 
1.02638 0.453723 -0.0528323 1.95398 
1.03051 0.447715 -0.0486187 1.96077 
1.02836 0.451719 -0.049885 1.9574 
1.01672 0.464399 -0.0731166 1.93827 
1.00779 0.419756 -0.0606 1.91537 
1.01165 0.436448 -0.0686079 1.92454 
1.01483 0.443631 -0.0715099 1.93232 
1.02388 0.459289 -0.0608752 1.95112 
1.02224 0.463066 -0.0699968 1.94876 
1.02531 0.45638 -0.0683452 1.95386 
1.02387 0.458623 -0.0662714 1.95088 
1.01586 0.467115 -0.0622264 1.93712 
1.01063 0.431531 -0.0611599 1.92209 
1.01731 0.466052 -0.0672675 1.93996 
1.01497 0.464761 -0.0655797 1.93518 
0.987958 0.311255 -0.0486248 1.86123 
0.99302 0.33558 -0.050698 1.87523 
0.990974 0.333136 -0.0430756 1.87029 
0.991338 0.33036 -0.0465808 1.8713 
1.01862 0.453574 -0.0824243 1.94131 
1.02302 0.459929 -0.0831718 1.95056 
1.02041 0.464871 -0.0773765 1.94621 
1.01978 0.460934 -0.0821129 1.94452 
0.946974 0.552136 -0.0497647 1.82002 
0.939288 0.559797 -0.0514984 1.80724 
0.944898 0.551803 -0.0586947 1.816 
0.944296 0.555195 -0.0531098 1.81596 
0.917321 0.580851 -0.046108 1.7711 
0.915025 0.585231 -0.0408939 1.7678 
0.912037 0.585047 -0.0460391 1.7622 
0.914759 0.583239 -0.044329 1.76658 
0.912203 0.595273 -0.01312 1.76517 
0.908144 0.593454 -0.0219708 1.75631 
0.9181 0.587423 -0.0230311 1.77368 
0.912866 0.591191 -0.0198933 1.76429 
0.876781 0.614269 -0.0181197 1.70304 
0.870297 0.619556 -0.00961346 1.69323 
0.866637 0.620952 -0.0198525 1.68691 
0.870208 0.617687 -0.0160192 1.69178 
0.898029 0.598825 -0.0239253 1.73901 
0.886716 0.607291 -0.0224659 1.72003 
0.891481 0.603579 -0.0292909 1.72801 
0.892017 0.603425 -0.0256812 1.72914 
0.882368 0.611037 -0.00899835 1.71282 
0.873373 0.616896 -0.00883787 1.69859 
0.878925 0.611721 -0.0147691 1.70667 
0.878559 0.61437 -0.0106749 1.70843 
0.941108 0.414072 -0.170513 1.79265 
0.933252 0.416189 -0.182441 1.77486 
0.939812 0.398928 -0.184571 1.78455 
0.939202 0.411699 -0.179561 1.78461 
0.919463 0.402194 -0.209534 1.74936 
0.923345 0.420379 -0.195399 1.75812 
0.912105 0.422881 -0.208577 1.7392 
0.919674 0.418251 -0.204366 1.75295 
0.913287 0.336449 -0.218877 1.72789 
0.916128 0.378323 -0.218181 1.73785 
0.901351 0.35979 -0.224915 1.7092 
0.909672 0.357917 -0.217577 1.72266 
0.938249 0.363942 -0.203584 1.77841 
0.936416 0.383777 -0.197525 1.77708 
0.92759 0.384348 -0.209626 1.76088 
0.934824 0.378706 -0.203309 1.77568 
0.952362 0.373397 -0.1809 1.80573 
0.945159 0.381811 -0.189446 1.79352 
0.945858 0.362196 -0.195646 1.79337 
0.947083 0.372707 -0.188766 1.79579 
0.95676 0.335215 -0.187601 1.80946 
0.954315 0.362313 -0.181177 1.8074 
0.94903 0.349073 -0.195655 1.79628 
0.95313 0.349535 -0.188475 1.805 
0.956273 0.239739 -0.181191 1.7962 
0.955538 0.298211 -0.188168 1.80145 
0.947639 0.262966 -0.192524 1.78272 
0.951614 0.264651 -0.179227 1.78864 
0.959311 0.240868 -0.167698 1.80093 
0.966631 0.279476 -0.171293 1.81911 
0.960786 0.299785 -0.182199 1.81163 
0.96216 0.276245 -0.178832 1.81118 
0.966975 0.359936 -0.159074 1.82923 
0.959506 0.38462 -0.154386 1.82211 
0.960302 0.370732 -0.167493 1.81868 
0.962447 0.370605 -0.158922 1.82242 
0.9719 0.368563 -0.126452 1.84237 
0.976681 0.35082 -0.124882 1.84613 
0.978631 0.354764 -0.114246 1.85208 
0.975938 0.357552 -0.124185 1.84694 
0.964383 0.408794 -0.121995 1.83442 
0.967429 0.384432 -0.122894 1.83689 
0.969623 0.393312 -0.115323 1.84212 
0.967441 0.395753 -0.120924 1.83831 
0.961759 0.384747 -0.146712 1.8256 
0.967662 0.359404 -0.148571 1.83067 
0.966554 0.373752 -0.13881 1.83287 
0.965537 0.37417 -0.146054 1.83214 
0.990677 0.174979 -0.0827578 1.85619 
0.988164 0.189664 -0.0799653 1.8517 
0.988648 0.209624 -0.102208 1.85524 
0.988906 0.179266 -0.088897 1.85266 
0.931287 0.559033 -0.0788874 1.79407 
0.927673 0.565259 -0.0685695 1.78824 
0.920841 0.56474 -0.0762636 1.77488 
0.926598 0.562228 -0.0756 1.78532 
0.879054 0.434566 -0.229902 1.67734 
0.864577 0.399378 -0.223808 1.64471 
0.876913 0.37763 -0.225545 1.66386 
0.871666 0.397264 -0.220803 1.65544 
0.910894 0.45275 -0.187704 1.73918 
0.896083 0.465 -0.194141 1.71395 
0.904239 0.44433 -0.203547 1.7275 
0.905458 0.455493 -0.195212 1.72944 
0.85486 0.490144 -0.218077 1.64986 
0.856467 0.425113 -0.21912 1.62945 
0.870302 0.457696 -0.223726 1.67104 
0.862598 0.462444 -0.224812 1.65163 
0.969028 0.303345 -0.17112 1.82708 
0.968361 0.335761 -0.1644 1.83001 
0.963701 0.319439 -0.178768 1.81943 
0.967452 0.320953 -0.17186 1.82701 
0.970616 0.196888 -0.159303 1.81932 
0.968977 0.255095 -0.165856 1.82338 
0.963855 0.218099 -0.170727 1.8086 
0.966009 0.219593 -0.156161 1.81139 
0.89902 0.444901 -0.212256 1.72059 
0.8911 0.468207 -0.202633 1.70767 
0.886603 0.453949 -0.216923 1.69987 
0.891886 0.454845 -0.210568 1.70821 
0.888468 0.3812 -0.230366 1.6888 
0.8997 0.427566 -0.218884 1.71795 
0.88781 0.43447 -0.224344 1.69824 
0.8948 0.42646 -0.225978 1.7106 
0.923243 0.431395 -0.190397 1.75947 
0.917512 0.446229 -0.186266 1.75079 
0.912423 0.43656 -0.201155 1.74138 
0.917291 0.436196 -0.192389 1.74909 
0.937837 0.333802 -0.204824 1.77153 
0.925225 0.310986 -0.211945 1.74677 
0.936991 0.283925 -0.202057 1.76529 
0.932873 0.309341 -0.201442 1.75826 
0.95409 0.319358 -0.190441 1.80176 
0.94598 0.334074 -0.198138 1.78821 
0.944099 0.285292 -0.190595 1.77616 
0.948384 0.316423 -0.196935 1.7898 
0.935594 0.396221 -0.194368 1.77872 
0.929212 0.415362 -0.192839 1.76864 
0.925824 0.398491 -0.206243 1.76197 
0.929114 0.400704 -0.198097 1.76633 
0.768488 0.602973 -0.105269 1.49131 
0.754872 0.606023 -0.0664302 1.47954 
0.712312 0.621758 -0.0478282 1.4003 
0.750197 0.615082 -0.0738123 1.46388 
0.909362 0.511035 -0.130345 1.74478 
0.916628 0.520168 -0.122496 1.75898 
0.90276 0.532257 -0.116665 1.73577 
0.909277 0.521617 -0.123414 1.74676 
0.893885 0.494503 -0.151914 1.71982 
0.900166 0.503937 -0.141639 1.73026 
0.882615 0.514827 -0.142505 1.70331 
0.893886 0.506481 -0.144764 1.72184 
0.845031 0.534135 -0.157698 1.6293 
0.865156 0.518412 -0.158713 1.66492 
0.865534 0.525844 -0.141092 1.67433 
0.860713 0.524477 -0.153539 1.65703 
0.896998 0.471637 -0.18611 1.71477 
0.908438 0.46011 -0.179935 1.73723 
0.900635 0.480928 -0.168952 1.7305 
0.901965 0.469711 -0.178809 1.72599 
0.903632 0.481482 -0.15822 1.73708 
0.916905 0.466944 -0.15499 1.75924 
0.908212 0.492523 -0.146534 1.7436 
0.909517 0.478834 -0.153419 1.74575 
0.888893 0.555401 -0.042282 1.71317 
0.887526 0.562103 -0.062401 1.71215 
0.900552 0.561125 -0.0515088 1.7354 
0.893336 0.560742 -0.0511427 1.72288 
0.908896 0.520009 -0.0134239 1.74437 
0.895124 0.539796 -0.0237576 1.7215 
0.911896 0.534548 -0.0282328 1.75142 
0.906744 0.531907 -0.0194325 1.74298 
0.861293 0.562046 -0.0539319 1.66655 
0.878419 0.560554 -0.0653038 1.6955 
0.879365 0.556914 -0.0394708 1.69727 
0.871056 0.559037 -0.0545452 1.68184 
0.80462 0.588018 -0.0350905 1.5729 
0.837383 0.563468 -0.0456598 1.62109 
0.841264 0.560534 -0.00166686 1.62829 
0.820671 0.567234 -0.0282242 1.59036 
0.786942 0.587184 -0.112275 1.52956 
0.80806 0.570487 -0.108019 1.57642 
0.776471 0.590494 -0.0828581 1.52039 
0.789525 0.58219 -0.101151 1.54479 
0.79734 0.578168 -0.132069 1.54901 
0.821243 0.557597 -0.153078 1.58855 
0.816381 0.561603 -0.122345 1.59021 
0.814281 0.565278 -0.135619 1.5754 
0.907838 0.540185 -0.108713 1.74556 
0.919998 0.528774 -0.114928 1.76611 
0.922847 0.539696 -0.105134 1.77442 
0.917338 0.535814 -0.109387 1.76378 
0.874468 0.55063 -0.100447 1.69 
0.889767 0.546662 -0.10463 1.71473 
0.882415 0.557074 -0.0856325 1.70308 
0.881837 0.55111 -0.0982558 1.70131 
0.855012 0.560399 -0.0716994 1.65378 
0.865892 0.553792 -0.0921933 1.6714 
0.876747 0.559274 -0.0751404 1.69177 
0.866598 0.558041 -0.0797271 1.67482 
0.877342 0.531933 -0.12534 1.69057 
0.890808 0.540288 -0.111036 1.7155 
0.873702 0.54325 -0.11085 1.68542 
0.881573 0.53853 -0.115949 1.6988 
0.885943 0.523155 -0.133636 1.7055 
0.902954 0.512054 -0.133585 1.73488 
0.895953 0.533909 -0.117134 1.72442 
0.894865 0.52093 -0.12825 1.71957 
0.924564 0.375578 -0.213593 1.75509 
0.921608 0.334015 -0.210884 1.74125 
0.935559 0.353761 -0.206627 1.77226 
0.927445 0.356147 -0.212251 1.75549 
0.907281 0.422339 -0.218587 1.73245 
0.898432 0.377789 -0.223846 1.7053 
0.914277 0.395777 -0.216457 1.73995 
0.905113 0.400566 -0.220979 1.72212 
0.819409 0.464273 -0.216392 1.56967 
0.84635 0.430469 -0.223012 1.61421 
0.845534 0.494965 -0.21707 1.62525 
0.837782 0.460888 -0.216415 1.59952 
0.82727 0.550481 -0.185104 1.6115 
0.816905 0.493494 -0.202787 1.56954 
0.839273 0.517135 -0.20314 1.62536 
0.826357 0.523814 -0.199382 1.59988 
0.811095 0.55441 -0.179479 1.58125 
0.768317 0.529959 -0.174637 1.48839 
0.797521 0.503243 -0.197223 1.53733 
0.794273 0.524354 -0.183869 1.53623 
0.892826 0.558827 -0.0833954 1.72135 
0.898856 0.550507 -0.0991003 1.73139 
0.907193 0.561228 -0.082319 1.74913 
0.900298 0.557119 -0.0876538 1.73584 
0.902869 0.565705 -0.0589729 1.74179 
0.894329 0.563602 -0.0708326 1.72551 
0.90644 0.566329 -0.0743369 1.74885 
0.900244 0.564925 -0.0693782 1.73595 
0.846012 0.559704 -0.0765051 1.63517 
0.83614 0.560098 -0.100692 1.62639 
0.859168 0.550136 -0.0993538 1.65473 
0.846 0.555019 -0.0933886 1.63458 
0.834534 0.543111 -0.150471 1.6126 
0.858053 0.532813 -0.135911 1.66009 
0.832042 0.55383 -0.124399 1.61717 
0.838114 0.544099 -0.135756 1.62631 
0.760657 0.54681 -0.163616 1.47772 
0.807732 0.572307 -0.165065 1.57864 
0.778509 0.591579 -0.143429 1.52894 
0.782566 0.579527 -0.16244 1.53174 
0.860689 0.504246 -0.198928 1.66082 
0.88013 0.485789 -0.192284 1.68827 
0.870235 0.504135 -0.179154 1.66971 
0.868619 0.496441 -0.189626 1.66982 
0.903696 0.476803 -0.16361 1.73532 
0.912696 0.456224 -0.171812 1.7437 
0.917765 0.459918 -0.159428 1.76061 
0.912116 0.466262 -0.166038 1.74844 
0.877976 0.501398 -0.171701 1.68465 
0.888086 0.481835 -0.18311 1.70054 
0.892906 0.48908 -0.166156 1.71523 
0.887978 0.491581 -0.17364 1.70201 
0.874978 0.518635 -0.147206 1.69522 
0.875697 0.51134 -0.163173 1.68597 
0.887105 0.497334 -0.15977 1.71075 
0.878722 0.508302 -0.157971 1.69431 
0.83413 0.537579 -0.174208 1.61549 
0.846424 0.516331 -0.193386 1.63499 
0.860415 0.515323 -0.174237 1.65346 
0.849603 0.526671 -0.181731 1.64158 
0.85925 0.493431 -0.20879 1.65497 
0.874311 0.465043 -0.216242 1.67716 
0.880457 0.478304 -0.200687 1.68963 
0.874006 0.481902 -0.209052 1.68145 
0.878178 0.522895 0.0191749 1.68691 
0.908205 0.499033 0.00891257 1.73824 
0.902641 0.491448 0.0379502 1.72715 
0.900368 0.504563 0.0266963 1.72756 
0.791833 0.599976 -0.0236084 1.55277 
0.837032 0.555446 0.0186613 1.6168 
0.816433 0.586923 0.0361706 1.59513 
0.824054 0.591495 0.0207149 1.6069 
0.851661 0.558598 -0.0375509 1.64691 
0.87472 0.549733 -0.0259565 1.68659 
0.859533 0.549876 -0.0101836 1.65948 
0.863101 0.554296 -0.0224974 1.66767 
0.977081 0.465005 0.254606 1.87485 
0.987808 0.459217 0.236178 1.89184 
0.989689 0.449025 0.250794 1.88936 
0.98546 0.458087 0.249092 1.88788 
0.950854 0.471356 0.311479 1.82888 
0.948745 0.481034 0.29261 1.82624 
0.962779 0.463151 0.297099 1.84877 
0.953822 0.47069 0.298418 1.83195 
0.885364 0.524575 0.324453 1.71873 
0.904078 0.510886 0.316996 1.75059 
0.900214 0.510986 0.33202 1.74462 
0.898147 0.516125 0.32629 1.74145 
0.869193 0.547304 0.308171 1.69289 
0.856089 0.558689 0.294325 1.66948 
0.87211 0.552334 0.288854 1.69772 
0.865568 0.553174 0.298562 1.6869 
0.972608 0.487108 0.221094 1.86494 
0.970232 0.491558 0.206252 1.85726 
0.982052 0.479939 0.199962 1.87843 
0.974993 0.483908 0.207946 1.8649 
0.949975 0.491363 0.27599 1.82955 
0.94639 0.50202 0.261247 1.82157 
0.96106 0.48059 0.263397 1.84681 
0.951125 0.48983 0.265907 1.82833 
0.954103 0.50772 0.219955 1.83162 
0.963516 0.498323 0.209906 1.84417 
0.963391 0.494543 0.223953 1.84764 
0.960937 0.499149 0.219156 1.84299 
0.942038 0.42292 -0.0633333 1.78918 
0.938061 0.426736 -0.0780272 1.78291 
0.94945 0.408286 -0.0741511 1.8018 
0.941801 0.41917 -0.0701939 1.78794 
0.919005 0.480072 -0.0651295 1.75627 
0.922317 0.462604 -0.0671504 1.75894 
0.921995 0.470694 -0.0626725 1.75946 
0.921603 0.471488 -0.0654287 1.75949 
0.923151 0.45033 -0.0827122 1.75872 
0.930159 0.441233 -0.0820322 1.77032 
0.92447 0.452102 -0.0751948 1.7611 
0.925234 0.446937 -0.0788728 1.76131 
0.936566 0.43275 -0.0628786 1.78053 
0.926314 0.448624 -0.0704737 1.76367 
0.93119 0.436078 -0.0766738 1.77024 
0.93128 0.439695 -0.0718662 1.77191 
0.932416 0.47289 -0.0344871 1.77933 
0.934507 0.455768 -0.0397812 1.78118 
0.935071 0.457336 -0.0214977 1.78298 
0.933374 0.457226 -0.0334289 1.77941 
0.916688 0.529159 -0.0313131 1.75965 
0.922057 0.5159 -0.032404 1.7675 
0.916961 0.51395 -0.018668 1.75903 
0.919243 0.518799 -0.0268951 1.76261 
0.878791 0.53543 0.00191864 1.69363 
0.886723 0.541453 -0.0174442 1.70782 
0.904585 0.517011 -0.00242669 1.73842 
0.888881 0.531226 -0.00682967 1.7093 
0.921481 0.556256 -0.0483469 1.77377 
0.9215 0.55345 -0.0519443 1.7733 
0.922075 0.54289 -0.0489039 1.77114 
0.921963 0.55335 -0.0488994 1.77461 
0.923986 0.494697 -0.0507632 1.76899 
0.925073 0.476892 -0.0528194 1.76697 
0.928345 0.481552 -0.042168 1.77407 
0.92523 0.483235 -0.0503902 1.76814 
0.910768 0.560308 -0.0459866 1.75473 
0.918174 0.557472 -0.0458262 1.76809 
0.914976 0.548434 -0.0391295 1.7592 
0.915042 0.556712 -0.0430971 1.7624 
0.919069 0.516104 -0.0583259 1.76242 
0.918021 0.496135 -0.0625873 1.75739 
0.921473 0.502551 -0.0567357 1.76479 
0.919517 0.504252 -0.060158 1.76069 
0.925881 0.466811 -0.0583956 1.76668 
0.925917 0.459388 -0.0649149 1.7659 
0.930901 0.456385 -0.05461 1.77486 
0.927226 0.459776 -0.0604596 1.7677 
0.930771 0.472938 -0.0409479 1.77664 
0.926998 0.467778 -0.0531227 1.76892 
0.930933 0.457206 -0.0478618 1.77429 
0.93006 0.466198 -0.0463185 1.77381 
0.922904 0.494981 -0.0559298 1.76673 
0.91905 0.48847 -0.0620298 1.75802 
0.922952 0.478458 -0.0598661 1.7625 
0.921431 0.487703 -0.0588222 1.76214 
0.777123 0.588838 -0.0114079 1.51669 
0.780225 0.588893 -0.0102339 1.52287 
0.776424 0.589119 -0.00718656 1.51552 
0.778293 0.589107 -0.0100573 1.51941 
0.920732 0.464792 -0.0710075 1.75636 
0.916897 0.480213 -0.0673724 1.75225 
0.914985 0.472761 -0.073558 1.74748 
0.917436 0.471957 -0.0698972 1.75145 
0.917504 0.569478 -0.054454 1.7697 
0.915022 0.566866 -0.0574086 1.76436 
0.918822 0.563191 -0.0548193 1.77082 
0.91762 0.566284 -0.0554635 1.76892 
0.910265 0.565513 -0.0609822 1.75475 
0.905278 0.565131 -0.0629631 1.74518 
0.908292 0.556114 -0.0637532 1.74843 
0.908265 0.563339 -0.062515 1.75052 
0.910681 0.526788 -0.0654544 1.74888 
0.913915 0.544923 -0.0630435 1.75692 
0.909793 0.543198 -0.0649814 1.74921 
0.912242 0.540856 -0.063967 1.75359 
0.902728 0.585605 -0.0533798 1.74566 
0.90567 0.587943 -0.0493349 1.75184 
0.898999 0.592012 -0.0491063 1.74044 
0.903127 0.589187 -0.0506832 1.74765 
0.901635 0.573001 -0.0619749 1.73947 
0.902162 0.580903 -0.0580497 1.74379 
0.897941 0.581641 -0.0586912 1.73567 
0.901074 0.579888 -0.0592478 1.74166 
0.910268 0.580908 -0.0535939 1.75929 
0.908919 0.58582 -0.0501907 1.7577 
0.906732 0.5827 -0.0539587 1.75257 
0.908307 0.582873 -0.0528156 1.75604 
0.916641 0.571825 -0.0544698 1.76846 
0.913263 0.57577 -0.0548776 1.76322 
0.91375 0.570073 -0.0572337 1.76258 
0.914371 0.57286 -0.0555182 1.76446 
0.919554 0.57917 -0.0447449 1.7745 
0.923106 0.577352 -0.0412378 1.78083 
0.917701 0.582581 -0.0396053 1.77187 
0.920393 0.580113 -0.0418901 1.7764 
0.917795 0.57362 -0.0525628 1.77092 
0.918283 0.577514 -0.049009 1.77254 
0.914453 0.5767 -0.0524754 1.76577 
0.916969 0.575937 -0.051335 1.77021 
0.919085 0.572816 -0.0520158 1.77351 
0.921307 0.571979 -0.0506069 1.77729 
0.919662 0.576624 -0.0493295 1.77498 
0.919389 0.573151 -0.0508811 1.77369 
0.923954 0.573104 -0.0493952 1.78162 
0.920392 0.57594 -0.0483879 1.77589 
0.921626 0.572414 -0.0499899 1.77772 
0.922283 0.574191 -0.0491311 1.77926 
0.910406 0.577321 -0.0557989 1.75803 
0.906154 0.578865 -0.0565449 1.75052 
0.909819 0.571851 -0.0585239 1.75518 
0.909586 0.576697 -0.05672 1.75663 
0.916584 0.580037 -0.0483271 1.76961 
0.910794 0.58419 -0.0484029 1.76032 
0.91226 0.579823 -0.0514274 1.76214 
0.913438 0.581717 -0.0494962 1.76464 
0.894656 0.594047 -0.0496648 1.73321 
0.889654 0.595329 -0.051337 1.72455 
0.894515 0.588878 -0.0554404 1.73122 
0.893269 0.593489 -0.0517801 1.73093 
0.903047 0.593851 -0.0416947 1.74723 
0.89973 0.594047 -0.0463031 1.74197 
0.905673 0.589985 -0.0465116 1.75178 
0.902822 0.592333 -0.0448857 1.7469 
0.900177 0.596329 -0.0396013 1.74222 
0.89437 0.601203 -0.0376187 1.7329 
0.896535 0.596626 -0.0439993 1.73643 
0.896929 0.598651 -0.0403982 1.73718 
0.894881 0.580849 -0.059555 1.7298 
0.890738 0.573315 -0.0626332 1.72038 
0.894068 0.568877 -0.0638983 1.72523 
0.893264 0.574122 -0.061972 1.72429 
0.92101 0.458365 -0.0744698 1.75572 
0.915196 0.467242 -0.0760328 1.74648 
0.918475 0.456536 -0.0805636 1.75005 
0.917834 0.460938 -0.0775869 1.75061 
0.913078 0.512264 -0.0654291 1.75151 
0.915534 0.498039 -0.0648252 1.75296 
0.916937 0.518145 -0.0610365 1.75896 
0.915347 0.510108 -0.0628089 1.75502 
0.916604 0.543098 -0.0614619 1.76109 
0.913589 0.523902 -0.063368 1.75362 
0.918017 0.530234 -0.059975 1.76198 
0.915911 0.532407 -0.0619667 1.75851 
0.920174 0.552312 -0.0552421 1.77068 
0.917471 0.547316 -0.0588897 1.76399 
0.919528 0.537578 -0.0581541 1.76617 
0.919609 0.546146 -0.0572005 1.7675 
0.913086 0.563646 -0.0608481 1.75974 
0.911451 0.554161 -0.0633626 1.75383 
0.914723 0.554696 -0.0618839 1.76054 
0.912596 0.556077 -0.062489 1.75658 
0.903572 0.512179 -0.0691058 1.73323 
0.906153 0.498352 -0.0706121 1.73536 
0.908484 0.510741 -0.0666725 1.74239 
0.906713 0.509197 -0.0685046 1.73848 
0.902418 0.482501 -0.0807448 1.72528 
0.902553 0.480149 -0.0843353 1.72527 
0.907186 0.474867 -0.0848696 1.73311 
0.903174 0.478419 -0.082807 1.72543 
0.905981 0.488235 -0.0732106 1.73394 
0.903552 0.484238 -0.077053 1.72834 
0.908747 0.478226 -0.0752067 1.73715 
0.906147 0.483301 -0.075228 1.73309 
0.910513 0.508307 -0.0662303 1.74615 
0.908979 0.496141 -0.0700027 1.74046 
0.913648 0.493666 -0.066156 1.74825 
0.910408 0.497061 -0.067876 1.74273 
0.897279 0.495787 -0.0749215 1.71887 
0.894965 0.494586 -0.077175 1.71388 
0.89881 0.488792 -0.0774842 1.72005 
0.897137 0.492661 -0.0761755 1.7176 
0.901675 0.511007 -0.0707756 1.72998 
0.899521 0.499579 -0.0728806 1.72388 
0.903954 0.496984 -0.0716334 1.73157 
0.90111 0.500266 -0.0717095 1.72639 
0.899876 0.513095 -0.0703635 1.72702 
0.894865 0.509196 -0.0715875 1.71662 
0.897245 0.501902 -0.0729191 1.71945 
0.897297 0.507781 -0.0712549 1.72138 
0.896073 0.499465 -0.0740862 1.71713 
0.893247 0.505655 -0.0726273 1.71338 
0.893541 0.497943 -0.0755648 1.71184 
0.894367 0.500822 -0.0745122 1.71404 
0.898925 0.48834 -0.0785932 1.72008 
0.894275 0.493729 -0.0781989 1.71252 
0.89467 0.490303 -0.0810725 1.71218 
0.895541 0.490689 -0.0796116 1.71378 
0.907641 0.538925 -0.0654385 1.74471 
0.903559 0.521246 -0.0677498 1.7356 
0.908617 0.520918 -0.0659475 1.74391 
0.905536 0.523745 -0.0674819 1.73892 
0.918375 0.559106 -0.0555805 1.76941 
0.914331 0.563555 -0.058434 1.76255 
0.915926 0.554606 -0.0584186 1.76279 
0.916047 0.559904 -0.0578227 1.76525 
0.900099 0.562645 -0.0636021 1.73556 
0.894218 0.558396 -0.0641731 1.72409 
0.893739 0.544586 -0.0670334 1.72 
0.89656 0.556416 -0.064825 1.72792 
0.889081 0.535566 -0.0669532 1.71114 
0.89005 0.548978 -0.064861 1.715 
0.885044 0.534541 -0.0678845 1.70361 
0.887728 0.537658 -0.0676394 1.70885 
0.891155 0.515412 -0.0710229 1.71127 
0.889742 0.526201 -0.0689115 1.71065 
0.887156 0.517895 -0.071388 1.70428 
0.888819 0.518176 -0.0701763 1.7071 
0.900512 0.542484 -0.0652392 1.73229 
0.905879 0.550108 -0.06519 1.7436 
0.902697 0.560922 -0.0637516 1.74041 
0.902919 0.55166 -0.0653449 1.73839 
0.892995 0.516429 -0.0708151 1.71482 
0.895787 0.530135 -0.0696494 1.72257 
0.892009 0.52854 -0.069544 1.7153 
0.894103 0.52653 -0.0692907 1.71908 
0.895045 0.515076 -0.0704186 1.71843 
0.899988 0.518713 -0.0695321 1.72825 
0.897554 0.528451 -0.068625 1.72559 
0.897416 0.520474 -0.0699167 1.72416 
0.911836 0.478753 -0.0727213 1.74343 
0.914379 0.485853 -0.0671438 1.74896 
0.908792 0.488176 -0.0714898 1.7391 
0.911815 0.484909 -0.0707608 1.744 
0.907776 0.47208 -0.0820604 1.73252 
0.90953 0.474187 -0.0773243 1.73695 
0.903967 0.480928 -0.0789219 1.72768 
0.907297 0.476402 -0.0796027 1.73315 
0.912026 0.46693 -0.0838638 1.74068 
0.917522 0.459945 -0.0839141 1.74977 
0.912901 0.468964 -0.0784547 1.74234 
0.913527 0.464512 -0.0812752 1.74233 
0.892147 0.499162 -0.076151 1.70945 
0.891955 0.506419 -0.0732013 1.711 
0.889233 0.502534 -0.0754651 1.70483 
0.891044 0.501803 -0.0748028 1.70764 
0.89906 0.483268 -0.0822681 1.7185 
0.899946 0.486027 -0.0793846 1.72112 
0.895815 0.487916 -0.0818891 1.71369 
0.898459 0.485964 -0.0809708 1.71831 
0.901597 0.488239 -0.0762413 1.72545 
0.904094 0.492451 -0.072843 1.73122 
0.899828 0.495619 -0.0739436 1.72384 
0.901547 0.492123 -0.0743699 1.72639 
0.885642 0.504597 -0.0763316 1.69843 
0.882954 0.507352 -0.0761981 1.69372 
0.883092 0.504343 -0.0782324 1.69323 
0.883902 0.505595 -0.0770974 1.69497 
0.881046 0.508243 -0.0766767 1.69018 
0.878965 0.508483 -0.0778705 1.68635 
0.88159 0.505347 -0.0788383 1.69069 
0.880416 0.50728 -0.0776396 1.68886 
0.887147 0.499036 -0.0800158 1.69981 
0.886693 0.502468 -0.0774638 1.69961 
0.884404 0.502295 -0.0793019 1.69532 
0.885793 0.501186 -0.0787525 1.69767 
0.875787 0.516434 -0.0729354 1.68248 
0.873149 0.518584 -0.0727716 1.67763 
0.873327 0.515671 -0.0747718 1.67712 
0.874207 0.517107 -0.0735834 1.67913 
0.882785 0.513449 -0.071924 1.69533 
0.879284 0.514531 -0.0731268 1.68817 
0.881569 0.51092 -0.0740473 1.69146 
0.88126 0.513031 -0.0730988 1.69175 
0.882604 0.515565 -0.0711077 1.69561 
0.881315 0.52238 -0.0694423 1.69422 
0.879335 0.516821 -0.0720249 1.68929 
0.880758 0.517029 -0.0710136 1.69217 
0.880306 0.510107 -0.0755567 1.68932 
0.878316 0.513538 -0.0740399 1.68637 
0.877914 0.510286 -0.0765436 1.68476 
0.878833 0.511258 -0.0756482 1.68659 
0.871839 0.521579 -0.0704404 1.67553 
0.87297 0.525117 -0.0689099 1.67966 
0.869619 0.525463 -0.0687673 1.67252 
0.871713 0.523859 -0.069284 1.67631 
0.876769 0.511228 -0.076652 1.68279 
0.876826 0.514523 -0.0740846 1.68345 
0.874352 0.5138 -0.0758345 1.67882 
0.875779 0.513083 -0.0754373 1.68116 
0.877484 0.518252 -0.0715043 1.68619 
0.879826 0.523514 -0.0698281 1.69148 
0.87633 0.523574 -0.0694108 1.68528 
0.877933 0.522229 -0.0699785 1.68828 
0.871267 0.543926 -0.0636513 1.67969 
0.86879 0.549907 -0.0627478 1.67624 
0.866089 0.536687 -0.0638108 1.66922 
0.868573 0.544349 -0.0638189 1.67548 
0.867963 0.529552 -0.0667665 1.67086 
0.871301 0.537785 -0.0647788 1.67883 
0.866188 0.533552 -0.0647988 1.66838 
0.868198 0.532495 -0.0652558 1.67227 
0.881482 0.549426 -0.0653846 1.70019 
0.885 0.562463 -0.0632911 1.70811 
0.877855 0.547661 -0.0646564 1.69281 
0.880451 0.551252 -0.0649516 1.69829 
0.88967 0.558313 -0.0643347 1.71573 
0.88688 0.563381 -0.0628483 1.71125 
0.883661 0.550408 -0.0644067 1.70406 
0.886545 0.557448 -0.0639034 1.71007 
0.885392 0.520119 -0.0707808 1.70121 
0.888085 0.527914 -0.0685816 1.70779 
0.884096 0.527747 -0.0691448 1.70023 
0.886304 0.526198 -0.0693072 1.70419 
0.900608 0.570471 -0.0630807 1.73722 
0.896732 0.580179 -0.0599184 1.73302 
0.89579 0.568685 -0.0640139 1.72806 
0.897496 0.572281 -0.0630932 1.7314 
0.873525 0.586467 -0.0566429 1.69137 
0.875944 0.59558 -0.0543998 1.69792 
0.87063 0.593255 -0.054117 1.68725 
0.874225 0.592582 -0.0551235 1.69351 
0.862802 0.553445 -0.0597495 1.6659 
0.869698 0.569128 -0.0575319 1.68161 
0.862658 0.56064 -0.0568974 1.66744 
0.864487 0.560154 -0.0578314 1.67068 
0.880181 0.57588 -0.0607904 1.70086 
0.883574 0.587125 -0.0581541 1.71027 
0.876687 0.581133 -0.0589484 1.69604 
0.88048 0.582192 -0.0591055 1.70304 
0.893131 0.584778 -0.05776 1.72833 
0.888161 0.586264 -0.0575283 1.7182 
0.889662 0.578727 -0.0604816 1.71798 
0.890516 0.584015 -0.0587293 1.72248 
0.897228 0.587353 -0.0561457 1.73641 
0.90134 0.585522 -0.0556025 1.74375 
0.897535 0.592519 -0.0509081 1.73849 
0.898281 0.587771 -0.0544 1.7381 
0.867077 0.550377 -0.0624311 1.67328 
0.862678 0.545105 -0.0612832 1.66431 
0.863995 0.537395 -0.0637581 1.66513 
0.864777 0.543757 -0.0616918 1.66795 
0.875623 0.529872 -0.0676191 1.68466 
0.879188 0.541425 -0.0671162 1.69404 
0.875565 0.539287 -0.0659307 1.68665 
0.877102 0.537628 -0.066228 1.68905 
0.877055 0.586742 -0.0574718 1.69732 
0.883318 0.589723 -0.0568508 1.70988 
0.878163 0.594246 -0.0545078 1.70176 
0.879931 0.590895 -0.0562258 1.70342 
0.873163 0.547645 -0.0626167 1.68377 
0.874734 0.558768 -0.0616698 1.68885 
0.870583 0.552542 -0.0617497 1.67989 
0.873075 0.552382 -0.0618307 1.68472 
0.886859 0.575576 -0.06197 1.71298 
0.886237 0.585748 -0.0591727 1.71469 
0.883008 0.575164 -0.0611327 1.7066 
0.885012 0.577528 -0.0610654 1.7099 
0.909473 0.570687 -0.0599692 1.75494 
0.904872 0.578918 -0.0582216 1.74883 
0.904851 0.570972 -0.0618905 1.74552 
0.905927 0.572568 -0.0607285 1.74781 
0.877062 0.605587 -0.0456375 1.70404 
0.883681 0.60113 -0.0485084 1.715 
0.882031 0.605437 -0.0434626 1.71251 
0.880704 0.603936 -0.0455914 1.71008 
0.857474 0.585616 -0.0503975 1.66263 
0.858721 0.576791 -0.0530295 1.66258 
0.865647 0.591034 -0.0517432 1.67733 
0.860464 0.584061 -0.0514698 1.66766 
0.845812 0.572305 -0.0490066 1.63939 
0.847691 0.566318 -0.0517309 1.64147 
0.851876 0.579333 -0.0499763 1.65148 
0.848556 0.572271 -0.0501 1.64413 
0.842078 0.557572 -0.0533179 1.62821 
0.843504 0.554179 -0.0555774 1.63008 
0.845107 0.557298 -0.0536205 1.63467 
0.844047 0.556661 -0.054065 1.6318 
0.869481 0.556386 -0.0605559 1.67888 
0.875026 0.56386 -0.0610846 1.69044 
0.872196 0.569641 -0.0578857 1.68631 
0.872056 0.563526 -0.0601387 1.68498 
0.870297 0.612907 -0.037854 1.69271 
0.87315 0.608673 -0.0428006 1.6973 
0.878418 0.608221 -0.0409442 1.70633 
0.874216 0.610169 -0.0406394 1.69927 
0.871328 0.519487 -0.0731659 1.67416 
0.868933 0.519257 -0.0739921 1.66986 
0.871409 0.516432 -0.075182 1.6739 
0.87054 0.518337 -0.0739333 1.67263 
0.880469 0.539655 -0.0670083 1.69598 
0.877322 0.528351 -0.0678727 1.68783 
0.881012 0.530519 -0.0681737 1.69486 
0.879763 0.532243 -0.068155 1.69291 
0.889155 0.551045 -0.0648683 1.71374 
0.8831 0.543804 -0.0657863 1.70218 
0.883905 0.535774 -0.0676679 1.70145 
0.885099 0.542958 -0.065817 1.70553 
0.883715 0.564077 -0.0629417 1.7058 
0.878905 0.561917 -0.0629375 1.69696 
0.876489 0.549293 -0.064432 1.69101 
0.880441 0.560042 -0.0628638 1.70047 
0.866979 0.526187 -0.0697696 1.66753 
0.864368 0.527163 -0.0696423 1.66279 
0.865967 0.522577 -0.0726209 1.66496 
0.866009 0.525924 -0.0705646 1.66577 
0.873222 0.536301 -0.0653095 1.68207 
0.869714 0.528003 -0.0674669 1.6742 
0.873686 0.528246 -0.0677558 1.68151 
0.871819 0.529584 -0.0673621 1.67802 
0.864809 0.533321 -0.0660152 1.66575 
0.864136 0.529983 -0.0677687 1.66329 
0.86651 0.529432 -0.0679755 1.66796 
0.865177 0.530662 -0.0673856 1.66542 
0.870624 0.521273 -0.0717742 1.67346 
0.868845 0.525011 -0.0698791 1.67096 
0.868096 0.521196 -0.0726281 1.66864 
0.869105 0.522363 -0.0716736 1.67064 
0.861424 0.529478 -0.068879 1.65785 
0.857891 0.530057 -0.0692256 1.65155 
0.860333 0.527221 -0.0702338 1.6553 
0.86002 0.528736 -0.0693523 1.65535 
0.864906 0.522555 -0.0733951 1.66355 
0.862954 0.527416 -0.0702814 1.66026 
0.862568 0.525327 -0.0720301 1.65961 
0.863285 0.524828 -0.0715024 1.66036 
0.857731 0.537492 -0.0641134 1.65326 
0.859072 0.543103 -0.0614857 1.65738 
0.856092 0.541183 -0.0625663 1.65114 
0.857645 0.540495 -0.0624796 1.65382 
0.859237 0.536597 -0.0644567 1.65603 
0.862974 0.53675 -0.0640864 1.66333 
0.860894 0.542227 -0.0616762 1.66083 
0.860756 0.537675 -0.0637369 1.65899 
0.901412 0.56116 -0.0639616 1.73828 
0.89513 0.542583 -0.0671647 1.72332 
0.898733 0.542694 -0.0673473 1.72978 
0.897261 0.54481 -0.0667742 1.72684 
0.874584 0.523235 -0.0700178 1.68244 
0.873558 0.519601 -0.0716464 1.67833 
0.876103 0.517768 -0.0720469 1.68337 
0.874654 0.51949 -0.0712873 1.68084 
0.899816 0.532912 -0.06726 1.73012 
0.901904 0.522964 -0.0684791 1.73249 
0.905705 0.540829 -0.0655092 1.74201 
0.902456 0.531185 -0.0665386 1.73461 
0.887757 0.50582 -0.0740505 1.70267 
0.89004 0.510105 -0.072175 1.70836 
0.88619 0.511461 -0.0722829 1.70143 
0.887917 0.509238 -0.0727763 1.70438 
0.888467 0.501219 -0.0769379 1.70278 
0.888546 0.49778 -0.0795174 1.70216 
0.891473 0.497558 -0.0775599 1.70776 
0.889402 0.498868 -0.0782384 1.70387 
0.88351 0.508581 -0.0751812 1.69461 
0.885993 0.505919 -0.0752519 1.69929 
0.884477 0.510869 -0.072801 1.69821 
0.884729 0.508249 -0.0742573 1.69742 
0.88993 0.495519 -0.0807734 1.7043 
0.892891 0.491595 -0.0814859 1.70905 
0.892495 0.495205 -0.0786968 1.70895 
0.891528 0.494133 -0.0800882 1.70698 
0.849612 0.544304 -0.0611725 1.63901 
0.850121 0.548457 -0.0584804 1.64103 
0.846837 0.546434 -0.0596297 1.63447 
0.848868 0.546259 -0.0597386 1.63804 
0.855506 0.532809 -0.0677691 1.64768 
0.85665 0.534859 -0.0662492 1.6501 
0.853174 0.535062 -0.0666007 1.64391 
0.855057 0.533982 -0.0668577 1.64727 
0.859576 0.54707 -0.059936 1.65928 
0.859048 0.553075 -0.0578061 1.65965 
0.856467 0.544426 -0.0607346 1.65264 
0.858277 0.547805 -0.0597364 1.6569 
0.859706 0.534406 -0.0657463 1.65578 
0.862248 0.53114 -0.0671723 1.65975 
0.863141 0.534563 -0.0654065 1.66264 
0.861886 0.533335 -0.0658955 1.65996 
0.852631 0.536256 -0.0656861 1.6433 
0.856394 0.536443 -0.0649564 1.65017 
0.85486 0.539888 -0.0631703 1.64814 
0.854359 0.537364 -0.0647822 1.64675 
0.857541 0.531448 -0.0683243 1.65139 
0.860957 0.530714 -0.067961 1.65728 
0.858484 0.533912 -0.0665434 1.65335 
0.858894 0.531911 -0.0677083 1.65364 
0.852845 0.549667 -0.0581933 1.64681 
0.854609 0.545379 -0.0603688 1.64895 
0.857105 0.553931 -0.0575559 1.65633 
0.854736 0.549153 -0.0585074 1.65063 
0.823242 0.58851 -0.0345985 1.60134 
0.823053 0.596343 -0.0318057 1.6027 
0.817677 0.583339 -0.0338491 1.59023 
0.821484 0.589162 -0.0337611 1.59795 
0.828036 0.581979 -0.0392807 1.60873 
0.82508 0.584668 -0.0372134 1.60396 
0.822295 0.577227 -0.0388672 1.59702 
0.825056 0.5818 -0.038599 1.60344 
0.835861 0.61123 -0.0342979 1.62807 
0.8273 0.604698 -0.0318963 1.61183 
0.828242 0.596814 -0.034829 1.61125 
0.830529 0.604603 -0.0332391 1.6175 
0.824332 0.572975 -0.0416066 1.59966 
0.828028 0.57907 -0.0400825 1.60849 
0.822466 0.575014 -0.039889 1.59638 
0.82464 0.574551 -0.0406878 1.60049 
0.847218 0.6155 -0.0375274 1.65029 
0.849941 0.621489 -0.0327884 1.65815 
0.843213 0.617252 -0.0348967 1.64325 
0.846868 0.617395 -0.0352251 1.64987 
0.852623 0.553472 -0.056543 1.64806 
0.857535 0.558707 -0.0562968 1.658 
0.855475 0.56248 -0.0547875 1.65487 
0.854934 0.558297 -0.055807 1.65337 
0.84388 0.546621 -0.0593635 1.62931 
0.84318 0.549156 -0.0579597 1.62843 
0.841652 0.545599 -0.0598821 1.62495 
0.842794 0.547026 -0.059188 1.62735 
0.834683 0.551579 -0.0554857 1.61352 
0.830728 0.552937 -0.0554239 1.60619 
0.833609 0.55054 -0.0568378 1.6108 
0.833475 0.551646 -0.0559622 1.61121 
0.838533 0.546358 -0.0600831 1.61954 
0.835979 0.549745 -0.0566793 1.61579 
0.836007 0.549227 -0.0585782 1.6154 
0.836403 0.548239 -0.0580648 1.6156 
0.83446 0.564043 -0.0488544 1.61601 
0.836128 0.571639 -0.045707 1.62121 
0.832815 0.566993 -0.04656 1.61322 
0.834281 0.566827 -0.0469001 1.61627 
0.837489 0.554891 -0.0546066 1.61873 
0.839269 0.557569 -0.0532445 1.62267 
0.835661 0.558908 -0.0519226 1.61663 
0.837825 0.557182 -0.0530658 1.61985 
0.862859 0.622785 -0.0179516 1.68065 
0.866504 0.620883 -0.00724893 1.68721 
0.859134 0.625807 -0.0119895 1.67435 
0.863056 0.623847 -0.0124303 1.68115 
0.867654 0.619566 -0.0226295 1.68785 
0.874738 0.61503 -0.0255474 1.69974 
0.878066 0.613507 -0.0207466 1.7055 
0.874244 0.616581 -0.0231241 1.69982 
0.850143 0.627714 -0.0198024 1.6595 
0.858514 0.623736 -0.0208401 1.67157 
0.854318 0.626638 -0.0156093 1.66471 
0.855 0.625889 -0.0190649 1.66556 
0.867897 0.616629 -0.0319393 1.6888 
0.87258 0.615443 -0.0293567 1.69594 
0.865846 0.619766 -0.0261008 1.68477 
0.868966 0.6176 -0.0290317 1.69008 
0.855841 0.622478 -0.0306823 1.66941 
0.864106 0.618567 -0.0322453 1.6827 
0.862223 0.621421 -0.0257047 1.67847 
0.860595 0.620645 -0.0295698 1.67618 
0.852829 0.607405 -0.0431471 1.65822 
0.856646 0.614931 -0.0398838 1.668 
0.850173 0.611625 -0.0403183 1.65415 
0.85377 0.611859 -0.0411812 1.66087 
0.863539 0.60864 -0.0450257 1.6791 
0.868776 0.609205 -0.0446464 1.68961 
0.861774 0.613176 -0.0410201 1.67678 
0.864968 0.610592 -0.0438632 1.68193 
0.887954 0.594793 -0.0532582 1.72064 
0.887702 0.58936 -0.0564304 1.71885 
0.892639 0.587464 -0.0566863 1.72726 
0.888907 0.589971 -0.0554759 1.72064 
0.890912 0.603065 -0.0377834 1.72729 
0.886943 0.603986 -0.0416005 1.72079 
0.893374 0.598708 -0.0449819 1.73132 
0.890144 0.601701 -0.0411891 1.72581 
0.879771 0.595162 -0.0528801 1.70541 
0.885149 0.590681 -0.0556544 1.71379 
0.885454 0.596376 -0.0514753 1.71685 
0.883742 0.593852 -0.0531877 1.7123 
0.875854 0.603824 -0.0472265 1.70057 
0.877544 0.598408 -0.0514183 1.70225 
0.882751 0.599245 -0.0505366 1.71245 
0.878726 0.600851 -0.0499875 1.70525 
0.862769 0.614428 -0.0397407 1.67933 
0.869549 0.610757 -0.0431503 1.69172 
0.866503 0.614787 -0.037791 1.68669 
0.866006 0.61308 -0.0399779 1.6857 
0.865688 0.605093 -0.0468041 1.681 
0.868427 0.599604 -0.0506425 1.68518 
0.871284 0.605403 -0.0463556 1.69209 
0.86886 0.603774 -0.0480663 1.68691 
0.867752 0.586781 -0.0544891 1.68088 
0.863833 0.568925 -0.0560357 1.67104 
0.870495 0.57821 -0.0567556 1.68463 
0.866956 0.578151 -0.0561252 1.6784 
0.874112 0.604285 -0.0476777 1.69764 
0.870965 0.598373 -0.0518637 1.68964 
0.87604 0.598615 -0.0523466 1.69923 
0.873118 0.599753 -0.0511595 1.6943 
0.863452 0.604072 -0.0482015 1.67652 
0.859134 0.593035 -0.0495189 1.66687 
0.865676 0.595877 -0.051575 1.67916 
0.862324 0.597636 -0.0498968 1.67345 
0.855969 0.606854 -0.0443619 1.66374 
0.861848 0.608669 -0.0455038 1.67505 
0.859481 0.613978 -0.0414399 1.673 
0.858616 0.609946 -0.0439365 1.67013 
0.842171 0.58749 -0.0437665 1.63526 
0.849023 0.599113 -0.0437842 1.6497 
0.846965 0.605603 -0.0413761 1.64722 
0.846202 0.598328 -0.043403 1.64483 
0.843303 0.566458 -0.0493251 1.6333 
0.841723 0.560707 -0.0519127 1.62925 
0.84505 0.560663 -0.0523851 1.63553 
0.842861 0.561782 -0.0513433 1.63135 
0.841511 0.582275 -0.0456983 1.63352 
0.844176 0.578226 -0.047269 1.6374 
0.848521 0.594171 -0.0453232 1.64821 
0.844605 0.583229 -0.0457384 1.63892 
0.837923 0.572167 -0.0458533 1.62455 
0.835846 0.563524 -0.049153 1.61847 
0.840478 0.56788 -0.0480527 1.62843 
0.838139 0.568551 -0.0477439 1.62444 
0.87092 0.568228 -0.0580457 1.6841 
0.863532 0.551927 -0.0595493 1.66697 
0.868429 0.555964 -0.0615132 1.67724 
0.866992 0.55754 -0.0608192 1.67458 
0.886336 0.607803 -0.0188083 1.72051 
0.896728 0.599575 -0.020531 1.73705 
0.88879 0.606459 -0.0129662 1.72295 
0.890182 0.604225 -0.017175 1.72582 
0.883244 0.607008 -0.0378262 1.71395 
0.887697 0.605975 -0.0345417 1.72201 
0.880047 0.610499 -0.032344 1.70901 
0.883996 0.607705 -0.0348826 1.71551 
0.871466 0.61416 -0.0354908 1.69519 
0.879108 0.609511 -0.0385928 1.70778 
0.876213 0.612689 -0.0327218 1.70208 
0.87546 0.612085 -0.0355442 1.70131 
0.887257 0.599301 -0.0486915 1.72117 
0.892264 0.597902 -0.0474917 1.72913 
0.885356 0.603593 -0.0440708 1.71809 
0.888422 0.600288 -0.04707 1.72298 
0.90148 0.595163 -0.0343801 1.7442 
0.902197 0.595305 -0.026508 1.74635 
0.896495 0.600086 -0.0323278 1.73683 
0.899972 0.596943 -0.0312344 1.742 
0.912873 0.584919 -0.0330913 1.76292 
0.917914 0.584726 -0.0274972 1.77216 
0.907636 0.591269 -0.0262782 1.75501 
0.913293 0.587426 -0.0290341 1.7651 
0.908907 0.587818 -0.0439409 1.75663 
0.912415 0.587454 -0.0386486 1.76335 
0.906097 0.591736 -0.039116 1.75234 
0.909595 0.589221 -0.0405641 1.75837 
0.923858 0.576146 -0.0378769 1.78207 
0.921954 0.581517 -0.0301585 1.77981 
0.918534 0.581241 -0.0358452 1.77309 
0.921105 0.578761 -0.0345747 1.77738 
0.925542 0.573261 -0.0473859 1.7843 
0.925047 0.57563 -0.0430296 1.7841 
0.921587 0.57671 -0.0465171 1.77776 
0.9242 0.575197 -0.045698 1.78217 
0.9216 0.570505 -0.0563061 1.77755 
0.926149 0.568808 -0.0595471 1.78539 
0.92545 0.571131 -0.052814 1.78437 
0.924657 0.570033 -0.0559007 1.7827 
0.920617 0.56573 -0.049125 1.77428 
0.919855 0.569998 -0.0523509 1.77437 
0.921591 0.569134 -0.0505853 1.77734 
0.921099 0.568775 -0.0501108 1.77654 
0.917211 0.567291 -0.0697548 1.7682 
0.924569 0.567493 -0.0637782 1.7825 
0.918878 0.570088 -0.0595634 1.77242 
0.919929 0.569116 -0.06421 1.7743 
0.93224 0.568179 -0.0489926 1.79581 
0.927475 0.573283 -0.0439212 1.78804 
0.927842 0.572127 -0.0488008 1.78849 
0.929262 0.571184 -0.0472393 1.79088 
0.937844 0.561281 -0.0471664 1.80508 
0.944809 0.55498 -0.0460574 1.8162 
0.938264 0.565272 -0.0384174 1.80627 
0.940663 0.560239 -0.0442471 1.80929 
0.925582 0.580562 0.00523143 1.78593 
0.9331 0.573603 -0.00552948 1.79796 
0.937931 0.569248 0.00627441 1.80694 
0.932999 0.575467 0.00203324 1.7991 
0.905413 0.593137 -0.0363045 1.75154 
0.911204 0.587854 -0.0364787 1.76097 
0.905439 0.593606 -0.0288991 1.75229 
0.906558 0.590871 -0.0339612 1.75265 
0.929186 0.570509 -0.0406204 1.79042 
0.934749 0.564674 -0.0449449 1.79961 
0.935216 0.568121 -0.0365333 1.80106 
0.932957 0.567528 -0.0403368 1.79667 
0.918793 0.564503 -0.0486894 1.7708 
0.913521 0.566564 -0.0503941 1.76117 
0.917732 0.570027 -0.0531698 1.77034 
0.916306 0.566256 -0.050568 1.7663 
0.938981 0.568254 -0.0302402 1.80804 
0.946434 0.562969 -0.0280004 1.82089 
0.938246 0.573609 -0.0203675 1.80857 
0.941158 0.56834 -0.0269314 1.81203 
0.926442 0.573401 -0.0373122 1.78587 
0.932593 0.57158 -0.0340386 1.79663 
0.924622 0.578881 -0.0295982 1.78356 
0.928045 0.574479 -0.0338779 1.78902 
0.953253 0.548152 -0.0434764 1.83069 
0.961468 0.541473 -0.0397527 1.84482 
0.954092 0.554447 -0.0336703 1.83394 
0.955886 0.54682 -0.0397433 1.83462 
0.836087 0.589114 -0.0413332 1.62508 
0.839146 0.58672 -0.0431449 1.62993 
0.843648 0.604278 -0.0411966 1.64158 
0.839006 0.589806 -0.0415016 1.6299 
0.829438 0.59373 -0.0371113 1.6137 
0.832296 0.590938 -0.0388816 1.6184 
0.836145 0.608385 -0.0366371 1.62887 
0.831797 0.59443 -0.0369903 1.61759 
0.826352 0.571379 -0.0431331 1.60286 
0.829617 0.569996 -0.0450852 1.60836 
0.830296 0.577451 -0.0416864 1.6117 
0.828111 0.571499 -0.0433788 1.60625 
0.826177 0.563701 -0.047966 1.59988 
0.829044 0.561317 -0.0496775 1.60464 
0.829558 0.565131 -0.0470905 1.60634 
0.828344 0.563523 -0.0481756 1.60372 
0.820071 0.568299 -0.0443553 1.58966 
0.823002 0.565969 -0.0461194 1.59447 
0.823094 0.5688 -0.044153 1.59526 
0.822312 0.567938 -0.0447904 1.59368 
0.819848 0.561424 -0.048904 1.58825 
0.822996 0.558992 -0.050745 1.5935 
0.822366 0.561347 -0.0483945 1.59315 
0.821759 0.560562 -0.0492365 1.5917 
0.833757 0.558998 -0.0515764 1.6129 
0.831542 0.558984 -0.0520537 1.60875 
0.835133 0.555306 -0.05425 1.61463 
0.833357 0.558013 -0.0523129 1.61223 
0.82521 0.568454 -0.0444886 1.59908 
0.825516 0.565691 -0.0465521 1.59896 
0.828553 0.566797 -0.0459405 1.60501 
0.826373 0.566844 -0.0455374 1.60104 
0.825947 0.556692 -0.0524399 1.59842 
0.828443 0.554706 -0.0539994 1.60252 
0.828095 0.556713 -0.0519597 1.60269 
0.827598 0.556005 -0.0526906 1.60134 
0.831972 0.578089 -0.0418532 1.61514 
0.831146 0.570261 -0.0447899 1.61133 
0.835144 0.576245 -0.0441159 1.62045 
0.832877 0.575348 -0.043686 1.61566 
0.819767 0.570218 -0.0427395 1.58966 
0.822524 0.570792 -0.0427003 1.59511 
0.820571 0.573046 -0.0409007 1.59207 
0.82086 0.57115 -0.0422754 1.59185 
0.814938 0.572982 -0.0401081 1.58136 
0.817458 0.570556 -0.0421441 1.58542 
0.818505 0.57349 -0.0400579 1.58808 
0.817306 0.572619 -0.0407018 1.58566 
0.813928 0.565818 -0.0451349 1.57833 
0.817011 0.563608 -0.0471143 1.58358 
0.816376 0.56596 -0.0446657 1.58315 
0.815767 0.565066 -0.0455802 1.58171 
0.824468 0.560867 -0.0489767 1.59681 
0.82482 0.558191 -0.0510461 1.59679 
0.827217 0.558502 -0.0507772 1.60132 
0.825334 0.559038 -0.0502498 1.59812 
0.811199 0.567819 -0.0430799 1.57376 
0.811137 0.570634 -0.0405224 1.57441 
0.808254 0.569776 -0.0411603 1.56883 
0.810336 0.569367 -0.0415055 1.57245 
0.807466 0.571355 -0.0394899 1.56769 
0.810262 0.572108 -0.0391905 1.57346 
0.807572 0.574277 -0.036977 1.56904 
0.808436 0.572636 -0.0384374 1.56988 
0.812987 0.587446 -0.0300809 1.58278 
0.815099 0.584067 -0.0326619 1.58573 
0.820148 0.596123 -0.0309965 1.59741 
0.815718 0.587523 -0.0310331 1.5875 
0.820723 0.612633 -0.0259551 1.60185 
0.813697 0.59157 -0.0286148 1.58461 
0.821625 0.602452 -0.0292018 1.6012 
0.818505 0.602452 -0.0282815 1.59549 
0.803405 0.585176 -0.0273388 1.56335 
0.803405 0.583134 -0.0300377 1.56248 
0.807514 0.584598 -0.0287677 1.57178 
0.804839 0.58413 -0.0285592 1.56539 
0.797766 0.588721 -0.0215225 1.55398 
0.80106 0.586746 -0.0245953 1.55945 
0.803887 0.59344 -0.0225643 1.56764 
0.800513 0.587464 -0.023238 1.55942 
0.799722 0.577797 -0.0321113 1.55553 
0.796859 0.577263 -0.0330201 1.54991 
0.799961 0.57522 -0.035248 1.55499 
0.798934 0.576765 -0.0333109 1.55343 
0.793342 0.586867 -0.0243693 1.54517 
0.794464 0.589824 -0.0215489 1.54778 
0.789895 0.589152 -0.0207807 1.53953 
0.792749 0.589031 -0.0221657 1.54497 
0.793859 0.579372 -0.0308983 1.54499 
0.79307 0.581013 -0.0274342 1.54434 
0.790639 0.581106 -0.0282946 1.53939 
0.792405 0.580493 -0.0287098 1.54272 
0.801813 0.577425 -0.0330602 1.55929 
0.802144 0.574929 -0.0355519 1.55875 
0.80472 0.575948 -0.0351309 1.56423 
0.802874 0.576224 -0.0343699 1.56078 
0.805908 0.574572 -0.0364352 1.56594 
0.803021 0.573375 -0.0372382 1.56013 
0.805703 0.571807 -0.0391925 1.56465 
0.805059 0.573193 -0.0375828 1.56369 
0.810548 0.582919 -0.0309682 1.5767 
0.809478 0.579667 -0.0341399 1.57282 
0.812777 0.580164 -0.0339544 1.57995 
0.810816 0.580824 -0.0331054 1.57585 
0.798468 0.579189 -0.030829 1.55347 
0.795163 0.580848 -0.0282228 1.54797 
0.795427 0.578678 -0.0311464 1.54772 
0.796254 0.579428 -0.0299538 1.54958 
0.808709 0.583073 -0.0301185 1.57269 
0.804439 0.581457 -0.0317297 1.56418 
0.807287 0.579831 -0.0336786 1.56925 
0.806846 0.581584 -0.0318554 1.56843 
0.800941 0.586 -0.0272749 1.55861 
0.797246 0.584781 -0.0272634 1.55195 
0.800355 0.583095 -0.0298618 1.55711 
0.799724 0.58499 -0.0280403 1.55665 
0.465435 0.569826 0.0611626 0.971435 
0.473007 0.573569 0.0624931 0.985785 
0.467897 0.570872 0.0684256 0.976048 
0.469414 0.572032 0.063378 0.97894 
0.811682 0.646179 -0.000925965 1.59616 
0.802422 0.650161 -0.000699304 1.58093 
0.807353 0.644271 -0.00361441 1.58599 
0.808178 0.648876 -0.0011708 1.59241 
0.469688 0.572275 0.0469807 0.979458 
0.471635 0.572924 0.0541191 0.983125 
0.463334 0.569581 0.0468417 0.967288 
0.467818 0.571455 0.0493778 0.975797 
0.471918 0.574103 0.023134 0.983719 
0.479151 0.577994 0.0267851 0.997795 
0.47047 0.573103 0.0291691 0.98088 
0.4743 0.574934 0.0261913 0.988078 
0.482065 0.577627 0.0532581 1.00373 
0.47496 0.573259 0.0561549 0.989224 
0.473085 0.573189 0.0481918 0.9857 
0.476917 0.574363 0.0528667 0.992931 
0.487068 0.581801 0.0423792 1.01265 
0.487265 0.581265 0.0496421 1.01308 
0.47792 0.575835 0.0443957 0.994891 
0.483107 0.579046 0.0454573 1.00549 
0.473381 0.573996 0.0320323 0.986319 
0.48247 0.57973 0.0298509 1.00389 
0.484652 0.580626 0.0362518 1.00794 
0.478675 0.577475 0.0323583 0.99691 
0.516172 0.604841 0.0316578 1.06821 
0.53076 0.615862 0.0362281 1.09706 
0.514672 0.603432 0.0442031 1.0655 
0.521994 0.608286 0.037178 1.0793 
0.511566 0.595407 0.0688878 1.05633 
0.502219 0.587508 0.070667 1.03879 
0.497022 0.585795 0.061802 1.02901 
0.503692 0.588313 0.0668296 1.04113 
0.579315 0.636106 0.0761304 1.18677 
0.565883 0.630271 0.083033 1.16306 
0.557787 0.628494 0.0715714 1.14811 
0.566691 0.631303 0.0773845 1.16504 
0.500268 0.584306 0.0795158 1.03755 
0.507938 0.587236 0.0903064 1.05096 
0.49586 0.58182 0.0838089 1.02856 
0.500102 0.583952 0.0848781 1.03722 
0.532089 0.602592 0.0935643 1.09518 
0.543462 0.607585 0.10659 1.117 
0.525017 0.596261 0.0987856 1.08077 
0.532001 0.601732 0.0995356 1.09459 
0.518456 0.598358 0.0742386 1.06869 
0.522656 0.598983 0.0827058 1.07622 
0.509156 0.58983 0.0761375 1.05091 
0.516886 0.597284 0.0780529 1.06603 
0.557555 0.623213 0.0955094 1.14727 
0.549865 0.613789 0.106357 1.1308 
0.539729 0.609793 0.092947 1.11175 
0.54853 0.614287 0.0970463 1.12847 
0.548831 0.622344 0.0693367 1.13114 
0.557098 0.625257 0.0825554 1.14643 
0.536273 0.611737 0.072563 1.1055 
0.547931 0.621802 0.0736581 1.12914 
0.599414 0.634496 0.133214 1.22403 
0.627556 0.640102 0.148263 1.27563 
0.603796 0.631554 0.146254 1.23187 
0.611576 0.636187 0.142005 1.24563 
0.520289 0.592083 0.102682 1.07378 
0.535627 0.597636 0.116552 1.10197 
0.515579 0.588658 0.105792 1.06527 
0.519465 0.590881 0.105418 1.07262 
0.602683 0.636384 0.126431 1.23031 
0.619598 0.641797 0.121891 1.25933 
0.626345 0.640534 0.141541 1.27339 
0.61374 0.639273 0.129603 1.25019 
0.55619 0.608594 0.128406 1.13997 
0.559281 0.613805 0.122636 1.14746 
0.582181 0.621646 0.141193 1.19054 
0.562723 0.613867 0.127401 1.15332 
0.582045 0.634411 0.102921 1.19265 
0.608942 0.640494 0.11335 1.24044 
0.59092 0.634979 0.118505 1.20884 
0.594878 0.636823 0.111434 1.21626 
0.535621 0.589908 0.154545 1.10217 
0.54161 0.590583 0.166856 1.1141 
0.521926 0.584281 0.153696 1.0762 
0.532 0.589119 0.158087 1.09615 
0.561148 0.600831 0.152658 1.14852 
0.540698 0.590779 0.148021 1.11115 
0.533851 0.590299 0.137185 1.0986 
0.54437 0.592771 0.145586 1.11777 
0.574965 0.603941 0.164374 1.17331 
0.578181 0.597136 0.178067 1.1785 
0.554148 0.593181 0.158116 1.13589 
0.566976 0.595298 0.165653 1.15809 
0.469698 0.573096 0.0394174 0.979551 
0.460999 0.569095 0.0328501 0.963064 
0.468412 0.572913 0.0326239 0.97705 
0.465746 0.571381 0.0346852 0.972015 
0.846589 0.634216 0.00308034 1.65503 
0.860616 0.623594 -0.000771484 1.67579 
0.851553 0.627671 0.00789689 1.65922 
0.852357 0.628352 0.00397635 1.66245 
0.832669 0.634392 -0.0174386 1.63057 
0.840691 0.632746 -0.0191693 1.6453 
0.834825 0.63672 -0.0123835 1.63566 
0.835502 0.634617 -0.0162521 1.63562 
0.819019 0.633138 -0.0158295 1.60314 
0.8255 0.634435 -0.0165425 1.61601 
0.819503 0.638022 -0.0113681 1.6069 
0.821258 0.635444 -0.0143663 1.60797 
0.819592 0.629485 -0.0179474 1.60266 
0.822976 0.625195 -0.0223351 1.60823 
0.826836 0.632019 -0.0186092 1.61748 
0.823661 0.629247 -0.0198196 1.61025 
0.839562 0.623648 -0.0294255 1.63832 
0.841614 0.619678 -0.0328695 1.6402 
0.847069 0.623732 -0.0313778 1.65384 
0.8429 0.622505 -0.0313706 1.64409 
0.838883 0.608837 -0.0369463 1.63321 
0.835432 0.592256 -0.0396025 1.6239 
0.843304 0.607596 -0.039137 1.64095 
0.840162 0.606613 -0.0386551 1.63594 
0.817295 0.580665 -0.0355618 1.58826 
0.819775 0.577629 -0.0379362 1.59185 
0.822264 0.584622 -0.036163 1.59905 
0.819553 0.580408 -0.0365209 1.59295 
0.81295 0.570242 -0.0411652 1.57792 
0.81302 0.567294 -0.0434847 1.57704 
0.815554 0.567827 -0.0432086 1.58207 
0.81373 0.568324 -0.0426746 1.57868 
0.815648 0.57828 -0.0361986 1.58448 
0.814704 0.575022 -0.0386916 1.5814 
0.818234 0.575461 -0.038722 1.5883 
0.815903 0.575845 -0.0379716 1.58386 
0.806204 0.5925 -0.0237094 1.57154 
0.803518 0.585704 -0.026315 1.56383 
0.807249 0.585812 -0.0282161 1.57186 
0.804926 0.586894 -0.0264046 1.56758 
0.809982 0.57746 -0.0359093 1.57331 
0.812547 0.575285 -0.0380866 1.57766 
0.81362 0.578474 -0.0354238 1.5804 
0.812395 0.577328 -0.0363639 1.5776 
0.818436 0.565707 -0.0451926 1.58685 
0.818635 0.562913 -0.0473906 1.58652 
0.821432 0.563331 -0.0470805 1.59173 
0.819267 0.56369 -0.0466102 1.58792 
0.695655 0.631007 0.218015 1.39594 
0.663135 0.632219 0.198085 1.33867 
0.685659 0.636173 0.202674 1.37848 
0.679536 0.633754 0.204432 1.36774 
0.659426 0.607508 0.238404 1.32632 
0.655908 0.616283 0.22218 1.3207 
0.692389 0.61381 0.245164 1.38617 
0.672781 0.615795 0.233433 1.35083 
0.597755 0.613757 0.17448 1.21555 
0.632047 0.625806 0.186854 1.28059 
0.627691 0.617959 0.197996 1.27015 
0.621314 0.619838 0.190397 1.26023 
0.517462 0.599546 0.0637876 1.06725 
0.50178 0.588794 0.0565591 1.03761 
0.512807 0.597829 0.0531148 1.05855 
0.510963 0.596565 0.0572837 1.05526 
0.45752 0.566299 0.0434496 0.956433 
0.455348 0.565259 0.0383785 0.95232 
0.465034 0.570072 0.0432296 0.970741 
0.460247 0.56814 0.0407677 0.961588 
0.543346 0.606137 0.110668 1.11624 
0.539909 0.600803 0.116833 1.10777 
0.524864 0.595007 0.102722 1.08002 
0.537639 0.601515 0.112042 1.1047 
0.508104 0.58922 0.0801261 1.04959 
0.523682 0.599077 0.0858707 1.07862 
0.513356 0.590449 0.0915158 1.05887 
0.5151 0.591679 0.0863386 1.06145 
0.586163 0.630863 0.126566 1.19957 
0.588377 0.626896 0.13939 1.20255 
0.565631 0.618989 0.121215 1.16027 
0.578994 0.62557 0.130239 1.18597 
0.684154 0.640569 0.189129 1.37551 
0.658613 0.636887 0.187707 1.33146 
0.661643 0.642656 0.172258 1.33639 
0.668827 0.640538 0.180694 1.34893 
0.632367 0.629162 0.180576 1.28215 
0.601987 0.618583 0.168554 1.22429 
0.616494 0.629781 0.162627 1.25309 
0.611802 0.624896 0.166599 1.24365 
0.549596 0.62607 0.0428107 1.13248 
0.572884 0.636712 0.0404711 1.17537 
0.551803 0.62698 0.0561671 1.1369 
0.559297 0.63094 0.0487389 1.1508 
0.683149 0.58108 -0.0224817 1.33828 
0.778587 0.607963 -0.0144997 1.52183 
0.507627 0.597309 0.0209911 1.04956 
0.667238 0.60989 0.0187927 1.30759 
0.803834 0.627297 -0.00572115 1.5761 
0.801316 0.627166 -0.00370714 1.57134 
0.803956 0.638556 -0.00444924 1.57738 
0.801225 0.62883 -0.00476123 1.57086 
0.858945 0.623548 -0.0231576 1.67237 
0.849133 0.627314 -0.0230356 1.65801 
0.851366 0.624604 -0.0277446 1.66157 
0.853333 0.625731 -0.0248985 1.66537 
0.846291 0.633049 -0.000775669 1.65257 
0.85245 0.62882 -0.00774337 1.66231 
0.860979 0.623051 -0.00390965 1.67601 
0.853766 0.629946 -0.00421346 1.66636 
0.830146 0.638174 -0.00947009 1.62692 
0.821988 0.63896 -0.00946197 1.61193 
0.827998 0.635655 -0.0148043 1.62153 
0.827261 0.637883 -0.0114619 1.62205 
0.842135 0.634817 -0.00219654 1.64447 
0.838389 0.633662 -0.00747968 1.63791 
0.848875 0.630458 -0.00930986 1.6553 
0.842848 0.632775 -0.00664534 1.64504 
0.835172 0.636982 0.0011836 1.63228 
0.822594 0.640482 0.000572471 1.61105 
0.831242 0.636719 -0.00423239 1.62634 
0.83032 0.637381 -0.00127481 1.62415 
0.822947 0.64321 0.0141131 1.61294 
0.835598 0.637557 0.00700809 1.63403 
0.843604 0.632245 0.0126785 1.64699 
0.836096 0.639082 0.011385 1.63695 
0.818456 0.643477 -0.00241531 1.60669 
0.820163 0.641141 -0.00693842 1.61004 
0.827447 0.639695 -0.00720925 1.6224 
0.822303 0.641941 -0.00541011 1.61357 
0.806191 0.615923 -0.0173624 1.57662 
0.808776 0.60967 -0.0207069 1.57985 
0.813056 0.624857 -0.0176084 1.59069 
0.810158 0.617966 -0.0184439 1.5838 
0.792126 0.59275 -0.0126941 1.54568 
0.799659 0.607185 -0.0133911 1.56255 
0.799042 0.616928 -0.0103244 1.56398 
0.797449 0.606179 -0.0123101 1.5582 
0.790826 0.593252 -0.00935414 1.54348 
0.790749 0.592908 -0.0112906 1.54308 
0.798075 0.613829 -0.0109173 1.56158 
0.791009 0.593303 -0.00945506 1.54395 
0.785135 0.593507 -0.0126304 1.53213 
0.787103 0.591266 -0.0173457 1.53528 
0.789094 0.593535 -0.0145877 1.53911 
0.787239 0.593207 -0.0147884 1.53588 
0.791026 0.593138 -0.0158894 1.54255 
0.789497 0.591113 -0.0186836 1.53959 
0.793864 0.591246 -0.0194083 1.54715 
0.79125 0.591836 -0.0180166 1.54251 
0.860669 0.628373 0.0278849 1.67798 
0.85959 0.629422 0.0172299 1.6772 
0.87775 0.618064 0.015012 1.70622 
0.864384 0.625286 0.0204382 1.68358 
0.846071 0.63375 0.073724 1.65366 
0.853241 0.630982 0.050112 1.6648 
0.874698 0.616924 0.0510629 1.69888 
0.857595 0.632055 0.0576041 1.67514 
0.820469 0.643889 0.0381995 1.60769 
0.846479 0.634884 0.0212638 1.65259 
0.847467 0.63504 0.0358805 1.65547 
0.840741 0.639289 0.0312902 1.64595 
0.824107 0.639964 0.0903368 1.61704 
0.784652 0.649819 0.0871945 1.54804 
0.802153 0.64844 0.0622994 1.57695 
0.808246 0.648346 0.0797344 1.59025 
0.844937 0.623389 0.149533 1.65299 
0.821108 0.63688 0.143628 1.61367 
0.829555 0.635439 0.111625 1.62676 
0.831625 0.630571 0.136119 1.62819 
0.824895 0.610096 0.210304 1.61666 
0.815514 0.609616 0.225419 1.60179 
0.792865 0.619431 0.217009 1.56267 
0.813739 0.614299 0.219159 1.59927 
0.687667 0.662216 0.0577332 1.37854 
0.655736 0.655562 0.0799492 1.32295 
0.655571 0.657591 0.0483565 1.32207 
0.665736 0.659872 0.0639253 1.34274 
0.675709 0.645614 0.154427 1.35792 
0.648403 0.64248 0.150473 1.31029 
0.640026 0.644575 0.131098 1.29505 
0.65572 0.645456 0.144947 1.32347 
0.758003 0.63906 0.174494 1.50277 
0.722236 0.648838 0.168044 1.44222 
0.729323 0.649939 0.148567 1.45251 
0.736572 0.646222 0.162193 1.464 
0.765316 0.633992 0.18758 1.51332 
0.764845 0.633398 0.198952 1.51531 
0.728042 0.641474 0.180685 1.45125 
0.754225 0.636821 0.191462 1.49706 
0.787925 0.637931 0.156951 1.55383 
0.772594 0.641983 0.172205 1.53091 
0.7478 0.650127 0.14823 1.48696 
0.770757 0.64541 0.161374 1.52691 
0.814449 0.605705 0.236126 1.59976 
0.816212 0.601575 0.249079 1.60326 
0.788898 0.612703 0.240984 1.5561 
0.80763 0.60728 0.24395 1.58948 
0.59612 0.644088 0.0592937 1.2173 
0.596346 0.645029 0.040928 1.21778 
0.624114 0.65367 0.0376979 1.26749 
0.606449 0.648731 0.0474521 1.23674 
0.5465 0.625319 0.0345893 1.12668 
0.600848 0.642982 0.0061864 1.22191 
0.574454 0.637506 0.0297394 1.17796 
0.560358 0.631295 0.0280536 1.15175 
0.506025 0.594825 0.047762 1.04616 
0.494524 0.585504 0.04981 1.02443 
0.493644 0.585948 0.0435919 1.02278 
0.497849 0.587903 0.0470043 1.03036 
0.522414 0.609706 0.0264922 1.08049 
0.576572 0.643008 0.0119795 1.17865 
0.536113 0.619218 0.0326352 1.1067 
0.531694 0.616753 0.0276952 1.09857 
0.802955 0.648409 0.00151492 1.57959 
0.81391 0.644046 0.00185442 1.59751 
0.810377 0.647749 0.0090821 1.59192 
0.808457 0.646078 0.00369554 1.58741 
0.702541 0.646673 -0.0136644 1.391 
0.786093 0.654023 -0.0102204 1.55284 
0.614511 0.654156 0.0136598 1.24884 
0.70415 0.656159 0.00779224 1.40289 
0.814596 0.646125 0.0152651 1.59793 
0.83956 0.633013 0.0155101 1.63814 
0.812055 0.645693 0.0318041 1.59179 
0.818941 0.639907 0.0230606 1.6018 
0.758681 0.65757 0.0804045 1.50307 
0.740988 0.663418 0.0611377 1.47506 
0.780691 0.653081 0.0493217 1.53877 
0.755721 0.658231 0.0634588 1.49744 
0.819291 0.642027 0.00236331 1.60505 
0.83139 0.638759 0.00347852 1.62547 
0.816856 0.644869 0.00877505 1.60111 
0.822278 0.642294 0.00563885 1.61006 
0.810297 0.640383 -0.00526921 1.59018 
0.811188 0.63814 -0.00768167 1.59089 
0.814719 0.640559 -0.0082461 1.59888 
0.812071 0.639866 -0.00683437 1.59295 
0.803452 0.636263 -0.00400789 1.57342 
0.806215 0.640808 -0.00452901 1.58228 
0.802077 0.652517 -0.00359405 1.58564 
0.803857 0.64226 -0.00494832 1.57933 
0.804636 0.637442 -0.00322444 1.57761 
0.802782 0.631871 -0.00398129 1.57349 
0.807346 0.638151 -0.00404546 1.58346 
0.806044 0.637025 -0.00401144 1.57969 
0.838188 0.633842 -0.0107318 1.63915 
0.843877 0.630364 -0.0171721 1.64895 
0.849182 0.629193 -0.0126447 1.6563 
0.844235 0.631129 -0.0136559 1.64885 
0.854319 0.621129 -0.0334492 1.6662 
0.858078 0.617377 -0.0367477 1.67124 
0.862368 0.617476 -0.03534 1.679 
0.85814 0.619254 -0.0350922 1.67304 
0.84096 0.626262 -0.0274322 1.64207 
0.847252 0.625857 -0.0294332 1.65517 
0.84472 0.629737 -0.0245324 1.65177 
0.84373 0.627167 -0.0274015 1.64916 
0.850228 0.61552 -0.0385732 1.65551 
0.856043 0.617193 -0.0382605 1.6674 
0.852187 0.621179 -0.0340914 1.66257 
0.852762 0.618297 -0.0374108 1.66104 
0.829707 0.612013 -0.0307469 1.61758 
0.83726 0.615719 -0.0331607 1.63193 
0.835887 0.62245 -0.0291916 1.63087 
0.833913 0.61716 -0.0310779 1.62608 
0.844024 0.54481 -0.0607084 1.6289 
0.841804 0.544185 -0.0613423 1.62473 
0.844299 0.541607 -0.0627868 1.6289 
0.843302 0.543462 -0.0614404 1.62742 
0.848225 0.542388 -0.0623118 1.63627 
0.845794 0.544473 -0.0609537 1.6321 
0.846004 0.541085 -0.0627478 1.63189 
0.846622 0.542619 -0.0618154 1.63338 
0.849213 0.536862 -0.0657493 1.63701 
0.848775 0.54043 -0.0632601 1.63683 
0.846982 0.539191 -0.0642563 1.63338 
0.848441 0.538821 -0.0641388 1.63591 
0.8533 0.543698 -0.0613502 1.64585 
0.851371 0.547889 -0.0589528 1.6435 
0.850836 0.543688 -0.0614403 1.64124 
0.851688 0.54473 -0.0608191 1.64292 
0.8418 0.553336 -0.0557646 1.62649 
0.840563 0.556738 -0.0537663 1.62506 
0.838843 0.553883 -0.0552637 1.6211 
0.840185 0.554391 -0.054892 1.62369 
0.848587 0.550347 -0.0575798 1.6389 
0.844663 0.551046 -0.0571054 1.63155 
0.845426 0.548283 -0.0587243 1.63231 
0.84623 0.550114 -0.0578279 1.63413 
0.848829 0.551834 -0.0566024 1.63975 
0.846429 0.556578 -0.0541644 1.6372 
0.845249 0.553226 -0.0563993 1.63291 
0.846586 0.553334 -0.0556708 1.63559 
0.851258 0.537149 -0.0656715 1.64087 
0.853398 0.540356 -0.0628938 1.64544 
0.850718 0.540691 -0.0630023 1.64055 
0.851988 0.539935 -0.0635916 1.64286 
0.853377 0.56264 -0.0545793 1.65118 
0.848744 0.559567 -0.0542986 1.64221 
0.850548 0.553653 -0.0566983 1.64427 
0.851046 0.558467 -0.0548862 1.64632 
0.839579 0.54644 -0.0596357 1.62119 
0.841174 0.549814 -0.0576529 1.62482 
0.837887 0.550563 -0.0567966 1.61905 
0.839611 0.549399 -0.0579295 1.62213 
0.865149 0.58604 -0.0539539 1.67616 
0.859322 0.572397 -0.05505 1.66372 
0.861735 0.567972 -0.0559312 1.66729 
0.861124 0.573373 -0.0542603 1.66655 
0.852801 0.585579 -0.0487082 1.65425 
0.851251 0.594633 -0.0459424 1.65309 
0.846633 0.578415 -0.0478619 1.64176 
0.849958 0.586272 -0.0475726 1.64925 
0.854754 0.569724 -0.0527907 1.65484 
0.853912 0.578669 -0.050497 1.65499 
0.849765 0.565367 -0.0523003 1.64507 
0.852594 0.570896 -0.0522783 1.65109 
0.861265 0.605271 -0.0471169 1.6729 
0.854609 0.601381 -0.0458562 1.66033 
0.856669 0.594062 -0.0488317 1.66252 
0.858015 0.600881 -0.0473385 1.66629 
0.833079 0.561303 -0.050171 1.6121 
0.831206 0.564533 -0.0478928 1.60954 
0.830769 0.561066 -0.0501403 1.60783 
0.831615 0.561977 -0.0497086 1.60947 
0.83013 0.553994 -0.0546936 1.60549 
0.833668 0.552686 -0.0548727 1.61189 
0.830061 0.556614 -0.0524677 1.60629 
0.830862 0.553934 -0.0540284 1.60676 
0.840333 0.561095 -0.0516383 1.6261 
0.841458 0.566514 -0.0489253 1.63024 
0.836763 0.56221 -0.0500749 1.61942 
0.839126 0.562321 -0.0505988 1.62452 
0.929067 0.574307 0.063316 1.79144 
0.933072 0.572578 0.0519749 1.79853 
0.94727 0.558593 0.0646784 1.82184 
0.937497 0.571979 0.059503 1.80811 
0.856569 0.617508 0.142892 1.67218 
0.848196 0.626155 0.112179 1.65607 
0.87706 0.607471 0.12103 1.70431 
0.863116 0.621283 0.128759 1.6848 
0.933977 0.576129 -0.0182381 1.80084 
0.92701 0.578612 -0.0245527 1.78824 
0.934558 0.571686 -0.0286415 1.80044 
0.931635 0.575637 -0.0234094 1.79588 
0.944458 0.565353 0.00338636 1.81904 
0.940525 0.568285 -0.00890657 1.81123 
0.948947 0.559438 -0.00778823 1.82568 
0.944197 0.563263 -0.00464113 1.81693 
0.916761 0.591433 -0.0114437 1.77238 
0.921509 0.584062 -0.0204107 1.77882 
0.930037 0.581254 -0.0145728 1.79399 
0.922795 0.586469 -0.0159047 1.78247 
0.91986 0.588808 0.00173196 1.77675 
0.917551 0.591601 -0.00687203 1.77375 
0.92858 0.58098 -0.0103975 1.79151 
0.92104 0.586731 -0.00539031 1.77832 
0.929559 0.579866 0.0270565 1.79463 
0.924945 0.582123 0.013468 1.78601 
0.937095 0.571813 0.0130497 1.80651 
0.929937 0.576879 0.0163973 1.79362 
0.950293 0.556083 0.024073 1.82659 
0.934606 0.57103 0.02819 1.80113 
0.941384 0.564724 0.0175073 1.81181 
0.942651 0.564213 0.0231252 1.81443 
0.914324 0.590912 0.0580618 1.76847 
0.902442 0.600434 0.050103 1.74932 
0.919442 0.586443 0.042772 1.77627 
0.912901 0.591953 0.0492554 1.76598 
0.920538 0.584742 0.0338399 1.77834 
0.900685 0.599378 0.0366091 1.74429 
0.91375 0.588907 0.0193917 1.76487 
0.913315 0.592598 0.0304399 1.7672 
0.891016 0.611229 0.00642314 1.72969 
0.892454 0.610214 -0.00371755 1.73165 
0.903768 0.601205 -0.00507127 1.75072 
0.894976 0.606558 -0.000761613 1.73508 
0.880486 0.612151 -0.0287623 1.71039 
0.888089 0.607291 -0.0316085 1.72311 
0.883326 0.610389 -0.0242597 1.7143 
0.88353 0.609962 -0.0280719 1.71509 
0.939687 0.569118 0.0394099 1.81076 
0.952301 0.55697 0.0327437 1.83173 
0.950582 0.557647 0.0552314 1.82819 
0.946528 0.560357 0.0414225 1.82005 
0.896071 0.606401 0.0112994 1.7367 
0.90788 0.596859 -0.000705881 1.75622 
0.914369 0.594225 0.00904839 1.76723 
0.908155 0.600463 0.00650327 1.75852 
0.952013 0.554434 -0.00510598 1.82972 
0.960009 0.545071 -0.000384075 1.843 
0.947057 0.560535 0.00442724 1.8223 
0.953104 0.553092 -0.00089141 1.83188 
0.949571 0.526888 0.209484 1.82718 
0.946885 0.539663 0.191503 1.82561 
0.958476 0.517656 0.204326 1.84202 
0.950842 0.525986 0.201682 1.82918 
0.984311 0.465693 0.232455 1.88469 
0.974219 0.472673 0.24844 1.86902 
0.972623 0.48069 0.234266 1.86401 
0.976771 0.472322 0.237094 1.8695 
0.908237 0.549079 0.232962 1.75637 
0.891957 0.563909 0.225854 1.72873 
0.915981 0.553052 0.217273 1.77029 
0.907155 0.556934 0.226404 1.75639 
0.608788 0.641431 0.104993 1.24011 
0.5832 0.635995 0.0945507 1.19466 
0.592231 0.638617 0.0852713 1.21026 
0.594423 0.638879 0.0952141 1.21418 
0.680168 0.650859 0.145415 1.36762 
0.645221 0.649235 0.122332 1.30532 
0.655673 0.651471 0.112852 1.32309 
0.654079 0.648934 0.125814 1.31974 
0.7659 0.65306 0.115856 1.51681 
0.790938 0.64203 0.144723 1.56085 
0.749406 0.655108 0.13278 1.49071 
0.766838 0.650007 0.128556 1.51798 
0.559728 0.607877 0.132887 1.14576 
0.590855 0.622194 0.145867 1.20557 
0.573414 0.610145 0.152694 1.17107 
0.576293 0.613243 0.143534 1.17686 
0.644527 0.641035 0.160906 1.30515 
0.640679 0.634496 0.177765 1.29833 
0.62148 0.633645 0.158895 1.2631 
0.636476 0.636313 0.168224 1.2909 
0.735363 0.610039 0.26309 1.4657 
0.770198 0.607192 0.26469 1.5271 
0.777534 0.600798 0.272334 1.53855 
0.761873 0.606456 0.269378 1.51248 
0.664828 0.619865 0.222573 1.33792 
0.698448 0.623957 0.232683 1.40038 
0.702097 0.61763 0.24004 1.405 
0.689373 0.620638 0.23413 1.38325 
0.708437 0.637082 0.212667 1.42004 
0.750542 0.625931 0.231818 1.49197 
0.720771 0.629743 0.231497 1.44179 
0.729853 0.63124 0.223677 1.45708 
0.538098 0.593366 0.132027 1.10646 
0.549489 0.600877 0.129021 1.12726 
0.567345 0.605436 0.149009 1.16001 
0.546446 0.597852 0.135856 1.12168 
0.498055 0.578868 0.12644 1.03237 
0.491902 0.577497 0.116575 1.02093 
0.513113 0.585609 0.124841 1.06028 
0.502851 0.581944 0.121717 1.04128 
0.562303 0.620599 0.114081 1.15511 
0.568234 0.628541 0.101368 1.16695 
0.580125 0.630511 0.117757 1.18879 
0.569902 0.627075 0.111078 1.1699 
0.501276 0.584679 0.096978 1.03842 
0.487913 0.579639 0.0901522 1.01356 
0.493834 0.582016 0.0871247 1.02449 
0.492936 0.581462 0.089455 1.02286 
0.52375 0.589078 0.12233 1.08006 
0.514503 0.587185 0.109027 1.06304 
0.536074 0.596077 0.118778 1.10277 
0.525487 0.590351 0.116469 1.08341 
0.485594 0.57622 0.104844 1.00921 
0.484059 0.57688 0.095634 1.00634 
0.499525 0.583379 0.0992223 1.03515 
0.491587 0.580219 0.0994493 1.02036 
0.531912 0.607358 0.086785 1.0971 
0.528351 0.606407 0.0785508 1.09073 
0.54881 0.6202 0.0887148 1.13103 
0.536449 0.609991 0.0840177 1.10546 
0.880785 0.616218 0.011122 1.71071 
0.861909 0.625981 0.0119252 1.6794 
0.869212 0.621019 0.00227777 1.69072 
0.871836 0.622406 0.00841812 1.69762 
0.902265 0.597709 -0.0177546 1.74612 
0.906228 0.598956 -0.00861244 1.75431 
0.894831 0.605401 -0.00912727 1.73371 
0.902694 0.601569 -0.0115442 1.74816 
0.888075 0.612373 0.0411526 1.72367 
0.870304 0.62309 0.0355933 1.69652 
0.885707 0.614047 0.0201743 1.71971 
0.882553 0.616304 0.0336925 1.71457 
0.927621 0.556953 0.158267 1.78714 
0.934429 0.550322 0.175356 1.80188 
0.917271 0.567616 0.171769 1.77227 
0.92476 0.558548 0.168594 1.7829 
0.836085 0.642245 0.0780452 1.63928 
0.818237 0.647566 0.0526852 1.60811 
0.844331 0.637116 0.0457369 1.65066 
0.827765 0.641221 0.0556583 1.62172 
0.879459 0.610937 0.100161 1.71108 
0.85889 0.631224 0.0849823 1.67902 
0.879439 0.617706 0.061407 1.70991 
0.870407 0.617782 0.0815855 1.69148 
0.846301 0.614662 0.168317 1.65324 
0.834055 0.612696 0.188862 1.63143 
0.817772 0.624582 0.167366 1.60344 
0.835728 0.618572 0.17705 1.63624 
0.582478 0.638542 0.0648987 1.19303 
0.562085 0.631425 0.0618157 1.15671 
0.583426 0.640358 0.0470307 1.19472 
0.572529 0.634917 0.0580641 1.17458 
0.781819 0.65435 -0.00423057 1.54276 
0.666662 0.660847 0.0118001 1.34096 
0.628318 0.652818 0.0169079 1.27439 
0.675077 0.659953 0.000198196 1.35513 
0.638533 0.650275 0.0994478 1.29246 
0.619717 0.644954 0.106506 1.25964 
0.607811 0.644412 0.0872351 1.2382 
0.621494 0.646939 0.0976508 1.26313 
0.877118 0.617912 -0.00133581 1.70676 
0.886942 0.612028 -0.00192645 1.7213 
0.886041 0.614138 0.0082293 1.72085 
0.883173 0.614217 0.00157598 1.7147 
0.784035 0.581456 -0.00266776 1.52562 
0.793775 0.607019 -0.00577063 1.55363 
0.787271 0.578065 -0.000700992 1.53063 
0.786333 0.578716 -0.00259194 1.52903 
0.783333 0.593493 -0.00894712 1.52961 
0.790612 0.610404 -0.00527471 1.54604 
0.783516 0.589834 -0.00444054 1.52872 
0.785134 0.594546 -0.00668122 1.53309 
0.789726 0.594242 -0.00901765 1.54177 
0.800243 0.621682 -0.00845117 1.56701 
0.79595 0.616711 -0.00562513 1.5587 
0.795614 0.614339 -0.00696315 1.55817 
0.785014 0.595599 -0.00912158 1.5322 
0.789802 0.594182 -0.00652494 1.54078 
0.788435 0.59787 -0.00381351 1.53846 
0.788905 0.598458 -0.00576692 1.53948 
0.786173 0.595217 -0.0103931 1.53429 
0.789155 0.594356 -0.0124149 1.53954 
0.789869 0.594721 -0.00841341 1.54131 
0.787869 0.5949 -0.0107994 1.53725 
0.781355 0.586284 -0.0197449 1.52343 
0.783846 0.586295 -0.0189086 1.52899 
0.778228 0.588009 -0.0158926 1.51828 
0.781718 0.587 -0.0184722 1.52502 
0.797271 0.589428 -0.0202173 1.55408 
0.803757 0.596649 -0.0209603 1.56791 
0.80128 0.603326 -0.0170291 1.56474 
0.800585 0.59688 -0.0194801 1.5625 
0.788736 0.582584 -0.0259205 1.53635 
0.791388 0.582747 -0.0255016 1.54146 
0.787822 0.584884 -0.0218258 1.53558 
0.789216 0.583008 -0.0246041 1.5378 
0.826653 0.624697 -0.024279 1.61449 
0.83351 0.626353 -0.0260838 1.62761 
0.829798 0.631053 -0.0207986 1.62309 
0.829779 0.627532 -0.0238435 1.62107 
0.812078 0.61106 -0.021783 1.58581 
0.819387 0.619402 -0.0233217 1.60055 
0.816188 0.625232 -0.0190703 1.5961 
0.815481 0.619011 -0.0215539 1.5938 
0.82654 0.612641 -0.0294403 1.612 
0.833161 0.623457 -0.0274385 1.6263 
0.82502 0.619702 -0.0259211 1.61092 
0.828874 0.61964 -0.0275634 1.61769 
0.96153 0.533231 -0.0529402 1.84262 
0.963403 0.536914 -0.0427338 1.84744 
0.953969 0.544603 -0.0480101 1.83116 
0.960173 0.538971 -0.0473847 1.84183 
0.961078 0.543919 0.00507524 1.84451 
0.956595 0.551244 0.0199763 1.83829 
0.949225 0.557012 0.0105808 1.82621 
0.955991 0.550291 0.0123882 1.83591 
0.963832 0.539303 -0.0141567 1.84789 
0.963954 0.541711 -0.00234837 1.85019 
0.957335 0.548708 -0.00917243 1.83859 
0.961737 0.543734 -0.00780033 1.84528 
0.973647 0.52826 0.0146424 1.86397 
0.960235 0.545441 0.0187244 1.84326 
0.965759 0.536875 0.00799433 1.85182 
0.966243 0.536489 0.0125574 1.85236 
0.989265 0.507551 0.0146161 1.89045 
0.981308 0.517587 0.0123919 1.87773 
0.986758 0.510786 0.00665652 1.88595 
0.985883 0.511772 0.0108752 1.88455 
0.988709 0.507575 0.0204819 1.88995 
0.987068 0.511739 0.0287152 1.88724 
0.981981 0.515806 0.0195591 1.87865 
0.986823 0.512578 0.0232584 1.88773 
0.929248 0.54602 0.208791 1.79366 
0.940355 0.543954 0.193019 1.81419 
0.939955 0.532049 0.213382 1.81018 
0.936166 0.541874 0.205374 1.80651 
0.922001 0.540009 0.231701 1.7809 
0.926083 0.544842 0.21712 1.78884 
0.938772 0.528327 0.223087 1.80933 
0.9279 0.537864 0.223055 1.7892 
0.925694 0.555265 0.199488 1.78976 
0.914824 0.573104 0.183989 1.77197 
0.936554 0.550951 0.185447 1.809 
0.926228 0.560476 0.190334 1.79173 
0.9601 0.542298 0.073879 1.84272 
0.974577 0.528238 0.07698 1.86872 
0.960853 0.539758 0.08851 1.84433 
0.965762 0.540766 0.0813934 1.85577 
0.952802 0.546259 0.130091 1.83546 
0.940449 0.55549 0.116044 1.8105 
0.956379 0.541099 0.108808 1.83607 
0.950002 0.550602 0.121267 1.82794 
0.957424 0.550082 0.0352588 1.83929 
0.963765 0.53981 0.0398256 1.84753 
0.955369 0.55156 0.0507124 1.83584 
0.958548 0.548589 0.0413025 1.84108 
1.00125 0.485611 0.101898 1.91105 
1.00054 0.489608 0.094703 1.91038 
1.00382 0.481825 0.098246 1.91493 
1.0019 0.486346 0.0980609 1.91228 
1.00267 0.479888 0.11922 1.91291 
1.0028 0.48219 0.110449 1.91336 
1.00627 0.473605 0.114104 1.91875 
1.0035 0.480302 0.114834 1.91501 
0.997848 0.497954 0.101982 1.90922 
1.00005 0.492077 0.0957904 1.91094 
0.999881 0.490998 0.10253 1.91045 
0.999385 0.491763 0.101013 1.90947 
0.987844 0.503108 0.124296 1.89113 
0.992737 0.501184 0.110525 1.89962 
0.994948 0.490811 0.122875 1.90128 
0.992138 0.50041 0.119943 1.89842 
0.962624 0.534554 0.110582 1.84702 
0.975463 0.520277 0.127771 1.87197 
0.963644 0.534917 0.129105 1.85358 
0.967143 0.530634 0.120969 1.8574 
0.969517 0.52918 0.107404 1.85953 
0.979916 0.515983 0.106305 1.87668 
0.977238 0.517284 0.119302 1.87291 
0.976451 0.520724 0.11455 1.87166 
0.985968 0.508891 0.0993713 1.88627 
0.989718 0.507312 0.0901771 1.89375 
0.989673 0.501657 0.100047 1.89117 
0.988287 0.50627 0.0964976 1.89098 
0.984176 0.5106 0.117176 1.88593 
0.98423 0.51045 0.105388 1.8839 
0.990187 0.503985 0.107859 1.89488 
0.985935 0.507438 0.108574 1.88667 
0.968658 0.53359 0.0928858 1.85913 
0.974371 0.527968 0.0776931 1.86792 
0.975528 0.52215 0.0943176 1.86956 
0.971799 0.527205 0.0853796 1.86261 
0.800247 0.587193 -0.0254982 1.55775 
0.797108 0.589276 -0.0225126 1.55251 
0.796427 0.586664 -0.0253915 1.55101 
0.797831 0.587729 -0.024443 1.55336 
0.817765 0.611761 -0.0246721 1.59654 
0.810371 0.601607 -0.0234843 1.58105 
0.811312 0.592472 -0.0277557 1.58001 
0.813526 0.601945 -0.024463 1.5867 
0.840677 0.631207 -0.0217164 1.64493 
0.832945 0.63199 -0.0201149 1.62939 
0.836536 0.627713 -0.0251657 1.6339 
0.836871 0.630694 -0.0222366 1.63703 
0.817339 0.638551 -0.010231 1.6031 
0.812913 0.635326 -0.0101851 1.59253 
0.816013 0.633042 -0.014288 1.59779 
0.816316 0.635929 -0.0113987 1.59898 
0.787717 0.588182 -0.00706673 1.53624 
0.792955 0.60664 -0.00486252 1.5524 
0.785109 0.580755 -0.0040561 1.52787 
0.78847 0.589012 -0.00741535 1.53791 
0.807508 0.631786 -0.0103621 1.58211 
0.802724 0.627554 -0.0103307 1.57271 
0.804807 0.621213 -0.0137286 1.57526 
0.805717 0.628357 -0.0115879 1.57806 
0.808998 0.635034 -0.00796832 1.58559 
0.808867 0.637873 -0.00535388 1.58616 
0.805291 0.632127 -0.0076386 1.57818 
0.807556 0.63492 -0.00694324 1.58283 
0.813344 0.629158 -0.0155623 1.59173 
0.810121 0.632171 -0.0117967 1.58703 
0.807767 0.623084 -0.0147921 1.58042 
0.810327 0.628385 -0.0142626 1.58595 
0.81644 0.64185 -0.00588099 1.60352 
0.815161 0.645276 -0.00201866 1.60228 
0.811143 0.642871 -0.00438942 1.59288 
0.813471 0.643098 -0.00384709 1.5986 
0.783869 0.586946 -0.0174882 1.52913 
0.781364 0.588723 -0.0121399 1.525 
0.779038 0.58855 -0.0146441 1.52057 
0.781008 0.587871 -0.0145685 1.52395 
0.787602 0.583383 -0.0257294 1.53457 
0.786164 0.585071 -0.0212692 1.53261 
0.784631 0.584736 -0.0226135 1.52936 
0.786042 0.584208 -0.0229448 1.53189 
0.795067 0.590427 -0.0182362 1.54964 
0.798397 0.602088 -0.0159342 1.55944 
0.792118 0.592215 -0.0151102 1.54484 
0.794134 0.591325 -0.0163545 1.54889 
0.780655 0.588572 -0.00403859 1.5238 
0.777895 0.589448 -0.00588316 1.51891 
0.780942 0.589189 -0.00880238 1.52445 
0.779562 0.588397 -0.00621688 1.52134 
0.781909 0.587764 -0.00104012 1.52579 
0.784254 0.586264 0.00174461 1.52967 
0.781139 0.588359 0.00245041 1.52438 
0.782196 0.586822 0.000997731 1.5261 
0.787952 0.622502 0.00829201 1.53949 
0.676763 0.645279 0.00364969 1.34978 
0.513614 0.603959 0.0209491 1.0631 
0.650021 0.63434 -0.00913727 1.29769 
0.795381 0.609928 -0.00392109 1.55794 
0.798318 0.60859 -0.00257536 1.56078 
0.787606 0.574666 -0.00235684 1.53081 
0.795009 0.607057 -0.00277745 1.55659 
0.804697 0.63867 -0.00382988 1.5793 
0.792489 0.636536 -0.0201825 1.55167 
0.815339 0.625163 -0.00127779 1.59683 
0.816288 0.637273 -0.0108836 1.60134 
0.804221 0.631809 -0.00642584 1.57613 
0.807409 0.637673 -0.00458756 1.58344 
0.802054 0.631457 -0.00479374 1.5721 
0.80407 0.632225 -0.00569963 1.57601 
0.806012 0.651799 -0.00531373 1.59175 
0.792192 0.637228 -0.00179649 1.55202 
0.80451 0.636128 -0.00483667 1.57539 
0.805367 0.635581 -0.00502107 1.57607 
0.469142 0.57405 0.02263 0.978399 
0.467568 0.572628 0.028141 0.975416 
0.461246 0.569826 0.0241012 0.963433 
0.465197 0.571498 0.0251053 0.971022 
0.726636 0.616957 0.0270462 1.40553 
0.472966 0.574897 0.0189632 0.98557 
0.789425 0.587305 0.0027605 1.53724 
0.686096 0.595519 -0.0145383 1.33499 
0.471907 0.573395 0.0337174 0.98362 
0.48275 0.579466 0.0385647 1.00442 
0.474046 0.574094 0.0405676 0.987658 
0.476842 0.575509 0.0378084 0.992813 
0.55836 0.627746 0.00327055 1.13801 
0.482057 0.57969 0.024349 1.00303 
0.47475 0.575165 0.0204407 0.988798 
0.478789 0.577958 0.0211389 0.996852 
0.555023 0.610067 -0.0163355 1.12666 
0.501099 0.593739 0.0227721 1.03747 
0.487538 0.583068 0.0248948 1.01185 
0.493313 0.586777 0.0223664 1.02233 
0.788525 0.586188 0.00299288 1.53671 
0.796168 0.611269 0.000568655 1.55664 
0.796288 0.58273 0.00351726 1.55112 
0.790153 0.586552 0.00266611 1.53754 
0.789954 0.585262 0.0130878 1.54026 
0.787295 0.584689 0.00525855 1.53467 
0.796171 0.580375 0.00868824 1.55033 
0.791388 0.582865 0.00713796 1.54254 
0.784343 0.589805 -0.00177708 1.53036 
0.795903 0.61162 -0.000178905 1.55622 
0.78688 0.586505 0.00162671 1.53416 
0.788223 0.589519 -0.000934013 1.5371 
0.777041 0.589054 -0.00286734 1.51673 
0.780384 0.587955 -0.00218028 1.52302 
0.778742 0.588443 0.00113238 1.51973 
0.779256 0.589164 -0.00130494 1.52112 
0.790849 0.610981 -0.00345183 1.54699 
0.79607 0.611993 -0.000840689 1.55686 
0.784371 0.589978 -0.00240089 1.53057 
0.791706 0.610824 -0.00412317 1.54839 
0.745714 0.596132 0.0187232 1.46233 
0.470649 0.574751 0.0200024 0.981411 
0.466242 0.573159 0.0218535 0.972935 
0.468822 0.574039 0.0186661 0.977725 
0.781618 0.587204 0.00477563 1.52455 
0.785037 0.585309 0.00450028 1.53092 
0.78437 0.585722 0.00990744 1.52917 
0.784035 0.586702 0.00590883 1.52929 
0.488671 0.583681 0.028666 1.01388 
0.504607 0.595138 0.0285536 1.04381 
0.490226 0.584468 0.0361284 1.01665 
0.494891 0.587031 0.0320221 1.02492 
0.79774 0.613623 0.00212602 1.55986 
0.812685 0.612125 0.00843015 1.58899 
0.796319 0.581879 0.0004718 1.55016 
0.80327 0.612899 -0.00159469 1.57088 
0.786855 0.571558 0.00101908 1.52751 
0.80408 0.602239 -0.00475375 1.57353 
0.801981 0.560921 0.00474061 1.55159 
0.795543 0.568336 0.00166518 1.54411 
0.465775 0.571724 0.0295218 0.972037 
0.458781 0.567909 0.0314379 0.958722 
0.459204 0.568521 0.0258911 0.959622 
0.462545 0.570444 0.0281218 0.965932 
0.785451 0.584301 0.0180387 1.53025 
0.763467 0.586507 0.0137505 1.49029 
0.466508 0.572184 0.0210723 0.972612 
0.752412 0.584118 0.00243061 1.46296 
0.52341 0.607207 0.050887 1.08152 
0.539951 0.619808 0.0453572 1.11411 
0.543243 0.621624 0.0584926 1.12112 
0.534098 0.616674 0.051989 1.10333 
0.527287 0.607818 0.0644248 1.08847 
0.521567 0.606054 0.055631 1.07802 
0.539728 0.619239 0.0632518 1.11406 
0.529288 0.609103 0.0608784 1.09243 
0.495686 0.587333 0.038883 1.02638 
0.508859 0.598059 0.0312793 1.05192 
0.506264 0.595608 0.0435274 1.04686 
0.50178 0.593165 0.0384851 1.03835 
0.459287 0.566011 0.0579314 0.959484 
0.459715 0.566975 0.0507044 0.960296 
0.469046 0.571611 0.057012 0.978021 
0.463943 0.569619 0.0541342 0.96868 
0.4816 0.576166 0.0664404 1.00151 
0.493177 0.581656 0.0735628 1.02433 
0.487661 0.57824 0.0773608 1.01286 
0.488882 0.579509 0.0728784 1.01555 
0.835485 0.567659 0.286781 1.63457 
0.838968 0.579172 0.270363 1.64299 
0.856938 0.561491 0.275706 1.6713 
0.843427 0.567998 0.277929 1.64763 
0.679501 0.604056 0.250616 1.36082 
0.705947 0.609546 0.256151 1.41015 
0.721062 0.602077 0.269157 1.43629 
0.700764 0.606106 0.259113 1.40095 
0.796984 0.601133 0.269224 1.57395 
0.826763 0.58843 0.270272 1.62522 
0.805082 0.59437 0.276473 1.58966 
0.807415 0.593785 0.270907 1.59058 
0.669271 0.642711 0.16565 1.34723 
0.692507 0.644224 0.170086 1.38839 
0.694697 0.641165 0.182712 1.39145 
0.685765 0.64256 0.174447 1.37613 
0.802601 0.601674 0.264456 1.58206 
0.821352 0.597627 0.258168 1.61313 
0.828305 0.591418 0.265976 1.62646 
0.817114 0.596952 0.26372 1.60722 
0.783138 0.618597 0.2341 1.54791 
0.783385 0.62221 0.221565 1.54767 
0.808088 0.610684 0.230429 1.58969 
0.791606 0.617482 0.227565 1.5615 
0.734318 0.624098 0.240722 1.4649 
0.761199 0.621023 0.240357 1.51066 
0.769954 0.61455 0.253004 1.52682 
0.754968 0.620841 0.245921 1.50101 
0.718917 0.633754 0.210792 1.43518 
0.760149 0.627961 0.215163 1.50754 
0.758294 0.62566 0.227543 1.50432 
0.749549 0.629195 0.221598 1.48955 
0.847143 0.598082 0.210055 1.65354 
0.869513 0.580066 0.219756 1.69076 
0.859251 0.589395 0.229006 1.6771 
0.861465 0.587223 0.221691 1.67797 
0.508332 0.586053 0.107233 1.05152 
0.515145 0.586815 0.119516 1.06411 
0.496393 0.580576 0.110782 1.02931 
0.506113 0.584844 0.111741 1.04734 
0.726993 0.623151 0.245021 1.45275 
0.763526 0.612628 0.259741 1.51629 
0.730595 0.616258 0.255071 1.45818 
0.740485 0.617849 0.251191 1.47565 
0.597996 0.59678 0.224858 1.21686 
0.628488 0.597486 0.250545 1.27224 
0.583442 0.5882 0.227411 1.18898 
0.598334 0.595473 0.22644 1.21799 
0.586558 0.593953 0.191078 1.19371 
0.582375 0.591719 0.203673 1.18746 
0.562677 0.591372 0.184641 1.15176 
0.578104 0.592614 0.195183 1.17964 
0.634731 0.589873 0.237122 1.27947 
0.630149 0.586935 0.243118 1.27263 
0.599502 0.58817 0.22369 1.21774 
0.624787 0.58858 0.236658 1.26326 
0.897292 0.550526 0.221097 1.73987 
0.883207 0.562065 0.224112 1.71742 
0.873449 0.569896 0.203914 1.69549 
0.887911 0.556675 0.213628 1.71902 
0.937074 0.433818 0.177512 1.78431 
0.931536 0.462265 0.21197 1.78601 
0.92111 0.481816 0.185067 1.76633 
0.927887 0.464282 0.194211 1.77896 
0.874223 0.564196 0.233315 1.69574 
0.86537 0.571918 0.246141 1.68746 
0.860261 0.577113 0.234825 1.67591 
0.867718 0.571469 0.239819 1.69048 
0.493989 0.582447 0.0692025 1.02646 
0.483122 0.577469 0.0622636 1.00482 
0.488975 0.580788 0.0594576 1.01687 
0.488336 0.580246 0.0636155 1.01535 
0.486538 0.579031 0.0813881 1.01086 
0.479823 0.576005 0.0849583 0.998412 
0.475173 0.57413 0.0770663 0.989575 
0.48143 0.577078 0.0805776 1.0014 
0.477806 0.575411 0.0662691 0.994624 
0.484162 0.578106 0.0774013 1.00663 
0.474326 0.574249 0.0726139 0.988418 
0.478101 0.575631 0.0719395 0.995178 
0.506973 0.586124 0.093629 1.04994 
0.502513 0.583144 0.096784 1.04058 
0.49555 0.580992 0.0874008 1.02757 
0.503863 0.584568 0.0934164 1.04348 
0.896082 0.513706 0.147583 1.72371 
0.925148 0.464039 0.10448 1.7642 
0.911006 0.501586 0.158175 1.75069 
0.911444 0.498256 0.145971 1.75216 
0.8554 0.546976 0.296853 1.66777 
0.836147 0.561747 0.296222 1.63799 
0.863274 0.551121 0.282248 1.68229 
0.854201 0.552411 0.293394 1.66827 
0.597753 0.604713 0.190506 1.21541 
0.59237 0.612238 0.17536 1.20655 
0.622693 0.616146 0.198429 1.2614 
0.605809 0.612944 0.187379 1.23059 
0.596368 0.590231 0.212779 1.21249 
0.600275 0.594283 0.200581 1.21813 
0.623803 0.593205 0.225149 1.26153 
0.605139 0.592039 0.211213 1.2263 
0.553554 0.590561 0.174145 1.13517 
0.549479 0.591255 0.162364 1.1275 
0.573092 0.593069 0.179599 1.1694 
0.558771 0.592155 0.171768 1.14417 
0.517563 0.580977 0.158815 1.068 
0.542242 0.591483 0.170891 1.11539 
0.528557 0.581983 0.175286 1.08819 
0.530646 0.584077 0.166789 1.09254 
0.511377 0.581122 0.148402 1.05703 
0.505261 0.580498 0.137231 1.04572 
0.526839 0.587916 0.145396 1.08578 
0.516675 0.584415 0.143081 1.06681 
0.527758 0.588558 0.142583 1.08743 
0.510035 0.583493 0.132313 1.0546 
0.521698 0.587701 0.131839 1.07619 
0.519191 0.586507 0.135169 1.07163 
0.559059 0.595031 0.185233 1.14601 
0.579734 0.597012 0.20642 1.18395 
0.549899 0.588384 0.188184 1.12822 
0.555076 0.59164 0.189212 1.1392 
0.847718 0.585407 0.244539 1.65639 
0.833038 0.590477 0.241425 1.63005 
0.845533 0.584757 0.236568 1.6503 
0.843474 0.585854 0.241715 1.64838 
0.951402 0.497842 0.252481 1.8295 
0.965313 0.486454 0.238855 1.85112 
0.965001 0.479612 0.253745 1.8505 
0.961423 0.487746 0.250151 1.84621 
0.734665 0.414581 0.484107 1.45551 
0.807483 0.412188 0.493134 1.58492 
0.804013 0.354883 0.510475 1.57458 
0.783154 0.398525 0.502025 1.54762 
0.976618 0.456336 0.276748 1.87211 
0.973431 0.466468 0.263606 1.86754 
0.986772 0.449715 0.261001 1.88811 
0.979016 0.456069 0.265377 1.87203 
0.882216 0.535764 0.310918 1.71597 
0.882754 0.545307 0.290973 1.71658 
0.898255 0.523708 0.305842 1.74227 
0.887553 0.533651 0.301361 1.72313 
0.947532 0.507277 0.243957 1.82395 
0.948784 0.510427 0.227628 1.82255 
0.960506 0.495865 0.23392 1.84439 
0.951658 0.505404 0.234303 1.82872 
0.924723 0.512031 0.278813 1.78467 
0.937186 0.50624 0.263744 1.80366 
0.938079 0.497527 0.281039 1.80754 
0.93429 0.507214 0.275735 1.80228 
0.920798 0.50856 0.300978 1.78121 
0.922622 0.513721 0.288031 1.78418 
0.936695 0.496633 0.29134 1.8071 
0.925039 0.506234 0.292854 1.78633 
0.915151 0.53152 0.265338 1.76961 
0.935417 0.511696 0.262255 1.8028 
0.921558 0.519474 0.273995 1.78088 
0.924138 0.520177 0.267697 1.78468 
0.915735 0.538815 0.258382 1.77304 
0.916251 0.535408 0.244797 1.76923 
0.934388 0.52062 0.255283 1.80352 
0.919206 0.532962 0.251471 1.77648 
1.02364 0.367552 0.274328 1.94623 
1.02012 0.361237 0.29822 1.94205 
1.014 0.384297 0.287493 1.93231 
1.0191 0.369376 0.282834 1.93874 
1.00619 0.400126 0.281553 1.92133 
0.996751 0.419721 0.290688 1.90775 
1.00705 0.410779 0.27161 1.92499 
1.00367 0.409436 0.283462 1.91979 
0.941339 0.430291 0.376891 1.8157 
0.931858 0.455497 0.365757 1.80069 
0.953931 0.436193 0.351921 1.83631 
0.94352 0.440329 0.366066 1.81969 
0.950231 0.380801 0.416575 1.83087 
0.95024 0.40288 0.394072 1.83075 
0.979648 0.366163 0.384442 1.87833 
0.957759 0.382096 0.396297 1.83884 
0.985177 0.319552 0.405458 1.88556 
0.955903 0.357876 0.422029 1.83785 
0.987769 0.345549 0.38375 1.8877 
0.980187 0.338739 0.406136 1.8799 
0.917579 0.335773 0.479176 1.77304 
0.865206 0.389245 0.481651 1.6845 
0.9204 0.370873 0.454476 1.77754 
0.905921 0.364193 0.479871 1.75762 
0.896655 0.465752 0.394129 1.74146 
0.918255 0.462642 0.374494 1.7772 
0.929655 0.437293 0.39035 1.79705 
0.914608 0.457787 0.387292 1.7725 
0.939794 0.487484 0.295146 1.80957 
0.939872 0.478342 0.313271 1.80917 
0.922231 0.498584 0.30817 1.78085 
0.935731 0.48793 0.306165 1.8047 
0.985265 0.369056 0.362895 1.8839 
0.960767 0.40097 0.377923 1.84751 
0.987636 0.390251 0.345356 1.89127 
0.980498 0.385336 0.364574 1.88231 
0.882716 0.483711 0.387593 1.71913 
0.869591 0.50906 0.372537 1.69765 
0.905471 0.476641 0.371035 1.75661 
0.887532 0.488746 0.378932 1.72663 
1.01474 0.395506 0.272969 1.93731 
1.014 0.405054 0.262268 1.93621 
1.02279 0.391859 0.250615 1.94838 
1.01642 0.397278 0.259731 1.93838 
1.02652 0.371696 0.262361 1.95134 
1.01744 0.387913 0.275982 1.94154 
1.0267 0.385721 0.247546 1.95243 
1.02361 0.378655 0.261671 1.94677 
1.03721 0.337726 0.270702 1.97114 
1.03372 0.357961 0.264252 1.9641 
1.0387 0.348959 0.252188 1.97324 
1.03603 0.348291 0.260455 1.96771 
1.03686 0.324153 0.290577 1.96926 
1.03027 0.312699 0.320476 1.95858 
1.02361 0.341484 0.309686 1.94645 
1.03016 0.326032 0.303509 1.95749 
0.994743 0.40304 0.317995 1.90544 
0.992202 0.420061 0.303117 1.90043 
1.00502 0.396583 0.296209 1.92093 
0.996912 0.405557 0.302428 1.90707 
1.00023 0.438779 0.256395 1.91224 
1.00749 0.429002 0.246079 1.92328 
1.0064 0.423651 0.256072 1.92064 
1.00452 0.428385 0.253465 1.91813 
0.979981 0.450811 0.287864 1.87928 
0.991067 0.444961 0.269757 1.89783 
0.987632 0.436492 0.289002 1.88884 
0.986518 0.443197 0.284026 1.89043 
0.985601 0.405179 0.324935 1.88752 
0.972687 0.424696 0.330864 1.86657 
0.98514 0.422688 0.30898 1.88722 
0.982333 0.419024 0.324137 1.88433 
0.954164 0.47908 0.283072 1.83522 
0.966312 0.470987 0.268739 1.85582 
0.966848 0.46216 0.282553 1.85179 
0.962768 0.47025 0.279587 1.84975 
0.991334 0.455919 0.233737 1.8969 
1.00188 0.436956 0.24037 1.91174 
0.993939 0.445997 0.248451 1.89904 
0.996157 0.447501 0.240196 1.90283 
1.024 0.4286 0.163427 1.94725 
1.02014 0.434929 0.175903 1.9415 
1.01863 0.440999 0.164464 1.93938 
1.02047 0.436465 0.16871 1.94278 
1.04511 0.394652 0.150986 1.98422 
1.04302 0.394931 0.163335 1.98226 
1.03952 0.403187 0.164383 1.97683 
1.04234 0.399922 0.159141 1.98301 
1.02938 0.40612 0.187302 1.95569 
1.03743 0.390208 0.189344 1.96857 
1.03203 0.396498 0.198376 1.96071 
1.03337 0.398271 0.193408 1.96328 
1.03826 0.399326 0.170621 1.97179 
1.04172 0.389442 0.170349 1.97684 
1.04049 0.391612 0.181103 1.97621 
1.04019 0.394298 0.17557 1.97565 
1.02803 0.421754 0.165588 1.95447 
1.03337 0.409562 0.168668 1.9639 
1.02954 0.414974 0.175801 1.95776 
1.03108 0.415408 0.171125 1.95965 
1.02933 0.425554 0.161031 1.95971 
1.03542 0.414262 0.151306 1.96748 
1.0341 0.413242 0.16276 1.96763 
1.03273 0.419787 0.157686 1.967 
1.05282 0.373911 0.164203 1.99874 
1.05499 0.364816 0.169986 2.00187 
1.05218 0.368093 0.175264 1.99636 
1.05293 0.367952 0.169872 1.99773 
1.04714 0.390723 0.151097 1.98596 
1.04995 0.384131 0.158871 1.99438 
1.04532 0.391158 0.164749 1.9887 
1.04672 0.388248 0.157673 1.98826 
1.04765 0.387278 0.146114 1.98522 
1.05409 0.373971 0.140902 1.99631 
1.05014 0.380862 0.153219 1.99287 
1.05124 0.380691 0.147479 1.993 
1.038 0.378805 0.209472 1.97076 
1.03536 0.389592 0.203524 1.96691 
1.03988 0.382851 0.19326 1.97387 
1.03777 0.384888 0.200865 1.9704 
1.01427 0.437091 0.210414 1.93483 
1.01785 0.43171 0.192861 1.93931 
1.01892 0.41977 0.203956 1.9404 
1.0175 0.427315 0.203068 1.93875 
1.01306 0.429265 0.227781 1.93249 
1.01356 0.436028 0.21853 1.93359 
1.01747 0.416582 0.211048 1.93775 
1.01337 0.430262 0.2186 1.93325 
0.993582 0.427618 0.284561 1.89962 
0.99549 0.439327 0.266082 1.90378 
1.00348 0.419483 0.268309 1.91657 
0.99757 0.430833 0.272443 1.90635 
0.994377 0.455897 0.227994 1.904 
1.0069 0.44016 0.220083 1.92051 
1.00522 0.437918 0.231391 1.91783 
1.00276 0.440577 0.225486 1.91243 
1.00152 0.459248 0.179526 1.91041 
0.993385 0.47341 0.18668 1.8992 
1.00121 0.465599 0.170035 1.91013 
0.999831 0.465446 0.180003 1.90895 
0.995831 0.456074 0.222431 1.90511 
0.999345 0.45268 0.211178 1.90953 
1.0043 0.4427 0.214631 1.91524 
0.999274 0.450594 0.218306 1.91044 
0.989655 0.464651 0.219332 1.8929 
0.987186 0.476346 0.201029 1.88782 
0.994025 0.459428 0.208703 1.89782 
0.990486 0.467637 0.208236 1.89316 
0.955313 0.419959 0.150251 1.82019 
0.962199 0.413751 0.0858816 1.82553 
0.994255 0.344763 0.0770299 1.87567 
0.967046 0.380453 0.113978 1.83076 
0.842439 0.582031 0.202845 1.63597 
0.821845 0.594005 0.218537 1.60874 
0.804967 0.596027 0.21435 1.57489 
0.822459 0.590906 0.210603 1.60618 
0.893591 0.525205 0.169928 1.72218 
0.867794 0.557039 0.182278 1.6785 
0.87729 0.531759 0.16479 1.69345 
0.880168 0.539604 0.170457 1.69991 
0.851378 0.585774 0.225704 1.66196 
0.837566 0.59186 0.217611 1.63956 
0.85542 0.580591 0.205779 1.66742 
0.850534 0.587246 0.218704 1.66049 
0.877147 0.567123 0.22154 1.70388 
0.858892 0.581584 0.227572 1.67511 
0.866363 0.576059 0.207141 1.68577 
0.865045 0.574962 0.217002 1.68337 
0.881543 0.548149 0.26234 1.71248 
0.886703 0.554141 0.236656 1.72188 
0.898022 0.541983 0.24034 1.73979 
0.890589 0.548957 0.248723 1.72939 
0.875783 0.553686 0.262527 1.70108 
0.867444 0.568395 0.253602 1.69024 
0.879689 0.556972 0.240904 1.70548 
0.873524 0.557905 0.24905 1.69497 
0.85996 0.575353 0.247067 1.67692 
0.8536 0.582334 0.245566 1.6674 
0.856195 0.578478 0.238563 1.66935 
0.856405 0.578798 0.242089 1.67094 
0.86727 0.561357 0.181499 1.68053 
0.845595 0.545357 0.155113 1.63802 
0.874365 0.540043 0.159392 1.69053 
0.860648 0.544472 0.161423 1.66502 
0.889873 0.310841 0.528669 1.73314 
0.94211 0.244014 0.518307 1.81976 
0.889053 0.233366 0.530591 1.7267 
0.913451 0.262297 0.529592 1.77252 
0.778201 0.408216 0.483093 1.5277 
0.848489 0.420121 0.478046 1.66417 
0.854027 0.373346 0.503019 1.66852 
0.828575 0.401975 0.49566 1.62514 
1.01756 0.326442 0.315329 1.93624 
1.03696 0.323818 0.26067 1.96803 
1.04358 0.275411 0.291803 1.97585 
1.03333 0.31888 0.286121 1.96321 
1.02614 0.265522 0.365773 1.95269 
1.01681 0.314419 0.339697 1.93592 
1.04235 0.268985 0.31728 1.97734 
1.02925 0.276736 0.338898 1.9534 
0.959259 0.367085 0.360161 1.83597 
0.953398 0.364514 0.288598 1.8201 
0.9809 0.347689 0.335152 1.86973 
0.966977 0.361703 0.332932 1.8474 
0.640031 0.5877 0.275631 1.29203 
0.669141 0.581398 0.303158 1.34452 
0.627401 0.57671 0.283936 1.2692 
0.637385 0.581335 0.286053 1.28852 
0.543161 0.58371 0.192692 1.11547 
0.575318 0.592829 0.210329 1.17619 
0.563412 0.58555 0.213086 1.15244 
0.569751 0.590188 0.208752 1.16474 
0.660707 0.588815 0.250069 1.3268 
0.6928 0.579614 0.274832 1.38346 
0.659758 0.584717 0.263157 1.32642 
0.666743 0.58224 0.258137 1.33625 
0.701328 0.542552 0.369082 1.40222 
0.666814 0.5174 0.373913 1.33069 
0.641509 0.535765 0.341984 1.28644 
0.678043 0.532799 0.359037 1.3555 
0.860438 0.451175 0.328441 1.66489 
0.894031 0.435718 0.298401 1.71912 
0.887234 0.422638 0.330528 1.70866 
0.884637 0.437407 0.323024 1.70846 
0.86645 0.438051 0.433093 1.68485 
0.843056 0.467745 0.405543 1.64014 
0.886913 0.430888 0.37942 1.71378 
0.874132 0.446014 0.409903 1.69755 
0.802634 0.506816 0.341175 1.57421 
0.798328 0.519172 0.319297 1.56396 
0.825817 0.487679 0.33031 1.61048 
0.804562 0.500046 0.326948 1.57368 
0.818578 0.567279 0.300792 1.60646 
0.841335 0.547426 0.304885 1.64348 
0.811963 0.543183 0.313596 1.59145 
0.823987 0.554259 0.307504 1.61381 
0.814496 0.522603 0.313742 1.59005 
0.85048 0.531777 0.309042 1.658 
0.850494 0.504951 0.309907 1.64881 
0.837976 0.518201 0.311337 1.63363 
0.753926 0.586106 0.291911 1.49563 
0.796588 0.575761 0.300555 1.57019 
0.752368 0.574655 0.295562 1.49017 
0.763033 0.58105 0.293709 1.51074 
0.674845 0.595107 0.25282 1.35087 
0.715638 0.593118 0.274262 1.42575 
0.708701 0.582625 0.275277 1.409 
0.705668 0.590884 0.270634 1.40703 
0.729185 0.608829 0.26386 1.45101 
0.773468 0.594802 0.275106 1.52665 
0.746239 0.600174 0.279884 1.48275 
0.752861 0.601194 0.272823 1.49218 
0.801727 0.585009 0.28206 1.57774 
0.82756 0.581287 0.273216 1.62254 
0.819417 0.574515 0.287213 1.60637 
0.821096 0.58001 0.280888 1.61198 
0.87109 0.546349 0.278249 1.69388 
0.886276 0.531298 0.283272 1.71817 
0.866692 0.53726 0.295661 1.68685 
0.873889 0.538581 0.285575 1.69866 
0.89563 0.496074 0.280157 1.72747 
0.893907 0.461874 0.285182 1.71914 
0.875486 0.484272 0.297187 1.6905 
0.889833 0.479845 0.288247 1.71779 
0.830445 0.47092 0.34497 1.61657 
0.823002 0.488997 0.380037 1.60597 
0.800938 0.498558 0.358586 1.56547 
0.823318 0.486828 0.363036 1.60652 
0.817563 0.481085 0.412807 1.60545 
0.841016 0.455435 0.447731 1.64999 
0.791065 0.492369 0.435684 1.5645 
0.816426 0.480362 0.434668 1.60378 
0.786901 0.514935 0.366426 1.5467 
0.806873 0.500106 0.391944 1.58244 
0.756141 0.53313 0.384349 1.50108 
0.779251 0.515436 0.381988 1.53393 
0.854267 0.459042 0.342463 1.65822 
0.882993 0.435801 0.355363 1.70967 
0.850303 0.469677 0.381029 1.65451 
0.855213 0.45179 0.356698 1.65752 
0.93674 0.389892 0.281201 1.79384 
0.912358 0.40939 0.322203 1.75743 
0.913044 0.424348 0.287711 1.7541 
0.916669 0.402587 0.291299 1.75482 
0.801635 0.497147 0.4028 1.57693 
0.772105 0.510631 0.41885 1.53021 
0.752166 0.535151 0.39271 1.49547 
0.780843 0.51522 0.407714 1.54433 
0.92442 0.396586 0.405987 1.78011 
0.887746 0.416529 0.439306 1.72096 
0.904348 0.413326 0.377983 1.74353 
0.91186 0.414808 0.407611 1.76105 
0.938959 0.3828 0.41765 1.8133 
0.940656 0.350585 0.443857 1.81187 
0.894353 0.39917 0.448279 1.73447 
0.926912 0.380459 0.443044 1.79331 
0.708385 0.452743 0.445796 1.40049 
0.689036 0.490526 0.402301 1.36689 
0.742084 0.495657 0.424785 1.47345 
0.718694 0.484647 0.421068 1.4253 
0.663293 0.573741 0.313605 1.33564 
0.626962 0.571532 0.289261 1.26656 
0.671946 0.575225 0.309742 1.34965 
0.663807 0.576637 0.310361 1.3363 
0.837858 0.591978 0.252437 1.63981 
0.84556 0.588049 0.249182 1.65254 
0.847095 0.587125 0.251797 1.65496 
0.844709 0.588572 0.250798 1.6511 
0.783132 0.615273 0.245819 1.54852 
0.813525 0.602418 0.254391 1.60012 
0.792167 0.60844 0.258076 1.56527 
0.797749 0.608385 0.252779 1.57302 
0.826567 0.600599 0.236947 1.6206 
0.841558 0.591694 0.245392 1.64687 
0.82989 0.596633 0.247778 1.62677 
0.832381 0.595939 0.243743 1.63101 
0.833009 0.593612 0.2572 1.63326 
0.846308 0.588285 0.253749 1.65581 
0.840118 0.587691 0.261578 1.64661 
0.841726 0.589955 0.257841 1.64833 
0.833654 0.604454 0.211062 1.63171 
0.847659 0.595424 0.228717 1.65669 
0.830972 0.603789 0.225956 1.62871 
0.838295 0.602358 0.222391 1.6401 
0.854457 0.585202 0.239194 1.66802 
0.85728 0.580348 0.249859 1.67293 
0.850583 0.586809 0.245504 1.66181 
0.855093 0.58408 0.245054 1.6695 
0.834268 0.597119 0.234711 1.63314 
0.849687 0.588383 0.236919 1.65901 
0.845798 0.590391 0.242732 1.65347 
0.845641 0.591535 0.239412 1.653 
0.881731 0.558744 0.255236 1.71265 
0.894913 0.546999 0.261306 1.73459 
0.884586 0.554028 0.272261 1.71956 
0.887958 0.552763 0.262563 1.72425 
0.87608 0.574258 0.22879 1.70239 
0.874974 0.5722 0.242463 1.70271 
0.862918 0.583004 0.236056 1.68179 
0.871433 0.578254 0.23657 1.6967 
0.885295 0.566663 0.229172 1.7178 
0.90129 0.551031 0.237762 1.74466 
0.887708 0.565409 0.244607 1.72483 
0.892088 0.560313 0.236692 1.72952 
0.853617 0.580699 0.250717 1.66706 
0.856992 0.571441 0.254823 1.67016 
0.848636 0.579092 0.26144 1.66012 
0.854572 0.577298 0.256836 1.66869 
0.840035 0.590488 0.252 1.64552 
0.845639 0.5882 0.24996 1.65469 
0.847154 0.588386 0.252054 1.65736 
0.84567 0.589285 0.251814 1.656 
0.835964 0.592663 0.251894 1.63865 
0.831968 0.59154 0.246729 1.6298 
0.845108 0.588251 0.247638 1.65385 
0.837779 0.590749 0.246746 1.64023 
0.793822 0.598689 0.264181 1.56387 
0.816618 0.594889 0.250068 1.60198 
0.826765 0.593812 0.254868 1.62245 
0.816804 0.596639 0.258129 1.60595 
0.83921 0.569617 0.294304 1.64072 
0.818118 0.573173 0.311698 1.60716 
0.818433 0.581651 0.291972 1.60644 
0.826399 0.575691 0.301185 1.62281 
0.788218 0.599983 0.261472 1.5539 
0.794314 0.60509 0.247739 1.56531 
0.8134 0.59703 0.246178 1.59674 
0.796902 0.598376 0.251198 1.56774 
0.747056 0.578422 0.326262 1.48466 
0.708459 0.59478 0.304703 1.4203 
0.747849 0.598772 0.289002 1.48525 
0.727822 0.589859 0.302801 1.44831 
0.797653 0.571306 0.321023 1.57158 
0.771166 0.575552 0.329026 1.52838 
0.765193 0.592045 0.297217 1.51828 
0.778877 0.580013 0.319233 1.54361 
0.772842 0.488861 0.440539 1.5274 
0.835711 0.459724 0.442316 1.63369 
0.819295 0.444413 0.46581 1.60738 
0.816322 0.463102 0.454764 1.60423 
0.579148 0.543748 0.311555 1.18081 
0.536858 0.517728 0.317459 1.10395 
0.530861 0.531578 0.288999 1.09286 
0.554286 0.531825 0.303944 1.13611 
0.74397 0.567184 0.343266 1.47671 
0.721376 0.567526 0.352216 1.44217 
0.693896 0.582573 0.320568 1.3919 
0.723551 0.573243 0.342284 1.44391 
0.774823 0.502294 0.428234 1.53181 
0.801633 0.511583 0.409935 1.5791 
0.831058 0.476738 0.432556 1.62937 
0.797606 0.497794 0.422122 1.56913 
0.660313 0.581581 0.314837 1.3357 
0.699569 0.566842 0.35462 1.40337 
0.651325 0.566978 0.336572 1.31546 
0.671826 0.573682 0.335994 1.35285 
0.760691 0.55889 0.356257 1.50659 
0.778239 0.539639 0.3807 1.53895 
0.741955 0.555211 0.36884 1.47784 
0.760143 0.551885 0.368026 1.50577 
0.850027 0.584697 0.252785 1.66243 
0.847082 0.583918 0.261059 1.65838 
0.848774 0.587231 0.253965 1.66023 
0.849255 0.585919 0.254642 1.66146 
0.832103 0.596388 0.22958 1.63013 
0.843605 0.5895 0.230744 1.64846 
0.829881 0.59388 0.237974 1.62574 
0.833056 0.5936 0.232899 1.6304 
0.863313 0.561996 0.266791 1.68093 
0.845756 0.577758 0.264222 1.65402 
0.860105 0.569087 0.257494 1.6778 
0.858103 0.568993 0.262906 1.67499 
0.92945 0.444372 0.238308 1.77988 
0.933815 0.390526 0.243506 1.77889 
0.912526 0.428245 0.265873 1.74877 
0.9288 0.423499 0.251505 1.7783 
0.861361 0.465394 0.323173 1.66951 
0.869694 0.479916 0.309584 1.68375 
0.89217 0.454447 0.296927 1.721 
0.872129 0.464634 0.308783 1.68427 
0.683825 0.562698 0.337803 1.37198 
0.725679 0.550877 0.345842 1.44197 
0.712457 0.549047 0.364351 1.42298 
0.712848 0.556754 0.354693 1.42345 
0.720746 0.557438 0.309355 1.43247 
0.726204 0.561518 0.296888 1.44096 
0.767187 0.543508 0.312713 1.51282 
0.73014 0.550565 0.305005 1.44708 
0.786994 0.549452 0.311721 1.54548 
0.75191 0.565276 0.303372 1.48522 
0.800885 0.567621 0.302817 1.57518 
0.78701 0.558714 0.308523 1.5496 
0.839406 0.484017 0.322995 1.63179 
0.811578 0.517226 0.316932 1.58515 
0.849578 0.494085 0.312385 1.64655 
0.838389 0.498168 0.319899 1.63188 
0.777571 0.51997 0.341218 1.52968 
0.749758 0.532764 0.338525 1.48338 
0.775527 0.526093 0.321706 1.52551 
0.770137 0.524969 0.335857 1.51754 
0.905163 0.534764 0.244719 1.75051 
0.901263 0.529708 0.266662 1.74378 
0.879993 0.545454 0.268459 1.71276 
0.895978 0.531917 0.258251 1.73421 
0.934339 0.445174 0.219302 1.78895 
0.946698 0.41423 0.191463 1.8015 
0.943108 0.391729 0.226948 1.79951 
0.943147 0.412629 0.208481 1.79456 
0.912754 0.518907 0.235824 1.75825 
0.917557 0.478901 0.236858 1.75933 
0.907145 0.503512 0.261269 1.74729 
0.915263 0.504929 0.246419 1.76287 
0.912625 0.521207 0.219165 1.76018 
0.918807 0.495141 0.193794 1.76299 
0.923434 0.481451 0.220646 1.77302 
0.91606 0.494511 0.205257 1.75975 
0.941441 0.436261 0.112372 1.78976 
0.944736 0.444506 0.150903 1.80303 
0.921721 0.486709 0.163252 1.77078 
0.933779 0.457092 0.13985 1.78223 
0.91919 0.46791 0.247966 1.76504 
0.90985 0.457881 0.271397 1.74921 
0.90765 0.494157 0.268152 1.74707 
0.912001 0.469129 0.260436 1.74947 
0.980112 0.295782 0.134458 1.8473 
0.95592 0.359823 0.211352 1.81929 
0.958831 0.406312 0.178195 1.82528 
0.960061 0.370488 0.174319 1.82567 
0.972519 0.295334 0.45114 1.86863 
1.00854 0.248275 0.421104 1.92628 
0.978082 0.242951 0.468102 1.87836 
0.988662 0.259864 0.44781 1.8927 
0.904361 0.314145 0.504546 1.75051 
0.947599 0.311103 0.473598 1.82606 
0.94807 0.259193 0.495355 1.82583 
0.933128 0.296906 0.496686 1.80374 
0.959382 0.366614 0.397984 1.84372 
0.988857 0.340181 0.369651 1.88861 
0.965356 0.335456 0.422155 1.85535 
0.973265 0.347774 0.397985 1.8668 
0.808633 0.33068 0.497046 1.57411 
0.761201 0.384542 0.477183 1.49222 
0.848927 0.352948 0.510829 1.65795 
0.816486 0.359598 0.496624 1.59812 
0.916485 0.39837 0.341689 1.76116 
0.941496 0.373144 0.290298 1.79885 
0.944271 0.386258 0.362137 1.81146 
0.936567 0.383745 0.332354 1.79874 
0.615415 0.587903 0.256278 1.24835 
0.590063 0.575001 0.265205 1.20054 
0.568419 0.57814 0.240737 1.16146 
0.597718 0.581046 0.254811 1.21517 
0.693755 0.565934 0.288409 1.38386 
0.67939 0.568168 0.296861 1.35893 
0.657785 0.57645 0.274875 1.32139 
0.680353 0.57047 0.287489 1.36105 
0.761844 0.591773 0.287468 1.50933 
0.786415 0.588973 0.282711 1.54941 
0.80079 0.580234 0.292673 1.5764 
0.781714 0.588528 0.288453 1.54308 
0.611839 0.604659 0.202359 1.23993 
0.638637 0.616382 0.211496 1.28996 
0.63678 0.605389 0.223455 1.28554 
0.6281 0.607732 0.213906 1.2706 
0.651695 0.621501 0.213698 1.31564 
0.654096 0.628573 0.202568 1.32182 
0.685453 0.626973 0.224087 1.37814 
0.663414 0.627169 0.210093 1.33787 
0.869326 0.529966 0.302974 1.68888 
0.892762 0.513531 0.286868 1.72624 
0.872715 0.502092 0.298985 1.69247 
0.8792 0.516612 0.297877 1.70369 
0.654015 0.566853 0.315734 1.3163 
0.627907 0.54789 0.31613 1.26146 
0.611722 0.559155 0.287528 1.23326 
0.635547 0.558645 0.303751 1.27913 
0.724575 0.558569 0.330995 1.43998 
0.694361 0.572203 0.330193 1.39115 
0.695135 0.571658 0.315222 1.38851 
0.701668 0.567004 0.324365 1.40116 
0.766043 0.530555 0.319532 1.5083 
0.742813 0.540984 0.330522 1.46903 
0.716026 0.552472 0.317622 1.42227 
0.74688 0.541809 0.323833 1.47705 
0.772934 0.52471 0.358076 1.52273 
0.743084 0.541047 0.37576 1.47891 
0.745096 0.540636 0.352835 1.47637 
0.753609 0.536603 0.359159 1.49066 
0.704382 0.550485 0.364076 1.40947 
0.650786 0.545936 0.330632 1.30467 
0.675111 0.56289 0.335823 1.35615 
0.671301 0.554828 0.341833 1.3475 
0.697145 0.51309 0.388339 1.38881 
0.72465 0.537442 0.386127 1.44555 
0.743556 0.513017 0.411694 1.4778 
0.721336 0.523235 0.396737 1.43702 
1.00842 0.314261 0.24578 1.91449 
0.995041 0.337039 0.30142 1.89304 
0.970926 0.353329 0.24743 1.8515 
0.9894 0.328444 0.260723 1.87451 
0.829174 0.443826 0.469959 1.6308 
0.753861 0.439865 0.467419 1.49097 
0.775634 0.480691 0.446745 1.53684 
0.786665 0.461716 0.457324 1.55446 
1.07203 0.251069 0.219342 2.02511 
1.05696 0.308839 0.215663 1.99957 
1.07261 0.272642 0.190024 2.02491 
1.06663 0.277003 0.220614 2.0188 
1.07035 0.182909 0.308416 2.02358 
1.062 0.226398 0.294879 2.00878 
1.07904 0.190518 0.268247 2.03656 
1.07187 0.192967 0.286777 2.0242 
1.06163 0.163519 0.352758 2.01112 
1.0443 0.143934 0.398119 1.98471 
1.03385 0.20559 0.393775 1.96542 
1.04981 0.163649 0.380765 1.9913 
0.885302 0.403242 0.470056 1.72478 
0.932365 0.346137 0.468636 1.80261 
0.895553 0.356671 0.494877 1.74343 
0.906081 0.365727 0.477893 1.75663 
0.999507 0.320673 0.367637 1.91002 
1.00822 0.267848 0.400413 1.92254 
0.976515 0.309357 0.425128 1.87134 
0.994975 0.301373 0.398882 1.9026 
1.05134 0.231236 0.317969 1.99009 
1.06058 0.180215 0.337021 2.00739 
1.03775 0.220443 0.366541 1.96811 
1.048 0.215287 0.34278 1.98692 
1.09772 0.153823 0.220097 2.06753 
1.09554 0.132586 0.244246 2.06421 
1.08974 0.16382 0.243173 2.0536 
1.09581 0.148623 0.234555 2.06501 
1.02369 0.144127 0.436315 1.95104 
0.989405 0.197249 0.468684 1.8917 
1.01718 0.213553 0.418563 1.93734 
1.00636 0.190245 0.443589 1.92127 
1.09279 0.103013 0.269718 2.05935 
1.0885 0.0648267 0.295249 2.05134 
1.07802 0.120653 0.315789 2.0349 
1.0875 0.0924561 0.294926 2.05263 
0.987613 -0.00910163 0.463232 1.88339 
0.967885 0.0345982 0.490527 1.84945 
1.02331 0.0679829 0.448622 1.94624 
0.99842 0.0269327 0.480972 1.90796 
0.851644 0.253535 0.53001 1.6494 
0.816147 0.310684 0.519022 1.59348 
0.85702 0.328978 0.524421 1.67362 
0.837314 0.300661 0.523416 1.63366 
1.0672 0.250273 0.24313 2.01759 
1.05626 0.267477 0.272079 2.00029 
1.05142 0.312247 0.242233 1.99466 
1.0595 0.268518 0.245507 2.00311 
1.08702 0.232103 0.162836 2.04833 
1.08585 0.228032 0.17977 2.04703 
1.08148 0.251096 0.174867 2.04026 
1.08481 0.234534 0.177447 2.04585 
1.07885 0.197577 0.253572 2.03515 
1.06632 0.229845 0.271206 2.01481 
1.07324 0.224362 0.241531 2.02543 
1.07278 0.220529 0.260564 2.02603 
1.09685 0.165177 0.20947 2.06545 
1.08885 0.177131 0.227832 2.05114 
1.09179 0.185989 0.203288 2.05591 
1.09212 0.177617 0.214637 2.05652 
1.09829 0.178719 0.183669 2.06716 
1.09859 0.168655 0.198525 2.0681 
1.09378 0.184789 0.194663 2.05896 
1.09804 0.176262 0.191596 2.06739 
1.10996 0.149309 0.164241 2.0874 
1.11334 0.137017 0.146416 2.09254 
1.11169 0.122445 0.16949 2.08986 
1.11064 0.140159 0.15853 2.08758 
0.920205 0.119834 0.53091 1.77131 
0.893557 0.170766 0.540796 1.72388 
0.943727 0.197065 0.524435 1.81729 
0.915759 0.162244 0.539467 1.77155 
1.08424 0.198559 0.235901 2.04436 
1.07895 0.220128 0.227857 2.03595 
1.08827 0.201696 0.20793 2.05076 
1.08395 0.201811 0.221534 2.04323 
1.02037 0.11613 0.456791 1.94942 
0.966246 0.104743 0.509552 1.85939 
0.978556 0.17982 0.498801 1.88054 
0.99466 0.133345 0.488931 1.90345 
1.09137 0.209857 0.168127 2.05582 
1.0881 0.217961 0.178751 2.05081 
1.08894 0.221949 0.164701 2.05217 
1.08957 0.217517 0.168432 2.05282 
1.06957 0.123765 0.339015 2.02257 
1.08152 0.0462586 0.330576 2.04384 
1.051 0.0904315 0.382566 1.98878 
1.06289 0.0904939 0.357575 2.01131 
1.08565 0.216017 0.189899 2.04596 
1.08841 0.201659 0.195483 2.05063 
1.08071 0.221304 0.211771 2.03829 
1.08478 0.215432 0.201225 2.04521 
1.07676 0.25303 0.194568 2.03298 
1.08279 0.22842 0.192086 2.04217 
1.07634 0.235676 0.212368 2.03162 
1.07988 0.237808 0.196166 2.03722 
1.09131 0.206066 0.172881 2.05551 
1.09012 0.201208 0.189386 2.05366 
1.08808 0.213005 0.183971 2.05051 
1.0897 0.204334 0.183353 2.05282 
1.09347 0.210928 0.150269 2.05928 
1.09258 0.209043 0.160539 2.05757 
1.0909 0.220947 0.156449 2.05543 
1.09224 0.211188 0.157883 2.05739 
1.09442 0.204143 0.151431 2.06061 
1.09515 0.198565 0.154301 2.06134 
1.09362 0.202951 0.160547 2.05917 
1.09457 0.203105 0.154044 2.06069 
1.10041 0.114092 0.227441 2.07142 
1.10091 0.142486 0.211214 2.07261 
1.10615 0.115728 0.196434 2.07978 
1.10224 0.128243 0.210347 2.07404 
1.11104 0.0330839 0.220251 2.09149 
1.09535 0.0369711 0.270982 2.06527 
1.09864 0.0819646 0.249072 2.06957 
1.09925 0.0557725 0.246551 2.0687 
1.07825 0.143143 0.296212 2.03423 
1.08472 0.163913 0.260349 2.04516 
1.09205 0.124262 0.263789 2.05891 
1.08522 0.145254 0.276265 2.04665 
1.09838 0.192115 0.162672 2.067 
1.09903 0.195144 0.156081 2.06833 
1.10202 0.189492 0.158153 2.07346 
1.09922 0.192462 0.15983 2.06873 
1.09665 0.189656 0.143642 2.06357 
1.09719 0.194517 0.146442 2.06474 
1.09663 0.191439 0.142744 2.06358 
1.09693 0.190046 0.143745 2.06405 
1.02869 -0.0124717 0.426542 1.96177 
1.04856 0.0631331 0.411156 1.99388 
1.07888 0.00926483 0.347391 2.04556 
1.05703 0.0267852 0.391942 2.00595 
1.1188 0.0357672 0.155736 2.09969 
1.12137 0.0690991 0.122015 2.10395 
1.12562 0.0321298 0.0945971 2.11273 
1.11926 0.0403109 0.133117 2.09969 
1.06627 -0.104268 0.319881 2.01672 
1.08037 -0.00756818 0.307207 2.03743 
1.07965 -0.111883 0.255353 2.0353 
1.07721 -0.057535 0.294948 2.03522 
1.1143 0.0934688 0.176555 2.09544 
1.11734 0.0790516 0.150433 2.09759 
1.1152 0.0529866 0.179564 2.09504 
1.11589 0.0800418 0.167425 2.09642 
1.11193 0.0575821 0.203193 2.09101 
1.1006 0.0927381 0.231252 2.07185 
1.10888 0.0988544 0.19448 2.08539 
1.10849 0.0776326 0.211535 2.08594 
1.10206 -0.0742706 0.23053 2.08017 
1.1 0.000854038 0.287376 2.07817 
1.1142 0.0057273 0.204227 2.09518 
1.10695 -0.0342016 0.236417 2.08466 
1.05398 -0.104469 0.327429 1.99214 
1.03059 -0.0711757 0.376612 1.94978 
1.07953 -0.0232823 0.324429 2.03904 
1.0576 -0.0728119 0.35665 2.00379 
1.10252 0.150914 0.197787 2.07561 
1.10692 0.150515 0.173554 2.08174 
1.10751 0.127652 0.183982 2.08246 
1.10607 0.139871 0.184707 2.08014 
1.09937 0.197525 0.151308 2.06877 
1.09859 0.200486 0.1493 2.06757 
1.10066 0.203126 0.149692 2.07145 
1.09919 0.200676 0.150128 2.06848 
1.10198 0.193379 0.154162 2.07352 
1.09956 0.196338 0.154371 2.06936 
1.10092 0.201431 0.150245 2.07166 
1.10146 0.196584 0.153244 2.0729 
1.09626 0.194448 0.149694 2.06301 
1.09624 0.19342 0.144165 2.06296 
1.09749 0.19464 0.150808 2.06546 
1.09644 0.193964 0.149532 2.06345 
1.09398 0.20015 0.162266 2.05961 
1.09527 0.196673 0.155535 2.06167 
1.0961 0.195021 0.163695 2.06331 
1.09484 0.196007 0.16165 2.06087 
1.09666 0.192386 0.144702 2.06373 
1.09766 0.194768 0.146857 2.06569 
1.09771 0.194747 0.150073 2.06595 
1.09765 0.194391 0.147096 2.0659 
1.09873 0.189601 0.166863 2.06799 
1.10267 0.186522 0.161009 2.07535 
1.10027 0.184499 0.170435 2.07087 
1.10037 0.187 0.165709 2.07076 
1.09481 0.18882 0.185254 2.06153 
1.09699 0.189902 0.171723 2.06483 
1.09865 0.182854 0.177419 2.06743 
1.09633 0.187342 0.178729 2.0631 
1.09539 0.203445 0.146668 2.06245 
1.09643 0.196497 0.143446 2.06389 
1.09622 0.197906 0.149554 2.06374 
1.09615 0.197326 0.146425 2.06352 
1.09295 0.218236 0.160732 2.05838 
1.09067 0.203943 0.157939 2.05279 
1.09062 0.219462 0.164855 2.05451 
1.09178 0.215773 0.162984 2.0568 
1.09778 0.214476 0.152189 2.06703 
1.09785 0.203363 0.149469 2.06623 
1.09684 0.206396 0.151606 2.0649 
1.09736 0.207136 0.149992 2.06531 
1.10479 0.209529 0.111162 2.078 
1.10575 0.201684 0.124527 2.0798 
1.10264 0.213425 0.131054 2.07463 
1.10395 0.211148 0.121098 2.07678 
1.10669 0.216792 0.0780976 2.08082 
1.10915 0.197041 0.083071 2.08448 
1.10637 0.207575 0.0942452 2.07987 
1.10748 0.208964 0.082346 2.08215 
1.11105 0.179538 0.108617 2.08808 
1.11456 0.164109 0.0982273 2.09407 
1.1122 0.168685 0.122298 2.09046 
1.11168 0.165138 0.111511 2.08803 
1.09987 0.20723 0.148246 2.06998 
1.09833 0.203766 0.149451 2.06697 
1.09842 0.214074 0.149773 2.06775 
1.09923 0.208698 0.150071 2.06951 
1.10422 0.19248 0.150092 2.07753 
1.10267 0.201486 0.147653 2.075 
1.10526 0.196544 0.139224 2.07928 
1.10392 0.198119 0.145861 2.07702 
1.09763 0.194328 0.155015 2.06605 
1.0971 0.193512 0.162009 2.0653 
1.09621 0.194106 0.155083 2.06313 
1.09711 0.194059 0.155946 2.06487 
1.11184 0.165207 0.141081 2.09135 
1.1128 0.152348 0.137966 2.09158 
1.10976 0.158674 0.156474 2.0873 
1.11114 0.157512 0.147181 2.08962 
1.09584 0.193204 0.171672 2.06334 
1.09344 0.195057 0.186222 2.06004 
1.09292 0.198901 0.17149 2.05816 
1.09412 0.197511 0.173905 2.06032 
1.10513 0.167687 0.164017 2.07805 
1.10142 0.180331 0.173604 2.0733 
1.10298 0.182966 0.161197 2.07521 
1.10318 0.175981 0.167699 2.07571 
1.10512 0.159609 0.171906 2.07809 
1.10191 0.161012 0.191915 2.07402 
1.10136 0.175225 0.180644 2.07353 
1.10214 0.168209 0.181026 2.07398 
1.1021 0.214887 0.138978 2.07445 
1.10409 0.205135 0.135502 2.07724 
1.10216 0.207342 0.144891 2.0739 
1.10295 0.208459 0.141624 2.07547 
1.09696 0.231917 0.146542 2.06533 
1.0992 0.224311 0.140049 2.06884 
1.09843 0.224142 0.147677 2.06816 
1.09892 0.22737 0.146345 2.06947 
1.09559 0.226528 0.158472 2.06395 
1.09686 0.233534 0.152141 2.06629 
1.09754 0.224572 0.152489 2.06731 
1.09641 0.226874 0.152783 2.06498 
1.09552 0.243261 0.133861 2.06342 
1.09795 0.235932 0.126852 2.0674 
1.09619 0.237362 0.140618 2.06439 
1.09632 0.237503 0.134607 2.0642 
1.1004 0.228096 0.11204 2.07042 
1.10084 0.23671 0.0963511 2.07126 
1.1032 0.219816 0.10322 2.07508 
1.10199 0.228594 0.101394 2.07326 
1.09748 0.231881 0.141255 2.06644 
1.099 0.230868 0.127263 2.06874 
1.10007 0.224712 0.13408 2.07062 
1.09866 0.229795 0.133643 2.06829 
1.09358 0.249988 0.12941 2.05934 
1.09099 0.258675 0.129356 2.05445 
1.09423 0.250245 0.118879 2.05995 
1.09316 0.253506 0.128133 2.05904 
1.11295 0.184157 0.0766525 2.09131 
1.11644 0.16948 0.0627449 2.09729 
1.11561 0.167679 0.0821944 2.0959 
1.11503 0.168905 0.0776216 2.09441 
1.10143 0.236994 0.088682 2.07207 
1.10442 0.225281 0.0801299 2.07709 
1.10427 0.220169 0.0928379 2.07696 
1.10343 0.225606 0.0888739 2.07518 
1.1121 0.195007 0.0582531 2.0897 
1.11524 0.17117 0.0569004 2.09468 
1.11267 0.184784 0.0709776 2.09068 
1.11298 0.186452 0.0578261 2.0913 
1.12614 0.074385 0.0408855 2.11187 
1.12626 0.0539485 0.065266 2.11236 
1.12477 0.0909958 0.0669497 2.11028 
1.12553 0.0745948 0.0660533 2.11124 
1.12773 -0.0221753 0.0183629 2.11594 
1.12588 -0.0546943 0.0512255 2.11255 
1.12648 -0.00571026 0.060075 2.11265 
1.1265 -0.0234371 0.0594937 2.11391 
1.11767 -0.0182807 0.168027 2.09785 
1.1119 -0.105049 0.140294 2.09126 
1.10501 -0.113081 0.177226 2.07796 
1.11364 -0.0718214 0.179451 2.09601 
1.09583 0.189811 0.146433 2.06226 
1.0946 0.191758 0.150214 2.06025 
1.09563 0.198486 0.149905 2.06227 
1.09534 0.191783 0.147241 2.06105 
1.08497 0.301891 0.110827 2.04981 
1.08459 0.29786 0.123893 2.04871 
1.0819 0.307998 0.120657 2.04488 
1.08364 0.301901 0.119949 2.04729 
1.1034 0.217954 0.109828 2.07574 
1.10143 0.221238 0.128253 2.07289 
1.10033 0.227743 0.119415 2.07082 
1.10176 0.219498 0.12062 2.07289 
1.08626 0.269886 0.157496 2.0488 
1.08461 0.271696 0.162942 2.04588 
1.08433 0.277766 0.156524 2.04567 
1.08497 0.271642 0.158184 2.0463 
1.08808 0.267714 0.139407 2.05084 
1.08668 0.268274 0.149333 2.04852 
1.08466 0.276177 0.148523 2.04506 
1.08674 0.271225 0.147844 2.04932 
1.08971 0.261011 0.140197 2.05313 
1.09045 0.25494 0.149276 2.05499 
1.08827 0.261641 0.150756 2.05163 
1.08949 0.260867 0.14615 2.05346 
1.09516 0.23971 0.146741 2.06294 
1.09266 0.248478 0.148922 2.05882 
1.09389 0.245413 0.140448 2.06047 
1.09405 0.245783 0.145695 2.06133 
1.09146 0.244993 0.162965 2.05701 
1.08846 0.253595 0.168288 2.0518 
1.09062 0.251915 0.158177 2.05557 
1.09045 0.251117 0.16282 2.05567 
1.095 0.239859 0.151046 2.0629 
1.0931 0.242845 0.158602 2.05977 
1.09229 0.249057 0.154108 2.05865 
1.09333 0.242845 0.154003 2.05997 
1.09597 0.236263 0.151908 2.06468 
1.09468 0.228555 0.158465 2.06199 
1.09421 0.237703 0.158396 2.06197 
1.0952 0.236156 0.158459 2.06392 
1.10091 0.209523 0.146663 2.07167 
1.0994 0.217918 0.148419 2.06989 
1.101 0.21661 0.141112 2.07203 
1.10012 0.216047 0.144579 2.07049 
1.09606 0.209304 0.152484 2.06275 
1.09481 0.217867 0.156986 2.0613 
1.09696 0.219098 0.152656 2.06551 
1.09639 0.217571 0.154207 2.06472 
1.09641 0.189944 0.144182 2.06294 
1.0962 0.199196 0.148336 2.06326 
1.09698 0.197155 0.147041 2.06446 
1.09654 0.196411 0.147492 2.06376 
1.0936 0.196019 0.150957 2.05785 
1.09404 0.212867 0.15716 2.0602 
1.09503 0.204412 0.152134 2.06141 
1.09427 0.20435 0.154788 2.06007 
1.09332 0.195486 0.154189 2.0576 
1.09193 0.1994 0.158249 2.05528 
1.09309 0.212228 0.158976 2.0587 
1.09213 0.200643 0.153737 2.05519 
1.09036 0.203025 0.162629 2.05293 
1.08902 0.203578 0.167881 2.05034 
1.08997 0.21731 0.170489 2.05385 
1.08951 0.203749 0.163634 2.05117 
1.08062 0.243413 0.187617 2.03887 
1.07924 0.219695 0.18565 2.03232 
1.0734 0.236659 0.195455 2.02185 
1.07844 0.235894 0.187791 2.03285 
1.09321 0.227563 0.16344 2.0597 
1.09134 0.231135 0.168375 2.05674 
1.09282 0.238522 0.165688 2.05965 
1.09216 0.232173 0.165395 2.05789 
1.08581 0.208161 0.177149 2.04541 
1.08321 0.214359 0.185251 2.04057 
1.08307 0.232633 0.186515 2.04212 
1.08319 0.213365 0.177134 2.03882 
1.11707 0.147818 0.0995479 2.09833 
1.11767 0.136917 0.105016 2.09905 
1.11735 0.1372 0.120104 2.09911 
1.11719 0.139298 0.105363 2.09799 
1.11148 0.180254 0.102423 2.08882 
1.11251 0.184517 0.0868552 2.09077 
1.11452 0.167753 0.0939259 2.09389 
1.11301 0.179579 0.0911678 2.09179 
1.10755 0.190206 0.128081 2.08265 
1.10923 0.183821 0.115038 2.08471 
1.11022 0.17377 0.125959 2.08676 
1.10869 0.185604 0.123287 2.08443 
1.10609 0.20586 0.0991254 2.07902 
1.1096 0.19382 0.0872948 2.08518 
1.10947 0.192361 0.100259 2.08529 
1.10887 0.197304 0.0991422 2.08489 
1.12137 0.127293 -0.00808199 2.10298 
1.11998 0.148077 0.000415213 2.10265 
1.12162 0.146826 -0.0288355 2.10804 
1.12032 0.136089 -0.00913757 2.10191 
1.12714 0.0857648 0.0156119 2.11465 
1.1256 0.108278 0.00239875 2.11205 
1.12748 0.0893381 -0.0124651 2.11808 
1.12733 0.0905372 -0.00241387 2.11586 
1.12305 0.122629 0.0261412 2.10741 
1.12065 0.148865 0.00922771 2.10383 
1.12291 0.11973 0.00586346 2.10628 
1.12153 0.133697 0.0100564 2.1042 
1.11784 0.14386 0.0843086 2.09858 
1.12107 0.130571 0.0541532 2.10374 
1.12227 0.118871 0.0689059 2.10616 
1.12086 0.133625 0.0700103 2.1042 
1.11865 0.167915 0.0391218 2.10179 
1.11946 0.163705 0.0142749 2.10234 
1.12019 0.146564 0.03012 2.10276 
1.1197 0.161285 0.033786 2.10311 
1.11538 0.18383 0.0155092 2.09603 
1.11818 0.170655 0.0132547 2.10025 
1.11738 0.169755 0.0351584 2.09888 
1.11677 0.176676 0.0175424 2.09803 
1.10895 0.216923 0.0383026 2.08509 
1.11261 0.203558 0.0269927 2.09189 
1.11074 0.203514 0.0439343 2.08727 
1.11128 0.206812 0.0325967 2.0886 
1.1113 0.2133 -0.00453594 2.0903 
1.11334 0.198319 -0.0227654 2.09436 
1.11399 0.19872 0.00314942 2.09439 
1.11362 0.203952 -0.00942011 2.09456 
1.1126 0.159926 0.126555 2.0907 
1.11533 0.150424 0.100097 2.09475 
1.11584 0.144689 0.120507 2.09604 
1.11402 0.155949 0.115075 2.09286 
1.10666 0.192879 0.13611 2.08173 
1.10953 0.17977 0.138231 2.08726 
1.1057 0.186923 0.150722 2.08038 
1.1073 0.184385 0.141729 2.08293 
1.10775 0.196895 0.124356 2.08358 
1.10605 0.207359 0.109824 2.08049 
1.10887 0.194224 0.112694 2.08545 
1.10728 0.196256 0.113934 2.0821 
1.11796 0.16493 0.0595634 2.10049 
1.12047 0.145373 0.0558673 2.10388 
1.1172 0.153425 0.0818462 2.09823 
1.11899 0.154119 0.0589983 2.10162 
1.10917 0.171936 0.144183 2.08585 
1.10775 0.166615 0.15672 2.08312 
1.10519 0.180539 0.156307 2.07901 
1.10757 0.174638 0.151774 2.08315 
1.12241 0.10883 0.0855596 2.1073 
1.12171 0.0946697 0.105696 2.1049 
1.11999 0.122296 0.097826 2.10305 
1.1207 0.107664 0.0982666 2.10365 
1.11771 0.103106 0.140697 2.09885 
1.11369 0.11116 0.164157 2.09385 
1.11519 0.129165 0.138637 2.09522 
1.11532 0.10973 0.149568 2.0954 
1.11674 0.122924 0.11088 2.09564 
1.11732 0.0998959 0.124191 2.09583 
1.11618 0.12766 0.126996 2.09561 
1.11672 0.121663 0.118039 2.09595 
1.12213 -0.00104136 0.107012 2.10474 
1.12275 -0.046336 0.143356 2.11242 
1.12074 0.0122298 0.160917 2.10623 
1.11855 0.00186699 0.126558 2.09838 
1.08369 0.253695 0.183093 2.04409 
1.08259 0.267647 0.182593 2.04304 
1.08603 0.259745 0.176869 2.04872 
1.08442 0.262163 0.182553 2.04661 
1.08835 0.237374 0.175337 2.05172 
1.08518 0.244353 0.181902 2.04653 
1.08746 0.253099 0.17674 2.05086 
1.08688 0.244402 0.176971 2.04909 
1.07251 0.26816 0.191418 2.02532 
1.07711 0.287462 0.176013 2.03489 
1.07893 0.275476 0.184179 2.03663 
1.07554 0.278493 0.185967 2.03032 
1.08004 0.278784 0.180408 2.03845 
1.08062 0.284876 0.176244 2.04047 
1.08104 0.281051 0.17295 2.04087 
1.07991 0.284093 0.175882 2.03922 
1.1238 0.0916942 0.0858324 2.10909 
1.12508 0.054447 0.0907293 2.11105 
1.12144 0.0763301 0.112012 2.10395 
1.12432 0.0736415 0.0910917 2.10979 
1.11708 0.147934 0.0986769 2.09818 
1.12145 0.126062 0.0868554 2.10573 
1.11848 0.136391 0.101607 2.10036 
1.11906 0.135279 0.0940598 2.10135 
1.12756 0.0607423 0.0387621 2.11477 
1.12782 0.0180831 0.0329099 2.11545 
1.1269 0.0303741 0.0663932 2.11339 
1.12796 0.0339517 0.0336106 2.11489 
1.12309 0.119421 0.0481686 2.10758 
1.12508 0.0946629 0.0455687 2.11035 
1.12386 0.10537 0.0655169 2.10877 
1.12417 0.105894 0.048668 2.10896 
1.12323 0.119815 0.0311644 2.10744 
1.12398 0.113576 0.00993948 2.10883 
1.12531 0.0963591 0.0222445 2.11067 
1.1239 0.112577 0.0276486 2.10858 
1.12658 0.0604708 -0.025033 2.11395 
1.12807 0.0221405 -0.0085911 2.11655 
1.12766 0.0638129 0.00974832 2.11505 
1.12805 0.0559506 0.00537131 2.11677 
1.07646 0.317504 0.139594 2.03651 
1.07924 0.313711 0.129107 2.04096 
1.07893 0.309506 0.141095 2.0401 
1.07805 0.313912 0.138497 2.03897 
1.10778 0.227847 -0.0116513 2.08416 
1.10357 0.244087 -0.0166537 2.07703 
1.10515 0.234142 -0.0290039 2.08031 
1.10588 0.236145 -0.0206532 2.08124 
1.10006 0.256365 -0.0143463 2.07177 
1.09877 0.26341 -0.00961792 2.06829 
1.0984 0.262395 -0.022888 2.06886 
1.10014 0.261054 -0.0159046 2.07253 
1.10136 0.239927 -0.0340588 2.0726 
1.1026 0.250451 -0.020722 2.07607 
1.09784 0.255195 -0.0300938 2.06681 
1.10213 0.249478 -0.0270975 2.07582 
1.10745 0.230379 -0.00257861 2.08422 
1.10448 0.239422 0.00582856 2.07774 
1.10379 0.245215 -0.00868686 2.07783 
1.1044 0.237971 -0.000300882 2.07788 
1.10852 0.205542 -0.0382883 2.08414 
1.11008 0.219132 -0.0143601 2.08835 
1.10419 0.22565 -0.035633 2.0769 
1.10941 0.218462 -0.0264625 2.0879 
1.10146 0.251645 0.0185158 2.07272 
1.10072 0.2567 0.0316818 2.07245 
1.09911 0.266524 0.0232757 2.07005 
1.10025 0.260459 0.0241298 2.0718 
1.10751 0.218431 0.0620393 2.08224 
1.10763 0.219157 0.0446478 2.08286 
1.10922 0.204347 0.0505331 2.08441 
1.10835 0.217034 0.05446 2.08422 
1.10985 0.199011 0.0715369 2.08619 
1.10762 0.216572 0.0711342 2.08277 
1.1104 0.20383 0.0621964 2.08758 
1.10883 0.203163 0.0704618 2.08435 
1.10101 0.242509 0.0829395 2.07158 
1.10061 0.250774 0.0700936 2.0722 
1.10311 0.230345 0.0729666 2.07522 
1.10155 0.244816 0.0731213 2.07338 
1.09536 0.273889 0.082064 2.06616 
1.0981 0.262549 0.0725223 2.06916 
1.09858 0.256559 0.0838994 2.06965 
1.09721 0.261742 0.0809578 2.0674 
1.08725 0.302912 0.0861464 2.05393 
1.0905 0.288224 0.0867803 2.05826 
1.08742 0.296906 0.0970742 2.05352 
1.08823 0.298047 0.0878332 2.05536 
1.08839 0.303514 0.079902 2.05626 
1.09073 0.297571 0.0673765 2.05963 
1.09093 0.289517 0.0772273 2.05917 
1.08943 0.295459 0.0764599 2.05683 
1.09486 0.280708 0.00598222 2.06308 
1.09521 0.278538 -0.00662716 2.0634 
1.09735 0.270948 -0.00194134 2.06687 
1.09555 0.275366 -0.000645905 2.0632 
1.07747 0.287394 0.169603 2.03438 
1.06847 0.271998 0.194931 2.01759 
1.06779 0.295335 0.159826 2.01602 
1.07305 0.290236 0.170561 2.02886 
1.11164 0.206694 0.0157319 2.08949 
1.1074 0.219666 0.0298487 2.0819 
1.10973 0.218114 0.00688095 2.0873 
1.11011 0.214636 0.019293 2.08775 
1.11369 0.191591 0.021802 2.0934 
1.11527 0.175892 0.0388634 2.0947 
1.11309 0.198665 0.0457083 2.09279 
1.11296 0.185728 0.0400513 2.09086 
1.11831 0.148899 -0.0424824 2.10005 
1.12032 0.156157 -0.0179245 2.1053 
1.11375 0.172437 -0.0416246 2.0915 
1.11843 0.167082 -0.0336763 2.10235 
1.12004 0.124815 -0.0403209 2.10277 
1.12368 0.0946603 -0.035141 2.10925 
1.12523 0.116472 -0.013621 2.11308 
1.12511 0.117771 -0.0266232 2.11466 
1.081 0.319935 0.0798297 2.04222 
1.08368 0.309963 0.0826012 2.04648 
1.08009 0.3177 0.0925904 2.04061 
1.08193 0.318622 0.0842781 2.04449 
1.08728 0.310762 0.0452293 2.05343 
1.08923 0.302427 0.0547862 2.05637 
1.08621 0.312307 0.0555887 2.05232 
1.0872 0.306608 0.0526442 2.05247 
1.09409 0.274437 0.089304 2.06345 
1.09724 0.254884 0.0934346 2.06697 
1.09321 0.269424 0.104015 2.06165 
1.09502 0.270761 0.0943635 2.06532 
1.08804 0.296421 0.102478 2.05511 
1.09168 0.286275 0.0911876 2.06068 
1.09085 0.284221 0.105054 2.05911 
1.09 0.285369 0.100857 2.05724 
1.09678 0.27369 0.048941 2.06728 
1.09957 0.254879 0.0435216 2.06917 
1.09825 0.259273 0.0552009 2.06785 
1.09847 0.26252 0.0468588 2.0687 
1.09081 0.294776 0.0194018 2.05606 
1.09332 0.285882 0.0143142 2.06014 
1.09179 0.292215 0.0273927 2.05851 
1.09294 0.292219 0.0217866 2.06063 
1.0877 0.307985 0.0144787 2.05187 
1.08924 0.301646 0.0179223 2.05402 
1.08684 0.309158 0.0227509 2.05097 
1.08823 0.305298 0.0186699 2.05247 
1.09152 0.293198 0.0040027 2.05782 
1.09311 0.28704 0.00868984 2.06005 
1.09151 0.29481 0.0141992 2.05798 
1.09196 0.290429 0.00876098 2.05807 
1.10562 0.232653 0.0499712 2.08031 
1.10528 0.229119 0.0656354 2.07933 
1.10245 0.250815 0.0654374 2.07567 
1.10458 0.232343 0.0580856 2.07747 
1.113 0.184344 -0.0319725 2.09198 
1.11781 0.176132 -0.0067144 2.10041 
1.11531 0.18899 0.000717187 2.0966 
1.11549 0.18194 -0.0103996 2.09515 
1.09446 0.282313 0.0168068 2.06194 
1.09535 0.277203 0.0224514 2.06323 
1.09344 0.290267 0.0294474 2.06174 
1.09444 0.281424 0.0226388 2.0619 
1.09568 0.281847 0.0519497 2.06724 
1.09639 0.271319 0.0576753 2.06656 
1.09366 0.290139 0.0595427 2.06442 
1.09392 0.280062 0.0574512 2.06316 
1.09554 0.255391 0.112021 2.06351 
1.09326 0.268701 0.110043 2.06114 
1.09714 0.253902 0.0992707 2.06647 
1.09497 0.255134 0.105926 2.06273 
1.09957 0.235566 0.11 2.0695 
1.09711 0.243477 0.109361 2.06525 
1.09895 0.242938 0.0968875 2.06852 
1.09848 0.24134 0.107894 2.0674 
1.09757 0.235995 0.122684 2.06603 
1.09537 0.243814 0.129316 2.0627 
1.09625 0.243258 0.11858 2.06332 
1.09647 0.242138 0.121447 2.06439 
1.08403 0.290962 0.13636 2.04622 
1.08326 0.285522 0.145563 2.04357 
1.08104 0.29766 0.144162 2.04148 
1.08279 0.291164 0.143104 2.04392 
1.09395 0.256227 0.116556 2.06082 
1.09109 0.262953 0.126742 2.05579 
1.09211 0.269555 0.113984 2.05869 
1.09252 0.2639 0.11737 2.05868 
1.0931 0.251889 0.138972 2.05986 
1.09188 0.253618 0.14743 2.05799 
1.09058 0.260351 0.138297 2.05515 
1.09165 0.252984 0.140603 2.05676 
1.08104 0.309876 0.116681 2.04311 
1.07996 0.317034 0.105414 2.04163 
1.08367 0.30532 0.107212 2.04758 
1.08157 0.310509 0.108178 2.04405 
1.0837 0.297029 0.133107 2.04713 
1.08091 0.303271 0.140832 2.0426 
1.08096 0.308158 0.128897 2.04337 
1.08196 0.303494 0.133753 2.04458 
1.08929 0.283151 0.112947 2.05611 
1.08668 0.28996 0.123012 2.05159 
1.08684 0.296103 0.109427 2.0525 
1.08794 0.290928 0.113987 2.05414 
1.08999 0.27653 0.115646 2.05531 
1.08919 0.271546 0.127277 2.05299 
1.08676 0.284731 0.126329 2.05041 
1.08863 0.276808 0.125192 2.05301 
1.07492 0.325994 0.119768 2.03279 
1.07838 0.322923 0.106598 2.03886 
1.07873 0.316717 0.116468 2.03957 
1.07716 0.323719 0.116013 2.03788 
1.097 0.26748 -0.0208792 2.06626 
1.09769 0.268248 -0.00769955 2.06726 
1.09497 0.276412 -0.0115134 2.06285 
1.09667 0.272561 -0.0136616 2.06601 
1.09362 0.236196 0.128076 2.06183 
1.07229 0.281062 0.0800588 2.01841 
1.08807 0.239151 0.0374611 2.04405 
1.09135 0.262666 0.0699141 2.05995 
1.08405 0.25477 0.193989 2.04712 
1.0771 0.261943 0.2159 2.03576 
1.08 0.265727 0.193699 2.03812 
1.08201 0.260187 0.197705 2.04227 
1.08833 0.252126 0.172169 2.05205 
1.09133 0.243587 0.166289 2.05702 
1.08941 0.237655 0.170983 2.05318 
1.09007 0.245236 0.171051 2.05493 
1.0867 0.208124 0.169356 2.04585 
1.0847 0.233047 0.18108 2.04479 
1.08802 0.227283 0.174165 2.05041 
1.08688 0.225418 0.177819 2.04862 
1.08544 0.26845 0.166182 2.04761 
1.08676 0.264879 0.159582 2.04929 
1.08701 0.261376 0.168586 2.05014 
1.08633 0.265695 0.16553 2.04914 
1.08321 0.271804 0.180377 2.04445 
1.0838 0.270414 0.171235 2.04472 
1.08623 0.263675 0.174744 2.04938 
1.08453 0.268517 0.174093 2.04632 
1.07503 0.257371 0.1955 2.03048 
1.08007 0.26977 0.186795 2.03837 
1.08124 0.252863 0.187454 2.0408 
1.07883 0.256631 0.188718 2.0352 
1.08123 0.279806 0.171704 2.04085 
1.08289 0.274621 0.169915 2.0432 
1.08227 0.276394 0.178147 2.04308 
1.08188 0.276759 0.173973 2.04187 
1.07861 0.284481 0.176017 2.03602 
1.08009 0.282494 0.17257 2.03853 
1.08003 0.284146 0.17663 2.0389 
1.08026 0.28324 0.175472 2.03946 
1.0783 0.287687 0.174231 2.03576 
1.07866 0.292817 0.167893 2.03658 
1.07996 0.284 0.170478 2.03844 
1.07855 0.287439 0.170299 2.03569 
1.08814 0.259915 0.166978 2.05235 
1.08789 0.263209 0.158017 2.05153 
1.09 0.256384 0.15714 2.05498 
1.08849 0.257936 0.160233 2.05205 
1.07445 0.319048 0.148336 2.03297 
1.07705 0.311113 0.150039 2.03676 
1.07288 0.319628 0.157965 2.03036 
1.07498 0.317151 0.150721 2.03383 
1.06342 0.336876 0.177594 2.01391 
1.06479 0.339285 0.167911 2.0172 
1.06854 0.327779 0.165656 2.02293 
1.06569 0.332538 0.170139 2.01746 
1.07417 0.327559 0.129701 2.03317 
1.07772 0.318081 0.127786 2.03867 
1.07548 0.321255 0.137581 2.03489 
1.0753 0.320332 0.130834 2.03403 
1.07864 0.334106 0.00753933 2.03704 
1.07958 0.331573 0.00636948 2.03863 
1.07988 0.331535 0.00930967 2.0391 
1.07947 0.332741 0.00777395 2.03854 
1.07622 0.338276 0.00548479 2.03297 
1.07745 0.337158 0.0075115 2.0351 
1.07682 0.339511 0.00852524 2.03416 
1.07691 0.338282 0.00700394 2.03411 
1.07796 0.333876 0.0032932 2.03587 
1.07908 0.331702 0.0047714 2.03766 
1.07836 0.334315 0.00620263 2.03656 
1.07859 0.333234 0.0048032 2.03682 
1.0892 0.295566 -0.0180503 2.05404 
1.09167 0.2867 -0.0222558 2.05808 
1.09338 0.284905 -0.0145605 2.06079 
1.09173 0.291172 -0.0181321 2.05891 
1.07844 0.334026 0.0553584 2.03721 
1.07646 0.340761 0.058884 2.03395 
1.07771 0.338547 0.0497988 2.03688 
1.07742 0.337541 0.0552772 2.03594 
1.08494 0.310691 0.0750454 2.04961 
1.08244 0.320679 0.0735129 2.04542 
1.0844 0.314605 0.0645725 2.04877 
1.08401 0.312862 0.0714373 2.0473 
1.09607 0.269877 0.0655404 2.06614 
1.09389 0.279572 0.075309 2.0636 
1.09268 0.288885 0.064367 2.06159 
1.09371 0.282138 0.0668017 2.0637 
1.08424 0.306291 0.0982387 2.04853 
1.0807 0.317705 0.0992629 2.04302 
1.08458 0.309363 0.0895921 2.04954 
1.08332 0.309359 0.0968029 2.0468 
1.07658 0.335935 0.0772219 2.03332 
1.07616 0.338789 0.0656471 2.03307 
1.07861 0.329219 0.0717957 2.03746 
1.07777 0.336908 0.0722683 2.03638 
1.07263 0.337447 0.102591 2.02698 
1.07474 0.335761 0.0893628 2.0305 
1.07677 0.327237 0.0971653 2.0344 
1.07548 0.336235 0.0977266 2.03254 
1.07398 0.331773 0.118465 2.03095 
1.07274 0.339117 0.110978 2.02788 
1.07694 0.328353 0.106343 2.03586 
1.07411 0.330791 0.111455 2.03008 
1.06189 0.364004 0.108168 2.01031 
1.06022 0.370343 0.0998654 2.00725 
1.06367 0.362651 0.0956286 2.0133 
1.06132 0.363295 0.102098 2.00847 
1.06443 0.361239 0.082216 2.01329 
1.06059 0.367664 0.0881111 2.00674 
1.06276 0.368558 0.0718446 2.01079 
1.06336 0.368777 0.0821106 2.01286 
1.07187 0.343171 0.0812193 2.02627 
1.06742 0.353583 0.0856487 2.01886 
1.06872 0.351535 0.072904 2.02112 
1.06942 0.35179 0.0818108 2.02341 
1.06787 0.347718 0.104113 2.01971 
1.06316 0.358948 0.110766 2.01218 
1.06548 0.355942 0.095369 2.01626 
1.06592 0.356591 0.103851 2.01783 
1.07189 0.335314 0.120548 2.02676 
1.06797 0.344428 0.124871 2.01949 
1.07112 0.341552 0.112701 2.02463 
1.07063 0.342147 0.119735 2.02457 
1.05267 0.383636 0.114623 1.9943 
1.05108 0.392236 0.105999 1.99316 
1.05615 0.379531 0.101014 2.00027 
1.05241 0.383464 0.108501 1.99369 
1.07848 0.336138 0.0127665 2.03701 
1.07858 0.335585 0.00936096 2.03721 
1.07961 0.332977 0.0113326 2.03885 
1.07887 0.334799 0.0111039 2.03755 
1.1014 0.252622 0.0113954 2.07284 
1.09836 0.26796 0.0183588 2.06885 
1.09934 0.263101 0.00363784 2.06973 
1.09926 0.259935 0.0115351 2.069 
1.10646 0.223477 0.0264505 2.07944 
1.10474 0.236043 0.0129249 2.0774 
1.10778 0.224349 0.00634723 2.08358 
1.10662 0.228975 0.0136362 2.08115 
1.10563 0.236828 0.0320321 2.08012 
1.10252 0.25154 0.0333344 2.07547 
1.10367 0.243621 0.0203468 2.07663 
1.10365 0.241381 0.0287089 2.07628 
1.08359 0.323058 0.0264734 2.04708 
1.08363 0.321823 0.0195637 2.04662 
1.08477 0.316408 0.0242431 2.04858 
1.08365 0.319579 0.0234066 2.04702 
1.07962 0.33569 0.032098 2.04175 
1.08058 0.334412 0.026852 2.04289 
1.08188 0.329593 0.0294017 2.04472 
1.08079 0.332894 0.0295929 2.04292 
1.07931 0.336038 0.0224482 2.04019 
1.07781 0.33951 0.0210685 2.03757 
1.079 0.334658 0.0191464 2.03931 
1.0788 0.337063 0.0208489 2.03938 
1.1025 0.245585 0.0042524 2.07401 
1.10066 0.258174 -0.00257 2.07167 
1.10218 0.252725 -0.00759227 2.07498 
1.10144 0.251919 -0.00305249 2.0722 
1.09688 0.276055 0.0426831 2.06707 
1.09757 0.268739 0.0270165 2.06628 
1.09946 0.258922 0.0359688 2.06928 
1.09806 0.264977 0.036027 2.06731 
1.10408 0.235932 0.0416293 2.07679 
1.09991 0.253179 0.057364 2.07021 
1.10091 0.249764 0.0430538 2.07149 
1.10257 0.247181 0.0494076 2.07516 
1.09104 0.296557 0.0283305 2.0583 
1.0878 0.307601 0.0251378 2.05393 
1.09052 0.298471 0.0207958 2.05632 
1.08947 0.301508 0.0236895 2.05574 
1.0912 0.29454 0.0528937 2.05903 
1.09142 0.292382 0.0377924 2.05917 
1.0923 0.285883 0.0444995 2.06075 
1.09239 0.291071 0.0456881 2.06171 
1.09029 0.297789 0.0514902 2.05743 
1.08877 0.307855 0.0419887 2.05585 
1.09088 0.297395 0.0383172 2.05891 
1.09009 0.302142 0.0422547 2.05786 
1.09566 0.278953 0.0111064 2.06439 
1.0974 0.268352 0.00375363 2.06609 
1.09698 0.273134 0.0165713 2.0664 
1.09677 0.273731 0.0102631 2.06604 
1.09449 0.281458 0.0397484 2.06351 
1.09314 0.28902 0.0332731 2.06204 
1.09596 0.275311 0.0282373 2.06452 
1.09488 0.282816 0.0337246 2.06418 
1.09497 0.279067 -0.0139418 2.06372 
1.09366 0.285241 -0.0235072 2.06204 
1.09533 0.27218 -0.0258241 2.0639 
1.0949 0.276975 -0.0187649 2.06374 
1.092 0.291165 -0.000136037 2.05844 
1.09373 0.283049 -0.00564305 2.06076 
1.09374 0.284485 0.00543285 2.061 
1.09343 0.286837 0.000310652 2.06103 
1.09129 0.294003 -0.00446027 2.05734 
1.08936 0.296703 -0.0149639 2.05457 
1.09252 0.286859 -0.0107588 2.05884 
1.09097 0.291367 -0.0097972 2.05602 
1.08803 0.304817 0.00100437 2.05227 
1.0895 0.299239 0.00240531 2.05423 
1.08759 0.306794 0.00885657 2.0514 
1.08816 0.302229 0.00443668 2.05163 
1.08516 0.31537 0.00444878 2.04792 
1.08493 0.314927 -0.000197935 2.04722 
1.08637 0.310113 -0.000805533 2.0497 
1.08529 0.312722 0.00153114 2.04744 
1.08424 0.319735 0.014911 2.04636 
1.08507 0.316245 0.00944719 2.04767 
1.08594 0.312767 0.0121057 2.04876 
1.08497 0.315652 0.0118647 2.04707 
1.08258 0.32379 0.00754332 2.04367 
1.08255 0.322852 0.00353015 2.04348 
1.08372 0.319716 0.00556483 2.04534 
1.08285 0.321594 0.00525403 2.04376 
1.08476 0.309088 -0.0104171 2.04639 
1.08681 0.302537 -0.013534 2.04974 
1.08697 0.306021 -0.00550295 2.05028 
1.08672 0.306049 -0.009366 2.05029 
1.08797 0.303651 -0.0035083 2.0517 
1.08835 0.300449 -0.0113777 2.05269 
1.08977 0.297446 -0.00235677 2.05415 
1.08882 0.300828 -0.00636151 2.05325 
1.08392 0.315576 -0.00371754 2.04529 
1.0818 0.318087 -0.00596789 2.0415 
1.0833 0.313223 -0.00846877 2.0439 
1.08343 0.316218 -0.00571371 2.04475 
1.08693 0.310149 0.00901511 2.05047 
1.08527 0.313901 0.00661941 2.04753 
1.08642 0.30778 0.00173465 2.04899 
1.08629 0.311391 0.00586229 2.04948 
1.08224 0.321441 0.000118542 2.04264 
1.08206 0.320623 -0.00369113 2.0424 
1.08331 0.317627 -0.00194507 2.04424 
1.08267 0.319671 -0.00192159 2.04314 
1.08408 0.31813 0.00397558 2.04579 
1.08273 0.321338 0.00178291 2.0436 
1.0838 0.31731 -0.000155232 2.04518 
1.08368 0.319201 0.00205363 2.04529 
1.08182 0.326195 0.00683885 2.04247 
1.08047 0.328312 0.00478669 2.04 
1.08158 0.324816 0.003334 2.04175 
1.08128 0.326561 0.00514098 2.04144 
1.08016 0.328411 0.00323716 2.03938 
1.07987 0.327743 3.00002e-05 2.03891 
1.08113 0.325177 0.00165113 2.04089 
1.08052 0.327023 0.00162961 2.03983 
1.08162 0.32353 -0.000142028 2.04162 
1.07958 0.325597 -0.00207002 2.03796 
1.08071 0.32202 -0.00398843 2.03976 
1.08095 0.324272 -0.00181014 2.04067 
1.07776 0.337455 0.0123941 2.03563 
1.07716 0.339157 0.0103225 2.03474 
1.07789 0.337149 0.00918671 2.03597 
1.07773 0.338035 0.0107542 2.0358 
1.07761 0.331963 0.00137147 2.03481 
1.07862 0.328905 -0.000297908 2.03644 
1.07948 0.330177 0.00307556 2.03818 
1.07886 0.330838 0.00158373 2.0373 
1.07413 0.345246 0.00954356 2.0297 
1.0733 0.34534 0.00865574 2.02801 
1.07389 0.34366 0.00767863 2.02895 
1.07386 0.344768 0.00889072 2.02914 
1.07376 0.349586 0.0172477 2.02974 
1.07319 0.351676 0.0191016 2.02952 
1.07349 0.350663 0.016609 2.02934 
1.07352 0.350467 0.017618 2.02959 
1.07549 0.343715 0.0114893 2.03197 
1.07587 0.343387 0.013964 2.0328 
1.07489 0.345388 0.0130967 2.03105 
1.07549 0.344465 0.0127691 2.0322 
1.07454 0.348357 0.0194544 2.03204 
1.07378 0.351301 0.0197642 2.03088 
1.07449 0.348976 0.0178933 2.03148 
1.07417 0.349485 0.0187578 2.03142 
1.06984 0.359152 0.0163948 2.02305 
1.07025 0.358867 0.0170067 2.0239 
1.0698 0.360074 0.0174247 2.0232 
1.06993 0.359371 0.0168666 2.02329 
1.07026 0.354368 0.0129642 2.02318 
1.07041 0.355763 0.0142308 2.0237 
1.0699 0.355474 0.0133069 2.02258 
1.07023 0.355097 0.0136041 2.0233 
1.07129 0.354803 0.0144021 2.02524 
1.0713 0.355638 0.015626 2.02544 
1.07086 0.356049 0.0149006 2.0246 
1.07119 0.355553 0.015034 2.02523 
1.07106 0.351981 0.012027 2.02445 
1.07128 0.353333 0.0132626 2.0251 
1.07067 0.353141 0.0124657 2.02382 
1.07109 0.352766 0.0126924 2.02469 
1.07239 0.355159 0.0192804 2.02857 
1.07283 0.35458 0.0205714 2.0297 
1.07212 0.357585 0.0212748 2.02868 
1.07242 0.355628 0.0200947 2.02891 
1.07135 0.357939 0.0194086 2.0268 
1.07198 0.356045 0.0189288 2.02752 
1.07151 0.35833 0.0208492 2.02755 
1.07162 0.357306 0.0198774 2.02728 
1.07165 0.355168 0.0163042 2.02627 
1.07206 0.353874 0.015637 2.02682 
1.07205 0.35433 0.0171389 2.02718 
1.07194 0.354559 0.0163465 2.02686 
1.07293 0.355509 0.0213775 2.03015 
1.07247 0.356629 0.0237812 2.02987 
1.07199 0.358066 0.0220503 2.02884 
1.07244 0.356978 0.0224605 2.02958 
1.07439 0.347609 0.0143437 2.03048 
1.07421 0.348338 0.015886 2.03029 
1.07372 0.349516 0.0154204 2.02937 
1.07413 0.348605 0.015175 2.03013 
1.07399 0.352658 0.0241374 2.0323 
1.07299 0.355311 0.0242973 2.03076 
1.07346 0.354263 0.0219347 2.03107 
1.07336 0.354121 0.0233277 2.0312 
1.069 0.362685 0.0191002 2.02222 
1.06926 0.362946 0.0198857 2.0231 
1.06893 0.363485 0.0198769 2.02237 
1.06907 0.363043 0.0195497 2.02254 
0.999303 0.277108 0.413844 1.90826 
1.02125 0.220246 0.402543 1.94421 
0.969697 0.274682 0.454639 1.85606 
0.991986 0.262752 0.431923 1.89836 
1.06889 0.36012 0.0231301 2.02138 
1.06918 0.359855 0.0228893 2.02193 
1.06898 0.359045 0.0235881 2.02133 
1.06897 0.359775 0.0232131 2.02145 
1.06854 0.361293 0.0230635 2.02083 
1.06874 0.360652 0.0231606 2.02111 
1.06855 0.360267 0.0235757 2.02063 
1.06861 0.360731 0.023309 2.02083 
1.06866 0.361788 0.0227864 2.02117 
1.06888 0.362367 0.0223014 2.02182 
1.06881 0.36118 0.0228327 2.02141 
1.06879 0.361771 0.0226137 2.02145 
1.07299 0.348977 0.0117381 2.02786 
1.07261 0.350027 0.0122577 2.02724 
1.07246 0.349079 0.011063 2.02689 
1.0728 0.349299 0.0115827 2.02752 
1.07392 0.346304 0.010546 2.02934 
1.07351 0.347768 0.0115258 2.02868 
1.07339 0.346453 0.00979678 2.02841 
1.07362 0.346825 0.0104267 2.02884 
1.07421 0.346603 0.0111566 2.02985 
1.07431 0.346807 0.0125147 2.03006 
1.0738 0.347924 0.0120304 2.02918 
1.07417 0.347271 0.0118597 2.02989 
1.06974 0.36331 0.0256774 2.02514 
1.07006 0.362974 0.023725 2.02601 
1.07032 0.361632 0.0255389 2.0262 
1.07004 0.362481 0.0248275 2.02578 
1.06908 0.362284 0.0187552 2.02228 
1.06947 0.361461 0.018311 2.02294 
1.06937 0.362466 0.0195137 2.0232 
1.06936 0.362058 0.0189227 2.0229 
1.06859 0.363806 0.0195249 2.02145 
1.06884 0.362962 0.0190576 2.02183 
1.06883 0.363677 0.0197317 2.022 
1.06875 0.363549 0.0195216 2.0218 
1.06898 0.361161 0.01752 2.02162 
1.06938 0.361086 0.0178011 2.02256 
1.06908 0.361871 0.018308 2.02206 
1.06914 0.361366 0.0178236 2.02198 
1.0707 0.355392 0.0143627 2.02423 
1.07069 0.353947 0.0131952 2.02406 
1.07111 0.354135 0.0138874 2.02486 
1.07087 0.354555 0.013764 2.02445 
1.06833 0.367441 0.0145696 2.02211 
1.06778 0.368892 0.0162775 2.02114 
1.06776 0.368965 0.0137445 2.02076 
1.06797 0.368435 0.0145412 2.02125 
1.06924 0.363528 0.0203396 2.02354 
1.06895 0.365055 0.0195581 2.02354 
1.06944 0.363819 0.0194727 2.02421 
1.06913 0.364241 0.0199603 2.0237 
1.06782 0.368644 0.0189904 2.02204 
1.06765 0.369172 0.017816 2.02128 
1.06817 0.368055 0.017716 2.02249 
1.06788 0.368373 0.0181625 2.02182 
1.06822 0.365003 0.0220018 2.02113 
1.06804 0.364979 0.0222401 2.02063 
1.06797 0.366072 0.0218968 2.02101 
1.06807 0.365186 0.0221538 2.02086 
1.06819 0.361252 0.0234122 2.02008 
1.06828 0.36235 0.02291 2.02046 
1.06838 0.361785 0.023017 2.02059 
1.0683 0.36178 0.0231187 2.02043 
1.06774 0.363923 0.0226997 2.01962 
1.06772 0.364739 0.0225102 2.01979 
1.0679 0.364578 0.0225205 2.0201 
1.06779 0.364494 0.0225996 2.01985 
1.06704 0.370457 0.0212405 2.02025 
1.06703 0.370633 0.0217979 2.01999 
1.06701 0.370747 0.0207415 2.01984 
1.06702 0.370741 0.0212702 2.02007 
1.06709 0.370332 0.0213746 2.02095 
1.06707 0.370479 0.021147 2.02077 
1.06716 0.370252 0.0206496 2.02094 
1.06711 0.370325 0.0211446 2.02087 
1.06706 0.370426 0.0217156 2.02094 
1.06699 0.370646 0.0219404 2.02078 
1.06703 0.370526 0.021529 2.0207 
1.06699 0.370618 0.0217344 2.02077 
1.06913 0.364905 0.0256878 2.02392 
1.06882 0.365387 0.026016 2.02271 
1.06853 0.366643 0.024472 2.02331 
1.06872 0.365485 0.02556 2.02309 
1.06659 0.37168 0.0222045 2.01883 
1.06698 0.370817 0.0225293 2.01963 
1.06696 0.37077 0.0235013 2.01947 
1.06687 0.371105 0.022704 2.01932 
1.06738 0.370341 0.017979 2.02035 
1.06704 0.370936 0.0193759 2.01973 
1.06674 0.371474 0.0180236 2.01913 
1.06703 0.3707 0.0182021 2.01961 
1.06736 0.369861 0.0183003 2.02058 
1.06722 0.370015 0.0197095 2.0207 
1.06715 0.370516 0.0195205 2.0201 
1.06726 0.370189 0.0194091 2.02056 
1.07 0.361564 0.0305897 2.0239 
1.06973 0.363065 0.0272255 2.02445 
1.07018 0.361468 0.0271153 2.02535 
1.06998 0.362251 0.0282957 2.0247 
1.06722 0.36358 0.0415188 2.01886 
1.06914 0.363269 0.0362556 2.02312 
1.06975 0.360897 0.0394613 2.02422 
1.06864 0.362613 0.0392631 2.02176 
1.06854 0.365883 0.0258241 2.02215 
1.06799 0.367534 0.0247158 2.02172 
1.06824 0.367131 0.0243959 2.02276 
1.06831 0.367026 0.0247949 2.02232 
1.0682 0.366863 0.0314312 2.0214 
1.06889 0.365249 0.0286226 2.02244 
1.06936 0.363828 0.0314451 2.02322 
1.06876 0.364928 0.0302319 2.02193 
1.06674 0.364472 0.0394093 2.01763 
1.06736 0.366462 0.0338267 2.01954 
1.0683 0.364473 0.0338486 2.02121 
1.06748 0.365677 0.0353395 2.0197 
1.06573 0.368566 0.0308506 2.01623 
1.06588 0.370559 0.027368 2.01711 
1.06669 0.368418 0.0301056 2.01838 
1.06614 0.369207 0.0297872 2.01735 
1.06713 0.36987 0.0264713 2.01959 
1.06624 0.371114 0.026085 2.01807 
1.06703 0.370635 0.0249934 2.01957 
1.0668 0.370515 0.0257949 2.01901 
1.06769 0.363048 0.0190625 2.01929 
1.06735 0.362628 0.0189507 2.01856 
1.06746 0.362305 0.0185033 2.01873 
1.06749 0.362596 0.0188488 2.01886 
1.06776 0.363604 0.019409 2.01953 
1.06766 0.364121 0.0197504 2.01944 
1.06741 0.362974 0.0193032 2.01877 
1.06763 0.36359 0.019456 2.01925 
1.06833 0.363804 0.0193961 2.02077 
1.06802 0.36358 0.0191812 2.02005 
1.0682 0.363071 0.0187433 2.02032 
1.0682 0.363525 0.0191597 2.02045 
1.06829 0.364315 0.0197912 2.02096 
1.06812 0.364966 0.0202417 2.02081 
1.06806 0.364097 0.0195994 2.02023 
1.06817 0.364429 0.0198399 2.0206 
1.06878 0.361452 0.017464 2.0212 
1.06882 0.36221 0.018261 2.02149 
1.06844 0.362317 0.0181501 2.02066 
1.0687 0.362105 0.018016 2.02123 
1.06867 0.364674 0.0205227 2.02216 
1.06835 0.36597 0.0212049 2.02209 
1.06853 0.364726 0.0202252 2.02174 
1.06851 0.3649 0.0204505 2.0219 
1.06778 0.36647 0.021202 2.02054 
1.06767 0.36669 0.0214014 2.02033 
1.06769 0.365978 0.0210018 2.02002 
1.06772 0.366446 0.0212056 2.0203 
1.06856 0.360436 0.0166585 2.02063 
1.06803 0.360557 0.0167389 2.0196 
1.0683 0.359897 0.01598 2.02004 
1.06833 0.360405 0.0165307 2.02021 
1.06813 0.366625 0.0214664 2.02192 
1.06795 0.36719 0.0216956 2.0216 
1.06808 0.366039 0.0209219 2.02119 
1.06803 0.366593 0.0213413 2.02154 
1.06762 0.361836 0.0179797 2.01898 
1.06779 0.361376 0.0174685 2.01924 
1.06804 0.362143 0.0181113 2.01984 
1.06781 0.361767 0.0178511 2.01935 
1.06707 0.370453 0.0210272 2.0205 
1.06708 0.370658 0.0204693 2.02012 
1.06718 0.37025 0.0204667 2.02075 
1.06711 0.370363 0.0205191 2.02042 
1.04209 0.425805 0.0206394 1.9801 
1.03639 0.438955 0.0214721 1.97116 
1.04117 0.430489 0.0133296 1.97984 
1.04028 0.429873 0.0179647 1.97716 
1.05994 0.382214 0.0268588 2.00681 
1.06061 0.380107 0.0338638 2.00747 
1.05838 0.393525 0.0331575 2.00466 
1.05955 0.382262 0.0303418 2.0055 
1.04527 0.415768 0.047792 1.98444 
1.0419 0.420886 0.0585635 1.9783 
1.04057 0.427724 0.0444029 1.97721 
1.04284 0.422317 0.0483595 1.981 
1.05263 0.407846 0.0180009 1.9965 
1.0538 0.403364 0.026246 1.99813 
1.04829 0.416322 0.0250423 1.99091 
1.05121 0.407119 0.0229917 1.99409 
1.04743 0.409807 0.0602984 1.98761 
1.04219 0.421486 0.065375 1.98056 
1.04626 0.415395 0.0526698 1.98741 
1.04538 0.415707 0.0604273 1.98586 
1.08233 0.324944 0.016223 2.0443 
1.08203 0.328095 0.00381934 2.04445 
1.08553 0.31768 0.0109592 2.05007 
1.08382 0.322638 0.0102619 2.04725 
1.07805 0.338617 0.0219426 2.03757 
1.07822 0.338888 0.0169802 2.03825 
1.07989 0.333562 0.0201032 2.04074 
1.07878 0.336733 0.0200231 2.03886 
1.07546 0.346873 0.0156887 2.03364 
1.07505 0.349117 0.0122501 2.0335 
1.07668 0.343723 0.0141276 2.03577 
1.07591 0.346322 0.0140144 2.03474 
1.0792 0.338437 -0.000554578 2.04034 
1.07717 0.343195 0.00227798 2.03661 
1.07615 0.346663 -0.00392332 2.03499 
1.07748 0.34177 -0.00149103 2.03708 
1.02504 0.458698 -0.0392306 1.95185 
1.02636 0.454519 -0.0332703 1.9532 
1.02233 0.463185 -0.033101 1.947 
1.02512 0.45986 -0.0357677 1.95215 
1.02716 0.451324 -0.0568391 1.95511 
1.03145 0.44284 -0.0605419 1.96206 
1.0319 0.445175 -0.050951 1.96309 
1.03038 0.446713 -0.055822 1.96089 
1.0299 0.444534 -0.0906904 1.96142 
1.03225 0.440944 -0.0832632 1.96505 
1.02719 0.449353 -0.0865468 1.95651 
1.03 0.445172 -0.0871332 1.96158 
1.03764 0.430394 -0.0871819 1.9742 
1.04027 0.42505 -0.0835415 1.97776 
1.03611 0.43398 -0.0807006 1.97114 
1.03793 0.429723 -0.0840037 1.97413 
1.0313 0.441121 -0.0911947 1.96353 
1.03442 0.434904 -0.0896572 1.96851 
1.03346 0.437943 -0.0827315 1.96668 
1.03321 0.437666 -0.0875271 1.96649 
1.02331 0.452909 -0.0971971 1.95048 
1.02721 0.44905 -0.0939907 1.95692 
1.02548 0.455173 -0.0899281 1.95444 
1.02501 0.452388 -0.0941843 1.9534 
1.02938 0.441931 -0.105435 1.96028 
1.03256 0.435329 -0.105004 1.96549 
1.03018 0.442192 -0.0974802 1.96168 
1.0305 0.438598 -0.10248 1.96131 
1.04836 0.4062 -0.0779085 1.98953 
1.05035 0.402049 -0.06888 1.99246 
1.04494 0.415085 -0.0718119 1.98421 
1.04841 0.40803 -0.0738756 1.99016 
1.0391 0.431649 -0.0533177 1.97495 
1.04138 0.426816 -0.0471185 1.97826 
1.03606 0.439376 -0.0475312 1.97035 
1.03854 0.433201 -0.0502133 1.97412 
1.03505 0.435905 -0.0665291 1.96837 
1.036 0.434047 -0.0738553 1.97039 
1.03968 0.426041 -0.0708669 1.97588 
1.03675 0.431417 -0.0704779 1.97085 
1.03375 0.441181 -0.0490106 1.96429 
1.03439 0.438307 -0.0584707 1.96704 
1.03657 0.433928 -0.0552279 1.96986 
1.03475 0.437111 -0.0546422 1.96746 
1.02958 0.446631 -0.0712842 1.9597 
1.033 0.439861 -0.0744196 1.96554 
1.03248 0.440819 -0.0672245 1.96416 
1.03181 0.442578 -0.0708556 1.96352 
1.04319 0.42187 -0.0385927 1.98072 
1.04525 0.417936 -0.0322622 1.98376 
1.04014 0.429476 -0.032438 1.97566 
1.04279 0.422659 -0.0352746 1.97983 
1.04433 0.418213 -0.0547933 1.98309 
1.04227 0.423177 -0.0476608 1.97913 
1.04113 0.427008 -0.0556048 1.9783 
1.04278 0.423226 -0.0520095 1.98056 
1.04854 0.412582 -0.0522079 1.99105 
1.05113 0.40595 -0.0469796 1.9944 
1.04571 0.419244 -0.0458378 1.98544 
1.04812 0.411654 -0.0486927 1.98905 
1.06562 0.372221 0.00273795 2.01668 
1.06301 0.377738 0.00742895 2.01253 
1.06379 0.375954 -0.00110704 2.01401 
1.06422 0.376209 0.00351457 2.01505 
1.06878 0.366074 0.0152571 2.02322 
1.06928 0.364689 0.016404 2.02421 
1.06863 0.366598 0.0168765 2.02322 
1.06888 0.365876 0.0160264 2.02358 
1.07094 0.360779 0.00414359 2.0262 
1.07145 0.359218 0.00819926 2.02732 
1.0702 0.362798 0.00749675 2.02509 
1.07087 0.361528 0.00682392 2.02635 
1.07312 0.35379 0.0164576 2.03009 
1.07338 0.352054 0.0183725 2.03015 
1.07263 0.354244 0.0183556 2.02902 
1.07303 0.353443 0.0174968 2.02975 
1.07195 0.357564 0.0120529 2.02842 
1.07264 0.355206 0.0143547 2.02944 
1.07171 0.35786 0.0151203 2.02797 
1.07198 0.356856 0.0134903 2.0283 
1.07446 0.351091 0.0128871 2.03266 
1.07484 0.348937 0.0154406 2.03286 
1.07374 0.352551 0.0148665 2.03121 
1.07423 0.350935 0.0141607 2.03202 
1.07221 0.356689 0.0111685 2.02883 
1.07396 0.352767 0.0119352 2.03193 
1.07303 0.354315 0.013878 2.03009 
1.07297 0.354074 0.0124929 2.03003 
1.07752 0.342423 0.00447203 2.03752 
1.07941 0.336023 0.00181185 2.04029 
1.07839 0.339111 0.0097933 2.03873 
1.07836 0.338852 0.00617205 2.0386 
1.0742 0.352165 0.00561563 2.03207 
1.07581 0.347901 0.00532793 2.03486 
1.07479 0.350122 0.00892145 2.03312 
1.07482 0.349753 0.00685053 2.03298 
1.07415 0.35204 0.00265865 2.03182 
1.07562 0.349764 -0.00452967 2.03491 
1.07614 0.346197 0.00129374 2.03522 
1.07493 0.350014 -0.00076331 2.03315 
1.0651 0.374261 0.011433 2.01612 
1.06331 0.377877 0.0103913 2.01353 
1.06568 0.373042 0.00674877 2.01702 
1.06473 0.374351 0.00900259 2.01516 
1.06648 0.371731 0.0158728 2.01854 
1.06597 0.371883 0.0131614 2.01743 
1.06701 0.370755 0.0133764 2.01946 
1.06644 0.371344 0.0137547 2.01832 
1.06587 0.372162 0.0164845 2.0173 
1.06473 0.373506 0.0178999 2.01501 
1.06527 0.372803 0.0138786 2.01604 
1.06536 0.373152 0.0163838 2.0164 
1.07242 0.353135 0.0156917 2.0275 
1.073 0.351892 0.015745 2.02855 
1.07246 0.353488 0.017151 2.02793 
1.07256 0.352676 0.016279 2.02771 
1.07163 0.354314 0.0144788 2.02587 
1.07206 0.353751 0.0150582 2.02661 
1.07159 0.355087 0.015777 2.02598 
1.07174 0.354286 0.0150322 2.02605 
1.07258 0.351465 0.0135703 2.02734 
1.073 0.351172 0.0147974 2.02816 
1.07241 0.352309 0.0147023 2.02711 
1.07274 0.351714 0.01426 2.02766 
1.07195 0.349437 0.0107974 2.02588 
1.07227 0.350539 0.0120664 2.02664 
1.07152 0.350636 0.0113933 2.02518 
1.07203 0.350273 0.0115616 2.02622 
1.07235 0.348336 0.0102722 2.02652 
1.0729 0.346881 0.0094883 2.02743 
1.07321 0.348258 0.0112486 2.02818 
1.07298 0.347828 0.0105058 2.02782 
1.07105 0.35916 0.0202516 2.02647 
1.07126 0.35957 0.0216265 2.02737 
1.07069 0.361605 0.0220729 2.02667 
1.07098 0.360253 0.0211394 2.02686 
1.07053 0.358853 0.0178676 2.02476 
1.07075 0.358791 0.0187399 2.02542 
1.07035 0.360054 0.019173 2.02485 
1.07067 0.359151 0.0184466 2.02529 
1.07253 0.353423 0.0178167 2.02809 
1.07308 0.351453 0.0165568 2.02859 
1.07306 0.352542 0.0189909 2.02944 
1.07294 0.352676 0.0178918 2.02902 
1.07073 0.358095 0.0171917 2.02488 
1.07116 0.356735 0.0168473 2.02563 
1.07103 0.35804 0.0183027 2.02565 
1.07105 0.357547 0.01756 2.02554 
1.07158 0.352885 0.0133481 2.02563 
1.07156 0.351538 0.0122287 2.02548 
1.07212 0.351451 0.0128826 2.02651 
1.07178 0.352013 0.0127183 2.02591 
1.06709 0.370412 0.0220472 2.02091 
1.06695 0.37071 0.0220234 2.02084 
1.06706 0.370405 0.0218374 2.02091 
1.06704 0.370476 0.0220103 2.02089 
1.06703 0.370465 0.0223482 2.02058 
1.06716 0.370139 0.0229076 2.02078 
1.06706 0.370452 0.0224054 2.0202 
1.06703 0.370343 0.0224864 2.02042 
1.06701 0.370553 0.0216102 2.02037 
1.06699 0.370564 0.0220191 2.02052 
1.06701 0.370582 0.022021 2.02008 
1.06701 0.370558 0.0218911 2.02036 
1.06708 0.370406 0.022246 2.02091 
1.06713 0.370521 0.0224122 2.02109 
1.06699 0.37069 0.0222451 2.02089 
1.06705 0.370593 0.0222425 2.02095 
1.06746 0.367845 0.0216998 2.02051 
1.06747 0.368788 0.0220453 2.02109 
1.06741 0.368513 0.0219659 2.02072 
1.06745 0.368441 0.0219541 2.02083 
1.06734 0.369979 0.0225271 2.02142 
1.06719 0.370133 0.0228987 2.02115 
1.06718 0.370303 0.0225395 2.0212 
1.06721 0.370214 0.0226636 2.02127 
1.06735 0.36905 0.0221664 2.02094 
1.06743 0.369444 0.0223404 2.02133 
1.06727 0.370041 0.0224086 2.02122 
1.06733 0.369583 0.0222907 2.02114 
1.06728 0.369112 0.022146 2.02067 
1.06732 0.369093 0.022144 2.02078 
1.06724 0.370084 0.0223811 2.02108 
1.06727 0.369147 0.0221611 2.02073 
1.06735 0.368287 0.0219736 2.02035 
1.06745 0.367212 0.0217498 2.02002 
1.06739 0.36833 0.0219557 2.02051 
1.06741 0.36823 0.0219756 2.02039 
1.06748 0.367109 0.0216896 2.02002 
1.0675 0.367414 0.0216761 2.02027 
1.06743 0.368231 0.0219187 2.02053 
1.06745 0.36751 0.0216806 2.02022 
1.06738 0.36548 0.0215725 2.01914 
1.06747 0.366474 0.0216194 2.01964 
1.06744 0.366457 0.0217713 2.01956 
1.06744 0.366389 0.0217119 2.01953 
1.06738 0.365106 0.0209384 2.01911 
1.06739 0.364251 0.0205305 2.01893 
1.06757 0.3656 0.0208137 2.0196 
1.06743 0.365014 0.020838 2.01921 
1.0676 0.366619 0.0213883 2.02004 
1.0675 0.36576 0.0211514 2.01946 
1.06761 0.36596 0.0209906 2.01978 
1.06758 0.366056 0.0210937 2.01975 
1.06723 0.364566 0.0212884 2.01866 
1.06711 0.363893 0.0209577 2.01825 
1.0673 0.364689 0.0210506 2.01885 
1.06722 0.3645 0.0211883 2.01862 
1.06731 0.364597 0.0209115 2.01884 
1.06712 0.363816 0.0207726 2.01826 
1.06731 0.364067 0.0205229 2.01871 
1.06724 0.364146 0.0207278 2.01857 
1.0681 0.367544 0.022106 2.0224 
1.06823 0.367707 0.0232932 2.023 
1.06785 0.368622 0.0228784 2.02232 
1.06804 0.368155 0.0227189 2.02261 
1.06852 0.366935 0.0234903 2.02351 
1.06887 0.366295 0.0224858 2.02379 
1.06894 0.365868 0.0229942 2.02409 
1.06872 0.36641 0.0229118 2.02377 
1.06758 0.367791 0.0216779 2.02066 
1.0677 0.367518 0.0215292 2.02087 
1.06755 0.368714 0.0220625 2.02122 
1.0676 0.367767 0.0217521 2.02084 
1.07071 0.357638 0.0165639 2.02462 
1.07076 0.356779 0.015485 2.02454 
1.07117 0.35637 0.0162073 2.02536 
1.07085 0.356896 0.0160079 2.02474 
1.06985 0.360459 0.0179399 2.02349 
1.07027 0.359314 0.0175714 2.02415 
1.07013 0.36052 0.0187885 2.0243 
1.0701 0.360034 0.0181583 2.02398 
1.06996 0.358399 0.0157773 2.02317 
1.07038 0.357225 0.0153838 2.02384 
1.07038 0.358133 0.0164136 2.02401 
1.07026 0.357939 0.0159164 2.02373 
1.0718 0.35756 0.0290524 2.02811 
1.07124 0.359351 0.0269685 2.02762 
1.07193 0.356754 0.0263046 2.02889 
1.0716 0.357973 0.02753 2.02821 
1.0722 0.35532 0.0365788 2.02694 
1.07207 0.356231 0.0324109 2.02768 
1.07272 0.353389 0.0323624 2.02912 
1.07248 0.3552 0.033969 2.02822 
1.07045 0.360488 0.031975 2.02448 
1.07075 0.360396 0.028505 2.02596 
1.07132 0.35848 0.0303999 2.02644 
1.0709 0.35961 0.0303135 2.02585 
1.06903 0.364287 0.0273717 2.02254 
1.06947 0.363543 0.0271032 2.02392 
1.06967 0.362059 0.0300304 2.023 
1.06942 0.363622 0.0278198 2.02337 
1.06758 0.369137 0.0259123 2.02035 
1.0673 0.369841 0.0247262 2.02 
1.06762 0.368412 0.0248144 2.02066 
1.06752 0.369252 0.0252076 2.02046 
1.06845 0.36654 0.0264677 2.02194 
1.06792 0.368356 0.0265394 2.021 
1.06795 0.367802 0.0252491 2.02142 
1.06802 0.367248 0.0260554 2.02101 
1.06732 0.368134 0.0295151 2.0197 
1.0663 0.370681 0.0269108 2.01812 
1.06723 0.369223 0.0272615 2.01972 
1.06691 0.369677 0.027781 2.01921 
1.06836 0.366267 0.0276786 2.02136 
1.06767 0.367796 0.0302283 2.02045 
1.06756 0.368548 0.0275726 2.02015 
1.06811 0.367861 0.0287393 2.02122 
1.06454 0.373375 0.0279948 2.01486 
1.06541 0.370969 0.0270455 2.0161 
1.06536 0.370483 0.0305124 2.01598 
1.065 0.371173 0.027865 2.01529 
1.06425 0.374182 0.0249702 2.01438 
1.06435 0.374008 0.0215005 2.01451 
1.0652 0.371746 0.0243205 2.01575 
1.06458 0.373134 0.0242187 2.01484 
1.06701 0.37046 0.0226502 2.01986 
1.06717 0.369883 0.0232482 2.02043 
1.06704 0.370298 0.0236219 2.0197 
1.06714 0.370209 0.0232409 2.02015 
1.06732 0.369568 0.0233347 2.02117 
1.06754 0.369274 0.0232985 2.02188 
1.06765 0.368535 0.023949 2.02136 
1.06752 0.369283 0.0234645 2.02154 
1.06864 0.366533 0.0239523 2.02379 
1.0691 0.36553 0.0234427 2.02456 
1.0693 0.364566 0.0249502 2.02457 
1.069 0.365775 0.0240217 2.02425 
1.07001 0.363336 0.0220892 2.02562 
1.06956 0.364695 0.0224665 2.02501 
1.06955 0.363498 0.0211439 2.02453 
1.06965 0.363863 0.0217901 2.02504 
1.07058 0.360976 0.0249177 2.02683 
1.07034 0.36221 0.0229636 2.02646 
1.07102 0.360436 0.0226238 2.02739 
1.07057 0.361414 0.0236525 2.02694 
1.06945 0.364058 0.0251214 2.02482 
1.06929 0.364984 0.0234089 2.02476 
1.06976 0.363706 0.0231058 2.02556 
1.06948 0.364383 0.0240056 2.02513 
1.06776 0.368804 0.0233495 2.02223 
1.06812 0.367786 0.0238766 2.02278 
1.06784 0.368229 0.0241337 2.02176 
1.06777 0.368259 0.0238538 2.02213 
1.06747 0.369769 0.0226808 2.02166 
1.0675 0.369432 0.0230194 2.0218 
1.06725 0.369876 0.0230767 2.02119 
1.0674 0.369768 0.0228845 2.02164 
1.06754 0.369172 0.0223257 2.02158 
1.06771 0.368412 0.0220874 2.02166 
1.06767 0.369036 0.0226239 2.02197 
1.06767 0.368965 0.022415 2.02186 
1.0683 0.367153 0.0218749 2.02268 
1.06849 0.366546 0.0220884 2.023 
1.0683 0.367319 0.0231104 2.02303 
1.06843 0.36699 0.0224053 2.02296 
1.06895 0.365341 0.0217053 2.02359 
1.06925 0.363915 0.0209585 2.02375 
1.06922 0.365232 0.0222828 2.02433 
1.06915 0.365004 0.0218543 2.02405 
1.06868 0.364833 0.0206914 2.02257 
1.06866 0.365805 0.0214688 2.02298 
1.06839 0.366252 0.0213056 2.02252 
1.06861 0.365898 0.0211809 2.02288 
1.06967 0.362653 0.0203348 2.02429 
1.07 0.361467 0.0199079 2.02467 
1.07012 0.362545 0.0214095 2.02559 
1.06995 0.362249 0.020672 2.02497 
1.06888 0.364478 0.0205104 2.0229 
1.06921 0.363939 0.0205147 2.02365 
1.0689 0.365326 0.0212943 2.02349 
1.06891 0.364413 0.0207662 2.02313 
1.07025 0.361008 0.0200845 2.02522 
1.07073 0.359673 0.0197024 2.02573 
1.07033 0.362135 0.0216978 2.02595 
1.07037 0.360722 0.0206277 2.02546 
1.06969 0.361142 0.0185406 2.02338 
1.06994 0.36122 0.0193668 2.02419 
1.06959 0.362251 0.0197522 2.02377 
1.06975 0.361572 0.0191347 2.02376 
1.06848 0.359828 0.015709 2.02039 
1.06868 0.358823 0.0150699 2.02065 
1.06876 0.360197 0.016461 2.02103 
1.06862 0.35933 0.0158976 2.0206 
1.06978 0.35776 0.0152308 2.02273 
1.06984 0.356226 0.0140149 2.02269 
1.07025 0.35656 0.0148435 2.0235 
1.06998 0.35694 0.0146646 2.023 
1.06905 0.360526 0.0169614 2.02166 
1.06947 0.359523 0.0163139 2.02236 
1.06949 0.360498 0.0173188 2.02258 
1.06937 0.360262 0.0169476 2.0223 
1.06905 0.357826 0.0142875 2.02121 
1.06941 0.356733 0.0137613 2.02182 
1.06954 0.358077 0.0151512 2.02229 
1.06937 0.357451 0.0144804 2.02192 
1.06844 0.362936 0.0186907 2.02085 
1.06874 0.362865 0.0188292 2.02155 
1.06852 0.363638 0.0193277 2.02123 
1.06855 0.363099 0.0188585 2.02111 
1.06805 0.361277 0.017398 2.01977 
1.06857 0.36116 0.0172418 2.02081 
1.06828 0.362008 0.0179838 2.02033 
1.06829 0.361414 0.0175056 2.02023 
1.06887 0.359918 0.0165241 2.02124 
1.06897 0.358487 0.0151196 2.02124 
1.06933 0.358812 0.0158079 2.02195 
1.06914 0.359163 0.0157471 2.02163 
1.06788 0.363122 0.0189445 2.01971 
1.06763 0.362245 0.0184007 2.01907 
1.06804 0.362629 0.0184807 2.01994 
1.06786 0.36264 0.018621 2.01956 
1.06736 0.365377 0.0214886 2.01908 
1.06743 0.365585 0.0213029 2.01926 
1.06749 0.366383 0.0215124 2.01963 
1.06743 0.365713 0.0213555 2.01928 
1.06723 0.363129 0.0195159 2.01838 
1.06736 0.363747 0.020135 2.01874 
1.06715 0.363415 0.0199408 2.01828 
1.06723 0.363306 0.0199363 2.01839 
1.06749 0.365851 0.0212284 2.01946 
1.06754 0.3667 0.0214401 2.01995 
1.0675 0.366504 0.0214751 2.01971 
1.06752 0.366442 0.0214534 2.01974 
1.06768 0.364837 0.0203088 2.01965 
1.06762 0.365507 0.0207329 2.01969 
1.06746 0.364191 0.0203825 2.01907 
1.06758 0.364879 0.0204053 2.01943 
1.06774 0.365259 0.0204623 2.01984 
1.0678 0.366216 0.0209815 2.02043 
1.06768 0.365749 0.0208104 2.0199 
1.06774 0.365747 0.0207987 2.02001 
1.06792 0.364138 0.0196611 2.01994 
1.06799 0.365051 0.0202643 2.02048 
1.06785 0.364652 0.0200188 2.0199 
1.06795 0.364628 0.0199965 2.02015 
1.06772 0.367908 0.0219066 2.02135 
1.06757 0.368645 0.0221143 2.02134 
1.06771 0.36745 0.0216381 2.02102 
1.06766 0.368019 0.0218458 2.02126 
1.068 0.366093 0.0209097 2.02097 
1.06784 0.367266 0.02158 2.02136 
1.06783 0.366773 0.0212457 2.02085 
1.06792 0.366692 0.0212576 2.02111 
1.06783 0.365211 0.0204529 2.02009 
1.06796 0.365582 0.0206474 2.02063 
1.06785 0.366173 0.0209652 2.02058 
1.06787 0.36564 0.0206711 2.02042 
1.06833 0.364872 0.0202057 2.02132 
1.06818 0.366055 0.0211363 2.02177 
1.06815 0.365533 0.0205998 2.02116 
1.06827 0.365478 0.0206713 2.02147 
1.06805 0.367616 0.0218766 2.02223 
1.0678 0.368772 0.0227116 2.0222 
1.0679 0.368201 0.022068 2.02199 
1.0679 0.368096 0.0222679 2.02201 
1.06761 0.364205 0.0199671 2.01934 
1.06739 0.363721 0.0200942 2.01881 
1.06732 0.363059 0.019581 2.0186 
1.06743 0.363661 0.0199594 2.0189 
1.06724 0.363773 0.0203288 2.01852 
1.06705 0.363554 0.0205965 2.01808 
1.0671 0.36341 0.0201818 2.01816 
1.06714 0.363539 0.0203553 2.01827 
1.06731 0.365293 0.0218451 2.01896 
1.06734 0.365387 0.0216494 2.01905 
1.06742 0.366342 0.0218469 2.01947 
1.06735 0.365466 0.021715 2.01908 
1.0674 0.367769 0.0219838 2.02018 
1.06744 0.366671 0.0220502 2.01972 
1.0674 0.36703 0.0219863 2.01976 
1.06742 0.367135 0.0219663 2.01986 
1.06724 0.364343 0.0221018 2.01864 
1.06711 0.363809 0.0220721 2.01827 
1.06721 0.364486 0.0219514 2.0186 
1.06719 0.364276 0.0220928 2.01854 
1.06703 0.363907 0.0213932 2.01809 
1.06704 0.363864 0.0210531 2.01809 
1.06719 0.364494 0.0213826 2.01856 
1.06708 0.363936 0.0213066 2.01821 
1.06717 0.364416 0.0218444 2.01851 
1.06706 0.363817 0.0219184 2.01813 
1.06702 0.363889 0.0216681 2.01806 
1.06708 0.363879 0.0218016 2.01821 
1.0419 0.407267 -0.132923 1.98094 
1.04547 0.401633 -0.125469 1.98589 
1.04268 0.40946 -0.122102 1.98142 
1.04357 0.405744 -0.126509 1.98286 
1.04344 0.390089 -0.154797 1.98332 
1.04179 0.401746 -0.144888 1.98049 
1.03587 0.40416 -0.158842 1.97233 
1.04093 0.398616 -0.149788 1.97993 
1.04806 0.390536 -0.138174 1.99032 
1.04702 0.39684 -0.129675 1.98896 
1.04432 0.400637 -0.137756 1.98481 
1.04622 0.39675 -0.134978 1.9877 
1.05252 0.36965 -0.147459 1.9983 
1.05046 0.380568 -0.143757 1.99484 
1.04757 0.379135 -0.151203 1.9903 
1.05005 0.375712 -0.146019 1.99374 
1.05637 0.364011 -0.140982 2.00442 
1.06046 0.361082 -0.132943 2.01079 
1.05683 0.37096 -0.134481 2.00481 
1.05819 0.364173 -0.136323 2.00643 
1.06719 0.369776 0.0221289 2.02081 
1.06729 0.36888 0.0220495 2.02052 
1.06726 0.369008 0.022094 2.02057 
1.06724 0.36905 0.0220222 2.02056 
1.06721 0.363535 0.022453 2.01842 
1.0673 0.364202 0.022303 2.01875 
1.06735 0.363898 0.0224461 2.01879 
1.0673 0.363871 0.0224287 2.0187 
1.06715 0.363602 0.0223204 2.01827 
1.0671 0.363736 0.0221647 2.0182 
1.06722 0.364146 0.0221999 2.01858 
1.06715 0.363731 0.0222079 2.01832 
1.06722 0.364558 0.0215115 2.01864 
1.0672 0.364499 0.0217483 2.01858 
1.06707 0.363932 0.0215596 2.01819 
1.06717 0.36445 0.0216474 2.01851 
1.06743 0.365965 0.0221309 2.01943 
1.06752 0.366015 0.0221513 2.01962 
1.0674 0.36515 0.0222197 2.01915 
1.06746 0.365875 0.0221739 2.01944 
1.06734 0.368315 0.0219968 2.02031 
1.06735 0.368125 0.0219318 2.02023 
1.0674 0.367267 0.0219352 2.01989 
1.06735 0.368033 0.0220477 2.02018 
1.06718 0.369893 0.022092 2.02085 
1.06718 0.369936 0.0218717 2.02092 
1.06728 0.369081 0.0221255 2.02066 
1.0672 0.369874 0.0219975 2.02089 
1.06048 0.366849 -0.12455 2.01051 
1.05813 0.370551 -0.129957 2.00671 
1.06107 0.361713 -0.129437 2.01133 
1.05998 0.367098 -0.127947 2.00992 
1.06745 0.36359 0.0226873 2.01895 
1.06759 0.363238 0.0228154 2.01917 
1.06748 0.362803 0.0229495 2.01885 
1.06751 0.36323 0.0228375 2.019 
1.06721 0.36342 0.0225472 2.01838 
1.06737 0.363692 0.0225125 2.01881 
1.06727 0.363259 0.0226706 2.0185 
1.06726 0.363388 0.022581 2.01849 
1.06755 0.366779 0.0221814 2.02011 
1.06747 0.368057 0.0220376 2.02057 
1.06761 0.367198 0.0220461 2.02047 
1.06757 0.367282 0.0221802 2.0204 
1.06741 0.364871 0.0223567 2.01911 
1.06752 0.365674 0.0222946 2.01956 
1.06746 0.36459 0.0224461 2.01917 
1.06746 0.36496 0.0223103 2.01924 
1.06741 0.36604 0.0219949 2.01936 
1.06733 0.365344 0.0219016 2.01902 
1.06743 0.366434 0.0218872 2.01953 
1.06741 0.365987 0.0220071 2.01935 
1.06751 0.366615 0.0221193 2.01983 
1.06745 0.366668 0.022083 2.01972 
1.06742 0.367704 0.0220312 2.02016 
1.06745 0.366736 0.0220902 2.01981 
1.06732 0.365022 0.0221388 2.01895 
1.0673 0.365159 0.0220137 2.01893 
1.06741 0.365895 0.0220639 2.01931 
1.06735 0.365237 0.022026 2.01903 
1.06315 0.351255 -0.131472 2.01475 
1.06167 0.347699 -0.136085 2.01358 
1.06363 0.340755 -0.133464 2.0157 
1.0621 0.344862 -0.131817 2.01274 
1.06701 0.347244 -0.124937 2.02046 
1.06377 0.350902 -0.128984 2.01542 
1.0648 0.338997 -0.129905 2.01704 
1.06564 0.347874 -0.128651 2.01872 
1.06628 0.35322 -0.122981 2.02018 
1.06265 0.362916 -0.123014 2.01429 
1.06343 0.35806 -0.127584 2.01587 
1.06385 0.357564 -0.124453 2.01567 
1.06769 0.368827 0.0192435 2.02173 
1.06744 0.369623 0.019782 2.02131 
1.06752 0.369339 0.0182734 2.02104 
1.06753 0.369354 0.0190088 2.02136 
1.06847 0.366174 0.018949 2.0229 
1.06796 0.367907 0.0192266 2.02217 
1.06835 0.367302 0.0180158 2.02278 
1.06822 0.367306 0.0186416 2.02262 
1.06932 0.364489 0.0171087 2.0243 
1.06883 0.365602 0.0185898 2.02353 
1.0686 0.366645 0.017557 2.02321 
1.06889 0.365482 0.0178821 2.02359 
1.06902 0.363098 0.0209076 2.02271 
1.06879 0.363351 0.02156 2.02212 
1.06862 0.364736 0.0209667 2.02232 
1.06881 0.363605 0.0212984 2.02238 
1.06775 0.366396 0.0222149 2.02046 
1.06792 0.365096 0.0224205 2.02029 
1.06775 0.365287 0.0224296 2.01999 
1.06779 0.365327 0.0223418 2.02012 
1.06795 0.368037 0.0202105 2.02219 
1.06833 0.366586 0.0207626 2.02243 
1.06809 0.367308 0.0208399 2.02202 
1.06813 0.367323 0.0205437 2.0222 
1.06829 0.364359 0.0221576 2.02107 
1.06822 0.36354 0.0225038 2.02064 
1.06807 0.364274 0.0224444 2.02045 
1.0682 0.364103 0.02234 2.02072 
1.06804 0.366818 0.0212769 2.02163 
1.0682 0.365408 0.0218494 2.02138 
1.06797 0.366386 0.0217503 2.02123 
1.06804 0.366206 0.0215233 2.02137 
1.06875 0.362956 0.0221668 2.02174 
1.06857 0.362461 0.0225854 2.02114 
1.06849 0.36386 0.0221066 2.02136 
1.06861 0.363083 0.0223433 2.02141 
1.06814 0.366676 0.021025 2.02189 
1.06841 0.365738 0.0211008 2.02221 
1.06832 0.365258 0.0216122 2.02166 
1.06826 0.36586 0.021319 2.02188 
1.06851 0.366305 0.0195918 2.0229 
1.06834 0.366313 0.020302 2.02233 
1.06794 0.367775 0.0197176 2.02208 
1.06829 0.366735 0.0200406 2.02247 
1.06881 0.365371 0.0198864 2.02319 
1.06906 0.363729 0.0206175 2.02311 
1.0686 0.365208 0.0207012 2.02261 
1.06881 0.364824 0.0202399 2.02303 
1.06997 0.361855 0.0198364 2.02477 
1.0694 0.362742 0.0204227 2.02366 
1.06964 0.363236 0.0195509 2.02454 
1.06968 0.362522 0.0199548 2.02442 
1.0696 0.360525 0.0219805 2.02314 
1.06938 0.360583 0.022425 2.02254 
1.06954 0.361577 0.0213004 2.02334 
1.06942 0.360719 0.0219715 2.02274 
1.06848 0.362494 0.0227938 2.02096 
1.06832 0.36306 0.0227013 2.02072 
1.06841 0.363875 0.0223313 2.02116 
1.06841 0.363101 0.0225396 2.02091 
1.06917 0.360589 0.0226319 2.02199 
1.06887 0.360944 0.022873 2.02148 
1.06887 0.36218 0.0222953 2.02171 
1.06896 0.360938 0.0226266 2.02163 
1.06738 0.369452 0.0211788 2.02126 
1.06721 0.370014 0.0214449 2.02108 
1.06724 0.369982 0.0206965 2.0211 
1.06723 0.369908 0.0210679 2.0211 
1.06776 0.366415 0.0221343 2.02059 
1.06786 0.366272 0.0220568 2.02083 
1.06792 0.365133 0.0223412 2.02041 
1.06787 0.36624 0.0221607 2.02073 
1.06759 0.366173 0.0222618 2.01993 
1.06768 0.366564 0.0221584 2.0204 
1.06768 0.365462 0.0223769 2.01991 
1.06766 0.366095 0.0222199 2.02006 
1.06744 0.368374 0.0218943 2.02078 
1.0675 0.368641 0.021521 2.02113 
1.06759 0.367572 0.0219341 2.02074 
1.0675 0.368272 0.021712 2.02089 
1.06721 0.369851 0.0215956 2.02095 
1.06738 0.369225 0.0214047 2.02109 
1.06735 0.369003 0.0217453 2.02084 
1.06733 0.369391 0.0216471 2.02103 
1.06848 0.364506 0.021846 2.02169 
1.06855 0.365011 0.0212853 2.02224 
1.06873 0.363657 0.0218457 2.02206 
1.06859 0.3644 0.0215978 2.022 
1.06758 0.36839 0.0212902 2.02123 
1.06782 0.367563 0.0210783 2.02143 
1.06781 0.36711 0.0215466 2.02113 
1.06777 0.367788 0.0213753 2.02138 
1.06761 0.36863 0.0210519 2.02147 
1.06778 0.36854 0.0200701 2.02203 
1.06787 0.367785 0.0207721 2.02179 
1.0677 0.368459 0.0205669 2.02169 
1.06763 0.365093 0.0224315 2.01964 
1.0675 0.364633 0.0224744 2.01926 
1.06758 0.365712 0.0223001 2.01968 
1.06759 0.365135 0.0224535 2.01956 
1.06754 0.36847 0.0215158 2.02118 
1.06776 0.367188 0.0218195 2.02105 
1.06767 0.367397 0.0219531 2.0208 
1.06765 0.367444 0.0217634 2.02093 
1.06734 0.369763 0.0203574 2.02129 
1.06759 0.36905 0.0199242 2.02171 
1.06745 0.369299 0.0208576 2.02142 
1.06746 0.369342 0.0204959 2.02148 
1.06813 0.363258 0.0226589 2.02035 
1.068 0.362964 0.0228338 2.02001 
1.068 0.36409 0.0225386 2.02026 
1.06806 0.363447 0.0227626 2.02023 
1.06763 0.36384 0.0227371 2.01935 
1.0675 0.364195 0.0226149 2.01918 
1.06765 0.364711 0.0225388 2.01959 
1.0676 0.364245 0.0226202 2.0194 
1.06756 0.362552 0.023166 2.01898 
1.06765 0.362883 0.0229643 2.01921 
1.06768 0.362219 0.0233181 2.01919 
1.0676 0.362463 0.0231049 2.01905 
1.06744 0.362878 0.0230004 2.01879 
1.06735 0.363143 0.0228561 2.01865 
1.0674 0.363565 0.0227196 2.01882 
1.06737 0.363047 0.0227627 2.01865 
1.07537 0.328994 -0.109256 2.03433 
1.07818 0.322515 -0.102006 2.03869 
1.0763 0.330398 -0.098585 2.03534 
1.07688 0.326671 -0.102268 2.03612 
1.06653 0.336028 -0.129882 2.0205 
1.0682 0.329205 -0.126884 2.02316 
1.06867 0.343462 -0.124467 2.02376 
1.06751 0.334298 -0.124871 2.02159 
1.0717 0.31969 -0.124852 2.02781 
1.07401 0.312618 -0.12188 2.03207 
1.07458 0.326357 -0.117596 2.03323 
1.07323 0.318445 -0.120598 2.03121 
1.09317 0.276692 -0.0935555 2.06278 
1.08954 0.288932 -0.0999594 2.05705 
1.08782 0.270734 -0.102048 2.05431 
1.09019 0.279964 -0.100765 2.05737 
1.0874 0.308661 -0.0183116 2.05283 
1.08814 0.307338 -0.02786 2.05454 
1.09068 0.293388 -0.0192461 2.0578 
1.08848 0.306472 -0.0236248 2.0551 
1.0869 0.304003 -0.0852539 2.05314 
1.08722 0.297993 -0.0942338 2.05406 
1.08965 0.294703 -0.0801106 2.05766 
1.08812 0.296715 -0.0866452 2.05486 
1.08603 0.307136 -0.0673523 2.05082 
1.08636 0.304847 -0.0787665 2.05166 
1.08933 0.297259 -0.0742453 2.05651 
1.08738 0.303289 -0.072518 2.05354 
1.08051 0.320028 -0.0849066 2.04182 
1.08083 0.316519 -0.093947 2.0427 
1.083 0.312161 -0.0861965 2.04584 
1.08154 0.31529 -0.0873828 2.04306 
1.06507 0.359291 -0.111186 2.01757 
1.06291 0.36212 -0.118494 2.01425 
1.06645 0.352787 -0.118858 2.01999 
1.06488 0.359256 -0.115846 2.01766 
1.05614 0.390167 -0.0800976 2.00236 
1.05786 0.385279 -0.0719576 2.0043 
1.05421 0.39538 -0.0685202 1.99934 
1.05608 0.389261 -0.0737232 2.00183 
1.04989 0.392233 -0.127099 1.99371 
1.05077 0.386491 -0.135256 1.99545 
1.05345 0.380695 -0.132056 1.99931 
1.05133 0.386071 -0.131298 1.99563 
1.07339 0.333603 -0.11596 2.03118 
1.07012 0.34192 -0.120426 2.02564 
1.07056 0.326634 -0.122614 2.02714 
1.07155 0.335494 -0.120869 2.02894 
1.07159 0.341321 -0.111015 2.02832 
1.06977 0.343715 -0.118401 2.02552 
1.07307 0.335214 -0.114297 2.03084 
1.07135 0.340222 -0.113734 2.02773 
1.07457 0.334147 -0.0994811 2.03206 
1.07217 0.339146 -0.105843 2.02863 
1.07431 0.332861 -0.109114 2.03268 
1.07387 0.335539 -0.10538 2.03178 
1.07036 0.356422 -0.088261 2.02687 
1.07184 0.353253 -0.0803381 2.02905 
1.06762 0.364923 -0.0850415 2.02269 
1.06953 0.357241 -0.0853723 2.02516 
1.06963 0.349005 -0.105144 2.02496 
1.06937 0.353548 -0.0981879 2.02485 
1.06732 0.357385 -0.104721 2.02177 
1.06847 0.354096 -0.103384 2.02342 
1.0742 0.34105 -0.0916578 2.03257 
1.07285 0.34694 -0.0818043 2.02961 
1.07117 0.349757 -0.0903243 2.02711 
1.07304 0.348007 -0.0881664 2.03099 
1.07811 0.334273 -0.069575 2.03849 
1.07494 0.343316 -0.0746702 2.03353 
1.07838 0.332869 -0.0776376 2.03975 
1.07733 0.336688 -0.0756205 2.03778 
1.06757 0.359101 -0.0936898 2.02107 
1.06496 0.367507 -0.0896244 2.01789 
1.06577 0.363412 -0.101405 2.01922 
1.06597 0.362844 -0.0943532 2.01895 
1.06665 0.37039 -0.0266807 2.01864 
1.06404 0.377378 -0.0339063 2.01485 
1.06703 0.368167 -0.035999 2.01943 
1.066 0.371886 -0.0337178 2.01784 
1.06505 0.372754 -0.00752918 2.01609 
1.06673 0.369472 -0.0167734 2.01865 
1.0682 0.367631 -0.0109244 2.02099 
1.0667 0.370369 -0.0113902 2.0188 
1.06242 0.380852 -0.021276 2.01226 
1.06268 0.379691 -0.0308604 2.01265 
1.06512 0.373479 -0.0242218 2.01622 
1.06326 0.378185 -0.024032 2.01345 
1.08442 0.319056 -0.0279103 2.04832 
1.08479 0.320789 -0.0198992 2.04938 
1.081 0.329897 -0.0210669 2.04287 
1.08417 0.321842 -0.0218919 2.04808 
1.08549 0.315941 -0.0552132 2.05083 
1.08589 0.314739 -0.0416273 2.05096 
1.08324 0.323449 -0.0462389 2.04684 
1.08483 0.315282 -0.0473172 2.04859 
1.08652 0.307439 -0.056514 2.05217 
1.08909 0.298062 -0.0500758 2.0561 
1.08744 0.307052 -0.0418152 2.05331 
1.08824 0.30685 -0.0494575 2.05551 
1.09673 0.279675 -0.0104858 2.06841 
1.10074 0.26293 -0.00718786 2.07484 
1.09829 0.271292 0.0134897 2.07028 
1.09893 0.26705 -0.00378584 2.07156 
1.05414 0.397258 -0.0609358 1.99916 
1.05783 0.38911 -0.0541231 2.00473 
1.05393 0.398692 -0.0492377 1.99841 
1.05535 0.394598 -0.0539437 2.00044 
1.056 0.39337 -0.0649015 2.00281 
1.05871 0.38301 -0.0672023 2.00588 
1.05983 0.383382 -0.0587741 2.00829 
1.05807 0.387462 -0.0648539 2.00562 
1.04502 0.414816 -0.0683706 1.98377 
1.05042 0.404899 -0.0659445 1.9928 
1.04813 0.410821 -0.0612506 1.98929 
1.04762 0.410041 -0.0648605 1.98773 
1.04983 0.401969 -0.080878 1.99174 
1.05388 0.393612 -0.0832027 1.99889 
1.05188 0.397993 -0.0708689 1.9945 
1.05237 0.398961 -0.0777263 1.99655 
1.05834 0.384367 -0.0841157 2.00661 
1.06244 0.374442 -0.0834021 2.01338 
1.06039 0.381056 -0.0759388 2.00979 
1.06034 0.380991 -0.0808771 2.01005 
1.0612 0.354255 -0.134695 2.01121 
1.05606 0.355897 -0.14291 2.00347 
1.059 0.349117 -0.13949 2.00819 
1.05943 0.354844 -0.138521 2.00969 
1.06349 0.366142 -0.107767 2.01514 
1.0606 0.374703 -0.105707 2.01063 
1.06145 0.368698 -0.11502 2.01201 
1.06179 0.368571 -0.109635 2.01217 
1.06938 0.348552 -0.10903 2.02478 
1.0666 0.356902 -0.107998 2.02013 
1.06795 0.350567 -0.116041 2.02266 
1.06801 0.350713 -0.111497 2.02226 
1.06374 0.369469 -0.0916948 2.01542 
1.06105 0.374258 -0.100799 2.01129 
1.06428 0.365901 -0.102997 2.01655 
1.06287 0.370689 -0.0991624 2.01459 
1.05474 0.374957 -0.135483 2.00111 
1.05164 0.378679 -0.139168 1.9962 
1.05331 0.367424 -0.141756 1.99869 
1.05352 0.374563 -0.139204 1.99943 
1.05605 0.380002 -0.119299 2.00342 
1.05625 0.376184 -0.127494 2.00364 
1.05911 0.37156 -0.122229 2.00835 
1.05739 0.375472 -0.122686 2.00547 
1.0542 0.38469 -0.119733 2.00057 
1.05066 0.391487 -0.124028 1.99494 
1.05462 0.380746 -0.128407 2.00121 
1.05286 0.386406 -0.124788 1.99858 
1.06799 0.362199 0.023167 2.01986 
1.06815 0.36238 0.02304 2.0202 
1.06806 0.361348 0.0235216 2.01983 
1.06807 0.362094 0.0231102 2.02001 
1.06773 0.362879 0.0229184 2.01938 
1.06784 0.362453 0.023101 2.01955 
1.06773 0.362129 0.023267 2.01925 
1.06778 0.36248 0.0231164 2.01942 
1.06778 0.363511 0.022833 2.01962 
1.06794 0.364175 0.0226361 2.02016 
1.06792 0.363058 0.0229414 2.01987 
1.06787 0.363564 0.022783 2.01983 
1.08478 0.303278 -0.102546 2.05012 
1.08155 0.31382 -0.101562 2.04491 
1.08126 0.311512 -0.108133 2.04445 
1.08206 0.308932 -0.103267 2.04508 
1.07355 0.355659 -0.0057515 2.03088 
1.07168 0.359889 -0.000455924 2.02748 
1.0705 0.360789 -0.00662402 2.02502 
1.07193 0.358306 -0.0049412 2.02764 
1.07893 0.315611 -0.112308 2.03991 
1.07666 0.325151 -0.113815 2.03649 
1.07584 0.310661 -0.116851 2.03511 
1.07762 0.317643 -0.115676 2.03778 
1.07883 0.291822 -0.117029 2.03966 
1.08001 0.307848 -0.113845 2.04162 
1.07574 0.301129 -0.119823 2.03484 
1.07793 0.29946 -0.115776 2.03844 
1.07944 0.318402 -0.10432 2.04107 
1.07662 0.325111 -0.111538 2.03689 
1.07909 0.316155 -0.110272 2.04044 
1.07834 0.320939 -0.108845 2.03966 
1.08495 0.306855 -0.0886064 2.04943 
1.08201 0.312257 -0.0966513 2.04486 
1.08515 0.300721 -0.0963811 2.05013 
1.08418 0.308348 -0.0947785 2.04896 
1.07958 0.323846 -0.0859893 2.04046 
1.07729 0.329016 -0.0920278 2.03659 
1.07937 0.320405 -0.0946037 2.03963 
1.07865 0.324552 -0.0914798 2.03901 
1.06782 0.361857 0.02346 2.01943 
1.06788 0.362132 0.0232033 2.01959 
1.06796 0.36138 0.0236168 2.01962 
1.06789 0.361733 0.023348 2.01951 
1.08516 0.273002 -0.108399 2.05004 
1.08679 0.29083 -0.104867 2.05203 
1.0825 0.282987 -0.113282 2.04553 
1.08446 0.281445 -0.106971 2.04882 
1.06824 0.360907 0.0236559 2.02014 
1.06845 0.361336 0.0231923 2.02062 
1.06844 0.360375 0.0237297 2.02045 
1.06837 0.360823 0.0234655 2.02035 
1.08793 0.259091 -0.104171 2.05441 
1.09152 0.24437 -0.099614 2.06016 
1.09396 0.266365 -0.0948399 2.06315 
1.09118 0.25686 -0.0974268 2.0598 
1.06914 0.365442 0.0133355 2.02362 
1.06975 0.364349 0.00991137 2.02451 
1.06997 0.36289 0.0122223 2.02505 
1.06944 0.364666 0.011648 2.02409 
1.06771 0.368677 0.0167637 2.02117 
1.06827 0.367245 0.0153725 2.0221 
1.06815 0.367588 0.0166766 2.0222 
1.06821 0.368094 0.0164052 2.02227 
1.06785 0.36842 0.0123106 2.02077 
1.06892 0.366002 0.00992106 2.02282 
1.06858 0.3668 0.0132663 2.0224 
1.06857 0.366909 0.0121707 2.02231 
1.07047 0.359606 0.0202994 2.02498 
1.07077 0.357469 0.0210496 2.02512 
1.0704 0.358544 0.0212299 2.02444 
1.07057 0.358327 0.0207824 2.02483 
1.06986 0.362672 0.0176949 2.02501 
1.07011 0.361853 0.0190567 2.02542 
1.06989 0.362855 0.0188734 2.02497 
1.06989 0.3625 0.018413 2.02492 
1.07106 0.358736 0.0192161 2.02638 
1.071 0.357179 0.0203891 2.0256 
1.07053 0.359533 0.0196542 2.02531 
1.07085 0.358616 0.01974 2.02573 
1.07254 0.351305 0.0228452 2.02743 
1.07215 0.352103 0.022943 2.02672 
1.07214 0.353139 0.0219876 2.02703 
1.0723 0.351995 0.0225333 2.02699 
1.0704 0.356313 0.023173 2.02376 
1.07006 0.356044 0.0237735 2.02305 
1.07005 0.357137 0.0231821 2.02317 
1.07013 0.356448 0.0234482 2.02324 
1.06971 0.358004 0.023186 2.02265 
1.06946 0.357731 0.0237324 2.02209 
1.06942 0.359108 0.0229768 2.02223 
1.06949 0.358239 0.023401 2.02221 
1.06967 0.357169 0.0240597 2.02248 
1.0698 0.357272 0.0234642 2.02272 
1.06998 0.356378 0.0241104 2.02299 
1.06975 0.356877 0.0237753 2.02256 
1.0694 0.357954 0.023973 2.02204 
1.06913 0.358636 0.0239226 2.02162 
1.0693 0.359203 0.0231773 2.02203 
1.06922 0.358453 0.0236047 2.02172 
1.10149 0.1952 -0.0876285 2.07634 
1.10363 0.229891 -0.079589 2.07867 
1.09557 0.222615 -0.0944011 2.06662 
1.10059 0.218151 -0.0833114 2.07551 
1.07011 0.357959 0.0227988 2.02349 
1.07026 0.358458 0.0220067 2.02411 
1.07046 0.357103 0.0227312 2.0241 
1.07027 0.357847 0.0224552 2.02387 
1.1153 0.175101 -0.0454267 2.09982 
1.1066 0.156619 -0.0760542 2.08459 
1.11459 0.0955059 -0.0564398 2.0987 
1.11139 0.147721 -0.0461572 2.09264 
1.10535 0.233333 -0.0298994 2.08066 
1.10561 0.230889 -0.0589723 2.08107 
1.10907 0.212004 -0.0425249 2.08754 
1.10779 0.231697 -0.0409698 2.08665 
1.09398 0.288929 -0.0445436 2.0633 
1.09657 0.27422 -0.0464971 2.0678 
1.09537 0.28139 -0.0283417 2.06502 
1.09559 0.279496 -0.0430127 2.06574 
1.08863 0.30686 -0.0341901 2.056 
1.09193 0.29786 -0.0422509 2.06151 
1.0935 0.291959 -0.0289704 2.06358 
1.09082 0.297297 -0.0335649 2.05915 
1.08751 0.306127 -0.0612268 2.05397 
1.09075 0.295114 -0.0679903 2.05925 
1.09079 0.296857 -0.0552993 2.05882 
1.08982 0.297783 -0.0627413 2.05716 
1.09295 0.282264 -0.073868 2.0626 
1.09507 0.273055 -0.0805517 2.06687 
1.09635 0.271448 -0.0635652 2.0685 
1.09466 0.273693 -0.0739044 2.06551 
1.09753 0.262896 -0.0873152 2.0697 
1.09551 0.241048 -0.0906181 2.06694 
1.10228 0.247062 -0.0779 2.07739 
1.09847 0.250994 -0.088238 2.07029 
1.09842 0.260357 -0.0636547 2.07159 
1.09646 0.263376 -0.0814765 2.0679 
1.10113 0.248868 -0.0720768 2.07515 
1.0993 0.259978 -0.0714246 2.07352 
1.09148 0.285584 -0.0809437 2.06041 
1.08838 0.289334 -0.0958361 2.05528 
1.09224 0.27712 -0.0883326 2.06141 
1.09102 0.285755 -0.0876692 2.06041 
1.06981 0.35983 0.0218915 2.02356 
1.07011 0.35913 0.0216822 2.02399 
1.06998 0.358641 0.0225415 2.02339 
1.06994 0.35922 0.0220729 2.02358 
1.07101 0.35356 0.0242416 2.02462 
1.07119 0.353514 0.0235082 2.02492 
1.07137 0.352482 0.0243181 2.02517 
1.0711 0.353154 0.0238737 2.0247 
1.10305 0.242812 -0.000403546 2.07734 
1.1067 0.232328 0.0318083 2.08663 
1.09989 0.259478 0.0263822 2.07271 
1.10314 0.249312 0.0193634 2.07842 
1.09873 0.266351 -0.0447224 2.07187 
1.10113 0.25888 -0.0278131 2.07539 
1.09645 0.277426 -0.025759 2.06761 
1.09861 0.26971 -0.0302177 2.07138 
1.11197 0.215354 -0.0137768 2.09431 
1.1091 0.217567 0.0289496 2.08804 
1.10564 0.236363 -0.00706033 2.08193 
1.10845 0.214381 0.00597264 2.08641 
1.10549 0.190641 -0.0690499 2.08306 
1.11045 0.202219 -0.0475629 2.08957 
1.10679 0.226811 -0.0647326 2.0841 
1.10844 0.205907 -0.0662209 2.08676 
1.11477 0.0954994 -0.00392882 2.09607 
1.10972 0.166 0.0463129 2.08196 
1.11527 0.17574 -0.00860038 2.09661 
1.1178 0.153773 -0.00688112 2.10255 
1.07282 0.351357 0.0214297 2.02814 
1.07267 0.351164 0.0224527 2.02762 
1.07228 0.352761 0.0214483 2.02725 
1.07262 0.351892 0.0219371 2.0278 
1.07483 0.346244 0.0229341 2.03178 
1.0743 0.3463 0.0244123 2.03028 
1.07438 0.347175 0.0227835 2.03075 
1.0745 0.346614 0.0235405 2.03086 
1.07346 0.346392 0.0250437 2.02849 
1.07321 0.347245 0.0248547 2.02813 
1.07342 0.347021 0.0244745 2.02849 
1.07333 0.346937 0.0246995 2.02828 
1.07148 0.352122 0.0240248 2.02532 
1.07141 0.353189 0.0232586 2.02533 
1.07174 0.352089 0.0231822 2.02583 
1.07151 0.352507 0.0236336 2.02545 
1.06728 0.369995 0.0139199 2.01989 
1.06744 0.369833 0.0162979 2.02031 
1.06678 0.371119 0.0162812 2.01906 
1.06721 0.370566 0.0158549 2.01993 
1.07 0.359724 0.021461 2.02384 
1.06961 0.360419 0.0217653 2.02311 
1.06946 0.361558 0.0213024 2.02311 
1.06963 0.360334 0.0215181 2.02321 
1.07013 0.36075 0.0202063 2.02455 
1.07012 0.359525 0.0209751 2.02403 
1.06958 0.361386 0.0208934 2.02341 
1.06997 0.360581 0.0206194 2.02409 
1.07171 0.354824 0.0208598 2.02667 
1.07121 0.356199 0.0209337 2.02587 
1.07136 0.357493 0.019615 2.02663 
1.07146 0.355834 0.0203092 2.02631 
1.07119 0.354939 0.0226997 2.02524 
1.07081 0.35604 0.0226711 2.02464 
1.07103 0.356201 0.0218319 2.02532 
1.07098 0.355743 0.0222886 2.02502 
1.07048 0.355581 0.0234591 2.02381 
1.07066 0.354537 0.024208 2.02405 
1.0703 0.355467 0.0241398 2.02349 
1.0704 0.355125 0.0238099 2.0236 
1.07082 0.356969 0.0214626 2.02507 
1.0706 0.35686 0.0223384 2.02438 
1.07042 0.358119 0.0216004 2.02437 
1.0706 0.357401 0.0219146 2.02462 
1.0711 0.354243 0.0231796 2.02484 
1.07073 0.354169 0.0238557 2.02411 
1.0707 0.355326 0.023144 2.02422 
1.07079 0.354545 0.0235022 2.02429 
1.0688 0.360117 0.0233415 2.02111 
1.06885 0.359176 0.0239146 2.02112 
1.06864 0.359844 0.0238222 2.0208 
1.06873 0.359665 0.023611 2.02092 
1.06921 0.361776 0.0213997 2.02268 
1.06925 0.360744 0.022493 2.02225 
1.06898 0.362258 0.0219895 2.02217 
1.06917 0.361843 0.0219494 2.02242 
1.0696 0.359998 0.0223627 2.0229 
1.06973 0.358826 0.0228704 2.02284 
1.06949 0.359912 0.0227112 2.02252 
1.0696 0.359688 0.0225667 2.0228 
1.07425 0.347881 0.021931 2.03061 
1.07402 0.34927 0.0201064 2.03062 
1.07467 0.346961 0.0218419 2.03154 
1.07435 0.347727 0.0213228 2.03102 
1.07505 0.344765 0.0260963 2.03176 
1.07449 0.345903 0.0251181 2.03062 
1.07506 0.345678 0.0236815 2.03211 
1.07476 0.345394 0.0248003 2.03124 
1.07319 0.34962 0.0228571 2.02858 
1.07294 0.350404 0.0227335 2.02807 
1.07309 0.350733 0.0217689 2.02866 
1.07302 0.350265 0.022355 2.02826 
1.07378 0.34857 0.0222543 2.02963 
1.07331 0.349295 0.022733 2.02873 
1.07313 0.350323 0.0216093 2.02863 
1.07345 0.349264 0.0222938 2.02913 
1.07342 0.347501 0.0240384 2.02861 
1.07309 0.347785 0.0244182 2.02794 
1.07325 0.348348 0.0235168 2.0284 
1.07323 0.347814 0.0239892 2.02822 
1.07216 0.355214 0.0191282 2.02785 
1.07198 0.354483 0.0203606 2.02715 
1.07152 0.357179 0.0190051 2.02688 
1.07187 0.355692 0.019688 2.02734 
1.07391 0.348446 0.0216871 2.03008 
1.07334 0.350419 0.0210713 2.02918 
1.07366 0.350011 0.0199741 2.03009 
1.07358 0.349603 0.020714 2.02958 
1.07385 0.348071 0.022679 2.02978 
1.07364 0.347584 0.0236959 2.02913 
1.07344 0.348544 0.0231577 2.02881 
1.07364 0.348173 0.0231748 2.02919 
1.07255 0.349442 0.0246095 2.02714 
1.07263 0.349682 0.0237265 2.02729 
1.07283 0.348343 0.024761 2.02752 
1.0726 0.349041 0.0242176 2.02709 
1.0719 0.352635 0.0226583 2.02622 
1.07156 0.353703 0.022737 2.02574 
1.07193 0.353686 0.0216999 2.02668 
1.07179 0.353356 0.0222487 2.02621 
1.07228 0.349968 0.0241157 2.02662 
1.0722 0.351131 0.0233725 2.02666 
1.07253 0.350462 0.0233356 2.0272 
1.07232 0.350502 0.0236357 2.02681 
1.07215 0.350383 0.0244959 2.02646 
1.0718 0.351607 0.024428 2.02592 
1.07183 0.35134 0.0236222 2.0259 
1.07185 0.351102 0.0240427 2.0259 
1.10031 0.157871 0.180609 2.07104 
1.11168 0.188638 0.0996959 2.09259 
1.11599 0.0793398 0.184524 2.11133 
1.11728 0.13694 0.139689 2.09356 
1.08749 0.306855 0.0353784 2.05302 
1.08849 0.305598 0.0187788 2.05434 
1.09188 0.291361 0.0295608 2.05971 
1.08948 0.300812 0.0275931 2.05613 
1.091 0.293432 0.0697013 2.05848 
1.0881 0.303889 0.0457501 2.05392 
1.09354 0.281806 0.0428662 2.06236 
1.0906 0.293011 0.0540306 2.05764 
1.07916 0.332315 0.0352754 2.03865 
1.08178 0.327316 0.0265129 2.04378 
1.08285 0.321987 0.0369973 2.04515 
1.08194 0.327145 0.0322097 2.04425 
1.10335 0.247338 -0.0320392 2.07915 
1.09969 0.258829 -0.050117 2.07386 
1.10404 0.246831 -0.0570673 2.08088 
1.10232 0.246673 -0.0494642 2.07744 
1.11302 0.00104292 0.0292424 2.09517 
1.10975 0.174973 0.076301 2.08465 
1.11714 0.0546964 -0.0166084 2.10337 
1.11716 0.115395 0.0806619 2.10362 
1.00813 0.0296604 0.361028 1.90333 
1.09027 0.137776 0.23631 2.05302 
1.08502 -0.0547661 0.225628 2.03089 
1.06486 0.0277293 0.308728 2.01735 
1.06407 0.340016 0.136372 2.01177 
1.06599 0.350919 0.0933534 2.0151 
1.07988 0.310851 0.109498 2.03912 
1.06765 0.342208 0.111967 2.01882 
1.07285 0.349523 0.0234084 2.02772 
1.07307 0.348727 0.0235419 2.02804 
1.07294 0.348161 0.024511 2.02771 
1.07302 0.348867 0.0238992 2.02794 
1.06141 0.373728 0.0365623 2.00828 
1.06077 0.374107 0.0645145 2.00863 
1.04892 0.404354 0.0459557 1.98942 
1.05982 0.384074 0.0541413 2.00855 
1.072 0.34765 0.0444166 2.02588 
1.07434 0.341121 0.0571595 2.02896 
1.06919 0.350953 0.0638877 2.02105 
1.072 0.350303 0.0562642 2.0261 
1.07094 0.351999 0.0283273 2.02429 
1.07158 0.351062 0.0353223 2.02536 
1.06792 0.35863 0.0304769 2.01909 
1.0709 0.354653 0.0324989 2.02487 
1.07241 0.349957 0.0295168 2.02705 
1.07324 0.347413 0.0299931 2.02825 
1.07235 0.348814 0.0344761 2.02662 
1.07282 0.348266 0.0308984 2.02754 
1.08928 0.306245 0.00180935 2.05618 
1.08814 0.308579 -0.0127017 2.05463 
1.09234 0.295159 -0.0115549 2.06121 
1.09085 0.300943 -0.00848623 2.05888 
1.09495 0.282362 0.0133031 2.06488 
1.09071 0.299303 0.00736822 2.05807 
1.09484 0.285299 -0.00709802 2.06515 
1.09341 0.291455 0.00602003 2.06262 
1.09362 0.277096 0.0834051 2.06201 
1.09588 0.268983 0.0444938 2.06535 
1.10433 0.243188 0.0637179 2.08006 
1.09875 0.261327 0.0640619 2.07147 
1.08397 0.310116 0.0787153 2.04629 
1.08038 0.327945 0.0629525 2.0419 
1.08404 0.314352 0.052981 2.04629 
1.08384 0.318786 0.0611454 2.04657 
1.08105 0.329649 0.0144589 2.04242 
1.0795 0.336061 0.0128977 2.04051 
1.08099 0.332151 0.00423468 2.04342 
1.08047 0.333456 0.0101152 2.04191 
1.08583 0.314434 0.0306538 2.05056 
1.08333 0.322579 0.0217182 2.04619 
1.08628 0.31268 0.0171832 2.05066 
1.08473 0.317237 0.0232849 2.04819 
1.07658 0.342839 0.0223761 2.03508 
1.07552 0.345263 0.0218976 2.03314 
1.07565 0.346377 0.0188918 2.03399 
1.07606 0.344479 0.0209144 2.03419 
1.07842 0.336 0.0302597 2.03784 
1.07823 0.337882 0.0247969 2.0377 
1.08058 0.331266 0.0241031 2.04219 
1.07879 0.335076 0.0270116 2.03835 
1.0766 0.339931 0.0319588 2.03437 
1.07575 0.343098 0.0288715 2.03312 
1.07667 0.340815 0.0267515 2.03468 
1.07658 0.341726 0.02866 2.03475 
1.00853 0.318571 0.377183 1.9343 
1.07656 0.218 0.281966 2.03914 
1.0082 0.206123 0.452031 1.9637 
1.0485 0.237938 0.348423 1.99007 
0.727066 0.422951 0.357622 1.41503 
0.903792 0.386565 0.416873 1.74011 
0.791579 0.330616 0.459408 1.54134 
0.826146 0.394969 0.43859 1.612 
1.06536 0.328425 0.171924 2.01842 
1.08596 0.294204 0.123719 2.05165 
1.08132 0.269341 0.190283 2.04524 
1.0804 0.291165 0.155106 2.0424 
1.07412 0.346397 0.0352903 2.0301 
1.07517 0.343108 0.0298217 2.03152 
1.07621 0.339881 0.0348138 2.03324 
1.07535 0.343026 0.0350978 2.03211 
1.09112 0.267912 0.106148 2.05634 
1.10466 0.217195 0.0887987 2.07801 
1.1001 0.207127 0.14867 2.06953 
1.09973 0.239651 0.109459 2.07039 
1.07516 0.33759 0.0654563 2.03151 
1.08044 0.321139 0.0867945 2.04105 
1.06933 0.351128 0.0778365 2.0222 
1.07575 0.331693 0.0806828 2.03213 
1.0792 0.332716 0.0486413 2.03859 
1.07821 0.33369 0.0395944 2.03642 
1.08223 0.32242 0.0440628 2.04357 
1.07921 0.330024 0.0455804 2.03822 
1.07383 0.346232 0.0276879 2.02932 
1.07366 0.346059 0.0263032 2.0289 
1.07405 0.345888 0.0258754 2.02968 
1.07393 0.345879 0.0263394 2.02941 
1.06759 0.364192 0.0400331 2.02006 
1.07053 0.352985 0.0431082 2.02385 
1.06544 0.363391 0.0615013 2.0158 
1.06843 0.358659 0.0440901 2.02017 
1.05915 0.376449 0.0904643 2.00522 
1.04931 0.384314 0.130529 1.9904 
1.0445 0.419087 0.0820087 1.98383 
1.05351 0.385371 0.09738 1.99591 
0.701713 0.603171 0.218442 1.39834 
0.461348 0.509532 0.23079 0.960206 
0.470275 0.528673 0.170372 0.970632 
0.549109 0.561924 0.203614 1.11943 
0.833785 0.58812 0.288025 1.63704 
0.903254 0.476849 0.355061 1.75307 
0.781771 0.508972 0.334002 1.53542 
0.822012 0.530168 0.332734 1.60772 
0.952261 0.44234 0.163101 1.81913 
0.96863 0.46608 0.227483 1.85314 
0.917442 0.538141 0.226904 1.76837 
0.939262 0.492505 0.214836 1.80167 
0.956053 0.409854 0.0279527 1.81234 
0.942601 0.401788 0.0659648 1.78068 
0.929425 0.453916 0.0566044 1.77033 
0.946505 0.42511 0.0532338 1.79886 
0.966184 0.379542 0.0218292 1.82902 
0.993406 0.307331 0.016607 1.87826 
0.960681 0.3575 0.0705362 1.81976 
0.967498 0.344954 0.0308512 1.82446 
1.03162 0.424498 0.101687 1.95907 
1.04132 0.382534 0.160134 1.97367 
1.01534 0.426752 0.176296 1.92899 
1.03186 0.423148 0.143895 1.96125 
1.05643 0.335008 0.201748 1.99982 
1.07088 0.243538 0.2478 2.02483 
1.01804 0.331853 0.309968 1.93379 
1.04658 0.324478 0.26709 1.98739 
0.897121 0.547602 0.254815 1.7437 
0.97496 0.459144 0.250741 1.86749 
0.953039 0.463535 0.301024 1.83259 
0.96295 0.48487 0.283924 1.85618 
0.759581 0.61377 -0.0280036 1.49702 
0.783756 0.605467 0.0416762 1.53759 
0.729625 0.631951 0.0109233 1.43363 
0.752762 0.614755 0.000167655 1.47893 
0.910571 0.473045 0.0829338 1.742 
0.925248 0.444889 0.133883 1.7646 
0.883992 0.526877 0.197781 1.70808 
0.902925 0.473837 0.123285 1.72528 
0.750819 0.598048 -0.132199 1.47741 
0.680011 0.567396 -0.0975924 1.33187 
0.723622 0.544599 -0.142387 1.4068 
0.727487 0.564059 -0.129265 1.42205 
0.627996 0.622319 -0.0170167 1.26476 
0.528168 0.564927 0.0248162 1.06887 
0.628549 0.571874 -0.04375 1.24503 
0.585303 0.58462 -0.0211518 1.17246 
0.747302 0.612978 -0.106644 1.48079 
0.685194 0.625456 -0.0498968 1.37308 
0.680226 0.582828 -0.0827089 1.34195 
0.706905 0.61634 -0.0775223 1.40246 
0.837482 0.566989 0.101201 1.63049 
0.897935 0.492797 0.076865 1.71732 
0.853992 0.552919 0.166573 1.65796 
0.884175 0.538886 0.120432 1.70985 
0.707772 0.628024 0.0539399 1.39278 
0.790087 0.597656 0.081655 1.54684 
0.786975 0.604535 0.140855 1.53122 
0.768464 0.618971 0.105733 1.50615 
0.798629 0.584212 -0.0660419 1.56119 
0.821602 0.567484 -0.0958345 1.60155 
0.832161 0.562107 -0.0653473 1.61133 
0.8208 0.572479 -0.0751468 1.60086 
0.925186 0.505737 -0.0391043 1.7723 
0.923987 0.497201 -0.047767 1.76832 
0.926416 0.484935 -0.0391431 1.77088 
0.925555 0.495491 -0.039702 1.77158 
0.919953 0.497078 -0.0121268 1.76175 
0.924037 0.506338 -0.0308263 1.77054 
0.925538 0.484784 -0.0260409 1.76929 
0.922571 0.493938 -0.0257541 1.76507 
0.919192 0.543292 -0.0395908 1.76696 
0.920677 0.554807 -0.0467265 1.77259 
0.922645 0.541938 -0.0453048 1.77262 
0.9203 0.544384 -0.0440593 1.76892 
0.679856 0.640637 0.051318 1.36083 
0.76344 0.639519 0.167071 1.51321 
0.610826 0.590363 0.0810047 1.22872 
0.677884 0.635971 0.0709962 1.36018 
0.930743 0.465692 0.00464704 1.77479 
0.918093 0.479771 0.0320688 1.75474 
0.917993 0.488802 0.00231017 1.7562 
0.922139 0.471716 0.0100132 1.75874 
0.930063 0.475023 -0.0256294 1.77533 
0.932199 0.462244 -0.0109327 1.77682 
0.921649 0.488655 -0.00718046 1.76254 
0.928654 0.477925 -0.0123348 1.7738 
0.963963 0.381892 -0.0152748 1.82335 
0.963839 0.378663 -0.0631796 1.82403 
0.97782 0.313243 -0.0512934 1.84204 
0.967084 0.361388 -0.0330202 1.825 
0.937112 0.443914 -0.0408641 1.78355 
0.941131 0.432083 -0.0424876 1.79179 
0.940713 0.441368 -0.0222311 1.78879 
0.940238 0.442077 -0.0380683 1.7892 
0.933161 0.448756 -0.0553945 1.77721 
0.927223 0.451258 -0.0668987 1.76543 
0.935406 0.435876 -0.0584962 1.7791 
0.932899 0.445792 -0.0588124 1.77639 
1.01345 0.426148 0.240183 1.93703 
1.04439 0.37445 0.203429 1.98402 
1.00365 0.382416 0.313977 1.92096 
1.02655 0.385238 0.239964 1.94912 
0.966842 0.394409 0.117307 1.84022 
1.00991 0.389841 0.0955467 1.92251 
0.995324 0.443629 0.164933 1.89765 
0.992708 0.414581 0.126491 1.88987 
0.939649 0.444437 0.00490968 1.7896 
0.950756 0.415933 0.0167716 1.80442 
0.931195 0.452811 0.0401072 1.77535 
0.940528 0.438579 0.0197261 1.7896 
0.942274 0.439442 -0.0167801 1.79297 
0.946135 0.421313 -0.042935 1.79507 
0.952267 0.413925 -0.0143036 1.80654 
0.947249 0.418511 -0.0194362 1.79885 
0.957562 0.398751 -0.0201917 1.81447 
0.946361 0.416819 -0.0494798 1.79623 
0.952795 0.397512 -0.0575996 1.80475 
0.951787 0.405889 -0.0484744 1.80521 
1.07634 0.340587 0.00935547 2.03323 
1.07572 0.341778 0.0094999 2.03215 
1.07569 0.339423 0.00679364 2.03186 
1.07606 0.340976 0.00864555 2.03278 
1.07513 0.343346 0.00949504 2.03109 
1.0744 0.344636 0.00987137 2.02997 
1.07442 0.343137 0.00802354 2.03003 
1.07473 0.343771 0.00904845 2.03068 
1.07529 0.340087 0.00577086 2.03135 
1.07554 0.342269 0.00881748 2.03194 
1.07446 0.342259 0.00709861 2.02995 
1.07526 0.34134 0.00752976 2.03151 
1.0763 0.341327 0.0109216 2.03333 
1.07604 0.342439 0.0136367 2.03296 
1.07573 0.34286 0.0111064 2.03237 
1.07617 0.3422 0.0120159 2.03319 
1.07755 0.342128 0.0230472 2.03761 
1.07889 0.33869 0.0246614 2.03987 
1.07729 0.343533 0.0270852 2.03784 
1.07801 0.341368 0.0249683 2.03827 
1.07978 0.331839 0.0130375 2.03893 
1.07963 0.333737 0.0158817 2.03932 
1.07867 0.335369 0.0143056 2.03739 
1.07936 0.333584 0.0142985 2.03861 
1.08099 0.329577 0.0133215 2.04149 
1.08236 0.325908 0.0158578 2.04399 
1.08064 0.331347 0.0167213 2.0413 
1.08091 0.328297 0.015051 2.04107 
1.07316 0.350607 0.0143735 2.02837 
1.07269 0.350833 0.0131057 2.0275 
1.07321 0.34968 0.0126121 2.02835 
1.07319 0.350461 0.0134864 2.02849 
1.07415 0.347818 0.0136285 2.03002 
1.07362 0.349769 0.0147074 2.02923 
1.07372 0.348851 0.0129291 2.02931 
1.07381 0.348714 0.0137185 2.0294 
0.999681 0.495311 0.0695322 1.91004 
0.999686 0.495326 0.0696858 1.91008 
0.999502 0.495539 0.069778 1.90972 
0.999587 0.495419 0.0696097 1.90988 
0.876415 0.532512 0.147081 1.68831 
0.844547 0.536486 0.138038 1.62481 
0.86961 0.509928 0.123687 1.66532 
0.866634 0.524099 0.137744 1.66566 
0.916727 0.467017 0.0895632 1.74788 
0.890193 0.519135 0.135909 1.70915 
0.892973 0.501668 0.104241 1.71067 
0.89596 0.487629 0.112581 1.71038 
0.898932 0.516183 0.186743 1.72617 
0.902024 0.536238 0.211362 1.7386 
0.873705 0.556433 0.191686 1.68785 
0.894041 0.538573 0.199992 1.72434 
0.804489 0.601692 0.241919 1.58282 
0.818413 0.598922 0.232465 1.60497 
0.819993 0.595537 0.241224 1.60799 
0.816267 0.600746 0.239159 1.60447 
0.798262 0.592026 0.210309 1.5646 
0.786154 0.573714 0.187106 1.53721 
0.840033 0.576869 0.195835 1.63407 
0.805277 0.583333 0.196698 1.57075 
0.844583 0.565251 0.182339 1.63753 
0.791605 0.569608 0.179943 1.54527 
0.819552 0.556576 0.162994 1.59027 
0.818112 0.563164 0.173598 1.59282 
0.799655 0.602132 0.237221 1.57343 
0.800963 0.597703 0.226228 1.57054 
0.814006 0.598255 0.22633 1.59693 
0.804135 0.599943 0.229556 1.57875 
0.789902 0.602427 0.240027 1.55467 
0.73134 0.597332 0.245467 1.44361 
0.793898 0.597416 0.227821 1.55823 
0.786717 0.599662 0.23584 1.54534 
0.780784 0.591748 0.211433 1.53344 
0.750342 0.572496 0.219441 1.47609 
0.763631 0.57394 0.199405 1.49739 
0.764015 0.575773 0.206787 1.50175 
0.875282 0.50975 0.363573 1.70617 
0.901674 0.499344 0.349469 1.74933 
0.908774 0.484091 0.364809 1.76158 
0.895034 0.499041 0.360799 1.73947 
0.998631 0.496769 0.0707823 1.90842 
0.998388 0.497279 0.0695415 1.90795 
0.999094 0.496172 0.0701716 1.9091 
0.998791 0.496656 0.0702684 1.90862 
0.999736 0.495417 0.0708385 1.91034 
0.999173 0.495999 0.0711927 1.90933 
0.999252 0.495903 0.070363 1.90935 
0.999333 0.495781 0.0707023 1.90955 
1.00381 0.487975 0.0804018 1.91713 
1.00432 0.488512 0.0759405 1.91825 
1.00684 0.484969 0.0780714 1.92285 
1.00529 0.486514 0.0785823 1.91968 
1.00036 0.494295 0.0756247 1.91077 
1.00067 0.49058 0.0789024 1.91039 
0.999778 0.496525 0.0795868 1.91064 
1.00034 0.49342 0.0789615 1.91072 
1.00029 0.493302 0.0753145 1.91044 
1.00244 0.490422 0.0760505 1.91469 
1.00142 0.490436 0.0779745 1.91212 
1.00126 0.491757 0.0764655 1.91241 
0.998532 0.49711 0.0727762 1.90851 
0.999084 0.496022 0.0740681 1.90931 
0.997772 0.49772 0.0739614 1.90709 
0.998186 0.497053 0.0739468 1.90776 
1.00176 0.492345 0.0704662 1.91362 
1.00171 0.492976 0.0689022 1.91366 
1.00256 0.491817 0.0690246 1.91507 
1.00218 0.491957 0.0693768 1.91442 
1.00013 0.494747 0.0711734 1.91091 
1.00098 0.493426 0.0718597 1.91234 
1.00028 0.494058 0.072669 1.9111 
1.00038 0.494243 0.0718804 1.91127 
1.00031 0.494681 0.0707198 1.91127 
1.00063 0.494406 0.0701558 1.91192 
1.00088 0.494009 0.0708635 1.91233 
1.00063 0.494381 0.070596 1.91195 
0.994653 0.501684 0.0686689 1.90131 
0.99503 0.501524 0.0722065 1.90254 
0.993294 0.50592 0.0716648 1.90013 
0.994371 0.502725 0.0701158 1.90137 
0.999726 0.4953 0.0698257 1.91018 
0.999771 0.495286 0.0704034 1.91034 
0.999466 0.495674 0.0701391 1.9097 
0.999698 0.495394 0.0701886 1.91018 
1.00074 0.494216 0.0695772 1.91203 
1.00077 0.494391 0.0691126 1.91211 
1.00115 0.493814 0.069017 1.91274 
1.00093 0.494084 0.0693216 1.91235 
1.00026 0.49496 0.069777 1.91125 
1.00047 0.494633 0.0699808 1.91165 
1.00022 0.494869 0.0703234 1.91112 
1.00028 0.494845 0.070039 1.91126 
1.00028 0.494968 0.0696716 1.91129 
1.00028 0.494985 0.0695594 1.91129 
1.00043 0.494783 0.0696994 1.91159 
1.00035 0.494905 0.0696102 1.91143 
0.899885 0.54824 0.258282 1.74426 
0.888054 0.557717 0.25215 1.72359 
0.905952 0.543327 0.246477 1.75109 
0.898972 0.55161 0.253591 1.74212 
0.87269 0.5708 0.246994 1.69809 
0.863448 0.5766 0.251635 1.68379 
0.861014 0.582215 0.239498 1.67864 
0.866013 0.575793 0.245629 1.68718 
0.940075 0.516727 0.228626 1.80618 
0.936821 0.515882 0.246855 1.80489 
0.92146 0.530438 0.240732 1.77706 
0.934923 0.522033 0.240781 1.80074 
0.870353 0.560631 0.277011 1.69566 
0.858859 0.568056 0.280041 1.67648 
0.858873 0.573383 0.26414 1.67626 
0.862987 0.566545 0.273382 1.68286 
0.908447 0.528436 0.277885 1.75814 
0.891615 0.544049 0.280221 1.7308 
0.902043 0.538555 0.267408 1.74717 
0.899898 0.537467 0.274606 1.74347 
0.9108 0.525507 0.285286 1.76276 
0.905999 0.521829 0.299288 1.75538 
0.889988 0.543338 0.287034 1.72848 
0.903575 0.530922 0.292515 1.75256 
0.848678 0.582386 0.257503 1.65745 
0.848849 0.585175 0.253041 1.65766 
0.855109 0.579717 0.255804 1.66864 
0.851772 0.582558 0.254919 1.66311 
0.943465 0.542402 0.169744 1.81721 
0.936337 0.55092 0.157126 1.8039 
0.954886 0.535272 0.14936 1.83541 
0.946682 0.54271 0.160459 1.82217 
0.961309 0.516757 0.197122 1.84846 
0.952596 0.535762 0.186784 1.83524 
0.964511 0.52075 0.183819 1.85463 
0.959871 0.524491 0.191369 1.84725 
0.912573 0.564053 0.199834 1.76689 
0.899971 0.57704 0.195963 1.74574 
0.904416 0.578408 0.184175 1.75376 
0.904269 0.573062 0.192509 1.75231 
0.876769 0.599318 0.170152 1.70581 
0.898253 0.584248 0.178597 1.74348 
0.888799 0.585456 0.188323 1.72601 
0.889919 0.589772 0.180944 1.72913 
0.895426 0.589328 0.127817 1.7329 
0.919844 0.565802 0.147256 1.77378 
0.908422 0.578326 0.157311 1.75892 
0.908857 0.576306 0.147883 1.75611 
0.874146 0.608241 0.153268 1.70347 
0.884263 0.603112 0.129202 1.71942 
0.894722 0.590868 0.161272 1.73748 
0.883499 0.601585 0.146388 1.71691 
0.852483 0.604307 0.195001 1.66529 
0.861372 0.607876 0.1725 1.67968 
0.878085 0.592563 0.195018 1.70875 
0.863698 0.600938 0.18722 1.68298 
0.638773 0.656708 0.0485221 1.29394 
0.640064 0.653461 0.0836466 1.29721 
0.613918 0.648419 0.0710036 1.24928 
0.627875 0.651361 0.0695491 1.27268 
0.800702 0.649386 0.0105723 1.57402 
0.725946 0.65935 0.0049562 1.44411 
0.787003 0.651579 0.000970658 1.55067 
0.787517 0.65399 0.00732443 1.55375 
0.716296 0.662533 0.0735937 1.43025 
0.745925 0.657105 0.0953389 1.48092 
0.721067 0.658091 0.111869 1.43946 
0.727156 0.662616 0.0978023 1.45326 
0.789187 0.650891 0.0078315 1.55066 
0.725366 0.662466 0.0376397 1.44289 
0.716244 0.663225 0.0222712 1.43004 
0.736101 0.658315 0.022001 1.45935 
0.791826 0.652895 0.0196892 1.55976 
0.792348 0.650342 0.0362097 1.55796 
0.748333 0.660261 0.0408816 1.48365 
0.783116 0.65718 0.0304228 1.5468 
0.816179 0.642436 0.104333 1.60237 
0.798191 0.641869 0.134821 1.57303 
0.77837 0.651191 0.108712 1.53815 
0.793758 0.646824 0.115895 1.56591 
0.706217 0.652443 0.132142 1.4104 
0.688022 0.648612 0.147172 1.37975 
0.670232 0.6524 0.116302 1.34839 
0.688509 0.651262 0.132207 1.38049 
0.697763 0.66207 0.077596 1.39621 
0.705619 0.656631 0.113006 1.40955 
0.674426 0.656029 0.0962595 1.3558 
0.690586 0.657807 0.0951756 1.3823 
0.794375 0.626617 0.1981 1.56573 
0.823354 0.613555 0.205108 1.61535 
0.792752 0.624528 0.208657 1.56398 
0.80425 0.623354 0.202456 1.5824 
0.717748 0.640292 0.197861 1.4343 
0.717768 0.64383 0.183589 1.43433 
0.753323 0.633691 0.204769 1.49642 
0.730198 0.640478 0.193053 1.45587 
0.806487 0.629996 0.169938 1.58578 
0.827976 0.619204 0.194355 1.62516 
0.800387 0.63429 0.185288 1.57987 
0.808586 0.627997 0.181647 1.5913 
0.964306 0.541375 0.060727 1.85153 
0.969909 0.534787 0.0507159 1.8595 
0.975067 0.527875 0.0721492 1.86893 
0.970189 0.534875 0.0619246 1.86122 
0.844566 0.581363 0.263565 1.6503 
0.854503 0.578808 0.261363 1.66869 
0.849613 0.573292 0.276306 1.65955 
0.84872 0.57939 0.266838 1.65831 
0.881777 0.584664 0.205458 1.71422 
0.873088 0.580314 0.217423 1.69802 
0.854666 0.594283 0.20741 1.66575 
0.871893 0.587754 0.21178 1.69761 
0.898707 0.57544 0.205429 1.74435 
0.914688 0.559278 0.212469 1.77086 
0.892191 0.573433 0.218245 1.73252 
0.901083 0.569735 0.210838 1.74629 
1.03905 0.429432 0.0583115 1.97446 
1.03449 0.439684 0.0553223 1.96741 
1.0377 0.432588 0.047477 1.97205 
1.03701 0.432495 0.0543601 1.97048 
1.04581 0.411893 0.0794913 1.98579 
1.04249 0.420812 0.0699168 1.98107 
1.04789 0.410121 0.0685968 1.98957 
1.04505 0.410939 0.0712454 1.98421 
1.03483 0.431916 0.0845396 1.96769 
1.03195 0.441107 0.0772222 1.96315 
1.03779 0.428545 0.0717603 1.97264 
1.03404 0.431086 0.0789038 1.96557 
1.01025 0.479838 0.060512 1.92723 
1.00903 0.483225 0.0640528 1.92615 
1.00693 0.486225 0.0593524 1.92246 
1.00874 0.483565 0.0610294 1.92535 
1.01462 0.472253 0.0791293 1.93569 
1.0134 0.47176 0.083519 1.93286 
1.01071 0.47918 0.0783566 1.92894 
1.0124 0.473865 0.0814559 1.9316 
1.02156 0.457467 0.0883407 1.94509 
1.01688 0.463172 0.0872527 1.93593 
1.02102 0.456558 0.0814282 1.94276 
1.01971 0.458784 0.0857315 1.94078 
1.01237 0.472748 0.0959782 1.93179 
1.00839 0.479534 0.0968861 1.92532 
1.01354 0.469668 0.090169 1.93161 
1.01121 0.475075 0.0939511 1.93059 
1.00437 0.48176 0.106155 1.91654 
1.00632 0.478969 0.100164 1.91979 
1.00753 0.475991 0.108072 1.92199 
1.00569 0.477948 0.103889 1.91843 
1.00168 0.489342 0.0922016 1.91341 
1.00637 0.481323 0.0878629 1.91982 
1.00572 0.483565 0.0930553 1.92022 
1.00445 0.485022 0.0904398 1.91783 
1.0021 0.490074 0.0894951 1.9145 
1.00317 0.488459 0.0833646 1.91512 
1.00432 0.483041 0.0863157 1.91617 
1.00306 0.487327 0.0872577 1.91482 
0.99966 0.492334 0.0879498 1.90957 
0.998516 0.497186 0.0825743 1.90838 
1.00113 0.489607 0.0820281 1.91122 
0.999692 0.493129 0.0831557 1.90953 
0.997324 0.498457 0.0750896 1.9065 
0.999678 0.495958 0.0755176 1.91046 
0.99825 0.498457 0.0778914 1.90866 
0.99832 0.497257 0.0759063 1.90824 
0.992564 0.504255 0.076085 1.89822 
0.99581 0.500443 0.0751114 1.90387 
0.995352 0.500699 0.079822 1.90352 
0.994451 0.502233 0.0782272 1.90171 
0.999226 0.496191 0.0721474 1.90963 
0.999988 0.495323 0.0712268 1.91081 
0.999865 0.495547 0.0727428 1.91068 
0.999786 0.495409 0.0719285 1.91053 
0.993254 0.506803 0.0823848 1.90159 
0.990835 0.50629 0.0772444 1.89548 
0.996105 0.501131 0.0820565 1.90532 
0.993308 0.504218 0.0801584 1.90043 
1.0011 0.49377 0.0686295 1.91266 
1.00092 0.494405 0.0688219 1.9125 
1.00103 0.494573 0.0685885 1.9128 
1.00102 0.494367 0.0685568 1.91267 
1.00107 0.494238 0.0678749 1.9127 
1.00128 0.49373 0.0680821 1.91298 
1.00105 0.494596 0.0683628 1.91288 
1.00113 0.494077 0.0680989 1.91276 
1.00312 0.490425 0.0692682 1.91571 
1.00315 0.489561 0.071549 1.91579 
1.00167 0.492215 0.0714238 1.91332 
1.00257 0.491135 0.070755 1.91499 
1.00773 0.481479 0.0729379 1.9228 
1.00461 0.487282 0.0737881 1.91822 
1.00715 0.484268 0.0690429 1.92251 
1.00621 0.485364 0.0718774 1.92117 
1.00122 0.49335 0.0700747 1.91281 
1.00082 0.494097 0.0698157 1.91217 
1.00138 0.493368 0.0691694 1.91307 
1.00109 0.493681 0.0697188 1.91263 
0.997395 0.498208 0.083541 1.90618 
0.997398 0.494069 0.0890502 1.9051 
0.995058 0.503686 0.0868164 1.90343 
0.996575 0.497884 0.0879878 1.90516 
1.00735 0.482786 0.0794936 1.92298 
1.00544 0.482223 0.083317 1.91835 
1.00305 0.487355 0.0823958 1.91501 
1.00511 0.484984 0.0816694 1.91903 
1.0175 0.466091 0.0687268 1.93886 
1.01543 0.472908 0.0630802 1.93633 
1.01908 0.466973 0.0606432 1.94271 
1.01808 0.466329 0.0627599 1.93959 
1.01617 0.467652 0.0839137 1.93716 
1.01764 0.470804 0.0782115 1.94203 
1.01986 0.463927 0.0796261 1.94469 
1.01806 0.466845 0.0799645 1.94226 
1.01122 0.477457 0.073274 1.92892 
1.01382 0.474455 0.0653017 1.9338 
1.01401 0.469411 0.0709993 1.93249 
1.01311 0.475501 0.0702066 1.9325 
0.828474 0.552905 0.334867 1.62384 
0.862885 0.539641 0.329896 1.68192 
0.843534 0.534259 0.353237 1.65057 
0.847764 0.543533 0.341898 1.65808 
0.802417 0.531228 0.38227 1.5801 
0.785122 0.553521 0.360236 1.55109 
0.829605 0.531004 0.366693 1.62783 
0.812058 0.539739 0.371312 1.59862 
0.831168 0.586227 0.278436 1.63128 
0.841574 0.584258 0.266462 1.64634 
0.846001 0.574854 0.282626 1.65428 
0.838749 0.582003 0.274355 1.64117 
0.782482 0.593191 0.286723 1.54659 
0.808212 0.587186 0.287418 1.59064 
0.806118 0.57716 0.312808 1.58879 
0.794843 0.586286 0.295277 1.56752 
0.796692 0.59982 0.272322 1.57359 
0.825954 0.59366 0.261042 1.6215 
0.814667 0.591042 0.276502 1.6021 
0.811225 0.595285 0.266934 1.5955 
0.833444 0.563228 0.319436 1.63511 
0.850004 0.563322 0.301652 1.6603 
0.861479 0.548008 0.318863 1.68072 
0.847829 0.559097 0.31084 1.65652 
0.847013 0.588276 0.252912 1.65629 
0.844453 0.587911 0.257585 1.65136 
0.839858 0.590967 0.256364 1.64624 
0.843503 0.588946 0.254731 1.6503 
0.849165 0.585985 0.250684 1.65853 
0.851246 0.585568 0.248959 1.66345 
0.856812 0.581336 0.253899 1.67312 
0.850582 0.584182 0.250853 1.66116 
0.862791 0.57153 0.259178 1.68149 
0.876549 0.564669 0.255002 1.70427 
0.874155 0.559927 0.270768 1.70129 
0.871059 0.566839 0.263086 1.6962 
1.03516 0.437707 0.041879 1.96741 
1.03316 0.442512 0.0502625 1.96518 
1.02964 0.451152 0.0422805 1.96034 
1.03213 0.444625 0.0435918 1.96298 
1.0413 0.42613 0.0251867 1.9782 
1.0393 0.431515 0.0336362 1.97522 
1.03644 0.437872 0.0253718 1.97087 
1.03853 0.432655 0.0269797 1.97371 
1.0443 0.421401 0.0321879 1.984 
1.04566 0.416976 0.0409057 1.98596 
1.04097 0.428079 0.0401535 1.97825 
1.04336 0.420954 0.0380275 1.98149 
1.0644 0.366893 0.0603584 2.01309 
1.06549 0.36563 0.0476084 2.01509 
1.06689 0.360849 0.0522175 2.01753 
1.06626 0.364956 0.0538593 2.01714 
1.05925 0.38088 0.0485857 2.00513 
1.061 0.377556 0.0400245 2.00817 
1.06402 0.372103 0.0442111 2.01321 
1.06163 0.376754 0.0447353 2.0095 
1.05013 0.408484 0.0496062 1.99374 
1.05556 0.395059 0.0526556 2.0007 
1.05203 0.402515 0.0596865 1.99565 
1.05258 0.402815 0.0529426 1.99675 
1.05616 0.394692 0.0244267 1.99975 
1.0548 0.399429 0.0147199 1.99845 
1.05699 0.389229 0.0150444 2.00165 
1.05602 0.396179 0.0167557 2.00033 
1.05133 0.408428 0.0450046 1.9961 
1.05499 0.400678 0.0385283 2.0007 
1.05638 0.396308 0.045787 2.00216 
1.05351 0.400463 0.043556 1.99803 
1.04936 0.411086 0.0391411 1.99244 
1.04753 0.415723 0.0294038 1.9897 
1.05227 0.403392 0.0318732 1.99602 
1.04978 0.412336 0.032571 1.99337 
1.06123 0.380636 0.0259097 2.00939 
1.06312 0.37736 0.0274 2.01252 
1.06184 0.378526 0.0325622 2.01046 
1.06213 0.379997 0.028581 2.0113 
1.05765 0.389245 0.0181314 2.00357 
1.05942 0.383903 0.0221851 2.00519 
1.05621 0.395353 0.0286874 2.00164 
1.05795 0.388975 0.0240234 2.00395 
1.05712 0.391861 0.00340466 2.00276 
1.05736 0.389987 0.0105568 2.0028 
1.05487 0.399317 0.0108766 1.99858 
1.05644 0.391952 0.00769309 2.00106 
1.05951 0.386876 0.00178697 2.00684 
1.06129 0.381573 0.00704058 2.00928 
1.05959 0.386565 0.00932719 2.00669 
1.06009 0.385937 0.00725552 2.00794 
1.0665 0.371843 0.0208273 2.01862 
1.06648 0.3718 0.0185969 2.01855 
1.06679 0.371123 0.0198166 2.0192 
1.06657 0.371974 0.0198727 2.01889 
1.06192 0.38029 0.0240587 2.0107 
1.06363 0.376529 0.0219006 2.01359 
1.06352 0.376953 0.0257009 2.01342 
1.06304 0.377547 0.0233131 2.01236 
1.06341 0.377481 0.0120841 2.01359 
1.06495 0.373955 0.0130744 2.01564 
1.06461 0.374355 0.0170981 2.01494 
1.06445 0.375205 0.0135636 2.01473 
1.0463 0.403288 0.107049 1.9855 
1.04182 0.410443 0.117532 1.97807 
1.04187 0.413154 0.107824 1.97836 
1.04353 0.407584 0.111199 1.98041 
1.0157 0.436738 0.19308 1.93507 
1.01119 0.442236 0.206444 1.9282 
1.00583 0.451283 0.204011 1.92121 
1.0112 0.443174 0.200501 1.92764 
1.02653 0.42382 0.166244 1.9526 
1.02811 0.418517 0.177466 1.95659 
1.02221 0.429898 0.181288 1.94612 
1.0244 0.421994 0.173485 1.9491 
1.01379 0.45681 0.143419 1.93289 
1.02116 0.445929 0.1347 1.9448 
1.01728 0.44815 0.151197 1.93863 
1.01759 0.451571 0.141903 1.9394 
1.02988 0.426703 0.142795 1.95661 
1.03442 0.418441 0.146652 1.96508 
1.02849 0.429677 0.155223 1.95968 
1.0316 0.423758 0.148791 1.96156 
1.02144 0.412232 0.216703 1.9452 
1.02209 0.402053 0.232828 1.94632 
1.01354 0.422969 0.234571 1.93485 
1.01886 0.407879 0.226958 1.9392 
1.04795 0.362613 0.198654 1.98616 
1.04147 0.373607 0.209302 1.97669 
1.04152 0.380045 0.192707 1.9763 
1.04307 0.371006 0.20112 1.97784 
1.05783 0.345755 0.184618 2.00319 
1.05332 0.355862 0.194546 1.99684 
1.05223 0.360814 0.184631 1.99398 
1.05485 0.352733 0.188661 1.99813 
1.06166 0.352271 0.153048 2.01251 
1.06556 0.341563 0.150684 2.01863 
1.06356 0.34313 0.15952 2.01489 
1.06329 0.344966 0.155576 2.0146 
1.08282 0.269574 0.180997 2.04253 
1.08173 0.278797 0.172656 2.04224 
1.08769 0.261919 0.17085 2.05467 
1.0819 0.2734 0.172229 2.04177 
1.06314 0.332633 0.185985 2.01188 
1.06837 0.318878 0.182418 2.01987 
1.06368 0.326242 0.194063 2.01339 
1.06454 0.325699 0.189047 2.01346 
1.07884 0.293477 0.159114 2.03628 
1.07983 0.298143 0.150489 2.03942 
1.08185 0.286071 0.153392 2.0413 
1.08028 0.292717 0.153004 2.03904 
1.05597 0.295986 0.250539 1.99968 
1.06712 0.266984 0.242441 2.0178 
1.05945 0.271952 0.266346 2.0052 
1.06033 0.279831 0.257054 2.00679 
0.986146 0.465685 0.222136 1.88441 
0.975108 0.48014 0.22533 1.868 
0.984811 0.476872 0.203175 1.88343 
0.983366 0.476563 0.219364 1.88266 
1.06065 0.342199 0.17698 2.00905 
1.05808 0.353989 0.171048 2.00657 
1.06153 0.343792 0.168992 2.0112 
1.0598 0.346934 0.173706 2.0085 
1.04311 0.380112 0.189938 1.97915 
1.04772 0.36868 0.184883 1.98545 
1.04788 0.364318 0.193768 1.98618 
1.04706 0.373405 0.189913 1.98651 
1.04249 0.386084 0.184301 1.97963 
1.04542 0.383572 0.172316 1.98311 
1.04802 0.374447 0.179864 1.98782 
1.04494 0.380737 0.177618 1.98285 
1.03123 0.400902 0.201467 1.96134 
1.02706 0.410462 0.204385 1.95352 
1.02917 0.408761 0.189251 1.95803 
1.02877 0.40469 0.19734 1.95629 
1.02918 0.389125 0.228307 1.95639 
1.03229 0.389038 0.210973 1.96204 
1.03536 0.378676 0.218477 1.96705 
1.03173 0.383843 0.219663 1.96084 
1.02652 0.396179 0.227392 1.95129 
1.02569 0.407662 0.213195 1.95 
1.02867 0.395916 0.210948 1.95583 
1.02726 0.402914 0.217145 1.95379 
1.03639 0.364842 0.239024 1.96937 
1.02851 0.38378 0.238657 1.95581 
1.03552 0.373302 0.22428 1.96735 
1.03448 0.373555 0.232076 1.96517 
1.05227 0.350189 0.205444 1.99422 
1.05361 0.339558 0.218133 1.99754 
1.05041 0.349838 0.217932 1.99268 
1.05157 0.345963 0.211639 1.99315 
1.01136 0.3591 0.323118 1.92803 
0.99775 0.364739 0.352354 1.90764 
0.994644 0.387184 0.335479 1.9039 
1.00141 0.369443 0.332221 1.91117 
1.01124 0.385988 0.295759 1.93021 
1.013 0.364611 0.306556 1.92916 
1.00043 0.389423 0.320696 1.91476 
1.00858 0.378843 0.309227 1.92572 
1.03017 0.358137 0.273912 1.95758 
1.03541 0.334342 0.282219 1.96614 
1.02427 0.349738 0.298222 1.94758 
1.02947 0.346978 0.287294 1.95591 
1.04926 0.315629 0.250206 1.98644 
1.04225 0.326435 0.266934 1.9771 
1.03988 0.342036 0.24979 1.97347 
1.04417 0.329267 0.258118 1.98098 
1.02056 0.315674 0.334242 1.94147 
1.00404 0.346385 0.352622 1.91668 
1.01866 0.344266 0.321013 1.93856 
1.01521 0.334692 0.339283 1.93442 
1.05063 0.275413 0.287349 1.98868 
1.03859 0.293909 0.315409 1.97185 
1.0409 0.311417 0.286523 1.97465 
1.04365 0.29419 0.299752 1.98057 
1.06039 0.236588 0.285806 2.00344 
1.07457 0.188719 0.280649 2.03071 
1.05684 0.194975 0.33401 2.00156 
1.06161 0.207437 0.307303 2.00803 
1.05275 0.302407 0.25549 1.9934 
1.05302 0.283824 0.274415 1.99464 
1.04509 0.313003 0.274775 1.98321 
1.05112 0.299781 0.264228 1.98999 
1.04793 0.345247 0.221649 1.98655 
1.05074 0.334905 0.224201 1.99094 
1.04352 0.350413 0.23498 1.98134 
1.04764 0.339676 0.227064 1.98545 
1.03986 0.365804 0.221359 1.97402 
1.04295 0.351416 0.220944 1.9773 
1.04165 0.35778 0.235884 1.97937 
1.04148 0.358575 0.227634 1.97734 
1.04267 0.367995 0.21313 1.97847 
1.04897 0.356161 0.202291 1.98826 
1.04602 0.356308 0.213661 1.98301 
1.04625 0.362007 0.209376 1.98451 
1.06976 0.316564 0.174071 2.02167 
1.06413 0.330893 0.179568 2.01286 
1.07028 0.321664 0.16643 2.02424 
1.06845 0.324498 0.17309 2.0207 
1.07568 0.302936 0.166303 2.03209 
1.07217 0.30933 0.174286 2.02602 
1.07219 0.315613 0.166244 2.02759 
1.0732 0.307587 0.167396 2.02719 
1.0776 0.304992 0.15126 2.03597 
1.07669 0.301097 0.158916 2.03293 
1.07338 0.313964 0.1594 2.02906 
1.07602 0.307448 0.157986 2.03359 
1.08223 0.283551 0.156479 2.04167 
1.08024 0.283135 0.165836 2.03834 
1.07891 0.29179 0.162367 2.03622 
1.08061 0.285277 0.163149 2.03935 
1.07665 0.28828 0.181367 2.03306 
1.07743 0.283818 0.189991 2.03463 
1.07392 0.293392 0.190175 2.02894 
1.07592 0.289277 0.188156 2.03245 
1.06912 0.303606 0.191102 2.02031 
1.06447 0.318012 0.195449 2.01285 
1.07015 0.310446 0.183131 2.02281 
1.0684 0.312591 0.189914 2.02032 
1.05508 0.335174 0.213646 1.99844 
1.05231 0.34687 0.202625 1.99284 
1.0591 0.329157 0.201656 2.00412 
1.0557 0.337192 0.208028 1.99994 
1.04337 0.342597 0.242957 1.98014 
1.05217 0.327876 0.22886 1.99335 
1.0507 0.322043 0.242087 1.9915 
1.0499 0.332581 0.236512 1.99148 
1.05405 0.347469 0.197978 1.99622 
1.06043 0.338521 0.186811 2.00726 
1.05929 0.330897 0.195424 2.00454 
1.05829 0.341223 0.193145 2.00412 
1.03789 0.159375 0.375198 1.96256 
1.04194 0.0298324 0.35541 1.97545 
1.01953 0.056885 0.416842 1.93963 
1.02981 0.0914687 0.38127 1.95459 
1.07213 0.251093 0.243786 2.02688 
1.07612 0.224565 0.260166 2.03498 
1.06435 0.255934 0.268946 2.01395 
1.06959 0.246212 0.253814 2.02331 
1.07745 0.244312 0.220359 2.03462 
1.08731 0.228817 0.189601 2.0499 
1.08826 0.206724 0.214746 2.05237 
1.08317 0.230144 0.21239 2.04422 
1.01038 0.412482 0.252573 1.92688 
1.01117 0.422723 0.242257 1.9295 
1.01828 0.400301 0.240994 1.93837 
1.01337 0.414128 0.245204 1.93371 
1.05533 0.373451 0.130801 1.99932 
1.05317 0.382936 0.125608 1.99767 
1.05788 0.371093 0.120897 2.00494 
1.05509 0.375658 0.127601 2.00035 
1.05537 0.362591 0.163481 2.0012 
1.05222 0.372077 0.15932 1.99625 
1.05758 0.360844 0.154559 2.00553 
1.05546 0.365773 0.160333 2.00272 
1.04862 0.386589 0.139633 1.98725 
1.051 0.385282 0.128673 1.99377 
1.05327 0.37648 0.135357 1.99585 
1.05083 0.382553 0.133793 1.9929 
1.03756 0.395637 0.183422 1.97089 
1.03216 0.408542 0.182476 1.96171 
1.03613 0.403203 0.172493 1.96854 
1.03586 0.402546 0.178451 1.96798 
1.03952 0.406567 0.142382 1.97413 
1.04103 0.40891 0.130529 1.97682 
1.0433 0.398073 0.141265 1.98041 
1.04112 0.403481 0.136706 1.97626 
1.03814 0.408033 0.1605 1.97636 
1.03928 0.408533 0.149036 1.9733 
1.04271 0.397812 0.148328 1.9784 
1.04035 0.40361 0.153812 1.97534 
1.0311 0.423893 0.137444 1.95929 
1.03672 0.414778 0.128974 1.96892 
1.03517 0.41342 0.139232 1.96551 
1.03484 0.418994 0.134978 1.9668 
0.865486 0.523674 0.356308 1.68977 
0.876265 0.529784 0.332183 1.70448 
0.891067 0.51072 0.344152 1.73159 
0.877426 0.523316 0.342158 1.70762 
0.824241 0.516472 0.394441 1.61845 
0.845185 0.519139 0.373768 1.65513 
0.859471 0.495427 0.393389 1.67872 
0.841118 0.510406 0.385837 1.64656 
0.833999 0.538708 0.359572 1.63675 
0.790847 0.562146 0.348486 1.56465 
0.815683 0.559879 0.338206 1.60356 
0.809975 0.553008 0.34776 1.59439 
0.838661 0.587436 0.262746 1.64157 
0.826328 0.590969 0.271411 1.62201 
0.832155 0.59134 0.259593 1.63215 
0.833572 0.591106 0.266156 1.63545 
0.849946 0.476518 0.422918 1.66155 
0.821685 0.507182 0.405191 1.61333 
0.86112 0.483794 0.406022 1.68067 
0.847546 0.488697 0.414037 1.65903 
0.749372 0.491893 0.447084 1.48798 
0.796254 0.443243 0.478053 1.5691 
0.73107 0.455023 0.468103 1.45741 
0.757734 0.465631 0.462495 1.49982 
0.635666 0.545042 0.353089 1.28464 
0.68834 0.521892 0.411632 1.38188 
0.602928 0.517528 0.360738 1.22579 
0.625061 0.528064 0.364815 1.26362 
0.726958 0.542738 0.383901 1.44961 
0.772552 0.528752 0.397283 1.52781 
0.728588 0.519757 0.409617 1.45018 
0.746136 0.531713 0.397404 1.48345 
0.784611 0.592948 0.226493 1.54226 
0.725907 0.5957 0.224042 1.43118 
0.756047 0.571445 0.228636 1.48972 
0.768846 0.587219 0.233841 1.51189 
0.754784 0.598457 0.272861 1.49478 
0.691834 0.600878 0.281616 1.38681 
0.763948 0.606161 0.254422 1.51214 
0.742959 0.610261 0.267106 1.47742 
0.637067 0.588657 0.288748 1.28975 
0.604875 0.566715 0.302465 1.22954 
0.597725 0.581238 0.275883 1.21645 
0.616106 0.578856 0.291449 1.2508 
0.848537 0.38921 0.500107 1.65869 
0.906357 0.328147 0.501837 1.75703 
0.854412 0.330983 0.516492 1.67157 
0.875155 0.351371 0.507449 1.70213 
0.589427 0.498995 0.376609 1.19987 
0.701395 0.504463 0.423806 1.40147 
0.667945 0.46724 0.435985 1.33987 
0.675086 0.490901 0.420764 1.35652 
0.866476 0.436903 0.445387 1.68807 
0.906672 0.393729 0.452603 1.75701 
0.858908 0.414755 0.471674 1.6774 
0.875001 0.415221 0.454991 1.70063 
0.885131 0.451447 0.425078 1.72391 
0.89099 0.462609 0.408191 1.73516 
0.925871 0.430959 0.405749 1.7932 
0.895849 0.446783 0.411104 1.73761 
0.703986 0.528057 0.402772 1.40695 
0.648774 0.551443 0.353962 1.30778 
0.70506 0.55246 0.371575 1.41115 
0.686499 0.547022 0.384846 1.38019 
0.587343 0.571938 0.258342 1.19086 
0.523981 0.541964 0.255735 1.08018 
0.642133 0.556997 0.258077 1.28171 
0.562979 0.560212 0.259674 1.14896 
0.6717 0.601748 0.27864 1.35235 
0.665655 0.60647 0.257032 1.34222 
0.761294 0.606846 0.237878 1.5061 
0.692748 0.603424 0.261995 1.385 
0.586999 0.559018 0.297963 1.19563 
0.547174 0.545437 0.274354 1.12327 
0.580012 0.570938 0.271371 1.1841 
0.567447 0.557666 0.277389 1.15917 
0.96947 0.44036 0.328284 1.86417 
0.958613 0.459183 0.323085 1.84331 
0.981721 0.433512 0.307859 1.88242 
0.969946 0.441541 0.3188 1.86056 
0.958407 0.413939 0.373264 1.84535 
0.967157 0.423362 0.346459 1.85929 
0.982281 0.400782 0.3436 1.88496 
0.968401 0.413649 0.352157 1.8594 
0.934498 0.464253 0.354797 1.80448 
0.944506 0.465672 0.331981 1.81893 
0.953081 0.448549 0.341778 1.83619 
0.9439 0.461267 0.342123 1.81895 
1.00085 0.494676 0.068186 1.91236 
1.0009 0.494972 0.0685863 1.91274 
1.00056 0.495433 0.0688575 1.9122 
1.00084 0.49512 0.0684835 1.91268 
1.0003 0.495313 0.0671721 1.91145 
1.00066 0.494865 0.0676445 1.91197 
1.00028 0.495441 0.0679334 1.91141 
1.00046 0.495236 0.0675347 1.91176 
1.00163 0.49385 0.0646858 1.91358 
1.00038 0.495039 0.0633162 1.91157 
1.00135 0.494212 0.0612618 1.91334 
1.00132 0.494693 0.0628038 1.91334 
1.01295 0.460859 0.130192 1.93057 
1.0185 0.448701 0.131062 1.93761 
1.01356 0.459877 0.137784 1.93297 
1.01444 0.456918 0.134874 1.93291 
1.00296 0.477298 0.130726 1.91376 
1.0083 0.4677 0.129682 1.92256 
1.0078 0.466983 0.13679 1.92196 
1.00695 0.470818 0.131062 1.92052 
1.01083 0.468355 0.114929 1.92738 
1.01614 0.457562 0.114152 1.93554 
1.01272 0.463703 0.121617 1.93007 
1.01298 0.46454 0.1175 1.93105 
1.02979 0.435172 0.115875 1.95958 
1.02811 0.43286 0.130838 1.9552 
1.02533 0.441021 0.126439 1.95141 
1.02732 0.437862 0.123914 1.95524 
1.00484 0.467032 0.140896 1.91522 
0.999263 0.479454 0.141322 1.9076 
1.00107 0.47943 0.131901 1.9105 
1.00154 0.476979 0.139996 1.91129 
1.04114 0.406543 0.12806 1.97599 
1.0486 0.391528 0.127244 1.98806 
1.04427 0.394722 0.13717 1.98092 
1.04425 0.397243 0.132722 1.98129 
1.04983 0.373116 0.174772 1.9918 
1.04643 0.383824 0.169988 1.98731 
1.04976 0.37834 0.164645 1.99305 
1.0483 0.379237 0.169849 1.99076 
1.00152 0.493715 0.0668374 1.91341 
1.00148 0.493307 0.0679705 1.91321 
1.00098 0.494169 0.0675483 1.91242 
1.00152 0.493653 0.0674411 1.91352 
1.00483 0.48738 0.0718116 1.91853 
1.00441 0.489231 0.0681783 1.91816 
1.00598 0.486594 0.0687799 1.92086 
1.0053 0.486701 0.0696135 1.91963 
1.0021 0.491549 0.0741201 1.91432 
1.00093 0.493322 0.0740686 1.91222 
1.00159 0.492779 0.0721265 1.91343 
1.00165 0.492516 0.0733497 1.91374 
0.91694 0.284826 0.507515 1.7686 
0.900594 0.216495 0.514841 1.73975 
0.858355 0.272925 0.523156 1.66658 
0.892236 0.261044 0.52152 1.73026 
0.95954 0.45933 0.313038 1.84325 
0.972173 0.454746 0.297775 1.86637 
0.980797 0.435197 0.300144 1.87623 
0.971667 0.452219 0.305354 1.86352 
0.917443 0.490942 0.342731 1.77588 
0.937829 0.473505 0.332841 1.80844 
0.923921 0.47612 0.354052 1.78758 
0.927444 0.480104 0.343689 1.79266 
0.918759 0.498894 0.331587 1.77852 
0.917437 0.501339 0.315227 1.77387 
0.936794 0.482173 0.323194 1.807 
0.921626 0.493966 0.321463 1.77971 
1.0165 0.203087 0.430088 1.93867 
0.959745 0.194688 0.486035 1.85043 
0.960686 0.262695 0.48342 1.84733 
0.983494 0.216599 0.465639 1.8795 
1.02798 0.232877 0.370677 1.95031 
1.01083 0.278032 0.390629 1.92831 
1.03006 0.282347 0.34759 1.95731 
1.02536 0.260465 0.372153 1.95186 
1.07685 0.0659777 0.294311 2.03854 
1.06073 0.163683 0.358209 2.00876 
1.084 0.160126 0.263042 2.04485 
1.08027 0.123036 0.300038 2.04148 
1.0026 0.0609812 0.422063 1.90628 
0.969812 0.108917 0.454507 1.84289 
1.03387 0.137091 0.400513 1.96146 
1.01114 0.0946766 0.438984 1.9299 
0.886776 0.432035 0.432735 1.7212 
0.930583 0.413266 0.406666 1.79528 
0.922026 0.395405 0.431505 1.78054 
0.91677 0.412609 0.429584 1.7747 
1.03512 0.358712 0.248108 1.96546 
1.0273 0.36739 0.258136 1.95067 
1.0256 0.382795 0.243662 1.94813 
1.02965 0.371846 0.251861 1.95646 
